merchant_id,merchant_name,mcc,mcc_imputed,merchant_category,business_type,city,state,onboarding_date,settlement_account_on_file,merchant_status,declared_avg_ticket_size,declared_avg_ticket_size_was_negative
MCH6146,Handa LLC,5912,False,Pharmacy & Medical,Individual,Amritsar,Punjab,2023-01-01 00:00:00,True,ACTIVE,1061.38,True
MCH9756,"Dugal, Virk and Dhaliwal",4131,False,Transportation & Travel,Partnership,Jalandhar,Punjab,2023-01-01 08:25:47,True,ACTIVE,494.0,False
MCH3423,Sant-Singh,7011,False,Hotel & Lodging,Partnership,Delhi,Delhi,2023-01-01 09:47:09,True,ACTIVE,11283.23,False
MCH9704,"Maharaj, Sangha and Suresh",5411,False,Grocery,Private Limited,Pune,Maharashtra,2023-01-01 16:43:00,True,ACTIVE,1435.77,True
MCH7629,Taneja-Vyas,5999,False,Retail - Other,Individual,Pune,Maharashtra,2023-01-01 17:10:32,True,ACTIVE,1413.56,False
MCH6104,Keer-Gade,5311,False,Department Store,Individual,Kolkata,West Bengal,2023-01-01 20:32:00,True,INACTIVE,935.82,False
MCH4023,"Dhaliwal, Dugar and Vasa",5942,False,Books & Stationery,Partnership,Chennai,Tamil Nadu,2023-01-02 00:00:00,True,ACTIVE,2123.31,True
MCH2044,"Upadhyay, Kapoor and Nazareth",7011,False,Hotel & Lodging,Individual,Lucknow,Uttar Pradesh,2023-01-02 00:58:55,True,ACTIVE,368.05,False
MCH1642,Zacharia-Dhawan,5411,False,Grocery,Partnership,Kolkata,West Bengal,2023-01-02 04:08:32,True,ACTIVE,363.0,False
MCH9868,"Bedi, Konda and Kant",5912,False,Pharmacy & Medical,Individual,Jaipur,Rajasthan,2023-01-02 06:58:00,True,ACTIVE,444.97,False
MCH1774,patla-warrior,5912,False,Pharmacy & Medical,Partnership,Mumbai,Maharashtra,2023-01-02 11:10:48,True,ACTIVE,442.29,False
MCH3553,"Bajwa, Tata and Narula",5912,False,Pharmacy & Medical,Private Limited,Lucknow,Uttar Pradesh,2023-01-02 19:20:00,True,ACTIVE,1334.71,True
MCH5356,"Solanki, Kala and Loke",4814,False,Telecom & Mobile,Partnership,Hyderabad,Telangana,2023-01-03 00:00:00,True,ACTIVE,827.01,True
MCH9996,Kala-Nadkarni,5699,False,Apparel & Fashion,Private Limited,Delhi,Delhi,2023-01-03 00:00:00,True,ACTIVE,628.11,False
MCH7621,"Sankaran, Sur and Panchal",5812,False,Restaurants & Food Service,Individual,Jaipur,Rajasthan,2023-01-03 00:00:00,True,ACTIVE,1992.6,False
MCH2267,Bobal and Sons,7011,False,Hotel & Lodging,Partnership,Delhi,Delhi,2023-01-03 00:00:00,True,ACTIVE,2114.71,False
MCH6602,Thakkar Ltd,4131,False,Transportation & Travel,Partnership,Mumbai,Maharashtra,2023-01-03 08:43:35,True,ACTIVE,483.25,False
MCH1211,"Munshi, Pai and Sibal",5311,False,Retail - Other,Sole Proprietorship,Delhi,Delhi,2023-01-04 00:00:00,True,ACTIVE,296.16,False
MCH7431,Nagarajan and Sons,7011,False,Hotel & Lodging,Sole Proprietorship,Jaipur,Rajasthan,2023-01-04 00:00:00,True,ACTIVE,1657.0,False
MCH3604,"Shetty, Bali and Sama",5411,False,Grocery,Partnership,Ludhiana,Punjab,2023-01-04 01:07:44,True,ACTIVE,394.0,False
MCH9386,"Kothari,SantandLoyal",5699,False,Apparel & Fashion,Individual,Bengaluru,Karnataka,2023-01-04 07:17:00,True,ACTIVE,2792.0,False
MCH9542,"Buch, Singhal and Bhardwaj",5812,False,Restaurants & Food Service,Individual,Chennai,Tamil Nadu,2023-01-05 00:00:00,True,INACTIVE,2703.0,False
MCH7314,Mahajan-B0rde,5999,False,Retail - Other,Partnership,Lucknow,Uttar Pradesh,2023-01-05 09:53:50,True,ACTIVE,1003.0,False
MCH4528,Memon LLC,5912,False,Pharmacy & Medical,Partnership,Hyderabad,Telangana,2023-01-05 23:02:24,True,ACTIVE,490.99,False
MCH4551,SURA GROUP,5699,False,Apparel & Fashion,Sole Proprietorship,Jalandhar,Punjab,2023-01-06 00:00:00,True,ACTIVE,3287.63,False
MCH1040,Krishnan and S0ns,5411,False,Grocery,Sole Proprietorship,Jalandhar,Punjab,2023-01-06 00:00:00,True,ACTIVE,1030.03,False
MCH2960,Malhotra-Buch,4131,False,Retail - Other,Private Limited,Chennai,Tamil Nadu,2023-01-06 00:00:00,True,ACTIVE,2348.07,False
MCH8939,"DHAWAN, KAMDAR AND DALAL",5812,False,Restaurants & Food Service,Individual,Bengaluru,Karnataka,2023-01-06 17:37:02,True,ACTIVE,729.0,False
MCH7042,BARAD-RAMAN,4814,False,Telecom & Mobile,Sole Proprietorship,Chennai,Tamil Nadu,2023-01-07 00:00:00,True,ACTIVE,986.23,False
MCH4148,"Wali, Babu and Tank",4814,False,Telecom & Mobile,Partnership,Jaipur,Rajasthan,2023-01-08 00:00:00,True,ACTIVE,2368.62,False
MCH7737,Pal-Rama,5311,False,Department Store,Partnership,Ludhiana,Punjab,2023-01-09 00:00:00,True,ACTIVE,1196.31,False
MCH4831,"Raja, Rout and Singh",5411,False,Grocery,Individual,Kolkata,West Bengal,2023-01-09 00:00:00,True,ACTIVE,1885.15,False
MCH9447,Singh and Sons,7011,False,Hotel & Lodging,Private Limited,Chennai,Tamil Nadu,2023-01-10 00:00:00,True,ACTIVE,1158.32,False
MCH9715,Desai PLC,7011,False,Hotel & Lodging,Partnership,Kolkata,West Bengal,2023-01-10 00:00:00,True,INACTIVE,547.82,False
MCH9594,Ben Group,5311,False,Department Store,Sole Proprietorship,Jaipur,Rajasthan,2023-01-10 00:00:00,True,ACTIVE,4070.31,False
MCH6825,Viswanathan Ltd,5912,False,Pharmacy & Medical,Partnership,Mumbai,Maharashtra,2023-01-10 00:00:00,True,ACTIVE,1083.22,False
MCH9555,Chandra Ltd,4814,False,Telecom & Mobile,Partnership,Jaipur,Rajasthan,2023-01-10 01:23:43,True,INACTIVE,7981.95,False
MCH9012,nagy-master,5999,False,Retail - Other,Private Limited,Mumbai,Maharashtra,2023-01-10 02:07:00,True,BLOCKED,297.61,False
MCH8716,"Naik, Chada and Divan",5999,False,Retail - Other,Private Limited,Ludhiana,Punjab,2023-01-11 00:00:00,True,ACTIVE,225.43,False
MCH2532,Chad Inc,5999,False,Retail - Other,Partnership,Jaipur,Rajasthan,2023-01-11 00:00:00,True,INACTIVE,351.38,False
MCH1516,LOYAL AND SONS,5999,False,Retail - Other,Private Limited,Ludhiana,Punjab,2023-01-12 14:16:00,True,ACTIVE,1471.99,False
MCH9813,Modi Group,5912,False,Pharmacy & Medical,Sole Proprietorship,Kolkata,West Bengal,2023-01-13 00:00:00,True,INACTIVE,3354.47,False
MCH4369,"Tandon, Viswanathan and Chaudhary",5812,False,Restaurants & Food Service,Private Limited,Pune,Maharashtra,2023-01-13 00:00:00,True,SUSPENDED,226.61,False
MCH3760,Das-Ahuja,5812,False,Restaurants & Food Service,Sole Proprietorship,Lucknow,Uttar Pradesh,2023-01-13 00:00:00,True,ACTIVE,755.0,False
MCH2752,Palla LLC,4131,False,Transportation & Travel,Sole Proprietorship,Lucknow,Uttar Pradesh,2023-01-13 21:44:09,True,ACTIVE,69.28,False
MCH7982,De0 Ltd,5311,False,Department Store,Partnership,Ludhiana,Punjab,2023-01-14 04:48:22,True,ACTIVE,579.0,False
MCH9969,Tiwari and Sons,5942,False,Books & Stationery,Private Limited,Ludhiana,Punjab,2023-01-15 00:00:00,True,INACTIVE,1542.28,False
MCH3835,"Pillai, Ratti and Chaudhuri",4814,False,Telecom & Mobile,Partnership,Ludhiana,Punjab,2023-01-15 10:05:00,True,INACTIVE,6901.65,False
MCH1296,Gaba-Rama,5912,False,Pharmacy & Medical,Individual,Delhi,Delhi,2023-01-16 00:00:00,True,ACTIVE,2547.8,False
MCH4308,Natt Group,5912,False,Pharmacy & Medical,Partnership,Delhi,Delhi,2023-01-16 00:00:00,True,ACTIVE,2114.37,False
MCH6866,Shroff PLC,5912,False,Pharmacy & Medical,Partnership,Ludhiana,Punjab,2023-01-16 00:00:00,True,ACTIVE,1819.8,False
MCH3743,doctor ltd,5912,False,Pharmacy & Medical,Sole Proprietorship,Hyderabad,Telangana,2023-01-16 20:06:00,True,ACTIVE,12417.3,False
MCH9790,YOHANNAN-NARANG,7011,False,Hotel & Lodging,Private Limited,Lucknow,Uttar Pradesh,2023-01-17 00:00:00,True,ACTIVE,1704.7,False
MCH7973,"Dhar, Som and Mane",7011,False,Hotel & Lodging,Sole Proprietorship,Kolkata,West Bengal,2023-01-17 11:57:28,True,ACTIVE,1422.91,False
MCH2430,Balay-Golla,5999,False,Retail - Other,Sole Proprietorship,Jalandhar,Punjab,2023-01-17 13:33:08,True,CLOSED,612.46,True
MCH6291,"Bal, Divan and Natt",7011,False,Hotel & Lodging,Private Limited,Amritsar,Punjab,2023-01-18 00:00:00,True,ACTIVE,908.0,False
MCH5662,BUCH PLC,4131,False,Transportation & Travel,Partnership,Delhi,Delhi,2023-01-18 20:50:14,True,ACTIVE,2776.96,False
MCH1247,"Nayak, Lala and Pillai",5411,False,Grocery,Sole Proprietorship,Bengaluru,Karnataka,2023-01-19 00:00:00,True,INACTIVE,677.02,False
MCH8697,Karnik Ltd,5999,False,Retail - Other,Sole Proprietorship,Hyderabad,Telangana,2023-01-19 11:39:00,True,ACTIVE,353.31,False
MCH1058,"Vyas,VirkandDatta",5311,False,Department Store,Partnership,Pune,Maharashtra,2023-01-20 00:00:00,True,ACTIVE,1504.39,False
MCH6985,Devi-Radhakrishnan,5942,False,Books & Stationery,Individual,Jalandhar,Punjab,2023-01-20 03:57:02,True,ACTIVE,694.07,False
MCH4124,kakar-prabhu,7011,False,Hotel & Lodging,Partnership,Jalandhar,Punjab,2023-01-21 00:00:00,True,ACTIVE,930.0,False
MCH4428,Raja-Kapadia,5942,False,Books & Stationery,Private Limited,Pune,Maharashtra,2023-01-21 00:00:00,True,ACTIVE,3396.0,False
MCH4433,"PATIL, SUBRAMANIAN AND MADAN",7011,False,Hotel & Lodging,Partnership,Kolkata,West Bengal,2023-01-23 00:00:00,True,ACTIVE,830.16,False
MCH7679,Sodhi-Dugal,5411,False,Grocery,Individual,Jalandhar,Punjab,2023-01-23 00:00:00,True,ACTIVE,975.38,False
MCH3725,Puri PLC,5812,False,Restaurants & Food Service,Sole Proprietorship,Amritsar,Punjab,2023-01-23 00:00:00,True,ACTIVE,6457.0,False
MCH2885,"Varkey, Goda and Bala",5812,False,Restaurants & Food Service,Private Limited,Mumbai,Maharashtra,2023-01-23 00:00:00,True,ACTIVE,4853.92,False
MCH9100,Dey-Bandi,5999,False,Retail - Other,Sole Proprietorship,Mumbai,Maharashtra,2023-01-23 11:38:30,True,ACTIVE,707.08,False
MCH8365,"Kashyap,SharmaandBalasubramanian",4814,False,Telecom & Mobile,Private Limited,Jalandhar,Punjab,2023-01-24 00:00:00,True,ACTIVE,786.29,False
MCH7945,"Barad, Wagle and Raju",5912,False,Pharmacy & Medical,Individual,Ludhiana,Punjab,2023-01-24 00:00:00,True,ACTIVE,268.67,False
MCH2236,Yohannan-Chada,5311,False,Department Store,Private Limited,Kolkata,West Bengal,2023-01-24 08:58:43,True,INACTIVE,5340.64,False
MCH2851,Minhas Group,5311,False,Department Store,Sole Proprietorship,Hyderabad,Telangana,2023-01-25 00:00:00,True,ACTIVE,1535.83,False
MCH4733,Sankar Inc,5411,False,Grocery,Sole Proprietorship,Jaipur,Rajasthan,2023-01-25 00:00:00,True,ACTIVE,1176.53,False
MCH2701,"Prabhakar, Saraf and Mand",7011,False,Hotel & Lodging,Private Limited,Hyderabad,Telangana,2023-01-25 00:00:00,True,ACTIVE,2599.41,False
MCH8177,"Ghose, Om and Dada",5912,False,Pharmacy & Medical,Individual,Jaipur,Rajasthan,2023-01-25 03:52:09,True,ACTIVE,578.46,False
MCH4463,"KANT, VARMA AND MADAN",5411,False,Grocery,Individual,Amritsar,Punjab,2023-01-26 00:00:00,True,CLOSED,703.89,False
MCH2418,Dasgupta-Dhingra,4131,False,Transportation & Travel,Individual,Mumbai,Maharashtra,2023-01-26 00:00:00,True,INACTIVE,665.99,False
MCH2776,"MITTAL, SHAH AND KADE",5411,False,Grocery,Private Limited,Mumbai,Maharashtra,2023-01-27 00:00:00,True,ACTIVE,10044.9,False
MCH7106,Master and Sons,5812,False,Restaurants & Food Service,Partnership,Lucknow,Uttar Pradesh,2023-01-27 00:00:00,True,ACTIVE,1328.09,False
MCH1792,Palan-Naidu,5699,False,Apparel & Fashion,Partnership,Bengaluru,Karnataka,2023-01-28 00:00:00,True,ACTIVE,443.5,False
MCH3507,"Sundaram, Shan and Subramanian",7011,False,Hotel & Lodging,Individual,Amritsar,Punjab,2023-01-28 00:00:00,True,ACTIVE,950.31,False
MCH5567,"Kibe, Halder and Saraf",5912,False,Pharmacy & Medical,Sole Proprietorship,Bengaluru,Karnataka,2023-01-28 02:44:29,True,ACTIVE,1983.35,False
MCH6061,Basu and Sons,7011,False,Hotel & Lodging,Private Limited,Amritsar,Punjab,2023-01-29 00:00:00,True,ACTIVE,2357.91,True
MCH8607,Dash-Dora,5411,False,Grocery,Private Limited,Delhi,Delhi,2023-01-29 00:00:00,True,ACTIVE,3092.32,False
MCH6079,Gulati Inc,4131,False,Transportation & Travel,Sole Proprietorship,Pune,Maharashtra,2023-01-29 08:05:00,True,ACTIVE,2029.26,False
MCH4687,GOEL LLC,5942,False,Books & Stationery,Individual,Lucknow,Uttar Pradesh,2023-01-30 00:00:00,True,ACTIVE,820.0,False
MCH6091,Dutt-Nair,5699,False,Apparel & Fashion,Private Limited,Kolkata,West Bengal,2023-01-30 00:00:00,True,ACTIVE,1466.59,False
MCH1095,Mander Group,4814,False,Telecom & Mobile,Partnership,Kolkata,West Bengal,2023-01-30 03:08:00,True,ACTIVE,1277.94,False
MCH1987,"DORA, SARMA AND BISWAS",4814,False,Telecom & Mobile,Partnership,Mumbai,Maharashtra,2023-01-31 00:00:00,True,ACTIVE,3268.84,False
MCH8337,Date-Mand,5999,False,Retail - Other,Partnership,Ludhiana,Punjab,2023-01-31 03:03:00,True,INACTIVE,333.78,False
MCH4277,Khalsa Inc,5311,False,Department Store,Individual,Amritsar,Punjab,2023-01-31 21:37:31,True,ACTIVE,1332.99,False
MCH1364,Krishnamurthy LLC,4131,False,Transportation & Travel,Individual,Hyderabad,Telangana,2023-02-01 00:00:00,True,ACTIVE,377.26,False
MCH4009,Batra Inc,5912,False,Pharmacy & Medical,Individual,Bengaluru,Karnataka,2023-02-01 00:00:00,True,INACTIVE,1109.0,False
MCH3189,Kapoor-Hegde,5411,False,Grocery,Partnership,Hyderabad,Telangana,2023-02-01 03:59:34,True,ACTIVE,3153.88,False
MCH2978,Deshpande LLC,7011,False,Hotel & Lodging,Private Limited,Lucknow,Uttar Pradesh,2023-02-01 23:57:31,True,ACTIVE,194.6,False
MCH7955,"Andra, Oommen and Salvi",5699,False,Apparel & Fashion,Partnership,Amritsar,Punjab,2023-02-02 00:00:00,True,ACTIVE,2313.71,True
MCH5036,Buch Inc,5942,False,Books & Stationery,Partnership,Chennai,Tamil Nadu,2023-02-02 00:00:00,True,ACTIVE,1529.39,False
MCH2007,"MAHAL, DIVAN AND SHARAF",5999,False,Retail - Other,Sole Proprietorship,Jalandhar,Punjab,2023-02-02 22:14:37,True,ACTIVE,435.32,False
MCH9537,"Kohli, Bedi and Khatri",5812,False,Restaurants & Food Service,Partnership,Lucknow,Uttar Pradesh,2023-02-03 00:00:00,True,ACTIVE,2200.76,True
MCH9196,"Dani, Palla and Ramachandran",7011,False,Hotel & Lodging,Sole Proprietorship,Hyderabad,Telangana,2023-02-04 00:00:00,True,ACTIVE,403.86,False
MCH9035,Merchant PLC,5411,False,Grocery,Private Limited,Jaipur,Rajasthan,2023-02-04 00:00:00,True,ACTIVE,1280.34,True
MCH5375,"Zacharia, Krishnamurthy and Talwar",5699,False,Apparel & Fashion,Individual,Pune,Maharashtra,2023-02-04 11:37:21,True,ACTIVE,872.85,True
MCH4427,Deshpande LLC,5812,False,Restaurants & Food Service,Private Limited,Mumbai,Maharashtra,2023-02-05 00:00:00,True,ACTIVE,1587.13,False
MCH4936,Batra-Patla,4814,False,Telecom & Mobile,Individual,Mumbai,Maharashtra,2023-02-05 00:00:00,True,ACTIVE,2064.79,False
MCH9431,Madan-Kota,4131,False,Transportation & Travel,Private Limited,Bengaluru,Karnataka,2023-02-05 00:00:00,True,ACTIVE,436.79,False
MCH8521,Rao Ltd,5812,False,Restaurants & Food Service,Sole Proprietorship,Jaipur,Rajasthan,2023-02-05 00:00:00,True,SUSPENDED,2388.44,False
MCH5851,Sani Ltd,5999,False,Retail - Other,Partnership,Jaipur,Rajasthan,2023-02-06 00:00:00,True,ACTIVE,1306.04,False
MCH8341,Jha Ltd,4814,False,Telecom & Mobile,Private Limited,Chennai,Tamil Nadu,2023-02-07 18:23:55,True,ACTIVE,2211.95,False
MCH2074,"Kaur, Minhas and Ramakrishnan",5411,False,Grocery,Sole Proprietorship,Hyderabad,Telangana,2023-02-08 00:00:00,True,ACTIVE,5123.0,False
MCH5441,Sur Group,5411,False,Grocery,Private Limited,Ludhiana,Punjab,2023-02-08 00:00:00,True,ACTIVE,1094.34,False
MCH8826,Mallick-Dasgupta,5311,False,Department Store,Private Limited,Jalandhar,Punjab,2023-02-09 07:13:10,True,ACTIVE,1719.24,False
MCH2423,Ratti-Gupta,4131,False,Transportation & Travel,Private Limited,Hyderabad,Telangana,2023-02-09 07:16:00,True,ACTIVE,1549.78,False
MCH5822,Gandhi-Krish,5311,False,Retail - Other,Sole Proprietorship,Bengaluru,Karnataka,2023-02-10 00:00:00,True,ACTIVE,1268.39,False
MCH8372,Parsa-Chokshi,4814,False,Telecom & Mobile,Private Limited,Amritsar,Punjab,2023-02-10 09:57:00,True,ACTIVE,714.9,False
MCH2139,"Bali, Mahajan and Oza",5942,False,Books & Stationery,Sole Proprietorship,Bengaluru,Karnataka,2023-02-12 00:00:00,True,ACTIVE,512.11,False
MCH9977,Mohanty-Desai,4814,False,Telecom & Mobile,Sole Proprietorship,Mumbai,Maharashtra,2023-02-13 00:00:00,True,ACTIVE,845.52,False
MCH4529,Wali LLC,5999,False,Retail - Other,Sole Proprietorship,Delhi,Delhi,2023-02-13 00:00:00,True,SUSPENDED,468.55,False
MCH7471,DASS LLC,5812,False,Restaurants & Food Service,Sole Proprietorship,Lucknow,Uttar Pradesh,2023-02-14 00:00:00,True,ACTIVE,390.54,False
MCH2478,"Bala, Sane and Som",5699,False,Apparel & Fashion,Sole Proprietorship,Hyderabad,Telangana,2023-02-15 00:00:00,True,ACTIVE,911.53,False
MCH7978,"Ganesan, Kohli and Savant",5999,False,Retail - Other,Individual,Jaipur,Rajasthan,2023-02-15 00:00:00,True,ACTIVE,2414.03,False
MCH7198,Rama and Sons,5912,False,Pharmacy & Medical,Partnership,Jaipur,Rajasthan,2023-02-15 00:00:00,True,ACTIVE,1594.96,False
MCH8976,PRAKASH PLC,5699,False,Apparel & Fashion,Sole Proprietorship,Jalandhar,Punjab,2023-02-15 00:00:00,True,SUSPENDED,1358.57,False
MCH2440,Hans-Master,7011,False,Hotel & Lodging,Sole Proprietorship,Ludhiana,Punjab,2023-02-15 11:47:00,True,ACTIVE,1395.0,False
MCH7803,Mukherjee-Sha,4814,False,Telecom & Mobile,Private Limited,Jaipur,Rajasthan,2023-02-16 00:00:00,True,ACTIVE,763.0,False
MCH3404,"parekh, lad and soman",5311,False,Department Store,Individual,Mumbai,Maharashtra,2023-02-16 00:00:00,True,ACTIVE,1405.46,True
MCH5354,Datta-Vala,5812,False,Restaurants & Food Service,Partnership,Ludhiana,Punjab,2023-02-16 01:25:53,True,ACTIVE,2213.0,False
MCH6651,"Mahajan, Vig and Balakrishnan",5411,False,Grocery,Partnership,Delhi,Delhi,2023-02-17 00:00:00,True,ACTIVE,1407.45,False
MCH2816,Behl Group,5812,False,Restaurants & Food Service,Sole Proprietorship,Amritsar,Punjab,2023-02-17 00:00:00,True,CLOSED,5297.33,False
MCH9990,Mishra Inc,5912,False,Pharmacy & Medical,Private Limited,Mumbai,Maharashtra,2023-02-18 00:00:00,True,ACTIVE,970.05,False
MCH9909,CHAR-MOHANTY,5999,False,Retail - Other,Partnership,Delhi,Delhi,2023-02-18 05:54:00,True,ACTIVE,1739.69,False
MCH9782,Bhardwaj-Varghese,4131,False,Transportation & Travel,Individual,Ludhiana,Punjab,2023-02-18 14:33:29,True,ACTIVE,1522.0,False
MCH3805,Issac-Munshi,5999,False,Retail - Other,Private Limited,Bengaluru,Karnataka,2023-02-19 00:00:00,True,ACTIVE,7651.0,False
MCH5798,DIVAN-MAHAL,5812,False,Restaurants & Food Service,Individual,Jaipur,Rajasthan,2023-02-19 00:00:00,True,ACTIVE,110.98,False
MCH8999,Babu and Sons,7011,False,Hotel & Lodging,Private Limited,Jaipur,Rajasthan,2023-02-19 00:00:00,True,ACTIVE,1204.0,False
MCH8312,"Ramanathan, Andra and Sarma",5912,False,Pharmacy & Medical,Partnership,Lucknow,Uttar Pradesh,2023-02-20 00:00:00,True,ACTIVE,1966.71,True
MCH9370,Mallick-Gola,5999,False,Retail - Other,Private Limited,Jaipur,Rajasthan,2023-02-20 00:00:00,True,ACTIVE,4284.71,False
MCH3490,Sachdev-Din,5411,False,Grocery,Individual,Delhi,Delhi,2023-02-21 00:00:00,True,BLOCKED,570.0,False
MCH5217,Swamy Ltd,5411,False,Grocery,Private Limited,Kolkata,West Bengal,2023-02-22 00:00:00,True,ACTIVE,1618.62,False
MCH6944,Amb1e-Duga1,4131,False,Retail - Other,Individual,Mumbai,Maharashtra,2023-02-22 00:00:00,True,ACTIVE,1017.42,False
MCH3285,"Prasad, Luthra and Suri",5311,False,Retail - Other,Partnership,Bengaluru,Karnataka,2023-02-22 00:00:00,True,ACTIVE,669.58,False
MCH7549,Narayan PLC,7011,False,Hotel & Lodging,Sole Proprietorship,Kolkata,West Bengal,2023-02-22 04:38:14,True,CLOSED,2720.0,False
MCH2056,"Kadakia, Nagi and Ramakrishnan",5699,False,Apparel & Fashion,Sole Proprietorship,Mumbai,Maharashtra,2023-02-23 00:00:00,True,ACTIVE,2168.0,False
MCH2120,Vohra-Kashyap,4814,False,Telecom & Mobile,Individual,Jaipur,Rajasthan,2023-02-23 03:10:46,True,ACTIVE,2514.21,False
MCH7868,Ah1uwa1ia Inc,5812,False,Restaurants & Food Service,Private Limited,Hyderabad,Telangana,2023-02-24 00:00:00,True,INACTIVE,4268.0,True
MCH8431,"Bail, Sura and Misra",5411,False,Grocery,Partnership,Lucknow,Uttar Pradesh,2023-02-24 00:00:00,True,ACTIVE,6861.27,False
MCH3274,Sen-Chawla,5311,False,Department Store,Private Limited,Chennai,Tamil Nadu,2023-02-25 00:00:00,True,ACTIVE,1472.57,True
MCH7987,Mangat-Sundaram,5912,False,Pharmacy & Medical,Individual,Chennai,Tamil Nadu,2023-02-25 00:00:00,True,ACTIVE,2275.51,True
MCH8953,Sibal Group,5699,False,Apparel & Fashion,Partnership,Kolkata,West Bengal,2023-02-28 00:00:00,True,SUSPENDED,1723.81,False
MCH7202,UPPAL PLC,4131,False,Transportation & Travel,Individual,Jaipur,Rajasthan,2023-03-01 00:00:00,True,INACTIVE,1350.11,True
MCH9246,"Krishna, Wable and Kanda",4814,False,Telecom & Mobile,Sole Proprietorship,Pune,Maharashtra,2023-03-01 00:00:00,True,ACTIVE,859.77,False
MCH9143,Prakash Inc,5812,False,Restaurants & Food Service,Partnership,Lucknow,Uttar Pradesh,2023-03-02 00:00:00,True,ACTIVE,1791.89,False
MCH2067,"Barad, Rai and Kapur",5411,False,Grocery,Private Limited,Jaipur,Rajasthan,2023-03-04 00:00:00,True,ACTIVE,999.18,False
MCH5409,Buch Inc,5699,False,Apparel & Fashion,Sole Proprietorship,Amritsar,Punjab,2023-03-04 00:10:00,True,ACTIVE,922.0,False
MCH3272,Gera Group,5699,False,Apparel & Fashion,Sole Proprietorship,Chennai,Tamil Nadu,2023-03-04 12:44:00,True,ACTIVE,2272.01,False
MCH8456,Srinivasan and Sons,5411,False,Grocery,Individual,Jalandhar,Punjab,2023-03-04 13:45:00,True,ACTIVE,3454.0,False
MCH7635,Pant and Sons,7011,False,Hotel & Lodging,Individual,Jalandhar,Punjab,2023-03-04 20:51:37,True,ACTIVE,4941.43,False
MCH3945,Mukhopadhyay-Raghavan,4131,False,Transportation & Travel,Sole Proprietorship,Mumbai,Maharashtra,2023-03-05 00:00:00,True,ACTIVE,942.71,False
MCH7185,Krishnamurthy PLC,5942,False,Books & Stationery,Sole Proprietorship,Jaipur,Rajasthan,2023-03-06 00:00:00,True,CLOSED,1581.12,False
MCH5631,CHADA-BUCH,7011,False,Hotel & Lodging,Sole Proprietorship,Lucknow,Uttar Pradesh,2023-03-06 00:00:00,True,BLOCKED,2202.48,False
MCH6722,Khalsa-Kapadia,5912,False,Pharmacy & Medical,Partnership,Bengaluru,Karnataka,2023-03-06 00:00:00,True,ACTIVE,2042.78,False
MCH7379,"Doctor, Dyal and Vaidya",5912,False,Pharmacy & Medical,Partnership,Jalandhar,Punjab,2023-03-07 00:00:00,True,ACTIVE,198.46,False
MCH2704,Sengupta-Sarin,5699,False,Apparel & Fashion,Private Limited,Pune,Maharashtra,2023-03-08 07:11:36,True,ACTIVE,2593.67,False
MCH9154,"Mangat, Sarkar and Vasa",5311,False,Retail - Other,Sole Proprietorship,Hyderabad,Telangana,2023-03-09 00:00:00,True,ACTIVE,1303.87,False
MCH9242,"Kadakia, Yadav and Seshadri",7011,False,Hotel & Lodging,Partnership,Hyderabad,Telangana,2023-03-10 00:00:00,True,SUSPENDED,1024.36,False
MCH9049,"Badami, Pathak and Murty",5912,False,Pharmacy & Medical,Partnership,Pune,Maharashtra,2023-03-10 00:00:00,True,ACTIVE,2072.82,True
MCH8281,Tara-Mander,4131,False,Retail - Other,Private Limited,Pune,Maharashtra,2023-03-11 00:00:00,True,ACTIVE,3216.91,False
MCH4886,Mangat-Gh0se,5999,False,Retail - Other,Sole Proprietorship,Pune,Maharashtra,2023-03-11 00:00:00,True,ACTIVE,551.0,False
MCH7162,panchal-ratti,5411,False,Grocery,Private Limited,Delhi,Delhi,2023-03-11 00:12:00,True,ACTIVE,1176.97,False
MCH5974,Padmanabhan LLC,5812,False,Restaurants & Food Service,Individual,Lucknow,Uttar Pradesh,2023-03-11 10:03:46,True,ACTIVE,1194.0,False
MCH2979,"Kurian, Guha and Gaba",5999,False,Retail - Other,Individual,Chennai,Tamil Nadu,2023-03-11 13:48:16,True,ACTIVE,7883.21,False
MCH2746,"tella, mane and pillai",7011,False,Hotel & Lodging,Private Limited,Ludhiana,Punjab,2023-03-12 00:00:00,True,CLOSED,395.56,False
MCH5001,Prabhakar-Badami,5699,False,Apparel & Fashion,Sole Proprietorship,Kolkata,West Bengal,2023-03-12 00:00:00,True,ACTIVE,4621.27,False
MCH3143,"ZACHARIA, BUCH AND YADAV",5311,False,Department Store,Partnership,Hyderabad,Telangana,2023-03-13 00:00:00,True,ACTIVE,4822.0,False
MCH8799,"Tailor,RattiandAnne",5912,False,Pharmacy & Medical,Sole Proprietorship,Kolkata,West Bengal,2023-03-13 00:00:00,True,SUSPENDED,1556.57,False
MCH9325,"Patel, Parikh and Kaul",4814,False,Telecom & Mobile,Private Limited,Lucknow,Uttar Pradesh,2023-03-13 00:58:46,True,ACTIVE,1538.45,False
MCH7444,Lanka-Shukla,5699,False,Apparel & Fashion,Private Limited,Mumbai,Maharashtra,2023-03-13 03:58:00,True,ACTIVE,2750.67,False
MCH8125,"NADIG, ARORA AND RAJ",5411,False,Grocery,Private Limited,Ludhiana,Punjab,2023-03-13 08:50:20,True,SUSPENDED,1340.53,False
MCH7618,MUTTI-MOHAN,5942,False,Books & Stationery,Individual,Hyderabad,Telangana,2023-03-14 00:00:00,True,ACTIVE,664.0,False
MCH4170,Bahri-Mangat,5812,False,Restaurants & Food Service,Sole Proprietorship,Pune,Maharashtra,2023-03-15 00:00:00,True,ACTIVE,926.11,False
MCH5823,GARDE LLC,5311,False,Department Store,Sole Proprietorship,Bengaluru,Karnataka,2023-03-15 00:00:00,True,INACTIVE,1075.77,False
MCH8551,Sule-Ganesh,5699,False,Apparel & Fashion,Individual,Kolkata,West Bengal,2023-03-15 04:50:00,True,ACTIVE,1452.12,False
MCH6818,"Bava, Badami and Sodhi",5311,False,Department Store,Partnership,Mumbai,Maharashtra,2023-03-16 00:00:00,True,ACTIVE,3479.78,True
MCH7784,dave-babu,5912,False,Pharmacy & Medical,Partnership,Ludhiana,Punjab,2023-03-16 00:00:00,True,ACTIVE,643.0,False
MCH6396,Ganesan-Lad,5311,False,Department Store,Private Limited,Jaipur,Rajasthan,2023-03-16 23:22:53,True,BLOCKED,3700.61,False
MCH1169,Dey-Gupta,5812,False,Restaurants & Food Service,Individual,Bengaluru,Karnataka,2023-03-17 00:00:00,True,ACTIVE,1427.7,False
MCH7290,"Subramanian, B0rde and Ba1akrishnan",5699,False,Apparel & Fashion,Individual,Lucknow,Uttar Pradesh,2023-03-17 00:00:00,True,ACTIVE,2695.0,False
MCH2681,Mahajan and Sons,5699,False,Apparel & Fashion,Sole Proprietorship,Bengaluru,Karnataka,2023-03-17 00:00:00,True,ACTIVE,721.36,False
MCH3953,"Ray, Minhas and Yohannan",5411,False,Grocery,Sole Proprietorship,Kolkata,West Bengal,2023-03-18 00:00:00,True,ACTIVE,8126.93,False
MCH3927,Basak-Shukla,4814,False,Telecom & Mobile,Private Limited,Jalandhar,Punjab,2023-03-18 00:00:00,True,CLOSED,980.64,False
MCH1059,Prasad Ltd,4814,False,Telecom & Mobile,Partnership,Hyderabad,Telangana,2023-03-18 00:00:00,True,ACTIVE,4187.75,False
MCH1772,Grover Group,5311,False,Department Store,Partnership,Kolkata,West Bengal,2023-03-18 13:57:00,True,ACTIVE,1962.32,False
MCH6207,"Ganesan, Bajwa and Reddy",5912,False,Pharmacy & Medical,Partnership,Jaipur,Rajasthan,2023-03-21 00:00:00,True,ACTIVE,391.96,False
MCH9332,GALA INC,5699,False,Apparel & Fashion,Private Limited,Amritsar,Punjab,2023-03-21 00:00:00,True,ACTIVE,1348.88,False
MCH1227,"Nazareth, Zacharia and Swaminathan",5812,False,Restaurants & Food Service,Private Limited,Ludhiana,Punjab,2023-03-21 16:36:39,True,ACTIVE,870.36,False
MCH3520,Jhaveri and Sons,7011,False,Hotel & Lodging,Individual,Bengaluru,Karnataka,2023-03-22 00:00:00,True,ACTIVE,1231.0,False
MCH5934,Halder LLC,7011,False,Hotel & Lodging,Private Limited,Amritsar,Punjab,2023-03-22 00:00:00,True,ACTIVE,1201.69,False
MCH5188,"Dube, Nair and Datta",4131,False,Retail - Other,Individual,Jalandhar,Punjab,2023-03-22 00:00:00,True,ACTIVE,2008.92,False
MCH4754,Menon Inc,5999,False,Retail - Other,Private Limited,Hyderabad,Telangana,2023-03-24 00:00:00,True,ACTIVE,1804.69,True
MCH9763,Bhatnagar-Ramesh,5699,False,Apparel & Fashion,Individual,Bengaluru,Karnataka,2023-03-24 10:13:00,True,ACTIVE,2954.71,False
MCH6370,"Dass, Hegde and Viswanathan",5812,False,Restaurants & Food Service,Partnership,Jaipur,Rajasthan,2023-03-24 18:53:14,True,ACTIVE,2201.27,False
MCH6060,Chacko-Sundaram,4131,False,Transportation & Travel,Individual,Jaipur,Rajasthan,2023-03-25 00:00:00,True,INACTIVE,2026.75,False
MCH6904,DIXIT-MALLICK,7011,False,Hotel & Lodging,Sole Proprietorship,Hyderabad,Telangana,2023-03-25 00:00:00,True,INACTIVE,402.95,False
MCH5322,Parsa LLC,5912,False,Pharmacy & Medical,Individual,Jalandhar,Punjab,2023-03-26 00:00:00,True,ACTIVE,2329.55,False
MCH8091,"TRIVEDI, VOHRA AND DASH",5812,False,Restaurants & Food Service,Sole Proprietorship,Ludhiana,Punjab,2023-03-26 00:00:00,True,ACTIVE,1507.11,False
MCH7627,Maharaj-Narain,5311,False,Department Store,Individual,Lucknow,Uttar Pradesh,2023-03-26 02:43:00,True,ACTIVE,508.95,False
MCH6143,"MURTHY, KALA AND MANGAT",5812,False,Restaurants & Food Service,Individual,Hyderabad,Telangana,2023-03-26 16:00:36,True,ACTIVE,618.37,True
MCH5186,"Iyer, Sarma and Issac",5311,False,Department Store,Private Limited,Jaipur,Rajasthan,2023-03-27 20:46:00,True,INACTIVE,830.18,False
MCH8570,Reddy Ltd,5942,False,Books & Stationery,Partnership,Hyderabad,Telangana,2023-03-28 00:00:00,True,ACTIVE,528.1,False
MCH6257,"Parsa, Rana and Raja",5812,False,Restaurants & Food Service,Partnership,Bengaluru,Karnataka,2023-03-28 20:34:00,True,ACTIVE,2744.98,False
MCH8455,Chauhan-Raju,5311,False,Department Store,Private Limited,Pune,Maharashtra,2023-03-29 00:00:00,True,ACTIVE,1832.78,False
MCH4567,Bhatti Inc,7011,False,Hotel & Lodging,Partnership,Hyderabad,Telangana,2023-03-29 00:00:00,True,ACTIVE,1514.65,False
MCH8053,CHHABRA INC,4814,False,Telecom & Mobile,Individual,Hyderabad,Telangana,2023-03-29 01:53:59,True,ACTIVE,1235.44,False
MCH1237,Agarwal-Kibe,7011,False,Hotel & Lodging,Partnership,Mumbai,Maharashtra,2023-03-30 00:00:00,True,ACTIVE,750.84,False
MCH3555,Chaudhari-Dutta,5311,False,Department Store,Partnership,Kolkata,West Bengal,2023-03-31 00:00:00,True,ACTIVE,712.21,False
MCH4487,Subramanian-Kannan,4814,False,Telecom & Mobile,Private Limited,Jaipur,Rajasthan,2023-03-31 00:00:00,True,ACTIVE,259.0,False
MCH4232,sehgal-rama,5411,False,Grocery,Partnership,Kolkata,West Bengal,2023-03-31 00:00:00,True,ACTIVE,4112.72,False
MCH6922,"bassi, dara and dutt",5699,False,Apparel & Fashion,Private Limited,Bengaluru,Karnataka,2023-04-01 00:00:00,True,ACTIVE,1736.93,False
MCH6315,"Pal, Zacharia and Narayan",7011,False,Hotel & Lodging,Sole Proprietorship,Mumbai,Maharashtra,2023-04-01 00:00:00,True,ACTIVE,529.2,False
MCH2081,Date PLC,5311,False,Department Store,Private Limited,Lucknow,Uttar Pradesh,2023-04-01 00:00:00,True,ACTIVE,275.64,False
MCH8603,mane ltd,5812,False,Restaurants & Food Service,Sole Proprietorship,Ludhiana,Punjab,2023-04-01 16:26:07,True,ACTIVE,258.46,False
MCH3661,"Tak, Sandhu and Baria",5311,False,Department Store,Individual,Bengaluru,Karnataka,2023-04-02 00:00:00,True,SUSPENDED,865.02,False
MCH7917,Parsa-Madan,5411,False,Grocery,Sole Proprietorship,Pune,Maharashtra,2023-04-02 01:07:51,True,INACTIVE,1524.64,True
MCH6851,Chaudhary and S0ns,4131,False,Transportation & Travel,Individual,Kolkata,West Bengal,2023-04-03 00:00:00,True,ACTIVE,4509.31,False
MCH7094,Narasimhan and Sons,5411,False,Grocery,Partnership,Lucknow,Uttar Pradesh,2023-04-03 07:40:00,True,ACTIVE,522.74,True
MCH3678,"Ramanathan, Oza and Aggarwal",5699,False,Apparel & Fashion,Partnership,Jalandhar,Punjab,2023-04-03 10:00:00,True,ACTIVE,1617.86,False
MCH5768,brar inc,5812,False,Restaurants & Food Service,Sole Proprietorship,Hyderabad,Telangana,2023-04-04 00:00:00,True,ACTIVE,1354.3,False
MCH2726,"Shukla, Trivedi and Balan",5411,False,Grocery,Private Limited,Amritsar,Punjab,2023-04-04 00:00:00,True,ACTIVE,7491.26,False
MCH7724,Bir-Mitra,5812,False,Restaurants & Food Service,Private Limited,Chennai,Tamil Nadu,2023-04-04 00:59:22,True,ACTIVE,347.01,False
MCH2765,"SANT, NATT AND SAWHNEY",7011,False,Hotel & Lodging,Private Limited,Kolkata,West Bengal,2023-04-04 21:56:00,True,INACTIVE,1191.66,False
MCH7027,"Vyas, Ghose and Narasimhan",5311,False,Department Store,Sole Proprietorship,Hyderabad,Telangana,2023-04-05 00:00:00,True,ACTIVE,860.0,False
MCH1537,Goswami-Sibal,5812,False,Restaurants & Food Service,Partnership,Hyderabad,Telangana,2023-04-05 00:00:00,True,ACTIVE,360.35,False
MCH4261,More Ltd,5311,False,Department Store,Partnership,Pune,Maharashtra,2023-04-06 04:55:30,True,ACTIVE,761.11,False
MCH8770,Mani-Mutti,5999,False,Retail - Other,Sole Proprietorship,Delhi,Delhi,2023-04-07 00:00:00,True,ACTIVE,379.0,False
MCH1004,Pillai-Mohan,4131,False,Transportation & Travel,Sole Proprietorship,Lucknow,Uttar Pradesh,2023-04-08 00:00:00,True,ACTIVE,342.7,False
MCH5274,"Nair, Dave and Hayre",4131,False,Transportation & Travel,Individual,Bengaluru,Karnataka,2023-04-08 00:00:00,True,ACTIVE,598.65,False
MCH3819,Butala-Patla,5999,False,Retail - Other,Individual,Delhi,Delhi,2023-04-08 00:00:00,True,ACTIVE,2466.12,False
MCH9359,"Ramanathan, Parekh and Agrawal",4131,False,Transportation & Travel,Partnership,Ludhiana,Punjab,2023-04-08 13:17:52,True,ACTIVE,3245.01,False
MCH3662,"Mand, Walia and Bhalla",5411,False,Grocery,Private Limited,Chennai,Tamil Nadu,2023-04-08 17:49:00,True,ACTIVE,677.63,False
MCH6708,Wali LLC,7011,False,Hotel & Lodging,Sole Proprietorship,Amritsar,Punjab,2023-04-09 00:00:00,True,ACTIVE,469.66,False
MCH5963,Mukhopadhyay Ltd,5999,False,Retail - Other,Partnership,Pune,Maharashtra,2023-04-09 00:00:00,True,INACTIVE,5714.63,False
MCH6473,Tata Group,5812,False,Restaurants & Food Service,Private Limited,Lucknow,Uttar Pradesh,2023-04-09 00:00:00,True,SUSPENDED,2924.69,False
MCH8165,"Sandhu, Saran and Dhar",5999,False,Retail - Other,Sole Proprietorship,Chennai,Tamil Nadu,2023-04-09 00:00:00,True,INACTIVE,1269.15,False
MCH9823,Kunda-Parekh,5812,False,Restaurants & Food Service,Individual,Mumbai,Maharashtra,2023-04-10 00:00:00,True,ACTIVE,1308.28,False
MCH8272,"Kaur, Barad and Sengupta",5411,False,Grocery,Partnership,Amritsar,Punjab,2023-04-11 00:00:00,True,ACTIVE,2250.0,False
MCH6943,Vyas Group,5699,False,Apparel & Fashion,Individual,Amritsar,Punjab,2023-04-11 00:00:00,True,ACTIVE,651.75,True
MCH3659,Samra Inc,5812,False,Restaurants & Food Service,Individual,Chennai,Tamil Nadu,2023-04-11 10:53:00,True,ACTIVE,2958.27,False
MCH3640,Parikh-Raghavan,7011,False,Hotel & Lodging,Sole Proprietorship,Hyderabad,Telangana,2023-04-11 22:07:00,True,ACTIVE,400.1,False
MCH6671,Chandran-Dada,5699,False,Apparel & Fashion,Partnership,Amritsar,Punjab,2023-04-12 00:00:00,True,ACTIVE,2579.5,False
MCH1639,Halder Inc,5411,False,Grocery,Sole Proprietorship,Chennai,Tamil Nadu,2023-04-12 00:00:00,True,INACTIVE,2075.47,True
MCH8735,Ha1der-Mane,5411,False,Grocery,Partnership,Pune,Maharashtra,2023-04-12 04:45:53,True,ACTIVE,7303.0,False
MCH9877,Borra and Sons,4814,False,Telecom & Mobile,Individual,Bengaluru,Karnataka,2023-04-12 21:37:32,True,ACTIVE,416.84,False
MCH9350,SINGH-SANE,5411,False,Grocery,Private Limited,Ludhiana,Punjab,2023-04-13 00:00:00,True,ACTIVE,840.43,False
MCH7371,"Anand, Bains and Parmer",5311,False,Department Store,Partnership,Lucknow,Uttar Pradesh,2023-04-13 04:10:55,True,ACTIVE,1724.45,True
MCH1697,Sodhi-Ramakrishnan,4814,False,Telecom & Mobile,Private Limited,Lucknow,Uttar Pradesh,2023-04-13 07:04:31,True,SUSPENDED,1234.06,False
MCH1775,Karnik Inc,5411,False,Grocery,Private Limited,Lucknow,Uttar Pradesh,2023-04-13 08:51:51,True,ACTIVE,313.0,False
MCH3980,Chadha-Raval,5699,False,Apparel & Fashion,Partnership,Bengaluru,Karnataka,2023-04-14 00:00:00,True,ACTIVE,1323.06,False
MCH7181,"Dar, Dada and Kala",4131,False,Transportation & Travel,Partnership,Kolkata,West Bengal,2023-04-14 00:00:00,True,ACTIVE,859.59,False
MCH9377,chaudhuri plc,5699,False,Apparel & Fashion,Sole Proprietorship,Delhi,Delhi,2023-04-14 00:00:00,True,ACTIVE,1583.18,False
MCH7459,"Gara, Agarwal and Anne",7011,False,Hotel & Lodging,Individual,Ludhiana,Punjab,2023-04-14 20:15:00,True,ACTIVE,2650.18,False
MCH8555,Ar0ra PLC,5999,False,Retail - Other,Private Limited,Delhi,Delhi,2023-04-15 00:00:00,True,ACTIVE,1643.0,False
MCH1257,Varma-Maharaj,5942,False,Books & Stationery,Sole Proprietorship,Kolkata,West Bengal,2023-04-15 16:16:00,True,ACTIVE,3059.27,False
MCH5736,Agate LLC,4131,False,Transportation & Travel,Sole Proprietorship,Delhi,Delhi,2023-04-16 00:00:00,True,ACTIVE,3557.14,False
MCH4290,Venkataraman-Wadhwa,5999,False,Retail - Other,Individual,Lucknow,Uttar Pradesh,2023-04-16 00:00:00,True,ACTIVE,1056.0,False
MCH1395,Venkatesh LLC,5812,False,Restaurants & Food Service,Partnership,Lucknow,Uttar Pradesh,2023-04-16 01:21:59,True,ACTIVE,641.0,False
MCH7659,"Pandya, Bakshi and Chaudhary",4131,False,Transportation & Travel,Private Limited,Chennai,Tamil Nadu,2023-04-16 18:19:00,True,ACTIVE,1564.19,False
MCH8692,"Dubey, Nair and Bobal",5812,False,Restaurants & Food Service,Sole Proprietorship,Ludhiana,Punjab,2023-04-17 00:00:00,True,ACTIVE,2839.54,False
MCH9037,Varty-Vaidya,4131,False,Transportation & Travel,Private Limited,Jalandhar,Punjab,2023-04-17 21:34:00,True,ACTIVE,2383.02,False
MCH4974,Krishna PLC,5699,False,Apparel & Fashion,Individual,Kolkata,West Bengal,2023-04-18 00:00:00,True,SUSPENDED,1458.56,False
MCH6361,"Saran, Dhar and Chaudhry",7011,False,Hotel & Lodging,Sole Proprietorship,Delhi,Delhi,2023-04-18 22:29:15,True,ACTIVE,701.89,False
MCH3328,Yadav and Sons,4814,False,Telecom & Mobile,Partnership,Lucknow,Uttar Pradesh,2023-04-20 00:00:00,True,ACTIVE,1324.81,False
MCH9232,Ahuja-Chaudhry,4131,False,Transportation & Travel,Individual,Hyderabad,Telangana,2023-04-20 00:00:00,True,ACTIVE,361.11,False
MCH2332,Toor Inc,7011,False,Hotel & Lodging,Individual,Ludhiana,Punjab,2023-04-20 08:12:00,True,ACTIVE,3555.73,True
MCH2888,Chahal LLC,5912,False,Pharmacy & Medical,Private Limited,Mumbai,Maharashtra,2023-04-21 00:00:00,True,ACTIVE,631.05,False
MCH2200,Choudhry-Vig,4814,False,Telecom & Mobile,Private Limited,Jaipur,Rajasthan,2023-04-21 06:16:00,True,ACTIVE,207.14,False
MCH3383,Muni Inc,5999,False,Retail - Other,Sole Proprietorship,Delhi,Delhi,2023-04-21 22:36:00,True,ACTIVE,5804.6,False
MCH3535,Kaur LLC,7011,False,Hotel & Lodging,Individual,Ludhiana,Punjab,2023-04-22 12:53:03,True,ACTIVE,438.79,False
MCH6465,Chadha-Char,5912,False,Pharmacy & Medical,Partnership,Kolkata,West Bengal,2023-04-22 17:00:00,True,ACTIVE,749.37,False
MCH7993,Garde Inc,4814,False,Telecom & Mobile,Partnership,Kolkata,West Bengal,2023-04-23 00:00:00,True,ACTIVE,1024.0,False
MCH1944,Morar Ltd,5812,False,Restaurants & Food Service,Individual,Pune,Maharashtra,2023-04-23 00:00:00,True,ACTIVE,1207.98,False
MCH3435,"MITTER, CHAKRABARTI AND SWAMINATHAN",5812,False,Restaurants & Food Service,Individual,Ludhiana,Punjab,2023-04-23 00:00:00,True,ACTIVE,1050.63,False
MCH4362,Sura LLC,7011,False,Hotel & Lodging,Individual,Jaipur,Rajasthan,2023-04-23 00:00:00,True,SUSPENDED,218.0,False
MCH9551,Chaudhry-Vaidya,5942,False,Books & Stationery,Sole Proprietorship,Pune,Maharashtra,2023-04-23 05:10:39,True,ACTIVE,1013.07,False
MCH7504,"MANDAL, TRIPATHI AND BHATNAGAR",7011,False,Hotel & Lodging,Sole Proprietorship,Amritsar,Punjab,2023-04-23 10:04:42,True,ACTIVE,8261.29,False
MCH4690,"Dutt, Mukhopadhyay and Dara",5999,False,Retail - Other,Sole Proprietorship,Amritsar,Punjab,2023-04-24 22:55:00,True,SUSPENDED,390.23,True
MCH3970,"Chawla, Sami and Mani",5942,False,Books & Stationery,Sole Proprietorship,Pune,Maharashtra,2023-04-25 00:00:00,True,ACTIVE,2506.67,False
MCH1434,Kale and Sons,5812,False,Restaurants & Food Service,Private Limited,Jalandhar,Punjab,2023-04-25 00:00:00,True,ACTIVE,985.73,False
MCH2169,"Yogi, Bhakta and Suresh",5812,False,Restaurants & Food Service,Private Limited,Hyderabad,Telangana,2023-04-25 08:08:00,True,ACTIVE,5225.51,False
MCH5110,"anne, nayak and chada",5311,False,Department Store,Private Limited,Amritsar,Punjab,2023-04-26 00:00:00,True,ACTIVE,478.0,False
MCH8164,"Devan, Basu and Buch",5812,False,Restaurants & Food Service,Private Limited,Delhi,Delhi,2023-04-26 00:00:00,True,ACTIVE,3036.35,False
MCH6158,"Dhingra, Ratti and Palla",4131,False,Retail - Other,Sole Proprietorship,Amritsar,Punjab,2023-04-26 00:00:00,True,ACTIVE,1443.6,False
MCH6384,"Rave1, Mane and Madan",5912,False,Pharmacy & Medical,Partnership,Delhi,Delhi,2023-04-26 06:56:00,True,ACTIVE,334.08,False
MCH4712,"ZACHARIA, SHERE AND DHAR",5912,False,Pharmacy & Medical,Private Limited,Jalandhar,Punjab,2023-04-27 04:30:00,True,ACTIVE,2235.26,False
MCH1202,KOSHY-BORDE,5311,False,Retail - Other,Partnership,Ludhiana,Punjab,2023-04-27 14:11:10,True,ACTIVE,1998.99,False
MCH5630,Srinivas-Doshi,7011,False,Hotel & Lodging,Sole Proprietorship,Amritsar,Punjab,2023-04-28 00:00:00,True,CLOSED,2338.55,False
MCH1168,"Dugal, Thaker and Rana",5699,False,Apparel & Fashion,Partnership,Hyderabad,Telangana,2023-04-28 00:00:00,True,INACTIVE,900.21,False
MCH2568,"Dhaliwal, Bhat and Sarin",5411,False,Grocery,Partnership,Mumbai,Maharashtra,2023-04-28 00:00:00,True,ACTIVE,803.0,False
MCH6388,pillai-subramaniam,5699,False,Apparel & Fashion,Sole Proprietorship,Jalandhar,Punjab,2023-04-28 10:55:00,True,INACTIVE,2418.46,False
MCH1447,"Dara, Om and Chaudhry",5699,False,Apparel & Fashion,Private Limited,Bengaluru,Karnataka,2023-04-29 00:00:00,True,INACTIVE,373.0,False
MCH4440,"Krishna, Bora and Swaminathan",5699,False,Apparel & Fashion,Private Limited,Jalandhar,Punjab,2023-04-29 00:00:00,True,SUSPENDED,749.44,False
MCH5231,Om-Shah,5912,False,Pharmacy & Medical,Individual,Jaipur,Rajasthan,2023-04-29 00:00:00,True,ACTIVE,165.39,False
MCH5941,G0ur Ltd,5942,False,Books & Stationery,Private Limited,Lucknow,Uttar Pradesh,2023-04-30 00:00:00,True,INACTIVE,1448.04,False
MCH6188,Balay LLC,7011,False,Hotel & Lodging,Partnership,Pune,Maharashtra,2023-04-30 10:37:50,True,ACTIVE,3749.0,False
MCH6507,Kadakia PLC,5812,False,Restaurants & Food Service,Partnership,Chennai,Tamil Nadu,2023-05-01 00:00:00,True,ACTIVE,740.55,False
MCH2737,"Sani, Chowdhury and Ganesan",5999,False,Retail - Other,Partnership,Bengaluru,Karnataka,2023-05-01 00:00:00,True,ACTIVE,610.07,False
MCH4972,Prabhu-Murty,5812,False,Restaurants & Food Service,Partnership,Amritsar,Punjab,2023-05-01 04:53:55,True,ACTIVE,327.77,True
MCH2757,Cherian-Parmer,5942,False,Books & Stationery,Sole Proprietorship,Chennai,Tamil Nadu,2023-05-02 00:00:00,True,ACTIVE,1801.26,False
MCH6028,"Devan, Saha and Nagar",7011,False,Hotel & Lodging,Partnership,Jalandhar,Punjab,2023-05-02 08:52:59,True,ACTIVE,2112.02,False
MCH2155,Vig-Bobal,4814,False,Telecom & Mobile,Private Limited,Delhi,Delhi,2023-05-03 00:00:00,True,ACTIVE,8483.0,False
MCH9245,zachariah-suri,5311,False,Retail - Other,Individual,Jalandhar,Punjab,2023-05-03 00:00:00,True,ACTIVE,328.18,False
MCH8895,Chakraborty-Apte,7011,False,Hotel & Lodging,Sole Proprietorship,Jalandhar,Punjab,2023-05-04 01:45:30,True,ACTIVE,2412.11,False
MCH5745,"Mahal, Gokhale and Shah",5699,False,Apparel & Fashion,Sole Proprietorship,Lucknow,Uttar Pradesh,2023-05-04 02:35:30,True,ACTIVE,1104.0,False
MCH8734,"Ganguly, Hayre and Choudhury",4814,False,Telecom & Mobile,Sole Proprietorship,Lucknow,Uttar Pradesh,2023-05-05 00:00:00,True,ACTIVE,4276.72,False
MCH6392,NAZARETH PLC,7011,False,Hotel & Lodging,Individual,Hyderabad,Telangana,2023-05-06 00:00:00,True,ACTIVE,3645.82,False
MCH5117,BAVA-SANI,5311,False,Department Store,Private Limited,Amritsar,Punjab,2023-05-07 15:56:29,True,ACTIVE,557.72,False
MCH2559,"Sastry, Dhar and Kibe",7011,False,Hotel & Lodging,Partnership,Pune,Maharashtra,2023-05-08 00:00:00,True,ACTIVE,1827.84,False
MCH1153,"Johal, Suri and Rama",5999,False,Retail - Other,Sole Proprietorship,Kolkata,West Bengal,2023-05-08 00:00:00,True,ACTIVE,153.84,False
MCH6167,"Chawla, Andra and Varty",4814,False,Telecom & Mobile,Partnership,Hyderabad,Telangana,2023-05-08 00:00:00,True,ACTIVE,2407.62,False
MCH4608,Chandran Group,5699,False,Apparel & Fashion,Sole Proprietorship,Lucknow,Uttar Pradesh,2023-05-09 14:14:00,True,ACTIVE,950.53,False
MCH4637,Mitter-Pandya,5411,False,Grocery,Individual,Chennai,Tamil Nadu,2023-05-09 20:41:00,True,ACTIVE,2198.28,False
MCH6692,"Mohan, Ravi and Sinha",7011,False,Hotel & Lodging,Partnership,Jalandhar,Punjab,2023-05-10 00:00:00,True,ACTIVE,641.51,False
MCH4639,Chaudhry-Bath,5912,False,Pharmacy & Medical,Partnership,Jalandhar,Punjab,2023-05-11 10:36:23,True,ACTIVE,295.45,False
MCH8433,"Gill, Taneja and Bhardwaj",5411,False,Grocery,Individual,Lucknow,Uttar Pradesh,2023-05-12 00:00:00,True,SUSPENDED,5465.01,False
MCH9583,"Borra, Mutti and Chaudhary",5812,False,Restaurants & Food Service,Private Limited,Ludhiana,Punjab,2023-05-13 01:02:41,True,ACTIVE,1408.6,False
MCH7495,"Subramaniam, Radhakrishnan and Bahri",5411,False,Grocery,Individual,Amritsar,Punjab,2023-05-14 00:00:00,True,CLOSED,1584.42,False
MCH8537,Mital and Sons,5411,False,Grocery,Partnership,Jalandhar,Punjab,2023-05-14 00:00:00,True,ACTIVE,3683.74,True
MCH3567,Kala Ltd,4814,False,Telecom & Mobile,Sole Proprietorship,Amritsar,Punjab,2023-05-15 00:00:00,True,ACTIVE,1794.62,False
MCH4421,Sani LLC,5999,False,Retail - Other,Sole Proprietorship,Ludhiana,Punjab,2023-05-15 00:00:00,True,ACTIVE,901.69,False
MCH6519,"Dhar, Morar and Malhotra",5699,False,Apparel & Fashion,Private Limited,Pune,Maharashtra,2023-05-15 00:27:02,True,ACTIVE,445.06,False
MCH7563,Anne and Sons,7011,False,Hotel & Lodging,Private Limited,Amritsar,Punjab,2023-05-16 00:00:00,True,ACTIVE,300.06,False
MCH3487,Soni and Sons,5912,False,Pharmacy & Medical,Sole Proprietorship,Lucknow,Uttar Pradesh,2023-05-16 03:23:00,True,ACTIVE,1671.71,False
MCH5602,Kaul PLC,5411,False,Grocery,Private Limited,Hyderabad,Telangana,2023-05-17 00:00:00,True,INACTIVE,469.06,False
MCH8505,"Dora, Bhatia and Bhatia",5411,False,Grocery,Partnership,Amritsar,Punjab,2023-05-17 00:00:00,True,ACTIVE,2376.66,False
MCH9036,CHERIAN LLC,5699,False,Apparel & Fashion,Sole Proprietorship,Ludhiana,Punjab,2023-05-17 18:31:08,True,ACTIVE,928.81,False
MCH1060,Goda and Sons,5311,False,Department Store,Sole Proprietorship,Chennai,Tamil Nadu,2023-05-18 00:00:00,True,CLOSED,2371.8,False
MCH8160,Amble and Sons,5699,False,Apparel & Fashion,Individual,Jaipur,Rajasthan,2023-05-18 00:00:00,True,ACTIVE,5769.95,False
MCH7974,Kari Inc,5699,False,Apparel & Fashion,Individual,Delhi,Delhi,2023-05-19 00:00:00,True,ACTIVE,4305.95,False
MCH6447,"Mody, Dara and Ray",5812,False,Restaurants & Food Service,Individual,Kolkata,West Bengal,2023-05-19 00:00:00,True,ACTIVE,860.24,False
MCH9956,Khatri Inc,7011,False,Hotel & Lodging,Sole Proprietorship,Pune,Maharashtra,2023-05-19 18:45:01,True,SUSPENDED,2099.08,True
MCH4913,Baral-Bhattacharyya,4131,False,Transportation & Travel,Individual,Amritsar,Punjab,2023-05-19 19:12:00,True,INACTIVE,697.03,False
MCH8624,Kannan-Mital,5912,False,Pharmacy & Medical,Sole Proprietorship,Pune,Maharashtra,2023-05-20 00:00:00,True,ACTIVE,1202.33,False
MCH5847,"Kar, Gupta and Choudhry",7011,False,Hotel & Lodging,Sole Proprietorship,Kolkata,West Bengal,2023-05-20 00:00:00,True,ACTIVE,4487.3,True
MCH1751,Bava-Mukherjee,5411,False,Grocery,Sole Proprietorship,Jaipur,Rajasthan,2023-05-20 00:00:00,True,ACTIVE,1591.0,False
MCH9358,Shroff Ltd,5311,False,Department Store,Sole Proprietorship,Kolkata,West Bengal,2023-05-21 00:00:00,True,ACTIVE,1856.54,False
MCH4658,Kapadia Inc,5311,False,Retail - Other,Individual,Hyderabad,Telangana,2023-05-21 00:00:00,True,ACTIVE,2693.95,False
MCH4336,"Prasad, Bhagat and De",5411,False,Grocery,Partnership,Hyderabad,Telangana,2023-05-22 00:00:00,True,ACTIVE,614.99,False
MCH1585,Khalsa-Kulkarni,5311,False,Department Store,Partnership,Delhi,Delhi,2023-05-22 00:00:00,True,ACTIVE,3398.13,False
MCH7327,"Krish, Dhar and Choudhury",4814,False,Telecom & Mobile,Individual,Kolkata,West Bengal,2023-05-22 13:42:22,True,ACTIVE,440.0,False
MCH3570,sura-barman,5999,False,Retail - Other,Private Limited,Jalandhar,Punjab,2023-05-22 22:03:03,True,CLOSED,1099.0,False
MCH8215,"Brar, Ramesh and Kaul",5411,False,Grocery,Partnership,Chennai,Tamil Nadu,2023-05-23 00:00:00,True,CLOSED,1544.34,False
MCH4725,Joshi PLC,5311,False,Department Store,Private Limited,Amritsar,Punjab,2023-05-23 00:00:00,True,ACTIVE,639.24,False
MCH3410,Mutti PLC,7011,False,Hotel & Lodging,Sole Proprietorship,Chennai,Tamil Nadu,2023-05-23 00:00:00,True,ACTIVE,4042.64,False
MCH5494,Bhavsar-Jhaveri,5912,False,Pharmacy & Medical,Individual,Ludhiana,Punjab,2023-05-23 00:00:00,True,ACTIVE,325.0,False
MCH2844,Misra-Seth,4131,False,Transportation & Travel,Individual,Amritsar,Punjab,2023-05-24 00:00:00,True,ACTIVE,162.5,False
MCH4444,Khalsa PLC,5999,False,Retail - Other,Partnership,Ludhiana,Punjab,2023-05-25 00:00:00,True,ACTIVE,2332.61,False
MCH2886,"Kurian, Dash and Walla",7011,False,Hotel & Lodging,Private Limited,Bengaluru,Karnataka,2023-05-25 01:14:00,True,SUSPENDED,8233.35,False
MCH6660,N0ri Gr0up,4814,False,Telecom & Mobile,Sole Proprietorship,Chennai,Tamil Nadu,2023-05-26 00:00:00,True,ACTIVE,3030.0,False
MCH7167,"Bir, Kunda and Manne",5942,False,Books & Stationery,Partnership,Hyderabad,Telangana,2023-05-26 00:00:00,True,ACTIVE,397.0,False
MCH8597,Hayre-Badami,5812,False,Restaurants & Food Service,Private Limited,Amritsar,Punjab,2023-05-26 00:00:00,True,ACTIVE,1847.81,False
MCH3637,"Lalla, Deep and Sama",5699,False,Apparel & Fashion,Individual,Pune,Maharashtra,2023-05-27 00:00:00,True,ACTIVE,560.03,False
MCH1255,"Bose, Memon and Luthra",5942,False,Books & Stationery,Partnership,Pune,Maharashtra,2023-05-27 08:30:18,True,ACTIVE,1129.38,False
MCH1272,Garg Inc,4131,False,Transportation & Travel,Partnership,Jaipur,Rajasthan,2023-05-28 22:37:00,True,ACTIVE,549.87,False
MCH2255,Lal Ltd,5311,False,Department Store,Individual,Jaipur,Rajasthan,2023-05-29 00:00:00,True,ACTIVE,1404.67,False
MCH3441,"Naidu, Nayar and Chand",5942,False,Books & Stationery,Partnership,Ludhiana,Punjab,2023-05-29 00:00:00,True,ACTIVE,817.0,False
MCH6560,"Pandit, Jayaraman and Chokshi",4814,False,Telecom & Mobile,Individual,Hyderabad,Telangana,2023-05-29 00:00:00,True,ACTIVE,11930.97,False
MCH3820,Behl LLC,5311,False,Department Store,Partnership,Jalandhar,Punjab,2023-05-30 00:00:00,True,INACTIVE,983.06,False
MCH3723,wagle-dugar,5411,False,Grocery,Individual,Bengaluru,Karnataka,2023-05-31 00:00:00,True,ACTIVE,1906.51,False
MCH5163,"Pandit, Lad and V0ra",4814,False,Telecom & Mobile,Individual,Kolkata,West Bengal,2023-05-31 00:00:00,True,ACTIVE,1014.92,False
MCH5744,Dalal-Lall,7011,False,Hotel & Lodging,Private Limited,Chennai,Tamil Nadu,2023-05-31 00:00:00,True,ACTIVE,3350.6,False
MCH4299,Master PLC,5699,False,Apparel & Fashion,Private Limited,Delhi,Delhi,2023-05-31 00:00:00,True,ACTIVE,3539.65,False
MCH6828,Warrior-Bhardwaj,4814,False,Telecom & Mobile,Partnership,Lucknow,Uttar Pradesh,2023-06-01 00:00:00,True,ACTIVE,2500.44,False
MCH4082,Khurana Inc,5999,False,Retail - Other,Private Limited,Delhi,Delhi,2023-06-02 00:00:00,True,INACTIVE,288.7,False
MCH7839,Mahajan-Bhasin,5699,False,Apparel & Fashion,Partnership,Amritsar,Punjab,2023-06-03 00:00:00,True,ACTIVE,4413.06,False
MCH3180,Sanghvi and S0ns,5912,False,Pharmacy & Medical,Private Limited,Delhi,Delhi,2023-06-03 00:00:00,True,ACTIVE,2608.0,False
MCH9593,"Vora, Natt and Butala",5411,False,Grocery,Sole Proprietorship,Ludhiana,Punjab,2023-06-03 00:00:00,True,ACTIVE,2670.56,True
MCH9472,Sankaran-Om,5699,False,Apparel & Fashion,Private Limited,Delhi,Delhi,2023-06-03 00:00:00,True,INACTIVE,4710.1,False
MCH7524,"Babu, Banerjee and Parsa",5812,False,Restaurants & Food Service,Individual,Kolkata,West Bengal,2023-06-04 00:00:00,True,ACTIVE,811.7,False
MCH7044,Chanda-Gaba,5812,False,Restaurants & Food Service,Private Limited,Bengaluru,Karnataka,2023-06-04 10:26:47,True,ACTIVE,402.62,False
MCH9847,Dube and Sons,4814,False,Telecom & Mobile,Partnership,Delhi,Delhi,2023-06-06 03:41:54,True,ACTIVE,918.47,False
MCH2274,"KUNDA, VIG AND PARSA",5999,False,Retail - Other,Sole Proprietorship,Mumbai,Maharashtra,2023-06-06 04:13:00,True,ACTIVE,3028.0,False
MCH9933,Bali-Zachariah,5411,False,Grocery,Sole Proprietorship,Jaipur,Rajasthan,2023-06-07 00:00:00,True,ACTIVE,1549.0,False
MCH6183,Nayar and Sons,4131,False,Retail - Other,Individual,Jalandhar,Punjab,2023-06-07 00:00:00,True,ACTIVE,2423.0,False
MCH5553,Sarna and Sons,5812,False,Restaurants & Food Service,Private Limited,Mumbai,Maharashtra,2023-06-07 02:21:12,True,INACTIVE,871.71,True
MCH6903,Lata-Raja,4131,False,Transportation & Travel,Sole Proprietorship,Pune,Maharashtra,2023-06-08 00:00:00,True,ACTIVE,2296.0,False
MCH4441,"Sachdev, Doctor and Subramanian",5311,False,Department Store,Partnership,Chennai,Tamil Nadu,2023-06-08 00:00:00,True,CLOSED,3222.79,False
MCH2917,Edwin-Ahuja,5411,False,Grocery,Sole Proprietorship,Jalandhar,Punjab,2023-06-08 23:40:31,True,INACTIVE,490.0,False
MCH1913,"Sandal, Srinivas and Lata",5912,False,Pharmacy & Medical,Partnership,Lucknow,Uttar Pradesh,2023-06-09 00:00:00,True,ACTIVE,468.17,False
MCH8937,"Mand, Bhatt and Pathak",7011,False,Hotel & Lodging,Individual,Amritsar,Punjab,2023-06-10 00:00:00,True,ACTIVE,2746.33,False
MCH8289,"Ch0udhury, Chakrabarti and Kha1sa",4131,False,Transportation & Travel,Sole Proprietorship,Lucknow,Uttar Pradesh,2023-06-10 00:00:00,True,ACTIVE,954.52,False
MCH4168,"Chad, Dyal and Golla",5999,False,Retail - Other,Partnership,Pune,Maharashtra,2023-06-10 10:22:54,True,ACTIVE,1194.41,False
MCH4939,Bath-Kumer,4814,False,Telecom & Mobile,Partnership,Delhi,Delhi,2023-06-10 12:33:00,True,ACTIVE,1620.24,False
MCH4359,Mistry-Parekh,5912,False,Pharmacy & Medical,Private Limited,Mumbai,Maharashtra,2023-06-10 16:16:00,True,BLOCKED,684.0,False
MCH5880,"Varty, Ratta and Venkataraman",5699,False,Apparel & Fashion,Sole Proprietorship,Amritsar,Punjab,2023-06-11 00:00:00,True,ACTIVE,1913.84,False
MCH5387,Hayre-Chaudry,5699,False,Apparel & Fashion,Sole Proprietorship,Amritsar,Punjab,2023-06-11 00:00:00,True,ACTIVE,1445.17,False
MCH7294,"Kuruvilla, Ahluwalia and Gole",5912,False,Pharmacy & Medical,Partnership,Pune,Maharashtra,2023-06-11 00:00:00,True,ACTIVE,1573.98,False
MCH1297,Luthra and Sons,5411,False,Grocery,Private Limited,Delhi,Delhi,2023-06-12 01:16:32,True,ACTIVE,381.86,False
MCH5737,Ben Inc,5699,False,Apparel & Fashion,Individual,Ludhiana,Punjab,2023-06-13 00:00:00,True,INACTIVE,2812.11,True
MCH1063,"Samra, Sur and Venkataraman",5999,False,Retail - Other,Private Limited,Chennai,Tamil Nadu,2023-06-13 00:00:00,True,ACTIVE,1297.7,False
MCH8634,Palla-Brar,5912,False,Pharmacy & Medical,Partnership,Jalandhar,Punjab,2023-06-13 00:00:00,True,ACTIVE,843.2,False
MCH3612,"Manne, Dutt and Sah0ta",7011,False,Hotel & Lodging,Sole Proprietorship,Jaipur,Rajasthan,2023-06-13 00:00:00,True,ACTIVE,605.01,False
MCH6643,"BALA, PALLA AND SRINIVAS",5942,False,Books & Stationery,Private Limited,Jalandhar,Punjab,2023-06-13 10:35:36,True,ACTIVE,1698.35,False
MCH2003,Rajagopalan Inc,5311,False,Department Store,Individual,Pune,Maharashtra,2023-06-16 00:00:00,True,ACTIVE,567.0,False
MCH8777,Kibe PLC,7011,False,Hotel & Lodging,Partnership,Mumbai,Maharashtra,2023-06-16 00:00:00,True,INACTIVE,1945.67,False
MCH8600,Lata-Khurana,5411,False,Grocery,Individual,Jalandhar,Punjab,2023-06-16 00:00:00,True,ACTIVE,861.64,False
MCH1776,Vohra and Sons,5999,False,Retail - Other,Private Limited,Lucknow,Uttar Pradesh,2023-06-16 00:00:00,True,ACTIVE,843.8,False
MCH9056,"Misra, Kalita and Kapur",5942,False,Books & Stationery,Private Limited,Lucknow,Uttar Pradesh,2023-06-17 00:00:00,True,ACTIVE,497.59,False
MCH3558,Balakrishnan LLC,5311,False,Department Store,Sole Proprietorship,Bengaluru,Karnataka,2023-06-17 00:45:00,True,SUSPENDED,918.0,False
MCH3252,"Patel, Saran and Bala",5699,False,Apparel & Fashion,Individual,Pune,Maharashtra,2023-06-18 00:00:00,True,ACTIVE,1917.91,False
MCH1101,Mangal Inc,5912,False,Pharmacy & Medical,Individual,Chennai,Tamil Nadu,2023-06-19 00:00:00,True,ACTIVE,2025.16,False
MCH2202,"dass, vala and goda",5912,False,Pharmacy & Medical,Private Limited,Hyderabad,Telangana,2023-06-19 00:00:00,True,SUSPENDED,1191.83,True
MCH2296,Buch Ltd,4131,False,Retail - Other,Partnership,Ludhiana,Punjab,2023-06-19 12:35:26,True,ACTIVE,8012.35,False
MCH9718,Mammen and Sons,5411,False,Grocery,Sole Proprietorship,Jalandhar,Punjab,2023-06-20 00:00:00,True,ACTIVE,678.94,False
MCH3765,Mohanty LLC,5311,False,Department Store,Partnership,Hyderabad,Telangana,2023-06-20 05:11:20,True,ACTIVE,1911.75,False
MCH3292,Murthy PLC,5942,False,Books & Stationery,Individual,Chennai,Tamil Nadu,2023-06-21 00:00:00,True,CLOSED,2151.78,False
MCH2690,nagarajan inc,5912,False,Pharmacy & Medical,Sole Proprietorship,Lucknow,Uttar Pradesh,2023-06-22 00:00:00,True,SUSPENDED,3091.83,False
MCH9450,"Bahl, Varughese and Char",4814,False,Telecom & Mobile,Partnership,Pune,Maharashtra,2023-06-22 16:33:28,True,ACTIVE,260.0,False
MCH1833,"Bhatnagar, Bhavsar and Iyengar",4131,False,Transportation & Travel,Partnership,Mumbai,Maharashtra,2023-06-24 00:00:00,True,ACTIVE,2843.21,False
MCH9732,Pal-Kaur,5699,False,Apparel & Fashion,Individual,Jalandhar,Punjab,2023-06-25 00:00:00,True,ACTIVE,1508.45,False
MCH5785,Vohra Inc,5699,False,Apparel & Fashion,Partnership,Mumbai,Maharashtra,2023-06-25 00:00:00,True,ACTIVE,1694.59,False
MCH8058,"Jayaraman, Pall and Goel",5912,False,Pharmacy & Medical,Partnership,Kolkata,West Bengal,2023-06-25 00:00:00,True,ACTIVE,1476.23,False
MCH3301,REDDY AND SONS,5942,False,Books & Stationery,Partnership,Jaipur,Rajasthan,2023-06-25 03:39:00,True,ACTIVE,2571.65,False
MCH3699,Lal Ltd,5999,False,Retail - Other,Private Limited,Jaipur,Rajasthan,2023-06-25 06:53:54,True,ACTIVE,479.97,False
MCH4000,"Dewan, Sunder and Bhakta",5411,False,Grocery,Private Limited,Kolkata,West Bengal,2023-06-25 20:40:27,True,ACTIVE,3205.97,True
MCH5370,Shenoy Ltd,5912,False,Pharmacy & Medical,Private Limited,Hyderabad,Telangana,2023-06-26 00:00:00,True,ACTIVE,1465.66,False
MCH6231,"CHAND, JOHAL AND CHAWLA",5812,False,Restaurants & Food Service,Private Limited,Jalandhar,Punjab,2023-06-26 00:00:00,True,ACTIVE,919.0,False
MCH3384,GILL-BAKSHI,5999,False,Retail - Other,Partnership,Kolkata,West Bengal,2023-06-27 00:00:00,True,ACTIVE,1223.35,False
MCH1299,mutti plc,5699,False,Apparel & Fashion,Partnership,Jaipur,Rajasthan,2023-06-27 00:00:00,True,ACTIVE,605.64,False
MCH6242,Som Inc,5311,False,Department Store,Sole Proprietorship,Jaipur,Rajasthan,2023-06-27 04:59:14,True,ACTIVE,1984.97,True
MCH8242,Choudhary-Pall,7011,False,Hotel & Lodging,Private Limited,Ludhiana,Punjab,2023-06-27 07:50:14,True,ACTIVE,607.04,False
MCH5112,"Agate, Atwal and Yohannan",5311,False,Department Store,Private Limited,Ludhiana,Punjab,2023-06-27 18:52:54,True,INACTIVE,669.14,False
MCH2099,"tara, date and thakur",4131,False,Transportation & Travel,Sole Proprietorship,Chennai,Tamil Nadu,2023-06-28 00:00:00,True,ACTIVE,1054.15,False
MCH9931,ray ltd,5912,False,Pharmacy & Medical,Private Limited,Chennai,Tamil Nadu,2023-06-28 07:48:26,True,ACTIVE,7044.3,False
MCH7544,NARAYAN-OOMMEN,4814,False,Telecom & Mobile,Individual,Jalandhar,Punjab,2023-06-29 00:00:00,True,INACTIVE,1478.06,False
MCH2205,Parmer-Lad,5311,False,Department Store,Individual,Delhi,Delhi,2023-07-01 18:11:38,True,ACTIVE,986.0,False
MCH1347,D’ALIA GROUP,7011,False,Hotel & Lodging,Private Limited,Chennai,Tamil Nadu,2023-07-02 00:00:00,True,ACTIVE,1739.0,False
MCH7614,WaliLtd,5699,False,Apparel & Fashion,Individual,Mumbai,Maharashtra,2023-07-03 00:00:00,True,ACTIVE,969.0,False
MCH5586,Andra-Sha,5699,False,Apparel & Fashion,Private Limited,Amritsar,Punjab,2023-07-03 00:00:00,True,SUSPENDED,349.98,True
MCH3307,Uppal and Sons,7011,False,Hotel & Lodging,Private Limited,Pune,Maharashtra,2023-07-03 20:38:00,True,ACTIVE,1033.39,False
MCH7580,DHALIWAL-SHANKAR,4814,False,Telecom & Mobile,Sole Proprietorship,Mumbai,Maharashtra,2023-07-04 00:00:00,True,ACTIVE,1155.73,False
MCH4983,"Magar, Ratta and Choudhary",5411,False,Grocery,Partnership,Ludhiana,Punjab,2023-07-05 00:00:00,True,ACTIVE,617.98,False
MCH5097,SATHE INC,5311,False,Department Store,Sole Proprietorship,Jaipur,Rajasthan,2023-07-05 00:00:00,True,ACTIVE,997.33,False
MCH6737,Kohli Inc,5942,False,Books & Stationery,Partnership,Ludhiana,Punjab,2023-07-06 00:00:00,True,ACTIVE,675.29,False
MCH3212,Merchant LLC,5999,False,Retail - Other,Private Limited,Bengaluru,Karnataka,2023-07-06 11:16:53,True,ACTIVE,980.37,False
MCH9753,Chowdhury and Sons,4814,False,Telecom & Mobile,Individual,Mumbai,Maharashtra,2023-07-06 13:36:00,True,ACTIVE,559.33,False
MCH7925,"Bedi, Shroff and Nadkarni",4131,False,Retail - Other,Sole Proprietorship,Lucknow,Uttar Pradesh,2023-07-07 00:00:00,True,ACTIVE,2480.62,False
MCH5288,"THAMAN, MUNI AND OM",5999,False,Retail - Other,Sole Proprietorship,Pune,Maharashtra,2023-07-08 00:00:00,True,ACTIVE,1015.84,False
MCH9426,Singh-Narula,7011,False,Hotel & Lodging,Sole Proprietorship,Chennai,Tamil Nadu,2023-07-08 00:00:00,True,ACTIVE,615.87,False
MCH1033,Virk PLC,7011,False,Hotel & Lodging,Individual,Amritsar,Punjab,2023-07-08 00:00:00,True,CLOSED,1825.13,True
MCH1420,"Hayer, Malhotra and Dugar",5311,False,Retail - Other,Individual,Pune,Maharashtra,2023-07-08 22:38:55,True,ACTIVE,1649.54,False
MCH3445,"Madan, Naidu and Andra",7011,False,Hotel & Lodging,Private Limited,Jaipur,Rajasthan,2023-07-09 00:00:00,True,ACTIVE,983.3,False
MCH7215,"Kau1, Pur0hit and Ar0ra",5311,False,Retail - Other,Private Limited,Hyderabad,Telangana,2023-07-10 00:00:00,True,ACTIVE,2403.84,False
MCH3187,"Mand, Singhal and Raman",5912,False,Pharmacy & Medical,Sole Proprietorship,Kolkata,West Bengal,2023-07-11 07:10:22,True,ACTIVE,4276.66,False
MCH9997,"Kalita, Dass and Balay",5999,False,Retail - Other,Individual,Ludhiana,Punjab,2023-07-12 00:00:00,True,ACTIVE,2233.91,False
MCH6052,nayak-wadhwa,5912,False,Pharmacy & Medical,Private Limited,Jaipur,Rajasthan,2023-07-12 00:00:00,True,ACTIVE,600.38,False
MCH2201,"DATE, MUNI AND DASGUPTA",5999,False,Retail - Other,Individual,Kolkata,West Bengal,2023-07-12 00:00:00,True,ACTIVE,238.32,False
MCH8078,thaman-ganguly,5912,False,Pharmacy & Medical,Sole Proprietorship,Mumbai,Maharashtra,2023-07-12 00:00:00,True,ACTIVE,1158.31,False
MCH7631,Chawla-Ganesh,4131,False,Transportation & Travel,Individual,Pune,Maharashtra,2023-07-12 00:00:00,True,ACTIVE,6757.26,False
MCH7104,Kothari LLC,4814,False,Telecom & Mobile,Partnership,Jalandhar,Punjab,2023-07-12 00:00:00,True,ACTIVE,810.17,False
MCH7077,raman and sons,5942,False,Books & Stationery,Partnership,Chennai,Tamil Nadu,2023-07-12 00:00:00,True,ACTIVE,359.0,False
MCH7591,Gour-Hora,5812,False,Restaurants & Food Service,Sole Proprietorship,Amritsar,Punjab,2023-07-12 05:34:00,True,ACTIVE,1230.68,False
MCH1526,CHOWDHURY AND SONS,4814,False,Telecom & Mobile,Sole Proprietorship,Bengaluru,Karnataka,2023-07-14 00:00:00,True,ACTIVE,2697.93,False
MCH5182,"kadakia, raman and badal",4131,False,Transportation & Travel,Sole Proprietorship,Amritsar,Punjab,2023-07-15 00:00:00,True,INACTIVE,932.0,False
MCH9349,"Bhat, Suri and Khalsa",5999,False,Retail - Other,Individual,Hyderabad,Telangana,2023-07-15 00:00:00,True,ACTIVE,2394.34,False
MCH3625,Lall Inc,5699,False,Apparel & Fashion,Individual,Kolkata,West Bengal,2023-07-16 00:00:00,True,INACTIVE,691.1,False
MCH9051,"Gara, Keer and Padmanabhan",4814,False,Telecom & Mobile,Sole Proprietorship,Bengaluru,Karnataka,2023-07-16 00:00:00,True,ACTIVE,1715.14,False
MCH9751,Memon-Sinha,5812,False,Restaurants & Food Service,Sole Proprietorship,Ludhiana,Punjab,2023-07-16 00:00:00,True,ACTIVE,2265.65,False
MCH6401,ramachandran-borah,4814,False,Telecom & Mobile,Private Limited,Bengaluru,Karnataka,2023-07-16 14:03:46,True,ACTIVE,371.0,False
MCH9148,Venkatesh and Sons,7011,False,Hotel & Lodging,Sole Proprietorship,Hyderabad,Telangana,2023-07-16 21:32:00,True,ACTIVE,503.0,False
MCH2580,Rajag0pa1an-S0man,5812,False,Restaurants & Food Service,Private Limited,Jaipur,Rajasthan,2023-07-17 00:00:00,True,ACTIVE,7864.69,False
MCH1136,"bahri, kanda and seth",5942,False,Books & Stationery,Private Limited,Chennai,Tamil Nadu,2023-07-17 00:00:00,True,ACTIVE,896.84,False
MCH1288,"jain, loke and zacharia",4131,False,Transportation & Travel,Sole Proprietorship,Bengaluru,Karnataka,2023-07-17 08:08:00,True,ACTIVE,915.81,False
MCH1609,Ram-Palla,4814,False,Telecom & Mobile,Private Limited,Mumbai,Maharashtra,2023-07-17 21:30:00,True,ACTIVE,554.3,False
MCH2825,Ku1karni Inc,4814,False,Telecom & Mobile,Individual,Ludhiana,Punjab,2023-07-18 00:00:00,True,ACTIVE,1291.01,False
MCH8612,KURIAN-GODA,5812,False,Restaurants & Food Service,Sole Proprietorship,Mumbai,Maharashtra,2023-07-18 06:11:37,True,ACTIVE,1133.93,False
MCH2981,"Sachdeva, Iyer and Borra",5942,False,Books & Stationery,Individual,Kolkata,West Bengal,2023-07-19 15:05:00,True,ACTIVE,841.65,False
MCH2862,Bhasin Group,5699,False,Apparel & Fashion,Partnership,Jaipur,Rajasthan,2023-07-20 00:00:00,True,ACTIVE,544.8,False
MCH5896,Kale Group,5942,False,Books & Stationery,Individual,Hyderabad,Telangana,2023-07-21 00:00:00,True,ACTIVE,533.74,False
MCH5583,"Sama, Thaman and Bakshi",4814,False,Telecom & Mobile,Individual,Pune,Maharashtra,2023-07-21 01:11:03,True,ACTIVE,2696.94,False
MCH4363,BhagatInc,5912,False,Pharmacy & Medical,Private Limited,Jalandhar,Punjab,2023-07-22 00:00:00,True,ACTIVE,1657.41,False
MCH4578,"Pancha1, Ch0pra and Ma11",5942,False,Books & Stationery,Private Limited,Chennai,Tamil Nadu,2023-07-22 00:00:00,True,INACTIVE,2039.12,False
MCH4776,Lall Inc,5912,False,Pharmacy & Medical,Private Limited,Amritsar,Punjab,2023-07-22 00:00:00,True,ACTIVE,4262.37,False
MCH1109,Solanki Ltd,5311,False,Department Store,Partnership,Mumbai,Maharashtra,2023-07-23 00:00:00,True,ACTIVE,1262.18,False
MCH8966,Talwar PLC,5999,False,Retail - Other,Sole Proprietorship,Chennai,Tamil Nadu,2023-07-23 00:00:00,True,ACTIVE,432.95,False
MCH1567,Samra PLC,5699,False,Apparel & Fashion,Individual,Mumbai,Maharashtra,2023-07-23 05:44:28,True,CLOSED,1417.9,False
MCH2119,Kashyap Ltd,5699,False,Apparel & Fashion,Individual,Chennai,Tamil Nadu,2023-07-23 08:53:50,True,INACTIVE,1155.58,False
MCH2727,Ahluwalia and Sons,5942,False,Books & Stationery,Partnership,Bengaluru,Karnataka,2023-07-24 00:00:00,True,ACTIVE,133.58,False
MCH6861,Venkataraman Ltd,5999,False,Retail - Other,Private Limited,Mumbai,Maharashtra,2023-07-24 17:35:00,True,ACTIVE,810.0,False
MCH5809,Virk-Peri,5942,False,Books & Stationery,Individual,Jaipur,Rajasthan,2023-07-25 09:05:00,True,INACTIVE,1513.53,False
MCH9693,"Babu, Murty and Rao",5942,False,Books & Stationery,Sole Proprietorship,Pune,Maharashtra,2023-07-25 19:48:00,True,ACTIVE,1260.07,False
MCH7681,"Aggarwal, Raj and Mand",5311,False,Retail - Other,Individual,Amritsar,Punjab,2023-07-26 00:00:00,True,ACTIVE,148.0,False
MCH7191,Bhargava Ltd,5942,False,Books & Stationery,Sole Proprietorship,Hyderabad,Telangana,2023-07-26 00:00:00,True,CLOSED,528.97,False
MCH6565,Parmer-Datta,4814,False,Telecom & Mobile,Sole Proprietorship,Hyderabad,Telangana,2023-07-28 00:00:00,True,ACTIVE,2464.68,False
MCH6917,"Deshmukh, Parmar and Lad",4814,False,Telecom & Mobile,Sole Proprietorship,Jaipur,Rajasthan,2023-07-29 00:00:00,True,ACTIVE,1543.47,False
MCH3313,Comar-Sidhu,5311,False,Department Store,Sole Proprietorship,Lucknow,Uttar Pradesh,2023-07-30 00:00:00,True,CLOSED,408.55,False
MCH3140,Sarraf-Viswanathan,4131,False,Transportation & Travel,Partnership,Ludhiana,Punjab,2023-07-30 00:00:00,True,SUSPENDED,1614.0,False
MCH4077,verma-dugar,5812,False,Restaurants & Food Service,Private Limited,Kolkata,West Bengal,2023-07-31 00:00:00,True,ACTIVE,1359.17,False
MCH7639,Dewan-Ravi,5699,False,Apparel & Fashion,Partnership,Kolkata,West Bengal,2023-07-31 00:00:00,True,ACTIVE,545.41,True
MCH4985,HAYRE AND SONS,5942,False,Books & Stationery,Partnership,Lucknow,Uttar Pradesh,2023-08-01 00:00:00,True,ACTIVE,1981.89,False
MCH9211,Dubey-Kurian,7011,False,Hotel & Lodging,Individual,Jalandhar,Punjab,2023-08-01 00:00:00,True,ACTIVE,2981.74,False
MCH2014,Bali-Mani,7011,False,Hotel & Lodging,Individual,Pune,Maharashtra,2023-08-01 09:32:25,True,ACTIVE,8107.98,False
MCH1756,Ben and Sons,5999,False,Retail - Other,Private Limited,Hyderabad,Telangana,2023-08-02 00:00:00,True,ACTIVE,1706.9,False
MCH2154,"Badal, Yadav and Mane",5999,False,Retail - Other,Sole Proprietorship,Lucknow,Uttar Pradesh,2023-08-02 02:36:07,True,ACTIVE,4388.39,True
MCH8066,Sane-Shukla,5411,False,Grocery,Partnership,Amritsar,Punjab,2023-08-03 00:00:00,True,ACTIVE,665.07,True
MCH7089,"Reddy, Dua and Trivedi",5912,False,Pharmacy & Medical,Private Limited,Kolkata,West Bengal,2023-08-03 14:43:57,True,INACTIVE,819.59,False
MCH8073,"Chaudhary, Nori and Aggarwal",4814,False,Telecom & Mobile,Private Limited,Mumbai,Maharashtra,2023-08-04 00:00:00,True,ACTIVE,2535.65,False
MCH7906,"Ganesan, Gopal and Ratta",5912,False,Pharmacy & Medical,Individual,Jaipur,Rajasthan,2023-08-04 00:00:00,True,ACTIVE,733.85,False
MCH2617,Mander-Parmar,4814,False,Telecom & Mobile,Private Limited,Kolkata,West Bengal,2023-08-05 08:15:00,True,ACTIVE,5191.58,False
MCH5648,Morar and Sons,7011,False,Hotel & Lodging,Individual,Pune,Maharashtra,2023-08-06 00:00:00,True,ACTIVE,972.68,True
MCH6075,"Lad, Menon and Tiwari",4814,False,Telecom & Mobile,Private Limited,Bengaluru,Karnataka,2023-08-06 00:00:00,True,ACTIVE,709.64,False
MCH6977,SATHE-JHA,5942,False,Books & Stationery,Individual,Lucknow,Uttar Pradesh,2023-08-06 00:00:00,True,ACTIVE,1341.62,True
MCH1917,"Bera, Bhakta and Dhillon",5942,False,Books & Stationery,Sole Proprietorship,Mumbai,Maharashtra,2023-08-06 01:48:07,True,ACTIVE,293.0,False
MCH2530,bal-sant,5999,False,Retail - Other,Partnership,Kolkata,West Bengal,2023-08-06 17:36:00,True,ACTIVE,372.49,False
MCH6672,"Mittal, Bajwa and Guha",5812,False,Restaurants & Food Service,Individual,Delhi,Delhi,2023-08-09 00:00:00,True,ACTIVE,3663.66,False
MCH8286,"Chadha, Chaudhari and Edwin",5912,False,Pharmacy & Medical,Private Limited,Hyderabad,Telangana,2023-08-09 00:00:00,True,ACTIVE,1828.46,False
MCH9444,NarainandSons,5812,False,Restaurants & Food Service,Private Limited,Hyderabad,Telangana,2023-08-09 00:00:00,True,BLOCKED,1056.16,False
MCH9665,Baria and Sons,5699,False,Apparel & Fashion,Sole Proprietorship,Chennai,Tamil Nadu,2023-08-09 00:00:00,True,SUSPENDED,4561.8,False
MCH3424,Tandon-Raja,5411,False,Grocery,Private Limited,Pune,Maharashtra,2023-08-09 00:00:00,True,CLOSED,1643.97,False
MCH3614,Morar-Sundaram,5812,False,Restaurants & Food Service,Individual,Mumbai,Maharashtra,2023-08-09 00:00:00,True,ACTIVE,1484.85,False
MCH3199,deshmukh-karnik,5311,False,Department Store,Partnership,Jaipur,Rajasthan,2023-08-10 00:00:00,True,ACTIVE,2251.19,False
MCH2398,"Nagarajan, Radhakrishnan and Amble",5311,False,Department Store,Individual,Kolkata,West Bengal,2023-08-10 00:00:00,True,ACTIVE,3317.39,False
MCH7164,"Tata, Sachdeva and Palan",4131,False,Retail - Other,Individual,Jalandhar,Punjab,2023-08-10 05:30:25,True,ACTIVE,519.18,False
MCH3984,"wadhwa, sunder and bobal",7011,False,Hotel & Lodging,Private Limited,Chennai,Tamil Nadu,2023-08-10 16:06:00,True,ACTIVE,1305.55,False
MCH7163,"Chowdhury, Goyal and Pradhan",4131,False,Transportation & Travel,Sole Proprietorship,Pune,Maharashtra,2023-08-11 00:00:00,True,ACTIVE,806.17,True
MCH7323,Buch PLC,7011,False,Hotel & Lodging,Partnership,Amritsar,Punjab,2023-08-11 12:36:40,True,ACTIVE,552.97,False
MCH4055,rai plc,5812,False,Restaurants & Food Service,Private Limited,Ludhiana,Punjab,2023-08-12 00:00:00,True,ACTIVE,283.42,False
MCH5622,Solanki and Sons,5942,False,Books & Stationery,Individual,Bengaluru,Karnataka,2023-08-13 00:00:00,True,ACTIVE,252.61,False
MCH3006,BISWAS-RAM,5999,False,Retail - Other,Individual,Lucknow,Uttar Pradesh,2023-08-14 00:00:00,True,ACTIVE,638.0,False
MCH8025,"Karnik, Hayer and Khalsa",4814,False,Telecom & Mobile,Partnership,Lucknow,Uttar Pradesh,2023-08-14 14:32:00,True,ACTIVE,1781.41,False
MCH2217,"Rai, Bala and Shenoy",5411,False,Grocery,Individual,Mumbai,Maharashtra,2023-08-15 00:00:00,True,ACTIVE,728.77,False
MCH2475,Bains-Sahota,5411,False,Grocery,Individual,Bengaluru,Karnataka,2023-08-16 00:00:00,True,ACTIVE,619.32,True
MCH1143,ARYA-KHANNA,4131,False,Transportation & Travel,Sole Proprietorship,Jalandhar,Punjab,2023-08-16 00:00:00,True,ACTIVE,486.39,False
MCH2106,"Doctor, Karnik and Sridhar",5999,False,Retail - Other,Partnership,Bengaluru,Karnataka,2023-08-16 00:00:00,True,INACTIVE,871.69,False
MCH7339,"PUROHIT, DHINGRA AND BARMAN",5411,False,Grocery,Individual,Chennai,Tamil Nadu,2023-08-16 22:55:00,True,ACTIVE,2247.46,False
MCH9104,Mannan-Kaul,4131,False,Retail - Other,Sole Proprietorship,Amritsar,Punjab,2023-08-17 14:59:00,True,ACTIVE,1425.14,True
MCH4354,Natarajan-Lad,7011,False,Hotel & Lodging,Partnership,Amritsar,Punjab,2023-08-18 00:00:00,True,ACTIVE,703.43,False
MCH1343,NARASIMHAN-SHETTY,5999,False,Retail - Other,Individual,Kolkata,West Bengal,2023-08-18 00:00:00,True,ACTIVE,3443.8,False
MCH8628,"char, sastry and sane",4131,False,Retail - Other,Individual,Pune,Maharashtra,2023-08-18 01:53:50,True,ACTIVE,1108.74,False
MCH2698,KalaLLC,7011,False,Hotel & Lodging,Individual,Lucknow,Uttar Pradesh,2023-08-19 00:00:00,True,INACTIVE,3590.19,False
MCH1848,Dugar and Sons,4814,False,Telecom & Mobile,Partnership,Chennai,Tamil Nadu,2023-08-19 00:00:00,True,SUSPENDED,644.35,False
MCH1492,Ganesan LLC,5999,False,Retail - Other,Partnership,Hyderabad,Telangana,2023-08-19 12:27:00,True,ACTIVE,3316.76,False
MCH2038,DARA-SAMA,7011,False,Hotel & Lodging,Individual,Hyderabad,Telangana,2023-08-20 00:00:00,True,ACTIVE,801.94,False
MCH8137,"Sankar,GuhaandKara",5912,False,Pharmacy & Medical,Private Limited,Hyderabad,Telangana,2023-08-20 00:00:00,True,ACTIVE,425.78,False
MCH1047,Rana-Aurora,4814,False,Telecom & Mobile,Partnership,Bengaluru,Karnataka,2023-08-20 01:01:00,True,ACTIVE,1003.46,False
MCH8896,Savant PLC,5411,False,Grocery,Individual,Ludhiana,Punjab,2023-08-20 12:44:00,True,ACTIVE,2636.98,False
MCH3966,NATH-DIXIT,5411,False,Grocery,Partnership,Pune,Maharashtra,2023-08-21 00:00:00,True,ACTIVE,1005.47,False
MCH9636,KIBE-MAGAR,5699,False,Apparel & Fashion,Individual,Bengaluru,Karnataka,2023-08-21 09:35:55,True,ACTIVE,1341.04,True
MCH9942,"Joshi,PradhanandBawa",5311,False,Department Store,Partnership,Mumbai,Maharashtra,2023-08-22 00:00:00,True,ACTIVE,289.38,False
MCH2529,Sheth-Pal,5942,False,Books & Stationery,Individual,Lucknow,Uttar Pradesh,2023-08-23 00:00:00,True,ACTIVE,1398.37,False
MCH7698,Bhatnagar Inc,5999,False,Retail - Other,Individual,Lucknow,Uttar Pradesh,2023-08-24 00:13:02,True,ACTIVE,1276.92,False
MCH4736,Suresh-Gola,5942,False,Books & Stationery,Partnership,Mumbai,Maharashtra,2023-08-24 02:12:00,True,ACTIVE,885.16,False
MCH4458,"Gola, Dixit and Banik",5411,False,Grocery,Sole Proprietorship,Amritsar,Punjab,2023-08-25 00:00:00,True,ACTIVE,991.85,False
MCH1709,sachdeva-khanna,5999,False,Retail - Other,Partnership,Chennai,Tamil Nadu,2023-08-25 07:56:38,True,ACTIVE,481.17,False
MCH4811,Bhavsar-Seshadri,4814,False,Telecom & Mobile,Private Limited,Ludhiana,Punjab,2023-08-25 10:08:48,True,ACTIVE,388.63,False
MCH2278,"Mohanty, Bobal and Minhas",7011,False,Hotel & Lodging,Sole Proprietorship,Pune,Maharashtra,2023-08-25 22:07:00,True,ACTIVE,4540.82,False
MCH5917,"TARA, BHASIN AND SINGH",5912,False,Pharmacy & Medical,Sole Proprietorship,Pune,Maharashtra,2023-08-26 00:00:00,True,SUSPENDED,443.4,False
MCH4881,"Wadhwa, Morar and Kara",5912,False,Pharmacy & Medical,Sole Proprietorship,Jalandhar,Punjab,2023-08-26 00:00:00,True,ACTIVE,367.72,False
MCH8578,Bhatt LLC,4131,False,Transportation & Travel,Sole Proprietorship,Pune,Maharashtra,2023-08-26 23:42:00,True,INACTIVE,2462.04,False
MCH1706,"Vala, Nagarajan and Saxena",5311,False,Department Store,Partnership,Mumbai,Maharashtra,2023-08-27 00:00:00,True,INACTIVE,513.27,False
MCH7746,suresh-atwal,5942,False,Books & Stationery,Sole Proprietorship,Amritsar,Punjab,2023-08-28 00:00:00,True,INACTIVE,4023.0,False
MCH3602,"Panchal, Karpe and Bhatti",7011,False,Hotel & Lodging,Partnership,Amritsar,Punjab,2023-08-29 00:00:00,True,ACTIVE,754.95,False
MCH2107,"wali, srinivas and vyas",5912,False,Pharmacy & Medical,Private Limited,Chennai,Tamil Nadu,2023-08-29 00:00:00,True,ACTIVE,679.27,False
MCH9128,"Vig, Menon and Prabhakar",5942,False,Books & Stationery,Sole Proprietorship,Delhi,Delhi,2023-08-30 06:57:00,True,ACTIVE,594.0,False
MCH8951,Golla-Venkataraman,4814,False,Telecom & Mobile,Individual,Mumbai,Maharashtra,2023-09-02 00:00:00,True,ACTIVE,436.83,False
MCH2116,Chaudhari and Sons,5699,False,Apparel & Fashion,Individual,Jaipur,Rajasthan,2023-09-02 00:00:00,True,ACTIVE,947.14,False
MCH3334,Majumdar-Raja,4814,False,Telecom & Mobile,Private Limited,Hyderabad,Telangana,2023-09-02 04:50:00,True,ACTIVE,2941.2,False
MCH1224,setty-sami,5942,False,Books & Stationery,Individual,Kolkata,West Bengal,2023-09-02 05:59:00,True,ACTIVE,609.48,False
MCH4613,"Kapadia, Sankar and Nadig",5311,False,Retail - Other,Individual,Lucknow,Uttar Pradesh,2023-09-02 15:38:00,True,ACTIVE,1451.15,False
MCH3459,Nagi-Saini,4814,False,Telecom & Mobile,Sole Proprietorship,Hyderabad,Telangana,2023-09-03 00:00:00,True,ACTIVE,2617.26,False
MCH9096,Tandon-Thaman,5999,False,Retail - Other,Individual,Delhi,Delhi,2023-09-03 00:00:00,True,ACTIVE,2658.35,False
MCH5293,PINGLE PLC,5999,False,Retail - Other,Individual,Delhi,Delhi,2023-09-03 16:02:00,True,ACTIVE,1088.29,False
MCH5944,Jayaraman-Bhattacharyya,4131,False,Retail - Other,Private Limited,Hyderabad,Telangana,2023-09-04 00:00:00,True,ACTIVE,545.7,False
MCH7344,Banerjee Inc,4131,False,Transportation & Travel,Sole Proprietorship,Ludhiana,Punjab,2023-09-04 00:00:00,True,SUSPENDED,1385.4,False
MCH6455,Luthra-Wable,5999,False,Retail - Other,Partnership,Mumbai,Maharashtra,2023-09-04 00:00:00,True,ACTIVE,1528.51,False
MCH1293,"Kohli, Rajan and Nair",5699,False,Apparel & Fashion,Sole Proprietorship,Jaipur,Rajasthan,2023-09-04 06:47:00,True,ACTIVE,915.17,False
MCH9916,"Sur, Palla and Goyal",4814,False,Telecom & Mobile,Private Limited,Pune,Maharashtra,2023-09-04 08:24:31,True,ACTIVE,282.0,False
MCH5213,Keer-Yadav,7011,False,Hotel & Lodging,Private Limited,Jalandhar,Punjab,2023-09-04 17:38:00,True,ACTIVE,2157.19,False
MCH6170,Gh0se-Mann,5999,False,Retail - Other,Private Limited,Lucknow,Uttar Pradesh,2023-09-05 00:00:00,True,ACTIVE,1120.12,False
MCH3964,"Bala, Chanda and Loyal",5942,False,Books & Stationery,Partnership,Jaipur,Rajasthan,2023-09-05 00:00:00,True,ACTIVE,2002.33,False
MCH1612,Salvi-Patel,5812,False,Restaurants & Food Service,Partnership,Delhi,Delhi,2023-09-05 00:00:00,True,SUSPENDED,1940.8,False
MCH6100,"PILLAY, MERCHANT AND SEM",5942,False,Books & Stationery,Private Limited,Jalandhar,Punjab,2023-09-05 09:50:00,True,ACTIVE,1374.95,False
MCH8636,GHOSH-DASH,5942,False,Books & Stationery,Partnership,Amritsar,Punjab,2023-09-06 09:12:03,True,ACTIVE,3699.41,False
MCH9080,Sarraf Group,4814,False,Telecom & Mobile,Private Limited,Jalandhar,Punjab,2023-09-06 11:01:24,True,ACTIVE,2602.3,True
MCH4113,"Anand,ChoudharyandContractor",5912,False,Pharmacy & Medical,Individual,Chennai,Tamil Nadu,2023-09-07 00:00:00,True,ACTIVE,418.15,True
MCH6121,Madan PLC,5311,False,Retail - Other,Private Limited,Bengaluru,Karnataka,2023-09-07 00:00:00,True,ACTIVE,1208.86,False
MCH7473,"Nair, Ramachandran and Mane",5311,False,Retail - Other,Sole Proprietorship,Hyderabad,Telangana,2023-09-07 00:00:00,True,INACTIVE,418.39,True
MCH4876,"Dugar, Prasad and Pal",5812,False,Restaurants & Food Service,Partnership,Chennai,Tamil Nadu,2023-09-09 00:00:00,True,ACTIVE,1346.64,False
MCH3509,Dara-Rajagopalan,5912,False,Pharmacy & Medical,Sole Proprietorship,Kolkata,West Bengal,2023-09-09 00:00:00,True,ACTIVE,1651.56,False
MCH9640,Aurora and Sons,4131,False,Transportation & Travel,Sole Proprietorship,Lucknow,Uttar Pradesh,2023-09-09 06:54:50,True,ACTIVE,1623.21,False
MCH9716,"Kadakia, Mishra and Ba1i",5812,False,Restaurants & Food Service,Private Limited,Lucknow,Uttar Pradesh,2023-09-09 13:40:00,True,ACTIVE,1762.09,True
MCH9348,"Solanki, Chaudhary and Nori",5912,False,Pharmacy & Medical,Partnership,Pune,Maharashtra,2023-09-09 14:53:51,True,ACTIVE,1188.0,False
MCH8355,"Virk, Sarna and Sangha",5812,False,Restaurants & Food Service,Individual,Mumbai,Maharashtra,2023-09-10 00:00:00,True,ACTIVE,3279.0,False
MCH1525,sant-bhavsar,5942,False,Books & Stationery,Individual,Jaipur,Rajasthan,2023-09-10 00:00:00,True,ACTIVE,754.82,False
MCH9635,Konda-Verma,5942,False,Books & Stationery,Individual,Chennai,Tamil Nadu,2023-09-10 00:00:00,True,ACTIVE,4885.39,False
MCH9922,Chand-Jain,5411,False,Grocery,Partnership,Chennai,Tamil Nadu,2023-09-10 00:00:00,True,ACTIVE,1800.0,False
MCH1056,Mital-Jhaveri,5311,False,Department Store,Partnership,Amritsar,Punjab,2023-09-10 00:09:34,True,ACTIVE,5938.05,False
MCH5953,"Sandhu, Srinivas and Thakur",5699,False,Apparel & Fashion,Private Limited,Amritsar,Punjab,2023-09-10 19:25:00,True,ACTIVE,3101.03,False
MCH3758,Dube Ltd,5999,False,Retail - Other,Sole Proprietorship,Delhi,Delhi,2023-09-10 22:18:52,True,ACTIVE,1607.42,False
MCH9659,gokhale-bassi,4814,False,Telecom & Mobile,Sole Proprietorship,Mumbai,Maharashtra,2023-09-11 00:00:00,True,ACTIVE,269.4,False
MCH7523,"sharaf, chad and prashad",5912,False,Pharmacy & Medical,Sole Proprietorship,Lucknow,Uttar Pradesh,2023-09-11 00:00:00,True,ACTIVE,2848.66,False
MCH8995,MAHAJAN GROUP,5999,False,Retail - Other,Partnership,Jalandhar,Punjab,2023-09-12 00:00:00,True,ACTIVE,2967.0,False
MCH8912,Chada Ltd,5411,False,Grocery,Partnership,Amritsar,Punjab,2023-09-12 00:00:00,True,ACTIVE,1015.47,False
MCH5665,"Parikh, Ray and Lall",5942,False,Books & Stationery,Partnership,Jaipur,Rajasthan,2023-09-12 00:00:00,True,ACTIVE,1428.0,False
MCH5443,LOYAL-NARASIMHAN,7011,False,Hotel & Lodging,Individual,Kolkata,West Bengal,2023-09-12 04:07:04,True,ACTIVE,1593.65,False
MCH6939,"Memon, Gole and Pingle",5812,False,Restaurants & Food Service,Private Limited,Lucknow,Uttar Pradesh,2023-09-13 00:00:00,True,INACTIVE,1508.63,False
MCH1462,Swamy Inc,5912,False,Pharmacy & Medical,Private Limited,Jalandhar,Punjab,2023-09-13 00:00:00,True,INACTIVE,1411.0,False
MCH9662,Basu-Korpal,4814,False,Telecom & Mobile,Private Limited,Pune,Maharashtra,2023-09-13 15:28:38,True,ACTIVE,1152.0,False
MCH3586,"Ghose, Ganesh and Edwin",4814,False,Telecom & Mobile,Sole Proprietorship,Kolkata,West Bengal,2023-09-15 06:20:33,True,CLOSED,1437.0,False
MCH2806,Jhaveri-Babu,7011,False,Hotel & Lodging,Sole Proprietorship,Lucknow,Uttar Pradesh,2023-09-15 11:54:30,True,CLOSED,1939.0,False
MCH8369,"Vyas, Dutt and Ganesan",5912,False,Pharmacy & Medical,Individual,Kolkata,West Bengal,2023-09-15 22:56:57,True,ACTIVE,410.34,False
MCH5673,Palan-Memon,4131,False,Retail - Other,Sole Proprietorship,Delhi,Delhi,2023-09-16 00:00:00,True,ACTIVE,414.92,False
MCH5629,Dixit LLC,5311,False,Retail - Other,Private Limited,Amritsar,Punjab,2023-09-16 02:35:10,True,ACTIVE,1084.28,False
MCH2709,"Iyengar, Dugar and Chacko",7011,False,Hotel & Lodging,Private Limited,Jaipur,Rajasthan,2023-09-16 04:28:40,True,ACTIVE,2413.11,False
MCH8768,kata-bajwa,5999,False,Retail - Other,Partnership,Chennai,Tamil Nadu,2023-09-16 08:38:57,True,ACTIVE,1033.9,False
MCH6246,kota inc,5699,False,Apparel & Fashion,Private Limited,Mumbai,Maharashtra,2023-09-17 00:00:00,True,ACTIVE,1586.1,False
MCH4669,Bail PLC,4131,False,Retail - Other,Sole Proprietorship,Lucknow,Uttar Pradesh,2023-09-17 00:00:00,True,INACTIVE,1960.77,False
MCH3989,Madan LLC,5411,False,Grocery,Partnership,Jaipur,Rajasthan,2023-09-18 07:54:00,True,ACTIVE,238.33,False
MCH9112,Pingle-Natt,5311,False,Department Store,Sole Proprietorship,Lucknow,Uttar Pradesh,2023-09-18 08:56:52,True,CLOSED,356.0,False
MCH2769,sehgal plc,4814,False,Telecom & Mobile,Private Limited,Amritsar,Punjab,2023-09-19 00:00:00,True,ACTIVE,131.0,False
MCH5707,De01 Gr0up,5411,False,Grocery,Partnership,Hyderabad,Telangana,2023-09-19 00:00:00,True,ACTIVE,666.58,False
MCH1309,"Jhaveri, Dasgupta and Kata",5699,False,Apparel & Fashion,Individual,Mumbai,Maharashtra,2023-09-20 00:00:00,True,ACTIVE,929.23,False
MCH4062,Rana Group,5999,False,Retail - Other,Individual,Mumbai,Maharashtra,2023-09-20 00:00:00,True,INACTIVE,1544.23,False
MCH7904,Kapadia-Pandya,5942,False,Books & Stationery,Partnership,Chennai,Tamil Nadu,2023-09-20 00:00:00,True,ACTIVE,6260.03,False
MCH7470,"Din,GuptaandRatti",5311,False,Department Store,Partnership,Delhi,Delhi,2023-09-21 00:00:00,True,INACTIVE,684.47,False
MCH7096,Mukhopadhyay-Din,5812,False,Restaurants & Food Service,Private Limited,Delhi,Delhi,2023-09-21 00:00:00,True,ACTIVE,616.51,False
MCH9353,Ray-Gaba,5812,False,Restaurants & Food Service,Private Limited,Pune,Maharashtra,2023-09-21 00:00:00,True,ACTIVE,1357.72,False
MCH3358,Suri-Dhillon,4131,False,Transportation & Travel,Individual,Kolkata,West Bengal,2023-09-22 00:00:00,True,INACTIVE,665.29,False
MCH5758,"aggarwal, hayer and nayar",5999,False,Retail - Other,Individual,Amritsar,Punjab,2023-09-22 00:00:00,True,ACTIVE,3630.79,False
MCH8316,Nagi PLC,5812,False,Restaurants & Food Service,Private Limited,Chennai,Tamil Nadu,2023-09-23 00:00:00,True,ACTIVE,1504.17,False
MCH9094,"YADAV, ZACHARIA AND DUTT",5912,False,Pharmacy & Medical,Sole Proprietorship,Ludhiana,Punjab,2023-09-24 00:00:00,True,SUSPENDED,1081.32,False
MCH6548,"Kaur, Puri and Agate",4814,False,Telecom & Mobile,Partnership,Hyderabad,Telangana,2023-09-24 18:14:00,True,ACTIVE,1154.74,False
MCH4904,"Vohra, Lanka and Bumb",4814,False,Telecom & Mobile,Partnership,Chennai,Tamil Nadu,2023-09-25 03:37:00,True,ACTIVE,1946.13,False
MCH8955,Sani LLC,7011,False,Hotel & Lodging,Private Limited,Chennai,Tamil Nadu,2023-09-26 00:00:00,True,ACTIVE,1833.73,True
MCH7840,Sood LLC,5311,False,Department Store,Individual,Pune,Maharashtra,2023-09-26 00:00:00,True,ACTIVE,394.0,False
MCH2551,"Krishnamurthy, Murthy and Savant",5699,False,Apparel & Fashion,Private Limited,Pune,Maharashtra,2023-09-27 00:00:00,True,ACTIVE,3427.0,False
MCH6045,"bajwa, wali and walla",5912,False,Pharmacy & Medical,Private Limited,Bengaluru,Karnataka,2023-09-28 00:00:00,True,ACTIVE,2897.0,False
MCH7370,Peri LLC,4131,False,Retail - Other,Private Limited,Kolkata,West Bengal,2023-09-28 00:00:00,True,ACTIVE,1188.42,False
MCH2232,Saha PLC,7011,False,Hotel & Lodging,Partnership,Delhi,Delhi,2023-09-28 00:00:00,True,INACTIVE,1033.0,False
MCH4367,"wason, chanda and panchal",5411,False,Grocery,Sole Proprietorship,Lucknow,Uttar Pradesh,2023-09-29 00:00:00,True,ACTIVE,1778.0,False
MCH3075,Bedi-Ramanathan,4131,False,Transportation & Travel,Individual,Jalandhar,Punjab,2023-09-29 00:00:00,True,ACTIVE,1301.0,False
MCH3442,Garg-Borah,4131,False,Transportation & Travel,Partnership,Chennai,Tamil Nadu,2023-09-29 10:20:54,True,ACTIVE,3562.63,False
MCH2712,"RAI, GHOSE AND WADHWA",5411,False,Grocery,Private Limited,Amritsar,Punjab,2023-09-30 00:00:00,True,ACTIVE,2957.32,False
MCH9896,Dave-Vasa,5311,False,Retail - Other,Partnership,Pune,Maharashtra,2023-09-30 00:00:00,True,ACTIVE,3148.67,False
MCH6223,Ramanathan-Dhingra,4131,False,Transportation & Travel,Individual,Lucknow,Uttar Pradesh,2023-10-03 00:00:00,True,ACTIVE,306.0,False
MCH1365,Ahluwalia-Choudhary,5311,False,Retail - Other,Private Limited,Ludhiana,Punjab,2023-10-03 00:00:00,True,ACTIVE,4292.21,False
MCH9021,Dubey PLC,4814,False,Telecom & Mobile,Private Limited,Jaipur,Rajasthan,2023-10-03 00:00:00,True,INACTIVE,214.99,False
MCH8756,Warrior Inc,5699,False,Apparel & Fashion,Private Limited,Jalandhar,Punjab,2023-10-04 00:00:00,True,ACTIVE,1476.03,False
MCH1106,"narang, wali and aurora",5411,False,Grocery,Sole Proprietorship,Jalandhar,Punjab,2023-10-04 00:00:00,True,ACTIVE,1853.84,False
MCH1818,BAKSHI-GOLLA,5699,False,Apparel & Fashion,Private Limited,Kolkata,West Bengal,2023-10-04 00:00:00,True,ACTIVE,4859.19,False
MCH2115,Modi-Kari,5912,False,Pharmacy & Medical,Sole Proprietorship,Delhi,Delhi,2023-10-04 10:56:00,True,ACTIVE,1597.33,False
MCH9601,JOSHI-CHAUHAN,4131,False,Retail - Other,Private Limited,Bengaluru,Karnataka,2023-10-05 00:00:00,True,ACTIVE,1949.42,False
MCH5607,Sengupta-Murty,5942,False,Books & Stationery,Sole Proprietorship,Delhi,Delhi,2023-10-05 00:00:00,True,ACTIVE,2739.15,False
MCH5265,"Jain, Jaggi and Gara",5699,False,Apparel & Fashion,Individual,Jaipur,Rajasthan,2023-10-05 00:00:00,True,ACTIVE,617.01,False
MCH1583,SARIN-MORE,5812,False,Restaurants & Food Service,Private Limited,Amritsar,Punjab,2023-10-05 00:00:00,True,ACTIVE,1435.48,False
MCH8271,Konda-Bawa,5699,False,Apparel & Fashion,Sole Proprietorship,Chennai,Tamil Nadu,2023-10-05 00:57:38,True,ACTIVE,1087.99,False
MCH5549,Bahri Ltd,5812,False,Restaurants & Food Service,Partnership,Chennai,Tamil Nadu,2023-10-06 00:00:00,True,ACTIVE,1045.04,False
MCH4216,Ratta and Sons,5942,False,Books & Stationery,Partnership,Jalandhar,Punjab,2023-10-07 00:00:00,True,ACTIVE,1337.5,False
MCH9004,KaurInc,5699,False,Apparel & Fashion,Partnership,Bengaluru,Karnataka,2023-10-07 00:00:00,True,ACTIVE,1124.44,False
MCH8060,"Pall, Lal and Ahluwalia",5812,False,Restaurants & Food Service,Individual,Lucknow,Uttar Pradesh,2023-10-07 00:00:00,True,ACTIVE,4990.63,False
MCH9068,Halder PLC,5699,False,Apparel & Fashion,Private Limited,Jalandhar,Punjab,2023-10-08 00:00:00,True,ACTIVE,5193.72,False
MCH8714,GuptaGroup,5912,False,Pharmacy & Medical,Sole Proprietorship,Pune,Maharashtra,2023-10-08 00:00:00,True,INACTIVE,569.38,False
MCH6148,GANESAN-JOHAL,4814,False,Telecom & Mobile,Partnership,Mumbai,Maharashtra,2023-10-08 00:00:00,True,ACTIVE,778.99,False
MCH8421,"Wali, Chowdhury and Barman",5812,False,Restaurants & Food Service,Private Limited,Bengaluru,Karnataka,2023-10-08 02:41:00,True,ACTIVE,966.94,False
MCH1378,Patil-Deshmukh,5311,False,Department Store,Private Limited,Chennai,Tamil Nadu,2023-10-09 00:00:00,True,ACTIVE,387.99,False
MCH3683,Mander Group,5411,False,Grocery,Individual,Mumbai,Maharashtra,2023-10-09 00:00:00,True,ACTIVE,4247.99,False
MCH3447,ANDRA-EDWIN,5699,False,Apparel & Fashion,Individual,Hyderabad,Telangana,2023-10-09 13:58:47,True,ACTIVE,1619.69,False
MCH1853,Narayanan-Chander,4131,False,Transportation & Travel,Sole Proprietorship,Amritsar,Punjab,2023-10-10 00:20:00,True,ACTIVE,13872.38,False
MCH6656,uppal llc,5812,False,Restaurants & Food Service,Individual,Ludhiana,Punjab,2023-10-11 00:00:00,True,ACTIVE,488.8,False
MCH2421,Chanda PLC,4131,False,Transportation & Travel,Partnership,Lucknow,Uttar Pradesh,2023-10-11 20:31:00,True,ACTIVE,146.0,False
MCH4401,"Misra, Sama and Shetty",4814,False,Telecom & Mobile,Individual,Pune,Maharashtra,2023-10-12 00:00:00,True,ACTIVE,4329.0,False
MCH3086,Pant Inc,5812,False,Restaurants & Food Service,Private Limited,Chennai,Tamil Nadu,2023-10-13 11:54:24,True,ACTIVE,287.52,False
MCH7600,"Minhas, Rattan and Oak",5311,False,Retail - Other,Sole Proprietorship,Ludhiana,Punjab,2023-10-13 19:20:00,True,ACTIVE,10025.0,False
MCH2177,Ramakrishnan Inc,5411,False,Grocery,Individual,Jaipur,Rajasthan,2023-10-13 20:27:27,True,ACTIVE,1755.18,False
MCH6530,Muni-Rout,5699,False,Apparel & Fashion,Individual,Pune,Maharashtra,2023-10-15 00:00:00,True,ACTIVE,938.29,False
MCH7896,Samra LLC,7011,False,Hotel & Lodging,Private Limited,Kolkata,West Bengal,2023-10-16 00:00:00,True,SUSPENDED,2276.65,False
MCH3311,"Agarwal, Bhandari and Varma",5699,False,Apparel & Fashion,Individual,Lucknow,Uttar Pradesh,2023-10-16 00:00:00,True,ACTIVE,1187.8,False
MCH2997,Karan Inc,7011,False,Hotel & Lodging,Private Limited,Lucknow,Uttar Pradesh,2023-10-16 17:07:00,True,ACTIVE,1286.53,False
MCH8427,Sankaran-Rai,5942,False,Books & Stationery,Sole Proprietorship,Hyderabad,Telangana,2023-10-17 00:00:00,True,ACTIVE,302.0,False
MCH1845,Goel Inc,4131,False,Retail - Other,Private Limited,Delhi,Delhi,2023-10-17 00:00:00,True,ACTIVE,1675.96,False
MCH5027,Mukhopadhyay-Brar,5999,False,Retail - Other,Partnership,Ludhiana,Punjab,2023-10-17 00:00:00,True,ACTIVE,3103.67,False
MCH7992,Goel Group,4814,False,Telecom & Mobile,Individual,Bengaluru,Karnataka,2023-10-18 00:00:00,True,ACTIVE,609.52,False
MCH2552,"Saran, Dyal and Wable",4814,False,Telecom & Mobile,Partnership,Hyderabad,Telangana,2023-10-19 00:00:00,True,ACTIVE,1588.96,False
MCH4739,Karpe-Doshi,5411,False,Grocery,Individual,Lucknow,Uttar Pradesh,2023-10-20 00:00:00,True,ACTIVE,1100.69,True
MCH1769,"Jha, Samra and Jhaveri",5311,False,Department Store,Private Limited,Mumbai,Maharashtra,2023-10-20 00:00:00,True,ACTIVE,522.35,False
MCH2463,Yogi-Dhar,4131,False,Transportation & Travel,Private Limited,Mumbai,Maharashtra,2023-10-20 20:24:00,True,ACTIVE,4463.41,False
MCH5793,Hayre and Sons,4131,False,Retail - Other,Individual,Amritsar,Punjab,2023-10-23 00:00:00,True,ACTIVE,2411.65,False
MCH5465,"KEER, GILL AND TANK",4814,False,Telecom & Mobile,Individual,Jaipur,Rajasthan,2023-10-23 00:00:00,True,ACTIVE,3170.0,False
MCH5914,"Agarwal, Pant and Ravi",5311,False,Department Store,Private Limited,Hyderabad,Telangana,2023-10-23 09:35:36,True,ACTIVE,1447.48,True
MCH2486,"Mohanty, Iyer and Sharma",7011,False,Hotel & Lodging,Individual,Chennai,Tamil Nadu,2023-10-23 21:00:00,True,ACTIVE,2266.0,False
MCH4131,"Goyal, Krishnamurthy and Dewan",4131,False,Transportation & Travel,Individual,Jaipur,Rajasthan,2023-10-24 14:15:00,True,INACTIVE,319.32,False
MCH3426,"Morar, Dar and Raja",5311,False,Department Store,Individual,Jalandhar,Punjab,2023-10-25 00:00:00,True,INACTIVE,1252.0,False
MCH9413,Kala-Sarkar,5912,False,Pharmacy & Medical,Sole Proprietorship,Hyderabad,Telangana,2023-10-25 07:38:39,True,ACTIVE,869.76,False
MCH7269,La11-Raman,4814,False,Telecom & Mobile,Private Limited,Lucknow,Uttar Pradesh,2023-10-25 09:50:57,True,ACTIVE,1031.92,False
MCH9471,Sarma Ltd,5699,False,Apparel & Fashion,Partnership,Hyderabad,Telangana,2023-10-26 00:00:00,True,ACTIVE,2136.82,False
MCH8283,Nadkarni LLC,4131,False,Transportation & Travel,Private Limited,Kolkata,West Bengal,2023-10-26 00:00:00,True,ACTIVE,731.97,False
MCH9027,"Dani, Soni and Nagy",7011,False,Hotel & Lodging,Partnership,Jalandhar,Punjab,2023-10-26 00:00:00,True,ACTIVE,905.68,True
MCH4167,BanerjeePLC,5812,False,Restaurants & Food Service,Private Limited,Jaipur,Rajasthan,2023-10-26 06:05:00,True,ACTIVE,3120.61,False
MCH4530,Kadakia Group,5942,False,Books & Stationery,Partnership,Jalandhar,Punjab,2023-10-26 18:53:21,True,ACTIVE,2165.16,True
MCH9884,Sidhu Group,7011,False,Hotel & Lodging,Partnership,Chennai,Tamil Nadu,2023-10-27 00:00:00,True,ACTIVE,1570.58,False
MCH4573,"Borde, Patil and Taneja",4814,False,Telecom & Mobile,Individual,Chennai,Tamil Nadu,2023-10-27 00:00:00,True,ACTIVE,642.81,False
MCH2493,"Tella, Lata and Tripathi",4814,False,Telecom & Mobile,Individual,Jaipur,Rajasthan,2023-10-28 00:00:00,True,ACTIVE,4200.08,True
MCH6730,"Babu, Sarma and Setty",5912,False,Pharmacy & Medical,Partnership,Lucknow,Uttar Pradesh,2023-10-28 00:00:00,True,ACTIVE,1118.53,False
MCH5720,Karnik Group,5942,False,Books & Stationery,Partnership,Amritsar,Punjab,2023-10-28 00:00:00,True,ACTIVE,6186.34,False
MCH2249,Konda Ltd,5411,False,Grocery,Private Limited,Kolkata,West Bengal,2023-10-28 17:22:02,True,ACTIVE,1258.0,False
MCH3325,Varty-Vig,5912,False,Pharmacy & Medical,Partnership,Kolkata,West Bengal,2023-10-29 00:00:00,True,ACTIVE,4212.0,False
MCH7350,Toor-Sachar,4814,False,Telecom & Mobile,Partnership,Bengaluru,Karnataka,2023-10-29 00:11:00,True,ACTIVE,1079.19,False
MCH8132,VENKATARAMAN-YADAV,5942,False,Books & Stationery,Partnership,Kolkata,West Bengal,2023-10-30 00:00:00,True,INACTIVE,2105.69,False
MCH2108,Sankar-Desai,5912,False,Pharmacy & Medical,Sole Proprietorship,Ludhiana,Punjab,2023-10-30 00:00:00,True,SUSPENDED,1535.43,False
MCH1450,"HORA, KUNDA AND DANI",5311,False,Department Store,Sole Proprietorship,Ludhiana,Punjab,2023-10-30 00:00:00,True,INACTIVE,1853.9,False
MCH2604,Sharaf-Kaur,4131,False,Transportation & Travel,Private Limited,Lucknow,Uttar Pradesh,2023-10-30 00:00:00,True,ACTIVE,1813.01,False
MCH1630,Yogi-Agate,5942,False,Books & Stationery,Partnership,Kolkata,West Bengal,2023-10-31 00:00:00,True,ACTIVE,444.27,False
MCH3179,"Din,MukhopadhyayandBawa",5999,False,Retail - Other,Sole Proprietorship,Chennai,Tamil Nadu,2023-10-31 00:00:00,True,SUSPENDED,1687.99,False
MCH1541,Chopra LLC,5311,False,Department Store,Private Limited,Chennai,Tamil Nadu,2023-10-31 00:00:00,True,ACTIVE,2438.12,True
MCH6255,"GUPTA, KIBE AND AURORA",7011,False,Hotel & Lodging,Partnership,Lucknow,Uttar Pradesh,2023-10-31 04:07:14,True,ACTIVE,3182.0,False
MCH5556,Pau-Kale,5912,False,Pharmacy & Medical,Private Limited,Mumbai,Maharashtra,2023-10-31 04:23:01,True,ACTIVE,513.95,False
MCH4969,"Bobal, Garde and Upadhyay",4814,False,Telecom & Mobile,Sole Proprietorship,Chennai,Tamil Nadu,2023-11-01 00:00:00,True,ACTIVE,817.93,False
MCH8679,MANGAL-GOLE,5942,False,Books & Stationery,Private Limited,Jaipur,Rajasthan,2023-11-01 00:00:00,True,ACTIVE,971.58,False
MCH9494,Sama Group,4814,False,Telecom & Mobile,Individual,Bengaluru,Karnataka,2023-11-01 04:57:39,True,ACTIVE,1540.07,True
MCH1675,chokshi-mukherjee,5411,False,Grocery,Individual,Ludhiana,Punjab,2023-11-01 15:46:00,True,ACTIVE,1694.04,False
MCH8150,Hegde-Doctor,5912,False,Pharmacy & Medical,Partnership,Pune,Maharashtra,2023-11-02 00:00:00,True,ACTIVE,1430.0,False
MCH8255,"Yadav, Goyal and Sem",5699,False,Apparel & Fashion,Individual,Jalandhar,Punjab,2023-11-02 00:00:00,True,ACTIVE,2733.83,False
MCH7981,"Singhal, Manne and Ray",5699,False,Apparel & Fashion,Private Limited,Jalandhar,Punjab,2023-11-02 00:00:00,True,ACTIVE,234.87,False
MCH1327,GandhiPLC,5699,False,Apparel & Fashion,Sole Proprietorship,Lucknow,Uttar Pradesh,2023-11-02 00:00:00,True,ACTIVE,902.09,False
MCH6989,Raju LLC,5699,False,Apparel & Fashion,Individual,Jaipur,Rajasthan,2023-11-03 00:00:00,True,INACTIVE,1427.8,False
MCH1180,Sangha and Sons,5411,False,Grocery,Individual,Hyderabad,Telangana,2023-11-03 00:00:00,True,ACTIVE,993.08,False
MCH1747,Ray Inc,5812,False,Restaurants & Food Service,Sole Proprietorship,Pune,Maharashtra,2023-11-04 00:00:00,True,ACTIVE,115.81,False
MCH2910,"Mitter, Sekhon and Kunda",5912,False,Pharmacy & Medical,Sole Proprietorship,Lucknow,Uttar Pradesh,2023-11-04 03:45:23,True,ACTIVE,1288.6,False
MCH3536,"Chaudry, Halder and Kota",5812,False,Restaurants & Food Service,Partnership,Jaipur,Rajasthan,2023-11-05 00:00:00,True,INACTIVE,3533.21,False
MCH4838,SRINIVASAN LTD,5699,False,Apparel & Fashion,Partnership,Ludhiana,Punjab,2023-11-05 10:10:13,True,ACTIVE,193.54,False
MCH5807,Madan Ltd,5311,False,Department Store,Sole Proprietorship,Jalandhar,Punjab,2023-11-06 00:00:00,True,ACTIVE,1974.14,False
MCH4485,NazarethInc,5999,False,Retail - Other,Individual,Pune,Maharashtra,2023-11-07 18:34:59,True,SUSPENDED,1928.18,False
MCH2092,"Dubey, Tara and Thaker",4131,False,Transportation & Travel,Individual,Kolkata,West Bengal,2023-11-09 00:00:00,True,ACTIVE,1262.97,False
MCH4129,"Lad, Raja and Sachdev",7011,False,Hotel & Lodging,Partnership,Mumbai,Maharashtra,2023-11-09 00:00:00,True,ACTIVE,954.07,False
MCH9001,Mangat-Sachar,4814,False,Telecom & Mobile,Individual,Kolkata,West Bengal,2023-11-09 00:00:00,True,ACTIVE,805.62,False
MCH8007,hans group,4131,False,Retail - Other,Sole Proprietorship,Chennai,Tamil Nadu,2023-11-09 00:00:00,True,SUSPENDED,2825.02,False
MCH1445,Wali PLC,5411,False,Grocery,Sole Proprietorship,Hyderabad,Telangana,2023-11-09 17:23:59,True,ACTIVE,1200.0,False
MCH1563,Mandal-Biswas,4814,False,Telecom & Mobile,Partnership,Jaipur,Rajasthan,2023-11-10 00:00:00,True,SUSPENDED,376.51,True
MCH8813,Dey-Dua,5812,False,Restaurants & Food Service,Partnership,Hyderabad,Telangana,2023-11-10 00:00:00,True,ACTIVE,1432.39,False
MCH8055,Sankaran-Sachar,5999,False,Retail - Other,Private Limited,Ludhiana,Punjab,2023-11-11 00:00:00,True,ACTIVE,1036.97,False
MCH2302,"Sekhon, Tak and Dhingra",5942,False,Books & Stationery,Sole Proprietorship,Amritsar,Punjab,2023-11-11 00:00:00,True,ACTIVE,852.28,False
MCH6838,Wali-Nair,5912,False,Pharmacy & Medical,Private Limited,Delhi,Delhi,2023-11-12 00:00:00,True,ACTIVE,1461.29,False
MCH7435,"Puri, Biswas and Roy",5912,False,Pharmacy & Medical,Partnership,Jaipur,Rajasthan,2023-11-12 00:00:00,True,BLOCKED,1536.78,True
MCH6928,"Mutti, Palla and Zacharia",4814,False,Telecom & Mobile,Partnership,Kolkata,West Bengal,2023-11-12 00:00:00,True,ACTIVE,2042.85,False
MCH5077,"Chauhan, Thakur and Chacko",5411,False,Grocery,Individual,Jaipur,Rajasthan,2023-11-12 01:16:55,True,CLOSED,250.88,False
MCH5656,Narayanan Group,4814,False,Telecom & Mobile,Partnership,Lucknow,Uttar Pradesh,2023-11-12 08:59:00,True,ACTIVE,509.12,False
MCH3240,"roy, dash and bobal",5411,False,Grocery,Partnership,Pune,Maharashtra,2023-11-13 00:00:00,True,ACTIVE,1077.02,False
MCH2742,"Vasa, Devan and Tandon",5699,False,Apparel & Fashion,Individual,Mumbai,Maharashtra,2023-11-13 00:00:00,True,ACTIVE,541.72,False
MCH6480,Sundaram and S0ns,5699,False,Apparel & Fashion,Partnership,Mumbai,Maharashtra,2023-11-13 01:40:00,True,ACTIVE,680.72,False
MCH9543,Khanna-Som,5942,False,Books & Stationery,Sole Proprietorship,Bengaluru,Karnataka,2023-11-13 04:04:51,True,ACTIVE,1143.19,False
MCH2994,Ratta Group,4131,False,Transportation & Travel,Partnership,Ludhiana,Punjab,2023-11-14 00:00:00,True,ACTIVE,2132.38,False
MCH3453,"Sangha, Minhas and Patil",7011,False,Hotel & Lodging,Private Limited,Jaipur,Rajasthan,2023-11-15 00:00:00,True,ACTIVE,1768.03,True
MCH1621,pandey-soni,5812,False,Restaurants & Food Service,Sole Proprietorship,Pune,Maharashtra,2023-11-15 00:00:00,True,CLOSED,769.0,False
MCH3592,"Sem, Chandran and Dara",5999,False,Retail - Other,Sole Proprietorship,Delhi,Delhi,2023-11-15 09:32:00,True,INACTIVE,1166.62,True
MCH5684,Arora PLC,5699,False,Apparel & Fashion,Sole Proprietorship,Kolkata,West Bengal,2023-11-15 16:39:00,True,ACTIVE,898.89,False
MCH2748,"Banerjee, Wason and Dyal",5812,False,Restaurants & Food Service,Private Limited,Pune,Maharashtra,2023-11-16 23:24:41,True,ACTIVE,1037.44,False
MCH3883,Vohra and Sons,7011,False,Hotel & Lodging,Individual,Mumbai,Maharashtra,2023-11-17 00:00:00,True,ACTIVE,2320.22,True
MCH6422,Dayal-Kapur,7011,False,Hotel & Lodging,Individual,Lucknow,Uttar Pradesh,2023-11-17 00:00:00,True,INACTIVE,869.0,False
MCH3398,Chaudhary Ltd,5699,False,Apparel & Fashion,Sole Proprietorship,Chennai,Tamil Nadu,2023-11-18 08:31:43,True,INACTIVE,1864.25,False
MCH5671,Bava-Arya,5699,False,Apparel & Fashion,Private Limited,Hyderabad,Telangana,2023-11-18 22:06:00,True,ACTIVE,2123.47,False
MCH9137,Chakrabarti PLC,4131,False,Transportation & Travel,Private Limited,Jaipur,Rajasthan,2023-11-19 00:00:00,True,ACTIVE,347.82,False
MCH1370,Wable LLC,4814,False,Telecom & Mobile,Private Limited,Jalandhar,Punjab,2023-11-19 00:00:00,True,ACTIVE,3898.88,False
MCH9070,"buch, samra and tata",5912,False,Pharmacy & Medical,Partnership,Lucknow,Uttar Pradesh,2023-11-19 07:02:51,True,ACTIVE,5075.53,False
MCH9754,Khanna Group,5411,False,Grocery,Partnership,Ludhiana,Punjab,2023-11-20 00:00:00,True,ACTIVE,3682.51,False
MCH4218,Srivastava Ltd,5942,False,Books & Stationery,Sole Proprietorship,Mumbai,Maharashtra,2023-11-20 00:00:00,True,ACTIVE,1744.69,False
MCH3988,Barad-Bawa,7011,False,Hotel & Lodging,Individual,Amritsar,Punjab,2023-11-20 00:00:00,True,ACTIVE,602.31,False
MCH8648,MUKHOPADHYAY PLC,4131,False,Retail - Other,Sole Proprietorship,Mumbai,Maharashtra,2023-11-21 00:00:00,True,ACTIVE,1325.0,False
MCH1438,Pandit-Menon,5999,False,Retail - Other,Partnership,Bengaluru,Karnataka,2023-11-22 00:00:00,True,ACTIVE,409.59,False
MCH9380,CHAKRABARTI GROUP,5812,False,Restaurants & Food Service,Private Limited,Ludhiana,Punjab,2023-11-23 00:00:00,True,ACTIVE,199.0,False
MCH1147,Dayal-Sabharwal,4814,False,Telecom & Mobile,Individual,Kolkata,West Bengal,2023-11-23 00:00:00,True,INACTIVE,939.97,False
MCH4090,Panchal-Gera,5942,False,Books & Stationery,Private Limited,Mumbai,Maharashtra,2023-11-23 00:00:00,True,INACTIVE,976.5,False
MCH1909,murthy and sons,5942,False,Books & Stationery,Sole Proprietorship,Pune,Maharashtra,2023-11-25 00:00:00,True,ACTIVE,823.0,False
MCH4101,raval plc,7011,False,Hotel & Lodging,Individual,Bengaluru,Karnataka,2023-11-26 00:00:00,True,ACTIVE,1096.15,False
MCH8821,MUKHOPADHYAY-CHERIAN,5812,False,Restaurants & Food Service,Sole Proprietorship,Jalandhar,Punjab,2023-11-26 00:00:00,True,ACTIVE,703.03,False
MCH7572,"Nori, Kibe and Das",5699,False,Apparel & Fashion,Sole Proprietorship,Lucknow,Uttar Pradesh,2023-11-28 00:00:00,True,ACTIVE,870.0,False
MCH5874,Mann-Ma11ick,7011,False,Hotel & Lodging,Partnership,Delhi,Delhi,2023-11-29 00:00:00,True,ACTIVE,1160.0,False
MCH8592,Venkatesh-Brahmbhatt,5942,False,Books & Stationery,Private Limited,Bengaluru,Karnataka,2023-11-29 06:07:36,True,ACTIVE,2914.59,False
MCH3011,"Ahluwalia, Contractor and Comar",5311,False,Department Store,Sole Proprietorship,Delhi,Delhi,2023-11-30 00:00:00,True,CLOSED,2626.62,False
MCH3029,hegde-sood,5699,False,Apparel & Fashion,Partnership,Ludhiana,Punjab,2023-11-30 03:01:00,True,ACTIVE,669.4,False
MCH5106,LUTHRA LLC,5942,False,Books & Stationery,Private Limited,Jalandhar,Punjab,2023-12-01 00:00:00,True,ACTIVE,411.0,False
MCH8418,Jaggi Inc,7011,False,Hotel & Lodging,Individual,Pune,Maharashtra,2023-12-01 00:00:00,True,INACTIVE,1654.02,True
MCH1098,"raval, yadav and yogi",7011,False,Hotel & Lodging,Private Limited,Jaipur,Rajasthan,2023-12-01 00:00:00,True,ACTIVE,181.0,False
MCH5912,"raman, viswanathan and garg",4814,False,Telecom & Mobile,Individual,Bengaluru,Karnataka,2023-12-01 17:59:00,True,ACTIVE,4153.0,False
MCH8416,Kha1sa-Prashad,5411,False,Grocery,Private Limited,Delhi,Delhi,2023-12-02 00:00:00,True,ACTIVE,478.64,False
MCH2576,"Shan,SemandPau",5311,False,Department Store,Partnership,Hyderabad,Telangana,2023-12-03 00:00:00,True,ACTIVE,472.21,False
MCH3046,Walla PLC,5942,False,Books & Stationery,Private Limited,Jalandhar,Punjab,2023-12-03 00:00:00,True,SUSPENDED,6756.54,False
MCH3039,Murty Inc,5411,False,Grocery,Individual,Delhi,Delhi,2023-12-03 08:34:21,True,ACTIVE,1465.47,False
MCH8854,Kohli-Aurora,4131,False,Retail - Other,Private Limited,Chennai,Tamil Nadu,2023-12-04 00:00:00,True,ACTIVE,429.48,True
MCH9132,Shankar-Bahl,4814,False,Telecom & Mobile,Individual,Pune,Maharashtra,2023-12-04 18:44:00,True,SUSPENDED,2278.28,False
MCH4745,Divan-Rao,5311,False,Department Store,Sole Proprietorship,Jalandhar,Punjab,2023-12-05 00:00:00,True,ACTIVE,778.92,False
MCH4864,Date Ltd,5411,False,Grocery,Private Limited,Bengaluru,Karnataka,2023-12-06 01:02:00,True,ACTIVE,4042.64,False
MCH1494,Joshi-Bala,5311,False,Retail - Other,Sole Proprietorship,Mumbai,Maharashtra,2023-12-07 00:00:00,True,ACTIVE,997.33,False
MCH2347,"Dara, Ravel and Soni",5912,False,Pharmacy & Medical,Sole Proprietorship,Amritsar,Punjab,2023-12-09 00:00:00,True,ACTIVE,3169.93,False
MCH2624,Pandya Group,5311,False,Department Store,Individual,Mumbai,Maharashtra,2023-12-09 00:00:00,True,SUSPENDED,606.95,False
MCH4126,"WALI, MAHAL AND PRABHU",4131,False,Transportation & Travel,Individual,Hyderabad,Telangana,2023-12-09 15:51:00,True,ACTIVE,1593.0,False
MCH4847,Dhillon-Pillay,7011,False,Hotel & Lodging,Private Limited,Lucknow,Uttar Pradesh,2023-12-10 00:00:00,True,ACTIVE,2178.15,False
MCH4233,Shankar and Sons,5411,False,Grocery,Sole Proprietorship,Jalandhar,Punjab,2023-12-10 00:00:00,True,INACTIVE,2257.76,False
MCH5652,"Borde, Bhasin and Dua",5411,False,Grocery,Individual,Mumbai,Maharashtra,2023-12-10 00:00:00,True,ACTIVE,669.05,True
MCH3893,"Kapadia, Keer and Oak",5812,False,Restaurants & Food Service,Private Limited,Amritsar,Punjab,2023-12-10 00:00:00,True,ACTIVE,590.57,True
MCH5438,"Krishna, Vohra and Ghose",5912,False,Pharmacy & Medical,Sole Proprietorship,Chennai,Tamil Nadu,2023-12-11 12:58:00,True,ACTIVE,1326.9,False
MCH4998,"Sura, Kanda and Chopra",5411,False,Grocery,Partnership,Pune,Maharashtra,2023-12-11 21:39:11,True,INACTIVE,2782.68,True
MCH4508,Prakash Ltd,5812,False,Restaurants & Food Service,Private Limited,Mumbai,Maharashtra,2023-12-12 16:42:00,True,SUSPENDED,1744.61,False
MCH7262,Loke LLC,4814,False,Telecom & Mobile,Partnership,Mumbai,Maharashtra,2023-12-13 00:00:00,True,ACTIVE,3675.05,False
MCH4034,Tiwari-Lad,5999,False,Retail - Other,Individual,Ludhiana,Punjab,2023-12-13 00:00:00,True,SUSPENDED,2041.77,False
MCH9433,Chhabra-Naik,5912,False,Pharmacy & Medical,Individual,Jalandhar,Punjab,2023-12-14 00:00:00,True,ACTIVE,4629.09,False
MCH8003,Tank Ltd,5311,False,Department Store,Sole Proprietorship,Hyderabad,Telangana,2023-12-14 00:00:00,True,ACTIVE,614.4,False
MCH4104,Sawhney-Suri,4814,False,Telecom & Mobile,Individual,Hyderabad,Telangana,2023-12-15 00:00:00,True,INACTIVE,295.0,False
MCH4084,Mitra PLC,5311,False,Department Store,Individual,Jalandhar,Punjab,2023-12-15 00:00:00,True,ACTIVE,973.94,False
MCH2542,Thakur Group,5411,False,Grocery,Sole Proprietorship,Kolkata,West Bengal,2023-12-15 00:00:00,True,INACTIVE,3711.74,False
MCH8920,"Parekh, Srivastava and Choudhury",5311,False,Department Store,Private Limited,Delhi,Delhi,2023-12-15 00:00:00,True,ACTIVE,19788.99,False
MCH7220,Rege-Sharaf,5812,False,Restaurants & Food Service,Private Limited,Amritsar,Punjab,2023-12-15 00:00:00,True,ACTIVE,978.47,False
MCH3348,"Chauhan, Chowdhury and Dhillon",5942,False,Books & Stationery,Individual,Amritsar,Punjab,2023-12-16 00:00:00,True,ACTIVE,3038.21,True
MCH6542,Saraf-Dhingra,5311,False,Retail - Other,Sole Proprietorship,Mumbai,Maharashtra,2023-12-16 00:00:00,True,ACTIVE,321.72,False
MCH2027,"Boase, Ghosh and Manda",5311,False,Department Store,Partnership,Chennai,Tamil Nadu,2023-12-16 00:00:00,True,ACTIVE,1163.7,False
MCH1879,muni-sachdeva,5999,False,Retail - Other,Individual,Chennai,Tamil Nadu,2023-12-16 00:00:00,True,ACTIVE,687.52,False
MCH8050,Bora-Oommen,5311,False,Department Store,Individual,Jalandhar,Punjab,2023-12-16 05:28:51,True,ACTIVE,587.46,False
MCH2250,"Sachdev, Ma1h0tra and Saraf",4131,False,Transportation & Travel,Individual,Ludhiana,Punjab,2023-12-17 00:00:00,True,CLOSED,4090.25,False
MCH2042,"Rai, Das and Bava",5311,False,Retail - Other,Partnership,Pune,Maharashtra,2023-12-17 00:00:00,True,ACTIVE,1564.88,False
MCH9257,Deep-Venkataraman,7011,False,Hotel & Lodging,Partnership,Amritsar,Punjab,2023-12-17 00:00:00,True,ACTIVE,705.83,False
MCH1711,"Sastry, Kota and Merchant",5411,False,Grocery,Sole Proprietorship,Ludhiana,Punjab,2023-12-17 08:04:00,True,ACTIVE,1991.22,False
MCH8811,Bobal LLC,5999,False,Retail - Other,Partnership,Hyderabad,Telangana,2023-12-18 00:00:00,True,ACTIVE,1645.76,False
MCH4408,Dhar-Shetty,5912,False,Pharmacy & Medical,Individual,Amritsar,Punjab,2023-12-19 00:00:00,True,INACTIVE,425.49,False
MCH5086,Balan LLC,5999,False,Retail - Other,Private Limited,Amritsar,Punjab,2023-12-19 00:00:00,True,ACTIVE,575.58,False
MCH6777,LALL-DATE,5411,False,Grocery,Partnership,Lucknow,Uttar Pradesh,2023-12-20 14:05:11,True,ACTIVE,1143.87,False
MCH4318,Nagar and Sons,4131,False,Transportation & Travel,Sole Proprietorship,Lucknow,Uttar Pradesh,2023-12-20 15:21:00,True,ACTIVE,1159.12,False
MCH7272,Bansal-Das,5912,False,Pharmacy & Medical,Sole Proprietorship,Ludhiana,Punjab,2023-12-20 21:43:00,True,ACTIVE,391.71,False
MCH2128,Ghosh-Sharaf,5812,False,Restaurants & Food Service,Partnership,Amritsar,Punjab,2023-12-21 00:00:00,True,ACTIVE,3157.17,False
MCH1014,"Agate, Saxena and Pandit",5311,False,Department Store,Partnership,Jalandhar,Punjab,2023-12-21 00:00:00,True,ACTIVE,1096.96,False
MCH3386,Mody LLC,5311,False,Retail - Other,Sole Proprietorship,Mumbai,Maharashtra,2023-12-21 00:00:00,True,ACTIVE,1737.99,False
MCH6218,chad-bhakta,5411,False,Grocery,Sole Proprietorship,Chennai,Tamil Nadu,2023-12-23 00:00:00,True,ACTIVE,218.0,False
MCH9967,Kaul LLC,5812,False,Restaurants & Food Service,Individual,Lucknow,Uttar Pradesh,2023-12-23 00:00:00,True,ACTIVE,4200.0,False
MCH3993,VAIDYA LTD,5999,False,Retail - Other,Partnership,Chennai,Tamil Nadu,2023-12-23 03:28:00,True,ACTIVE,372.73,False
MCH8174,Bera Group,5311,False,Department Store,Private Limited,Pune,Maharashtra,2023-12-23 04:06:09,True,ACTIVE,1502.14,False
MCH9291,"Mukhopadhyay, Dua and Dada",5699,False,Apparel & Fashion,Sole Proprietorship,Delhi,Delhi,2023-12-24 00:00:00,True,ACTIVE,875.0,False
MCH9408,Arya-Vig,4131,False,Transportation & Travel,Individual,Bengaluru,Karnataka,2023-12-24 00:00:00,True,ACTIVE,784.44,True
MCH5226,Tiwari-Pau,5999,False,Retail - Other,Individual,Lucknow,Uttar Pradesh,2023-12-24 02:18:00,True,ACTIVE,271.33,False
MCH4459,suresh-mane,5311,False,Department Store,Individual,Kolkata,West Bengal,2023-12-25 00:00:00,True,INACTIVE,3983.0,False
MCH9772,Vyas-Ganguly,5942,False,Books & Stationery,Partnership,Jalandhar,Punjab,2023-12-25 00:00:00,True,ACTIVE,1198.91,False
MCH7051,Ramachandran-Rajan,5812,False,Restaurants & Food Service,Partnership,Mumbai,Maharashtra,2023-12-26 00:00:00,True,ACTIVE,1183.53,False
MCH1154,Saran and Sons,5912,False,Pharmacy & Medical,Private Limited,Pune,Maharashtra,2023-12-26 00:00:00,True,ACTIVE,871.24,False
MCH9806,Hari-Kant,5411,False,Grocery,Individual,Amritsar,Punjab,2023-12-26 00:00:00,True,ACTIVE,1398.42,False
MCH6654,Cheema-Dara,7011,False,Hotel & Lodging,Partnership,Mumbai,Maharashtra,2023-12-26 12:35:00,True,ACTIVE,581.25,False
MCH1856,Baria-Balay,5311,False,Department Store,Sole Proprietorship,Lucknow,Uttar Pradesh,2023-12-26 15:21:00,True,ACTIVE,2071.73,False
MCH5090,Chacko-Dora,5411,False,Grocery,Sole Proprietorship,Hyderabad,Telangana,2023-12-27 00:00:00,True,ACTIVE,658.73,True
MCH5294,Bhakta Group,4814,False,Telecom & Mobile,Private Limited,Jaipur,Rajasthan,2023-12-27 00:00:00,True,ACTIVE,765.13,False
MCH7758,"memon, agate and deshpande",5699,False,Apparel & Fashion,Partnership,Mumbai,Maharashtra,2023-12-27 00:00:00,True,ACTIVE,362.28,False
MCH8209,"Cheema, Bansal and Comar",5699,False,Apparel & Fashion,Sole Proprietorship,Ludhiana,Punjab,2023-12-27 00:00:00,True,ACTIVE,6788.0,False
MCH4249,"NARASIMHAN, NATT AND CHADA",7011,False,Hotel & Lodging,Sole Proprietorship,Pune,Maharashtra,2023-12-28 07:11:47,True,ACTIVE,1048.88,False
MCH6325,Mannan-Rattan,5311,False,Department Store,Private Limited,Kolkata,West Bengal,2023-12-29 06:16:05,True,ACTIVE,1405.47,False
MCH1646,"Sane, Zacharia and Samra",5912,False,Pharmacy & Medical,Individual,Jaipur,Rajasthan,2023-12-31 00:00:00,True,ACTIVE,1891.86,False
MCH5064,Pandey-Sangha,5699,False,Apparel & Fashion,Sole Proprietorship,Bengaluru,Karnataka,2023-12-31 00:00:00,True,ACTIVE,2028.77,False
MCH6556,"Andra, Chaudhary and Kunda",4814,False,Telecom & Mobile,Partnership,Bengaluru,Karnataka,2023-12-31 00:00:00,True,SUSPENDED,327.82,False
MCH5845,kara group,5999,False,Retail - Other,Private Limited,Amritsar,Punjab,2023-12-31 03:38:30,True,ACTIVE,1557.96,False
MCH3142,"dugar, merchant and kala",5942,False,Books & Stationery,Private Limited,Jaipur,Rajasthan,2024-01-01 08:46:47,True,ACTIVE,619.08,False
MCH4503,Sunder PLC,7011,False,Hotel & Lodging,Partnership,Mumbai,Maharashtra,2024-01-03 00:00:00,True,ACTIVE,540.93,False
MCH3801,"Arya, Sachar and Khanna",5912,False,Pharmacy & Medical,Partnership,Bengaluru,Karnataka,2024-01-03 13:59:47,True,SUSPENDED,639.86,False
MCH9879,Venkataraman-Tata,4814,False,Telecom & Mobile,Individual,Ludhiana,Punjab,2024-01-04 00:00:00,True,INACTIVE,2839.66,False
MCH8901,Narasimhan and Sons,4814,False,Telecom & Mobile,Private Limited,Amritsar,Punjab,2024-01-04 05:23:00,True,ACTIVE,772.61,False
MCH6806,Virk-Batra,7011,False,Hotel & Lodging,Sole Proprietorship,Jaipur,Rajasthan,2024-01-04 17:25:45,True,ACTIVE,687.46,False
MCH5762,Hayre and Sons,5942,False,Books & Stationery,Sole Proprietorship,Kolkata,West Bengal,2024-01-05 06:19:29,True,ACTIVE,823.98,False
MCH6118,"radhakrishnan, lala and devi",5311,False,Department Store,Sole Proprietorship,Delhi,Delhi,2024-01-06 00:00:00,True,ACTIVE,11547.0,False
MCH1213,Ray LLC,5912,False,Pharmacy & Medical,Partnership,Pune,Maharashtra,2024-01-07 18:33:52,True,ACTIVE,1556.0,False
MCH6376,"Buch, Raj and Karan",5699,False,Apparel & Fashion,Partnership,Hyderabad,Telangana,2024-01-08 06:57:35,True,ACTIVE,1366.82,False
MCH5767,pandya inc,4814,False,Telecom & Mobile,Individual,Jaipur,Rajasthan,2024-01-09 00:00:00,True,ACTIVE,793.79,False
MCH2077,Sahota Inc,5942,False,Books & Stationery,Partnership,Lucknow,Uttar Pradesh,2024-01-09 00:00:00,True,ACTIVE,2058.18,False
MCH4752,"Chaudhuri, Sampath and Wali",5311,False,Department Store,Individual,Bengaluru,Karnataka,2024-01-10 00:00:00,True,ACTIVE,399.3,False
MCH7609,"Nagy, Bhat and Chaudhuri",4131,False,Transportation & Travel,Individual,Delhi,Delhi,2024-01-10 21:47:11,True,ACTIVE,3649.36,False
MCH7983,Karpe-Raval,5311,False,Department Store,Individual,Lucknow,Uttar Pradesh,2024-01-11 00:00:00,True,ACTIVE,3843.3,False
MCH8945,KRISH AND SONS,5912,False,Pharmacy & Medical,Partnership,Mumbai,Maharashtra,2024-01-11 00:00:00,True,ACTIVE,411.91,False
MCH3139,"Chaudhry, Barman and Choudhury",5942,False,Books & Stationery,Sole Proprietorship,Bengaluru,Karnataka,2024-01-12 22:39:28,True,ACTIVE,4138.0,False
MCH3722,Upadhyay-Issac,5999,False,Retail - Other,Private Limited,Amritsar,Punjab,2024-01-13 00:00:00,True,SUSPENDED,2279.6,False
MCH8935,tella-bawa,4131,False,Retail - Other,Individual,Jaipur,Rajasthan,2024-01-13 15:35:49,True,ACTIVE,997.56,False
MCH4729,"Karpe, Dhaliwal and Subramanian",7011,False,Hotel & Lodging,Partnership,Amritsar,Punjab,2024-01-14 00:00:00,True,ACTIVE,2525.97,False
MCH9857,Mitra-Bala,5311,False,Department Store,Partnership,Bengaluru,Karnataka,2024-01-15 00:21:39,True,ACTIVE,507.74,False
MCH8926,Ramesh-Mukhopadhyay,5912,False,Pharmacy & Medical,Sole Proprietorship,Delhi,Delhi,2024-01-16 00:00:00,True,ACTIVE,5318.08,False
MCH9918,"Jha, Kumer and Srivastava",5699,False,Apparel & Fashion,Sole Proprietorship,Bengaluru,Karnataka,2024-01-16 02:34:09,True,INACTIVE,902.09,False
MCH9966,"Kara, Chanda and Hayre",4131,False,Transportation & Travel,Individual,Kolkata,West Bengal,2024-01-16 20:22:00,True,ACTIVE,3566.37,False
MCH9920,Oommen-Mitra,5411,False,Grocery,Private Limited,Jaipur,Rajasthan,2024-01-17 00:00:00,True,ACTIVE,767.57,False
MCH7589,"Mangat, Din and Chatterjee",7011,False,Hotel & Lodging,Partnership,Mumbai,Maharashtra,2024-01-17 00:00:00,True,ACTIVE,1692.13,False
MCH7236,"Ramanathan, Varkey and Iyengar",5812,False,Restaurants & Food Service,Partnership,Ludhiana,Punjab,2024-01-17 20:37:00,True,ACTIVE,843.44,False
MCH5081,"Bhatia, Srinivasan and Sampath",5912,False,Pharmacy & Medical,Private Limited,Chennai,Tamil Nadu,2024-01-19 00:00:00,True,ACTIVE,869.22,False
MCH8410,"Bhargava, Srinivasan and Desai",4131,False,Transportation & Travel,Private Limited,Lucknow,Uttar Pradesh,2024-01-20 00:00:00,True,ACTIVE,1024.56,False
MCH6010,"Tak, Sani and Jaggi",5912,False,Pharmacy & Medical,Individual,Jaipur,Rajasthan,2024-01-20 00:00:00,True,ACTIVE,1022.54,False
MCH5842,"Dutt, Trivedi and Dhingra",5942,False,Books & Stationery,Partnership,Amritsar,Punjab,2024-01-21 11:32:28,True,ACTIVE,182.55,False
MCH8380,"kar, patil and karan",4131,False,Transportation & Travel,Individual,Jalandhar,Punjab,2024-01-22 00:00:00,True,ACTIVE,9540.15,False
MCH5135,swaminathan-kashyap,5942,False,Books & Stationery,Sole Proprietorship,Mumbai,Maharashtra,2024-01-22 00:00:00,True,ACTIVE,727.31,False
MCH1379,Chokshi Ltd,5912,False,Pharmacy & Medical,Individual,Chennai,Tamil Nadu,2024-01-23 00:00:00,True,ACTIVE,2729.5,False
MCH1035,Minhas-Khatri,5812,False,Restaurants & Food Service,Sole Proprietorship,Mumbai,Maharashtra,2024-01-24 00:00:00,True,ACTIVE,5777.68,False
MCH8779,Tak-Wali,5812,False,Restaurants & Food Service,Individual,Bengaluru,Karnataka,2024-01-24 00:00:00,True,ACTIVE,206.0,False
MCH7735,GARG-BALAN,5999,False,Retail - Other,Sole Proprietorship,Ludhiana,Punjab,2024-01-24 00:00:00,True,ACTIVE,639.06,True
MCH6598,"Sachar, Thakkar and Sachar",5699,False,Apparel & Fashion,Private Limited,Amritsar,Punjab,2024-01-26 00:00:00,True,ACTIVE,421.0,False
MCH6949,"Dada, Suri and Chhabra",7011,False,Hotel & Lodging,Sole Proprietorship,Pune,Maharashtra,2024-01-26 00:00:00,True,ACTIVE,333.77,False
MCH6102,"hayre, peri and sura",7011,False,Hotel & Lodging,Private Limited,Ludhiana,Punjab,2024-01-26 00:00:00,True,ACTIVE,4593.66,True
MCH1482,"Bahri,SarinandHora",5999,False,Retail - Other,Partnership,Hyderabad,Telangana,2024-01-26 00:00:00,True,SUSPENDED,1651.0,False
MCH8967,"KAKAR, MANDAL AND SEHGAL",4814,False,Telecom & Mobile,Private Limited,Delhi,Delhi,2024-01-26 00:00:00,True,ACTIVE,3964.67,True
MCH6405,Jaggi Ltd,5411,False,Grocery,Partnership,Delhi,Delhi,2024-01-26 06:23:00,True,ACTIVE,4074.0,False
MCH7298,"SANGHA, SANGHA AND KULKARNI",5411,False,Grocery,Individual,Delhi,Delhi,2024-01-28 17:48:18,True,ACTIVE,1661.92,False
MCH6982,Manda and Sons,4814,False,Telecom & Mobile,Partnership,Delhi,Delhi,2024-01-30 20:46:00,True,INACTIVE,474.53,True
MCH8823,SUBRAMANIAN INC,5699,False,Apparel & Fashion,Partnership,Mumbai,Maharashtra,2024-01-31 00:00:00,True,SUSPENDED,523.43,False
MCH5995,Bassi Ltd,5812,False,Restaurants & Food Service,Private Limited,Lucknow,Uttar Pradesh,2024-02-01 00:00:00,True,ACTIVE,2631.68,False
MCH2849,Ba1 LLC,5999,False,Retail - Other,Sole Proprietorship,Mumbai,Maharashtra,2024-02-01 00:00:00,True,CLOSED,910.62,False
MCH5144,Johal Ltd,7011,False,Hotel & Lodging,Sole Proprietorship,Jalandhar,Punjab,2024-02-01 16:44:47,True,INACTIVE,490.7,False
MCH4424,"Date, Soman and Lall",5311,False,Department Store,Private Limited,Chennai,Tamil Nadu,2024-02-01 22:21:10,True,ACTIVE,410.17,True
MCH8987,Mander LLC,5942,False,Books & Stationery,Private Limited,Pune,Maharashtra,2024-02-02 00:00:00,True,ACTIVE,881.75,False
MCH1872,chaudry group,5999,False,Retail - Other,Private Limited,Bengaluru,Karnataka,2024-02-02 00:00:00,True,ACTIVE,1044.41,False
MCH2510,sathe plc,5912,False,Pharmacy & Medical,Partnership,Chennai,Tamil Nadu,2024-02-02 01:49:36,True,ACTIVE,596.36,False
MCH9298,Jain Ltd,5942,False,Books & Stationery,Sole Proprietorship,Bengaluru,Karnataka,2024-02-03 12:58:21,True,ACTIVE,8519.11,False
MCH6746,"Tank, Chanda and Kothari",5411,False,Grocery,Private Limited,Ludhiana,Punjab,2024-02-04 00:00:00,True,ACTIVE,2445.51,False
MCH7881,MENON PLC,5311,False,Department Store,Partnership,Pune,Maharashtra,2024-02-04 00:00:00,True,ACTIVE,1357.1,False
MCH7804,Choudhry and Sons,5942,False,Books & Stationery,Sole Proprietorship,Ludhiana,Punjab,2024-02-04 20:13:00,True,ACTIVE,586.0,False
MCH9951,Natt Group,5912,False,Pharmacy & Medical,Partnership,Chennai,Tamil Nadu,2024-02-05 00:00:00,True,ACTIVE,1765.37,False
MCH8705,"Sankar, Srinivas and Kanda",4814,False,Telecom & Mobile,Private Limited,Delhi,Delhi,2024-02-05 00:00:00,True,ACTIVE,207.41,True
MCH8377,"Agate, Suresh and Bahri",5311,False,Department Store,Individual,Hyderabad,Telangana,2024-02-05 00:00:00,True,ACTIVE,1519.49,False
MCH2419,Suri Ltd,5999,False,Retail - Other,Individual,Mumbai,Maharashtra,2024-02-05 00:00:00,True,ACTIVE,5184.52,True
MCH4043,choudhry and sons,5912,False,Pharmacy & Medical,Private Limited,Bengaluru,Karnataka,2024-02-05 18:00:28,True,ACTIVE,367.6,False
MCH1005,SAGAR AND SONS,5912,False,Pharmacy & Medical,Partnership,Ludhiana,Punjab,2024-02-06 00:00:00,True,ACTIVE,967.53,False
MCH5287,Sachdeva PLC,4131,False,Transportation & Travel,Partnership,Hyderabad,Telangana,2024-02-06 00:00:00,True,ACTIVE,823.34,False
MCH9038,DarGroup,5942,False,Books & Stationery,Sole Proprietorship,Amritsar,Punjab,2024-02-06 00:00:00,True,ACTIVE,1037.27,False
MCH5224,Prabhakar-Baral,5999,False,Retail - Other,Sole Proprietorship,Delhi,Delhi,2024-02-06 19:20:00,True,ACTIVE,873.18,False
MCH8729,"Chowdhury, Krishnamurthy and Parekh",5942,False,Books & Stationery,Private Limited,Kolkata,West Bengal,2024-02-07 00:00:00,True,ACTIVE,870.42,False
MCH9992,Rajagopalan PLC,7011,False,Hotel & Lodging,Sole Proprietorship,Bengaluru,Karnataka,2024-02-07 00:00:00,True,ACTIVE,577.93,False
MCH8139,"mani, kala and verma",5311,False,Department Store,Individual,Amritsar,Punjab,2024-02-07 00:00:00,True,ACTIVE,2137.68,False
MCH8114,"raman, sandal and bedi",4814,False,Telecom & Mobile,Individual,Jalandhar,Punjab,2024-02-08 00:00:00,True,ACTIVE,1612.23,False
MCH4856,Gera-Nanda,5311,False,Retail - Other,Private Limited,Pune,Maharashtra,2024-02-08 00:00:00,True,ACTIVE,711.0,False
MCH2710,"Sami, Sibal and Sabharwal",4814,False,Telecom & Mobile,Sole Proprietorship,Ludhiana,Punjab,2024-02-08 00:00:00,True,ACTIVE,1319.1,False
MCH7757,"Uppal, Kota and Ramaswamy",4814,False,Telecom & Mobile,Individual,Delhi,Delhi,2024-02-09 00:00:00,True,ACTIVE,669.43,False
MCH2378,"Rau, Pradhan and Bansa1",5411,False,Grocery,Individual,Lucknow,Uttar Pradesh,2024-02-09 01:00:15,True,ACTIVE,6158.0,False
MCH1617,Cherian LLC,5311,False,Department Store,Individual,Hyderabad,Telangana,2024-02-09 07:13:57,True,ACTIVE,11340.36,True
MCH3147,Acharya-Uppal,4131,False,Transportation & Travel,Individual,Chennai,Tamil Nadu,2024-02-10 02:28:00,True,ACTIVE,343.0,False
MCH3654,Ganesan Ltd,5812,False,Restaurants & Food Service,Sole Proprietorship,Jalandhar,Punjab,2024-02-11 00:00:00,True,ACTIVE,286.1,False
MCH6122,RAI LTD,4131,False,Transportation & Travel,Private Limited,Jalandhar,Punjab,2024-02-11 00:00:00,True,INACTIVE,2198.19,False
MCH9092,Deshmukh Inc,7011,False,Hotel & Lodging,Individual,Jalandhar,Punjab,2024-02-11 00:00:00,True,CLOSED,859.52,False
MCH7521,"Sawhney, Desai and Andra",5999,False,Retail - Other,Private Limited,Ludhiana,Punjab,2024-02-12 00:00:00,True,ACTIVE,1639.0,False
MCH1921,Raj LLC,5999,False,Retail - Other,Partnership,Lucknow,Uttar Pradesh,2024-02-12 00:00:00,True,ACTIVE,2280.24,False
MCH1892,Shanker-De,7011,False,Hotel & Lodging,Private Limited,Mumbai,Maharashtra,2024-02-12 01:08:42,True,ACTIVE,987.4,False
MCH2402,Dhillon Group,5912,False,Pharmacy & Medical,Individual,Mumbai,Maharashtra,2024-02-12 07:15:12,True,ACTIVE,1477.89,False
MCH5575,Sandal LLC,5411,False,Grocery,Partnership,Chennai,Tamil Nadu,2024-02-13 00:00:00,True,ACTIVE,5255.72,False
MCH1889,Bakshi LLC,5999,False,Retail - Other,Individual,Jalandhar,Punjab,2024-02-13 09:50:36,True,ACTIVE,2474.04,False
MCH5196,Sagar-Kohli,4131,False,Transportation & Travel,Partnership,Delhi,Delhi,2024-02-14 00:00:00,True,ACTIVE,3536.0,False
MCH6360,"Garg, Char and Sharaf",5912,False,Pharmacy & Medical,Sole Proprietorship,Mumbai,Maharashtra,2024-02-14 01:39:00,True,ACTIVE,242.87,False
MCH6566,"Kala, Talwar and Keer",5311,False,Department Store,Private Limited,Chennai,Tamil Nadu,2024-02-15 00:00:00,True,ACTIVE,2110.86,True
MCH2124,"Chander, Kohli and Dube",4131,False,Transportation & Travel,Individual,Delhi,Delhi,2024-02-15 00:00:00,True,ACTIVE,1551.09,False
MCH4600,Devi Group,5311,False,Department Store,Individual,Delhi,Delhi,2024-02-17 00:00:00,True,INACTIVE,1126.47,False
MCH4312,Dada-Hari,5699,False,Apparel & Fashion,Sole Proprietorship,Ludhiana,Punjab,2024-02-17 00:00:00,True,ACTIVE,2174.33,False
MCH8631,Chaudhari-Chhabra,5699,False,Apparel & Fashion,Sole Proprietorship,Lucknow,Uttar Pradesh,2024-02-17 00:00:00,True,ACTIVE,1011.95,False
MCH7048,Manda Inc,5942,False,Books & Stationery,Sole Proprietorship,Kolkata,West Bengal,2024-02-17 04:08:00,True,ACTIVE,776.0,False
MCH9696,D’Alia-Bhardwaj,5999,False,Retail - Other,Private Limited,Lucknow,Uttar Pradesh,2024-02-17 21:42:16,True,ACTIVE,3568.12,False
MCH9082,Din-Batta,5311,False,Department Store,Private Limited,Mumbai,Maharashtra,2024-02-18 00:00:00,True,INACTIVE,4454.42,False
MCH5390,Pall-Vig,4131,False,Transportation & Travel,Private Limited,Amritsar,Punjab,2024-02-18 13:47:07,True,ACTIVE,6624.25,False
MCH1188,M0rar Ltd,5912,False,Pharmacy & Medical,Individual,Hyderabad,Telangana,2024-02-19 00:00:00,True,ACTIVE,1156.7,False
MCH1392,Johal-Gaba,5912,False,Pharmacy & Medical,Private Limited,Pune,Maharashtra,2024-02-20 00:00:00,True,INACTIVE,4352.7,False
MCH5641,Thaker and Sons,4131,False,Transportation & Travel,Partnership,Chennai,Tamil Nadu,2024-02-20 00:00:00,True,ACTIVE,1143.48,False
MCH5929,"Natt, Iyengar and Desai",5699,False,Apparel & Fashion,Sole Proprietorship,Delhi,Delhi,2024-02-21 00:00:00,True,ACTIVE,1050.02,False
MCH8374,nadig-batra,5699,False,Apparel & Fashion,Partnership,Amritsar,Punjab,2024-02-21 17:20:06,True,ACTIVE,831.77,False
MCH9921,"Datta, Chatterjee and Khalsa",4131,False,Transportation & Travel,Private Limited,Bengaluru,Karnataka,2024-02-22 00:00:00,True,ACTIVE,2964.42,False
MCH8824,Mani PLC,5999,False,Retail - Other,Individual,Hyderabad,Telangana,2024-02-22 00:00:00,True,ACTIVE,1314.9,False
MCH6773,"parmar, sahota and rajagopalan",5999,False,Retail - Other,Sole Proprietorship,Pune,Maharashtra,2024-02-23 00:00:00,True,ACTIVE,3042.0,False
MCH2814,"SANI, KHARE AND RAMACHANDRAN",5912,False,Pharmacy & Medical,Partnership,Jalandhar,Punjab,2024-02-24 00:00:00,True,ACTIVE,1581.52,False
MCH9439,Jani LLC,5411,False,Grocery,Sole Proprietorship,Bengaluru,Karnataka,2024-02-24 00:00:00,True,ACTIVE,275.02,False
MCH7312,Ramakrishnan-Banerjee,5311,False,Retail - Other,Sole Proprietorship,Mumbai,Maharashtra,2024-02-24 11:03:00,True,ACTIVE,977.96,False
MCH5366,Bali Ltd,5311,False,Department Store,Private Limited,Lucknow,Uttar Pradesh,2024-02-25 00:00:00,True,INACTIVE,1551.58,False
MCH6662,Din-Gour,5999,False,Retail - Other,Individual,Pune,Maharashtra,2024-02-26 00:00:00,True,ACTIVE,3959.93,False
MCH1304,sama ltd,5912,False,Pharmacy & Medical,Individual,Bengaluru,Karnataka,2024-02-27 00:00:00,True,ACTIVE,4095.57,False
MCH8819,AcharyaInc,5912,False,Pharmacy & Medical,Private Limited,Ludhiana,Punjab,2024-02-27 00:00:00,True,ACTIVE,2075.22,False
MCH5067,Mangat-Pant,4814,False,Telecom & Mobile,Individual,Pune,Maharashtra,2024-02-27 00:00:00,True,ACTIVE,1263.65,False
MCH3229,Keer-Kale,5912,False,Pharmacy & Medical,Sole Proprietorship,Mumbai,Maharashtra,2024-02-28 21:40:00,True,ACTIVE,276.23,False
MCH3281,Ranganathan and Sons,5311,False,Retail - Other,Partnership,Kolkata,West Bengal,2024-03-01 00:00:00,True,ACTIVE,649.49,True
MCH9492,Sahni-Ravel,5311,False,Department Store,Individual,Lucknow,Uttar Pradesh,2024-03-01 00:00:00,True,ACTIVE,3080.63,False
MCH6449,Chakraborty-Hans,5812,False,Restaurants & Food Service,Sole Proprietorship,Hyderabad,Telangana,2024-03-01 00:00:00,True,ACTIVE,1506.6,False
MCH9165,"Iyengar, Raja and Bhasin",5411,False,Grocery,Private Limited,Lucknow,Uttar Pradesh,2024-03-01 00:00:00,True,ACTIVE,1898.13,False
MCH2522,Savant-Sangha,5311,False,Retail - Other,Partnership,Mumbai,Maharashtra,2024-03-01 15:56:00,True,ACTIVE,702.03,False
MCH7891,BAKSHI PLC,5411,False,Grocery,Individual,Bengaluru,Karnataka,2024-03-02 20:11:00,True,ACTIVE,3419.67,False
MCH4475,"Ray, Kulkarni and Suresh",5311,False,Department Store,Private Limited,Ludhiana,Punjab,2024-03-03 00:00:00,True,ACTIVE,3417.23,False
MCH5812,aurora and sons,7011,False,Hotel & Lodging,Sole Proprietorship,Hyderabad,Telangana,2024-03-03 00:00:00,True,ACTIVE,410.12,False
MCH6574,"Thaman, Gupta and Barad",4814,False,Telecom & Mobile,Private Limited,Pune,Maharashtra,2024-03-03 13:31:25,True,ACTIVE,1371.71,False
MCH9098,Manda and Sons,5812,False,Restaurants & Food Service,Partnership,Bengaluru,Karnataka,2024-03-03 16:14:27,True,ACTIVE,870.0,False
MCH3439,"PALAN, BORA AND PURI",5411,False,Grocery,Private Limited,Ludhiana,Punjab,2024-03-05 00:36:00,True,ACTIVE,1840.58,False
MCH1335,"Wagle, Kamdar and Mallick",7011,False,Hotel & Lodging,Sole Proprietorship,Mumbai,Maharashtra,2024-03-05 01:55:00,True,SUSPENDED,398.0,False
MCH5797,Sami Ltd,5942,False,Books & Stationery,Individual,Jalandhar,Punjab,2024-03-05 15:38:56,True,ACTIVE,651.76,False
MCH4398,"BOSE, DHAR AND OZA",5812,False,Restaurants & Food Service,Individual,Jalandhar,Punjab,2024-03-06 00:00:00,True,ACTIVE,580.38,False
MCH3405,"DARA, BOASE AND CHADA",5999,False,Retail - Other,Partnership,Pune,Maharashtra,2024-03-06 00:00:00,True,ACTIVE,210.2,False
MCH7138,Shere-Shankar,5411,False,Grocery,Sole Proprietorship,Chennai,Tamil Nadu,2024-03-07 10:53:23,True,ACTIVE,1960.27,False
MCH7795,"Samra, Venkataraman and Bhatti",4131,False,Transportation & Travel,Private Limited,Amritsar,Punjab,2024-03-08 04:15:00,True,ACTIVE,723.93,False
MCH1649,Venkatesh PLC,5812,False,Restaurants & Food Service,Private Limited,Delhi,Delhi,2024-03-08 17:27:00,True,BLOCKED,851.41,False
MCH5704,Bhardwaj and Sons,5942,False,Books & Stationery,Sole Proprietorship,Delhi,Delhi,2024-03-09 10:41:04,True,ACTIVE,885.73,False
MCH3176,Gera Inc,4814,False,Telecom & Mobile,Private Limited,Lucknow,Uttar Pradesh,2024-03-10 00:00:00,True,ACTIVE,1047.58,False
MCH3218,"KEER, SONI AND DESHPANDE",5912,False,Pharmacy & Medical,Sole Proprietorship,Mumbai,Maharashtra,2024-03-10 00:00:00,True,ACTIVE,3727.56,False
MCH7501,Jayaraman Inc,5311,False,Department Store,Partnership,Kolkata,West Bengal,2024-03-10 00:00:00,True,ACTIVE,2898.16,False
MCH8169,"Kapur, Prashad and Srinivasan",5999,False,Retail - Other,Individual,Jaipur,Rajasthan,2024-03-11 00:00:00,True,ACTIVE,1294.0,False
MCH6923,"kumar, hayre and grover",5942,False,Books & Stationery,Partnership,Lucknow,Uttar Pradesh,2024-03-12 00:00:00,True,INACTIVE,937.24,False
MCH6772,"Sarin,KaleandBava",5411,False,Grocery,Individual,Amritsar,Punjab,2024-03-12 00:00:00,True,INACTIVE,893.58,False
MCH3254,Maharaj-Sharaf,5942,False,Books & Stationery,Partnership,Amritsar,Punjab,2024-03-12 00:00:00,True,ACTIVE,958.41,False
MCH2174,"Sood, Chowdhury and Chacko",7011,False,Hotel & Lodging,Private Limited,Delhi,Delhi,2024-03-13 00:00:00,True,INACTIVE,1287.16,False
MCH5028,"Chhabra, Deo and Chakrabarti",7011,False,Hotel & Lodging,Partnership,Ludhiana,Punjab,2024-03-14 00:00:00,True,CLOSED,716.94,False
MCH3057,Nagy-Banik,5311,False,Department Store,Partnership,Kolkata,West Bengal,2024-03-15 00:00:00,True,ACTIVE,764.15,False
MCH2915,"Chakrabarti, Hora and Sha",4814,False,Telecom & Mobile,Partnership,Chennai,Tamil Nadu,2024-03-15 00:00:00,True,ACTIVE,18355.56,False
MCH4093,Krishnamurthy PLC,7011,False,Hotel & Lodging,Private Limited,Lucknow,Uttar Pradesh,2024-03-15 00:00:00,True,INACTIVE,1291.9,False
MCH8795,basak-bhavsar,5942,False,Books & Stationery,Sole Proprietorship,Jaipur,Rajasthan,2024-03-15 00:00:00,True,INACTIVE,243.16,False
MCH1786,"Tank, Nadkarni and Srinivasan",4131,False,Transportation & Travel,Private Limited,Amritsar,Punjab,2024-03-15 00:00:00,True,ACTIVE,353.77,False
MCH5594,ANNE LTD,4814,False,Telecom & Mobile,Private Limited,Hyderabad,Telangana,2024-03-16 00:00:00,True,ACTIVE,1557.37,False
MCH9474,"Bajwa, Bhandari and Parmar",5912,False,Pharmacy & Medical,Sole Proprietorship,Kolkata,West Bengal,2024-03-16 19:46:00,True,ACTIVE,1464.0,False
MCH2105,Nagar-Misra,5912,False,Pharmacy & Medical,Private Limited,Jaipur,Rajasthan,2024-03-17 02:55:14,True,ACTIVE,1101.76,False
MCH7246,LATA LTD,5699,False,Apparel & Fashion,Partnership,Chennai,Tamil Nadu,2024-03-17 08:45:00,True,ACTIVE,1315.04,False
MCH5222,"Char, Warrior and Cherian",5699,False,Apparel & Fashion,Partnership,Chennai,Tamil Nadu,2024-03-19 18:57:00,True,INACTIVE,352.83,False
MCH6197,"Koshy, Shah and Ratta",4131,False,Transportation & Travel,Partnership,Bengaluru,Karnataka,2024-03-20 00:00:00,True,ACTIVE,1491.79,False
MCH3753,Kala Ltd,4814,False,Telecom & Mobile,Individual,Kolkata,West Bengal,2024-03-20 00:00:00,True,ACTIVE,411.14,False
MCH6742,Mammen Gr0up,4814,False,Telecom & Mobile,Private Limited,Kolkata,West Bengal,2024-03-20 00:00:00,True,ACTIVE,6284.1,False
MCH2665,"Goswami, Savant and Kar",5311,False,Department Store,Sole Proprietorship,Hyderabad,Telangana,2024-03-23 00:00:00,True,ACTIVE,1516.75,False
MCH2741,"Wason, Jain and D’Alia",5942,False,Books & Stationery,Sole Proprietorship,Ludhiana,Punjab,2024-03-23 00:00:00,True,SUSPENDED,361.19,False
MCH1904,Sandal Inc,4814,False,Telecom & Mobile,Individual,Jalandhar,Punjab,2024-03-23 06:08:07,True,ACTIVE,1398.65,False
MCH5900,Sarraf-Nagar,5912,False,Pharmacy & Medical,Sole Proprietorship,Kolkata,West Bengal,2024-03-23 06:41:25,True,ACTIVE,380.94,False
MCH5091,Rau-Ratta,5812,False,Restaurants & Food Service,Partnership,Kolkata,West Bengal,2024-03-24 00:00:00,True,ACTIVE,755.0,False
MCH1863,Sachar-Gokhale,5942,False,Books & Stationery,Private Limited,Hyderabad,Telangana,2024-03-24 16:08:37,True,ACTIVE,760.42,False
MCH1465,"GARG, MALLICK AND CHADHA",5812,False,Restaurants & Food Service,Private Limited,Delhi,Delhi,2024-03-24 17:13:00,True,ACTIVE,443.93,False
MCH3005,"Saxena, Narain and Mander",5699,False,Apparel & Fashion,Private Limited,Kolkata,West Bengal,2024-03-25 00:00:00,True,INACTIVE,1149.79,False
MCH8390,"Thakkar, Babu and Nagi",4131,False,Transportation & Travel,Private Limited,Hyderabad,Telangana,2024-03-25 00:00:00,True,ACTIVE,2159.57,False
MCH7910,Shenoy LLC,5812,False,Restaurants & Food Service,Partnership,Hyderabad,Telangana,2024-03-25 00:00:00,True,INACTIVE,741.5,False
MCH5678,Kumar and Sons,5311,False,Department Store,Private Limited,Jaipur,Rajasthan,2024-03-25 00:00:00,True,ACTIVE,6122.0,False
MCH2778,madan plc,5912,False,Pharmacy & Medical,Sole Proprietorship,Amritsar,Punjab,2024-03-25 00:00:00,True,ACTIVE,4029.72,False
MCH8226,Das-Subramanian,5999,False,Retail - Other,Partnership,Jaipur,Rajasthan,2024-03-26 00:00:00,True,ACTIVE,789.74,False
MCH6050,"Choudhary, Shanker and Rajan",5812,False,Restaurants & Food Service,Individual,Ludhiana,Punjab,2024-03-26 21:03:47,True,ACTIVE,2324.79,True
MCH8733,"Dhillon, Goel and Dar",4814,False,Telecom & Mobile,Sole Proprietorship,Kolkata,West Bengal,2024-03-27 19:48:14,True,ACTIVE,2966.16,True
MCH6216,Agarwal Group,5812,False,Restaurants & Food Service,Private Limited,Amritsar,Punjab,2024-03-28 00:00:00,True,ACTIVE,1210.0,False
MCH6454,Nagi-Ch0udhury,5699,False,Apparel & Fashion,Private Limited,Bengaluru,Karnataka,2024-03-28 00:00:00,True,INACTIVE,3116.0,False
MCH2943,Kh0s1a LLC,5812,False,Restaurants & Food Service,Private Limited,Mumbai,Maharashtra,2024-03-29 00:00:00,True,ACTIVE,2741.64,False
MCH9310,Ganguly-Tella,7011,False,Hotel & Lodging,Individual,Pune,Maharashtra,2024-03-29 00:00:00,True,ACTIVE,482.88,True
MCH7558,Keer-Krish,5942,False,Books & Stationery,Private Limited,Chennai,Tamil Nadu,2024-03-29 10:23:34,True,ACTIVE,777.64,False
MCH1448,TAK AND SONS,5999,False,Retail - Other,Sole Proprietorship,Mumbai,Maharashtra,2024-03-30 02:02:17,True,ACTIVE,2897.23,False
MCH3399,Rana-Talwar,5912,False,Pharmacy & Medical,Private Limited,Mumbai,Maharashtra,2024-03-30 09:48:22,True,ACTIVE,575.9,False
MCH8724,"GOLE, ROY AND KHURANA",5411,False,Grocery,Sole Proprietorship,Bengaluru,Karnataka,2024-03-31 00:00:00,True,ACTIVE,926.44,False
MCH7586,"Hayer, Savant and Tiwari",5311,False,Department Store,Partnership,Pune,Maharashtra,2024-03-31 00:00:00,True,ACTIVE,765.1,False
MCH1852,Prabhu Group,5411,False,Grocery,Individual,Mumbai,Maharashtra,2024-03-31 00:00:00,True,ACTIVE,786.71,False
MCH9009,Badami-Sani,5411,False,Grocery,Individual,Mumbai,Maharashtra,2024-03-31 00:00:00,True,ACTIVE,1732.46,False
MCH2123,"Pandey, Swamy and Desai",5912,False,Pharmacy & Medical,Private Limited,Hyderabad,Telangana,2024-03-31 00:00:00,True,ACTIVE,2367.0,False
MCH6743,Zacharia Inc,5411,False,Grocery,Individual,Delhi,Delhi,2024-03-31 03:21:00,True,ACTIVE,1075.68,False
MCH1714,Kalita Group,5699,False,Apparel & Fashion,Sole Proprietorship,Amritsar,Punjab,2024-03-31 14:28:04,True,ACTIVE,3974.77,False
MCH5122,"Chand, Gupta and Bhargava",5812,False,Restaurants & Food Service,Individual,Jalandhar,Punjab,2024-04-01 00:00:00,True,ACTIVE,2946.92,False
MCH3563,Shan Inc,5912,False,Pharmacy & Medical,Sole Proprietorship,Bengaluru,Karnataka,2024-04-01 06:07:35,True,ACTIVE,335.55,False
MCH8346,Sane-Ben,5999,False,Retail - Other,Private Limited,Kolkata,West Bengal,2024-04-03 00:00:00,True,ACTIVE,2955.96,False
MCH9006,Chopra-Sandhu,5699,False,Apparel & Fashion,Partnership,Lucknow,Uttar Pradesh,2024-04-03 00:00:00,True,ACTIVE,1365.03,False
MCH5618,Biswas and Sons,5912,False,Pharmacy & Medical,Partnership,Delhi,Delhi,2024-04-03 21:03:00,True,ACTIVE,833.5,False
MCH8023,CHAR-GALA,5699,False,Apparel & Fashion,Individual,Chennai,Tamil Nadu,2024-04-04 00:00:00,True,ACTIVE,837.35,False
MCH1995,"Mand, Halder and Rajagopalan",5942,False,Books & Stationery,Partnership,Jaipur,Rajasthan,2024-04-04 00:00:00,True,INACTIVE,158.78,False
MCH2009,"Tiwari, Naidu and Muni",5699,False,Apparel & Fashion,Partnership,Pune,Maharashtra,2024-04-05 00:00:00,True,ACTIVE,732.0,False
MCH4720,sha ltd,5411,False,Grocery,Partnership,Chennai,Tamil Nadu,2024-04-05 00:00:00,True,ACTIVE,874.68,False
MCH4050,"Sur, N0ri and G011a",5699,False,Apparel & Fashion,Sole Proprietorship,Mumbai,Maharashtra,2024-04-07 00:00:00,True,ACTIVE,577.94,False
MCH6590,HandaInc,5699,False,Apparel & Fashion,Individual,Kolkata,West Bengal,2024-04-07 00:00:00,True,ACTIVE,2071.46,False
MCH2196,Badal-Ghosh,4131,False,Transportation & Travel,Individual,Delhi,Delhi,2024-04-07 00:00:00,True,ACTIVE,188.84,False
MCH9193,Ramachandran-Rao,5699,False,Apparel & Fashion,Individual,Bengaluru,Karnataka,2024-04-07 00:00:00,True,ACTIVE,1693.53,False
MCH9802,Contractor-Keer,5699,False,Apparel & Fashion,Individual,Delhi,Delhi,2024-04-08 00:00:00,True,ACTIVE,1430.48,False
MCH1787,JOHAL AND SONS,5942,False,Books & Stationery,Sole Proprietorship,Chennai,Tamil Nadu,2024-04-09 00:00:00,True,ACTIVE,1495.88,False
MCH6568,MINHAS PLC,7011,False,Hotel & Lodging,Sole Proprietorship,Amritsar,Punjab,2024-04-10 18:11:31,True,ACTIVE,1486.0,False
MCH7455,"MODY, BHATTACHARYYA AND PALLA",4814,False,Telecom & Mobile,Individual,Delhi,Delhi,2024-04-11 22:40:38,True,ACTIVE,113.99,False
MCH1990,Mitra PLC,7011,False,Hotel & Lodging,Partnership,Amritsar,Punjab,2024-04-12 00:00:00,True,ACTIVE,1251.23,False
MCH7802,Venkatesh LLC,5912,False,Pharmacy & Medical,Partnership,Lucknow,Uttar Pradesh,2024-04-12 13:06:25,True,ACTIVE,1493.43,False
MCH2354,"TOOR, NAGI AND DARA",5912,False,Pharmacy & Medical,Sole Proprietorship,Pune,Maharashtra,2024-04-12 23:57:41,True,ACTIVE,1954.79,False
MCH2684,Barad-Jaggi,5942,False,Books & Stationery,Sole Proprietorship,Delhi,Delhi,2024-04-13 01:13:00,True,ACTIVE,518.0,False
MCH3720,"Bedi, Sanghvi and Balakrishnan",5411,False,Grocery,Individual,Delhi,Delhi,2024-04-14 08:30:13,True,ACTIVE,610.0,False
MCH6369,"Chaudhry, Batra and Rama",4131,False,Transportation & Travel,Partnership,Jalandhar,Punjab,2024-04-15 00:00:00,True,INACTIVE,612.29,False
MCH1477,Ahluwalia-Devan,5912,False,Pharmacy & Medical,Partnership,Jaipur,Rajasthan,2024-04-15 00:00:00,True,ACTIVE,551.17,False
MCH2126,Golla and Sons,5311,False,Department Store,Partnership,Hyderabad,Telangana,2024-04-15 00:00:00,True,ACTIVE,342.0,False
MCH8253,Dutt-Narain,5411,False,Grocery,Sole Proprietorship,Hyderabad,Telangana,2024-04-15 01:54:00,True,ACTIVE,1104.19,False
MCH8643,"Kota, Aurora and Dugal",5699,False,Apparel & Fashion,Sole Proprietorship,Delhi,Delhi,2024-04-15 14:41:15,True,ACTIVE,1011.23,False
MCH4642,Jaggi Ltd,5411,False,Grocery,Partnership,Delhi,Delhi,2024-04-16 00:00:00,True,SUSPENDED,1180.53,False
MCH4510,Bora Ltd,4814,False,Telecom & Mobile,Individual,Chennai,Tamil Nadu,2024-04-16 11:39:00,True,ACTIVE,1583.66,False
MCH2800,Raja-Naik,5311,False,Department Store,Private Limited,Bengaluru,Karnataka,2024-04-18 00:00:00,True,CLOSED,1096.85,False
MCH4275,RAVAL-BORA,5812,False,Restaurants & Food Service,Sole Proprietorship,Jaipur,Rajasthan,2024-04-18 04:43:05,True,ACTIVE,1335.0,False
MCH9973,"Parsa, Loyal and Pai",4814,False,Telecom & Mobile,Partnership,Lucknow,Uttar Pradesh,2024-04-19 00:00:00,True,ACTIVE,1836.29,False
MCH1645,Savant-Singha1,5942,False,Books & Stationery,Sole Proprietorship,Chennai,Tamil Nadu,2024-04-19 00:00:00,True,ACTIVE,337.0,False
MCH2764,"Yogi, Jani and Choudhry",4814,False,Telecom & Mobile,Individual,Ludhiana,Punjab,2024-04-19 00:00:00,True,ACTIVE,516.18,False
MCH7074,Yogi Group,5999,False,Retail - Other,Individual,Bengaluru,Karnataka,2024-04-19 00:00:00,True,ACTIVE,3900.0,False
MCH3987,"Dubey, Aggarwa1 and Mangat",5942,False,Books & Stationery,Individual,Hyderabad,Telangana,2024-04-20 00:00:00,True,ACTIVE,474.5,False
MCH6890,Pandit-Narasimhan,7011,False,Hotel & Lodging,Private Limited,Kolkata,West Bengal,2024-04-21 00:00:00,True,CLOSED,525.87,False
MCH1828,Mohanty-Gole,5999,False,Retail - Other,Sole Proprietorship,Kolkata,West Bengal,2024-04-21 00:00:00,True,INACTIVE,408.75,False
MCH5727,"Sandal, Deshmukh and Lata",5699,False,Apparel & Fashion,Partnership,Bengaluru,Karnataka,2024-04-21 23:21:20,True,ACTIVE,411.34,False
MCH2850,Reddy-Kara,4131,False,Retail - Other,Private Limited,Jaipur,Rajasthan,2024-04-22 00:00:00,True,ACTIVE,953.86,True
MCH1815,Saha-Varghese,4131,False,Retail - Other,Private Limited,Delhi,Delhi,2024-04-22 07:33:36,True,ACTIVE,846.74,False
MCH8927,RAJ-KALA,5999,False,Retail - Other,Individual,Delhi,Delhi,2024-04-22 22:45:00,True,ACTIVE,261.67,False
MCH3207,"Gala, Khatri and Khalsa",5912,False,Pharmacy & Medical,Partnership,Amritsar,Punjab,2024-04-23 00:00:00,True,ACTIVE,929.51,False
MCH3983,Behl-Viswanathan,5411,False,Grocery,Partnership,Ludhiana,Punjab,2024-04-23 00:00:00,True,ACTIVE,1037.83,False
MCH2218,"Upadhyay, Sharma and Kothari",7011,False,Hotel & Lodging,Partnership,Lucknow,Uttar Pradesh,2024-04-23 18:51:00,True,ACTIVE,341.57,True
MCH9362,"Lala, Oza and Chahal",5912,False,Pharmacy & Medical,Sole Proprietorship,Delhi,Delhi,2024-04-25 00:00:00,True,ACTIVE,1820.41,False
MCH2450,bail plc,5812,False,Restaurants & Food Service,Private Limited,Hyderabad,Telangana,2024-04-25 12:52:00,True,ACTIVE,3923.0,False
MCH9529,Dubey Inc,4814,False,Telecom & Mobile,Private Limited,Pune,Maharashtra,2024-04-26 00:00:00,True,ACTIVE,1801.0,False
MCH3338,"Mistry, Majumdar and Ghosh",4814,False,Telecom & Mobile,Individual,Ludhiana,Punjab,2024-04-26 08:50:51,True,ACTIVE,1989.0,False
MCH8109,"Nadkarni, Sawhney and Singh",5912,False,Pharmacy & Medical,Partnership,Delhi,Delhi,2024-04-28 00:00:00,True,ACTIVE,5729.0,False
MCH5497,Dayal and Sons,5999,False,Retail - Other,Private Limited,Delhi,Delhi,2024-04-28 22:58:00,True,ACTIVE,1767.24,False
MCH1876,"Deol, Sandal and Nagi",5999,False,Retail - Other,Partnership,Bengaluru,Karnataka,2024-04-29 00:00:00,True,ACTIVE,603.93,False
MCH4818,Deol Inc,5999,False,Retail - Other,Individual,Delhi,Delhi,2024-04-29 00:00:00,True,ACTIVE,316.0,False
MCH1530,Parmer-Bath,5699,False,Apparel & Fashion,Individual,Lucknow,Uttar Pradesh,2024-04-29 00:00:00,True,ACTIVE,375.02,False
MCH6586,Pandya PLC,5999,False,Retail - Other,Individual,Bengaluru,Karnataka,2024-04-29 00:00:00,True,ACTIVE,520.0,False
MCH5676,Kohli-Bir,4814,False,Telecom & Mobile,Private Limited,Lucknow,Uttar Pradesh,2024-04-29 20:08:00,True,ACTIVE,1466.78,True
MCH1956,"Magar, Ramakrishnan and Dhingra",5912,False,Pharmacy & Medical,Private Limited,Ludhiana,Punjab,2024-05-02 00:00:00,True,ACTIVE,919.28,False
MCH4353,"Sha, Thaman and Bhasin",5699,False,Apparel & Fashion,Partnership,Lucknow,Uttar Pradesh,2024-05-02 00:00:00,True,CLOSED,391.43,True
MCH6919,Mander Ltd,5999,False,Retail - Other,Partnership,Jalandhar,Punjab,2024-05-02 02:08:00,True,ACTIVE,2549.85,False
MCH7075,D’Alia Group,7011,False,Hotel & Lodging,Partnership,Chennai,Tamil Nadu,2024-05-03 20:19:30,True,INACTIVE,1262.21,False
MCH4973,vala-raval,7011,False,Hotel & Lodging,Private Limited,Chennai,Tamil Nadu,2024-05-04 00:00:00,True,ACTIVE,859.46,False
MCH8288,Kakar-Sood,5311,False,Department Store,Private Limited,Bengaluru,Karnataka,2024-05-04 00:00:00,True,ACTIVE,1556.66,False
MCH2441,bhatnagar plc,4814,False,Telecom & Mobile,Individual,Jaipur,Rajasthan,2024-05-04 23:00:00,True,ACTIVE,1789.0,False
MCH3701,Mand-Bhat,5999,False,Retail - Other,Sole Proprietorship,Lucknow,Uttar Pradesh,2024-05-07 00:00:00,True,CLOSED,231.29,False
MCH4808,padmanabhan-pathak,5699,False,Apparel & Fashion,Sole Proprietorship,Lucknow,Uttar Pradesh,2024-05-07 18:56:00,True,CLOSED,262.16,True
MCH6757,Brar-Saha,5942,False,Books & Stationery,Sole Proprietorship,Ludhiana,Punjab,2024-05-09 00:00:00,True,ACTIVE,602.25,False
MCH3259,Bajaj-Mann,4131,False,Transportation & Travel,Individual,Amritsar,Punjab,2024-05-09 00:00:00,True,ACTIVE,426.0,False
MCH9253,Gole LLC,5699,False,Apparel & Fashion,Sole Proprietorship,Amritsar,Punjab,2024-05-09 20:29:36,True,ACTIVE,1349.23,False
MCH5210,Rege-Sridhar,5942,False,Books & Stationery,Private Limited,Jalandhar,Punjab,2024-05-10 00:00:00,True,ACTIVE,1199.73,False
MCH8579,OM LLC,5311,False,Department Store,Sole Proprietorship,Bengaluru,Karnataka,2024-05-10 00:00:00,True,ACTIVE,3034.67,False
MCH6331,Wagle-Sinha,5912,False,Pharmacy & Medical,Sole Proprietorship,Bengaluru,Karnataka,2024-05-10 06:43:00,True,ACTIVE,2605.3,False
MCH1647,NARULA LLC,5699,False,Apparel & Fashion,Individual,Ludhiana,Punjab,2024-05-10 18:51:00,True,BLOCKED,1898.14,False
MCH2827,Bala-Bhatti,5999,False,Retail - Other,Individual,Bengaluru,Karnataka,2024-05-10 20:16:00,True,INACTIVE,381.0,False
MCH8192,"oza, sant and loke",5411,False,Grocery,Private Limited,Kolkata,West Bengal,2024-05-11 00:46:00,True,CLOSED,408.0,False
MCH9050,"Oza, Shukla and Chandra",7011,False,Hotel & Lodging,Individual,Jalandhar,Punjab,2024-05-12 00:00:00,True,ACTIVE,2974.94,False
MCH7965,Magar-Kant,5311,False,Department Store,Sole Proprietorship,Pune,Maharashtra,2024-05-13 00:00:00,True,ACTIVE,567.32,False
MCH8297,Natarajan-Gill,4814,False,Telecom & Mobile,Individual,Lucknow,Uttar Pradesh,2024-05-14 00:00:00,True,ACTIVE,558.71,False
MCH4807,"Dutt, Pandey and Tella",5912,False,Pharmacy & Medical,Individual,Chennai,Tamil Nadu,2024-05-14 00:00:00,True,ACTIVE,1458.0,False
MCH6372,G0da and S0ns,5699,False,Apparel & Fashion,Individual,Chennai,Tamil Nadu,2024-05-14 00:00:00,True,ACTIVE,515.6,False
MCH8093,"Seth, Bassi and Raman",7011,False,Hotel & Lodging,Partnership,Hyderabad,Telangana,2024-05-15 00:00:00,True,ACTIVE,1629.96,False
MCH2159,Sawhney LLC,5812,False,Restaurants & Food Service,Sole Proprietorship,Jalandhar,Punjab,2024-05-16 00:00:00,True,ACTIVE,1420.0,False
MCH3369,"yadav, deep and bassi",5999,False,Retail - Other,Individual,Lucknow,Uttar Pradesh,2024-05-16 00:00:00,True,ACTIVE,786.0,False
MCH8509,RAMAN-HANS,5699,False,Apparel & Fashion,Individual,Lucknow,Uttar Pradesh,2024-05-16 00:00:00,True,INACTIVE,882.0,False
MCH4097,"Kala, Khatri and D’Alia",5411,False,Grocery,Private Limited,Ludhiana,Punjab,2024-05-17 00:00:00,True,INACTIVE,1958.39,False
MCH5467,"Kurian, Anne and Borra",4814,False,Telecom & Mobile,Individual,Ludhiana,Punjab,2024-05-17 00:00:00,True,ACTIVE,940.0,False
MCH4727,Dua-Mishra,5311,False,Department Store,Sole Proprietorship,Pune,Maharashtra,2024-05-18 00:00:00,True,ACTIVE,1242.0,False
MCH4843,Dugar-Master,5912,False,Pharmacy & Medical,Sole Proprietorship,Hyderabad,Telangana,2024-05-18 00:00:00,True,ACTIVE,1023.41,False
MCH3578,"badal, gopal and walla",4131,False,Transportation & Travel,Individual,Amritsar,Punjab,2024-05-19 20:33:00,True,ACTIVE,14795.0,False
MCH1326,"Chaudhry, Agrawa1 and Sridhar",5942,False,Books & Stationery,Sole Proprietorship,Bengaluru,Karnataka,2024-05-20 00:00:00,True,ACTIVE,177.58,False
MCH4200,Mahajan Group,5942,False,Books & Stationery,Sole Proprietorship,Pune,Maharashtra,2024-05-21 03:12:53,True,ACTIVE,839.74,False
MCH4127,Subramaniam-Jhaveri,4131,False,Retail - Other,Sole Proprietorship,Jaipur,Rajasthan,2024-05-22 00:00:00,True,SUSPENDED,5333.88,False
MCH9418,"BORA, VENKATESH AND LOKE",5411,False,Grocery,Individual,Bengaluru,Karnataka,2024-05-22 00:00:00,True,SUSPENDED,1520.21,False
MCH3406,"Swamy, Borah and Sampath",5311,False,Retail - Other,Individual,Mumbai,Maharashtra,2024-05-22 03:05:47,True,INACTIVE,438.79,False
MCH7273,De-Gokhale,4131,False,Retail - Other,Sole Proprietorship,Jalandhar,Punjab,2024-05-23 07:01:00,True,ACTIVE,654.26,False
MCH5961,Batra Ltd,5812,False,Restaurants & Food Service,Individual,Jalandhar,Punjab,2024-05-24 00:00:00,True,ACTIVE,608.0,False
MCH8056,"Pai, Doshi and Nath",4814,False,Telecom & Mobile,Private Limited,Lucknow,Uttar Pradesh,2024-05-26 00:00:00,True,ACTIVE,581.34,False
MCH9914,nayar group,5311,False,Department Store,Individual,Amritsar,Punjab,2024-05-26 03:30:00,True,ACTIVE,5811.91,False
MCH3201,BAHL AND SONS,5942,False,Books & Stationery,Sole Proprietorship,Amritsar,Punjab,2024-05-27 00:00:00,True,ACTIVE,576.96,False
MCH8650,Konda Ltd,5999,False,Retail - Other,Sole Proprietorship,Ludhiana,Punjab,2024-05-27 00:00:00,True,ACTIVE,578.35,False
MCH3095,HANS-SHAN,5999,False,Retail - Other,Partnership,Kolkata,West Bengal,2024-05-28 00:00:00,True,ACTIVE,1208.82,False
MCH3539,"Korpal, Nair and Chana",5699,False,Apparel & Fashion,Sole Proprietorship,Mumbai,Maharashtra,2024-05-29 00:00:00,True,CLOSED,2681.05,False
MCH6639,Sandal Group,5812,False,Restaurants & Food Service,Sole Proprietorship,Amritsar,Punjab,2024-05-29 07:36:20,True,ACTIVE,3334.16,False
MCH2471,Das Group,5942,False,Books & Stationery,Individual,Jalandhar,Punjab,2024-05-30 00:00:00,True,ACTIVE,3177.16,False
MCH2118,Jani-Subramaniam,5942,False,Books & Stationery,Partnership,Ludhiana,Punjab,2024-05-30 00:00:00,True,ACTIVE,1546.09,False
MCH6863,Mani Group,5311,False,Department Store,Individual,Jaipur,Rajasthan,2024-05-30 00:00:00,True,ACTIVE,2985.0,False
MCH4507,Bassi-Merchant,5812,False,Restaurants & Food Service,Sole Proprietorship,Chennai,Tamil Nadu,2024-05-30 00:00:00,True,ACTIVE,3598.7,False
MCH2428,Suresh-Varma,4814,False,Telecom & Mobile,Private Limited,Hyderabad,Telangana,2024-05-31 00:00:00,True,ACTIVE,949.0,False
MCH7997,"Rattan, Naik and Singh",5999,False,Retail - Other,Individual,Pune,Maharashtra,2024-05-31 14:52:38,True,ACTIVE,397.79,True
MCH1075,Lala PLC,4814,False,Telecom & Mobile,Individual,Pune,Maharashtra,2024-06-01 00:00:00,True,SUSPENDED,1162.41,False
MCH4298,Jain Group,4814,False,Telecom & Mobile,Private Limited,Delhi,Delhi,2024-06-01 00:00:00,True,CLOSED,316.99,False
MCH5169,Kurian-Narayan,5942,False,Books & Stationery,Individual,Jalandhar,Punjab,2024-06-01 00:00:00,True,ACTIVE,1621.49,False
MCH5305,taneja inc,7011,False,Hotel & Lodging,Sole Proprietorship,Chennai,Tamil Nadu,2024-06-01 00:00:00,True,ACTIVE,1731.48,False
MCH6466,Randhawa LLC,5311,False,Retail - Other,Individual,Pune,Maharashtra,2024-06-03 00:00:00,True,ACTIVE,3082.9,False
MCH5790,Devi and Sons,5942,False,Books & Stationery,Partnership,Jaipur,Rajasthan,2024-06-03 01:35:36,True,ACTIVE,8961.2,False
MCH5972,Mane Ltd,5942,False,Books & Stationery,Individual,Amritsar,Punjab,2024-06-03 07:02:00,True,ACTIVE,644.97,False
MCH7127,"Chhabra, Dayal and Sood",5699,False,Apparel & Fashion,Individual,Amritsar,Punjab,2024-06-05 00:00:00,True,ACTIVE,1738.0,False
MCH4651,Bhat-Kamdar,5999,False,Retail - Other,Sole Proprietorship,Hyderabad,Telangana,2024-06-05 00:00:00,True,ACTIVE,718.3,False
MCH5500,"Dubey, Tandon and Batta",4814,False,Telecom & Mobile,Sole Proprietorship,Lucknow,Uttar Pradesh,2024-06-06 00:00:00,True,ACTIVE,2211.38,False
MCH7502,GOKHALE LLC,5311,False,Department Store,Individual,Amritsar,Punjab,2024-06-07 00:00:00,True,ACTIVE,1185.45,False
MCH5190,Karpe Inc,5942,False,Books & Stationery,Sole Proprietorship,Delhi,Delhi,2024-06-07 13:34:28,True,ACTIVE,2042.93,False
MCH5433,Subramanian PLC,5699,False,Apparel & Fashion,Partnership,Ludhiana,Punjab,2024-06-07 19:30:00,True,ACTIVE,673.68,False
MCH3882,Kannan PLC,5912,False,Pharmacy & Medical,Individual,Pune,Maharashtra,2024-06-08 00:00:00,True,ACTIVE,1470.9,False
MCH5242,Mishra-Dua,5311,False,Department Store,Individual,Mumbai,Maharashtra,2024-06-08 00:00:00,True,ACTIVE,3063.29,True
MCH5215,Tank-Golla,5999,False,Retail - Other,Individual,Hyderabad,Telangana,2024-06-08 02:20:00,True,ACTIVE,1953.0,False
MCH6572,"Sawhney, Bala and Krish",7011,False,Hotel & Lodging,Individual,Hyderabad,Telangana,2024-06-08 05:53:00,True,INACTIVE,874.21,False
MCH3255,"Shah, Kala and Sarraf",7011,False,Hotel & Lodging,Private Limited,Jalandhar,Punjab,2024-06-09 00:00:00,True,ACTIVE,807.0,False
MCH2313,gulati llc,5999,False,Retail - Other,Private Limited,Kolkata,West Bengal,2024-06-09 00:00:00,True,CLOSED,3231.31,True
MCH1441,"Kakar, Parsa and Sodhi",5999,False,Retail - Other,Partnership,Lucknow,Uttar Pradesh,2024-06-09 00:00:00,True,ACTIVE,1723.15,False
MCH3564,Chadha-Sarin,5812,False,Restaurants & Food Service,Individual,Lucknow,Uttar Pradesh,2024-06-09 00:00:00,True,ACTIVE,506.02,False
MCH9393,Vala-Bahri,4814,False,Telecom & Mobile,Sole Proprietorship,Kolkata,West Bengal,2024-06-09 10:37:28,True,SUSPENDED,1926.43,False
MCH3327,Balay Ltd,5912,False,Pharmacy & Medical,Partnership,Amritsar,Punjab,2024-06-10 00:00:00,True,ACTIVE,799.92,False
MCH4835,Hari Inc,5912,False,Pharmacy & Medical,Individual,Hyderabad,Telangana,2024-06-10 00:00:00,True,ACTIVE,348.86,False
MCH9458,"Basak, Natarajan and Golla",4814,False,Telecom & Mobile,Individual,Mumbai,Maharashtra,2024-06-10 13:29:00,True,ACTIVE,1528.67,False
MCH7432,Agate PLC,5812,False,Restaurants & Food Service,Individual,Chennai,Tamil Nadu,2024-06-11 00:00:00,True,ACTIVE,88.41,False
MCH5137,Bath-Keer,4814,False,Telecom & Mobile,Private Limited,Bengaluru,Karnataka,2024-06-11 00:00:00,True,SUSPENDED,634.0,False
MCH1592,Cherian-Bhavsar,7011,False,Hotel & Lodging,Sole Proprietorship,Mumbai,Maharashtra,2024-06-12 00:00:00,True,ACTIVE,2941.81,False
MCH7870,Sahota-Chand,5311,False,Department Store,Sole Proprietorship,Delhi,Delhi,2024-06-12 00:00:00,True,ACTIVE,1123.31,False
MCH8923,Choudhury Group,5912,False,Pharmacy & Medical,Individual,Jaipur,Rajasthan,2024-06-12 00:00:00,True,INACTIVE,2880.15,False
MCH6541,"Mahal, Panchal and Doshi",5912,False,Pharmacy & Medical,Individual,Mumbai,Maharashtra,2024-06-12 16:15:10,True,ACTIVE,307.0,False
MCH6853,Prashad PLC,7011,False,Hotel & Lodging,Private Limited,Delhi,Delhi,2024-06-13 00:00:00,True,ACTIVE,410.64,False
MCH3849,Das-Ratta,4814,False,Telecom & Mobile,Individual,Chennai,Tamil Nadu,2024-06-13 00:11:00,True,ACTIVE,4368.0,False
MCH9145,"Naik, Bhargava and Cherian",5912,False,Pharmacy & Medical,Partnership,Lucknow,Uttar Pradesh,2024-06-13 09:31:54,True,ACTIVE,1754.6,False
MCH5478,"Prashad, Tripathi and Bala",4814,False,Telecom & Mobile,Private Limited,Jaipur,Rajasthan,2024-06-14 00:00:00,True,ACTIVE,3789.33,False
MCH8451,"KALA, PRADHAN AND HAYRE",5812,False,Restaurants & Food Service,Partnership,Hyderabad,Telangana,2024-06-14 00:00:00,True,ACTIVE,1874.56,False
MCH4364,SASTRY-SHETTY,4131,False,Transportation & Travel,Sole Proprietorship,Kolkata,West Bengal,2024-06-14 00:00:00,True,ACTIVE,1128.0,False
MCH9174,"Chander, Goswami and Butala",7011,False,Hotel & Lodging,Partnership,Jalandhar,Punjab,2024-06-14 12:24:00,True,ACTIVE,914.67,False
MCH1514,"Lata, Raja and Parsa",5311,False,Retail - Other,Private Limited,Jalandhar,Punjab,2024-06-14 17:26:04,True,ACTIVE,553.18,False
MCH1561,Gera-Kota,5942,False,Books & Stationery,Sole Proprietorship,Jaipur,Rajasthan,2024-06-15 00:00:00,True,INACTIVE,530.0,False
MCH6282,"Chacko, Chakrabarti and Suresh",5411,False,Grocery,Private Limited,Jaipur,Rajasthan,2024-06-16 00:00:00,True,ACTIVE,1078.0,False
MCH1185,"Buch, Barad and Toor",5999,False,Retail - Other,Partnership,Jalandhar,Punjab,2024-06-16 00:00:00,True,ACTIVE,2955.34,False
MCH5389,sem llc,4131,False,Retail - Other,Partnership,Jaipur,Rajasthan,2024-06-16 06:06:18,True,ACTIVE,342.38,False
MCH8598,"Raghavan, Nadig and Karpe",5812,False,Restaurants & Food Service,Sole Proprietorship,Pune,Maharashtra,2024-06-16 14:32:56,True,ACTIVE,1385.16,False
MCH6165,Sibal-Bora,7011,False,Hotel & Lodging,Sole Proprietorship,Jaipur,Rajasthan,2024-06-17 04:49:02,True,ACTIVE,820.87,True
MCH1034,DEVI-CHAUDHARI,7011,False,Hotel & Lodging,Private Limited,Delhi,Delhi,2024-06-17 22:15:00,True,ACTIVE,243.38,False
MCH4848,"Borra, Balakrishnan and Chad",5699,False,Apparel & Fashion,Partnership,Delhi,Delhi,2024-06-18 00:00:00,True,ACTIVE,3072.49,False
MCH2921,Bakshi-Narayanan,7011,False,Hotel & Lodging,Private Limited,Lucknow,Uttar Pradesh,2024-06-18 00:00:00,True,ACTIVE,6327.48,True
MCH3795,Sinha-Ramesh,4814,False,Telecom & Mobile,Partnership,Hyderabad,Telangana,2024-06-19 00:00:00,True,ACTIVE,1083.1,False
MCH6843,"Thakkar, Date and Balasubramanian",5699,False,Apparel & Fashion,Individual,Mumbai,Maharashtra,2024-06-19 00:00:00,True,ACTIVE,2750.74,False
MCH7661,Pal-Atwal,7011,False,Hotel & Lodging,Partnership,Kolkata,West Bengal,2024-06-20 00:00:00,True,ACTIVE,1304.11,False
MCH1491,Tripathi Ltd,5699,False,Apparel & Fashion,Private Limited,Kolkata,West Bengal,2024-06-20 00:00:00,True,ACTIVE,1820.04,True
MCH3889,Bhagat-Sarna,7011,False,Hotel & Lodging,Sole Proprietorship,Kolkata,West Bengal,2024-06-21 09:31:16,True,ACTIVE,2088.06,False
MCH6326,"Barad,MurtyandTella",5942,False,Books & Stationery,Private Limited,Chennai,Tamil Nadu,2024-06-22 18:08:00,True,ACTIVE,671.62,True
MCH4435,"Shere, Jain and Luthra",5999,False,Retail - Other,Private Limited,Chennai,Tamil Nadu,2024-06-23 00:00:00,True,ACTIVE,894.0,False
MCH4006,Thakur-Narayan,5411,False,Grocery,Private Limited,Amritsar,Punjab,2024-06-23 00:00:00,True,CLOSED,282.17,False
MCH5114,Lal Group,5411,False,Grocery,Private Limited,Bengaluru,Karnataka,2024-06-23 01:46:15,True,ACTIVE,1143.5,False
MCH1071,ShankarGroup,7011,False,Hotel & Lodging,Individual,Mumbai,Maharashtra,2024-06-23 13:38:43,True,ACTIVE,389.19,True
MCH9744,Walia Inc,5942,False,Books & Stationery,Sole Proprietorship,Bengaluru,Karnataka,2024-06-24 00:00:00,True,SUSPENDED,574.28,False
MCH4948,Dass-Dhaliwal,5812,False,Restaurants & Food Service,Partnership,Jalandhar,Punjab,2024-06-25 00:00:00,True,ACTIVE,1356.31,True
MCH9278,Pant PLC,5942,False,Books & Stationery,Partnership,Bengaluru,Karnataka,2024-06-25 23:31:00,True,ACTIVE,822.0,False
MCH2695,Patil Inc,5411,False,Grocery,Partnership,Pune,Maharashtra,2024-06-26 00:00:00,True,ACTIVE,792.09,False
MCH6107,PILLAY LLC,5999,False,Retail - Other,Sole Proprietorship,Jalandhar,Punjab,2024-06-27 00:00:00,True,ACTIVE,1844.34,False
MCH9949,Balan LLC,5411,False,Grocery,Private Limited,Amritsar,Punjab,2024-06-27 00:00:00,True,ACTIVE,2493.77,False
MCH1952,Madan Inc,5942,False,Books & Stationery,Partnership,Chennai,Tamil Nadu,2024-06-28 00:00:00,True,INACTIVE,1643.17,False
MCH7751,"Vig, Iyer and Andra",5311,False,Retail - Other,Partnership,Pune,Maharashtra,2024-06-28 00:00:00,True,SUSPENDED,590.58,False
MCH8490,SEKHON-CHADHA,5699,False,Apparel & Fashion,Sole Proprietorship,Delhi,Delhi,2024-06-28 00:00:00,True,CLOSED,694.05,True
MCH7394,Dhar-Saxena,5311,False,Department Store,Individual,Lucknow,Uttar Pradesh,2024-06-28 00:00:00,True,ACTIVE,1562.3,False
MCH2345,"Kibe, Verma and Koshy",4814,False,Telecom & Mobile,Individual,Bengaluru,Karnataka,2024-06-28 00:00:00,True,ACTIVE,808.61,False
MCH7003,"Koshy, Samra and Chana",5942,False,Books & Stationery,Private Limited,Jalandhar,Punjab,2024-06-29 00:00:00,True,SUSPENDED,776.99,False
MCH7021,"dewan, banerjee and purohit",7011,False,Hotel & Lodging,Sole Proprietorship,Bengaluru,Karnataka,2024-07-01 00:00:00,True,ACTIVE,969.81,False
MCH4863,GILL PLC,5812,False,Restaurants & Food Service,Individual,Hyderabad,Telangana,2024-07-01 00:00:00,True,ACTIVE,552.87,False
MCH7395,Bose and Sons,7011,False,Hotel & Lodging,Individual,Bengaluru,Karnataka,2024-07-01 00:00:00,True,ACTIVE,431.0,False
MCH5079,Ramaswamy-Trivedi,5311,False,Department Store,Private Limited,Bengaluru,Karnataka,2024-07-01 00:00:00,True,SUSPENDED,549.02,False
MCH8076,"Sani, Sanghvi and Butala",5311,False,Department Store,Individual,Ludhiana,Punjab,2024-07-02 00:00:00,True,ACTIVE,470.52,False
MCH4984,"Aurora, Mohan and Jain",4814,False,Telecom & Mobile,Sole Proprietorship,Jaipur,Rajasthan,2024-07-02 00:00:00,True,ACTIVE,1500.11,True
MCH6814,Gara-Seth,4814,False,Telecom & Mobile,Private Limited,Jaipur,Rajasthan,2024-07-02 00:00:00,True,ACTIVE,1223.19,True
MCH6889,Vala PLC,5311,False,Department Store,Sole Proprietorship,Ludhiana,Punjab,2024-07-03 00:00:00,True,ACTIVE,2028.13,False
MCH2076,Chad Ltd,5942,False,Books & Stationery,Sole Proprietorship,Jalandhar,Punjab,2024-07-03 02:08:00,True,ACTIVE,579.16,False
MCH1138,"Shan,BuchandTank",5942,False,Books & Stationery,Sole Proprietorship,Bengaluru,Karnataka,2024-07-03 21:25:00,True,ACTIVE,1369.64,False
MCH1663,"Edwin, Kala and Barad",4131,False,Retail - Other,Individual,Chennai,Tamil Nadu,2024-07-04 00:00:00,True,ACTIVE,449.21,False
MCH3908,Kanda LLC,5999,False,Retail - Other,Sole Proprietorship,Pune,Maharashtra,2024-07-05 00:00:00,True,ACTIVE,7690.26,True
MCH4356,"Guha, Sheth and Ravi",5912,False,Pharmacy & Medical,Partnership,Kolkata,West Bengal,2024-07-06 00:00:00,True,ACTIVE,2725.51,False
MCH2047,"KALITA, NAGARAJAN AND JOSHI",5999,False,Retail - Other,Individual,Pune,Maharashtra,2024-07-07 00:00:00,True,CLOSED,341.63,False
MCH8678,Dani-Talwar,7011,False,Hotel & Lodging,Partnership,Lucknow,Uttar Pradesh,2024-07-07 00:00:00,True,INACTIVE,393.54,False
MCH3935,Majumdar-Aggarwal,5311,False,Department Store,Private Limited,Delhi,Delhi,2024-07-07 10:50:51,True,ACTIVE,3614.23,False
MCH6268,"Pillay, Borah and Roy",5812,False,Restaurants & Food Service,Sole Proprietorship,Amritsar,Punjab,2024-07-08 00:00:00,True,ACTIVE,1108.0,False
MCH9396,"Solanki, Kara and Saha",7011,False,Hotel & Lodging,Sole Proprietorship,Bengaluru,Karnataka,2024-07-08 07:13:36,True,ACTIVE,1428.59,False
MCH2473,"Gill, Deol and Deep",5411,False,Grocery,Private Limited,Lucknow,Uttar Pradesh,2024-07-09 00:00:00,True,ACTIVE,1433.28,False
MCH5792,"bava, krish and ghose",4131,False,Retail - Other,Partnership,Amritsar,Punjab,2024-07-09 00:00:00,True,SUSPENDED,1136.54,False
MCH9136,Mody Ltd,5411,False,Grocery,Individual,Chennai,Tamil Nadu,2024-07-10 00:00:00,True,ACTIVE,1976.5,False
MCH7709,Sangha LLC,5812,False,Restaurants & Food Service,Sole Proprietorship,Jalandhar,Punjab,2024-07-11 00:00:00,True,ACTIVE,968.83,False
MCH1406,Parmer-Goswami,7011,False,Hotel & Lodging,Private Limited,Bengaluru,Karnataka,2024-07-11 00:00:00,True,ACTIVE,2632.53,False
MCH4744,Tiwari-Bedi,5942,False,Books & Stationery,Sole Proprietorship,Pune,Maharashtra,2024-07-13 00:00:00,True,CLOSED,1636.0,False
MCH9780,"Kibe, Setty and Kaul",5942,False,Books & Stationery,Private Limited,Mumbai,Maharashtra,2024-07-14 00:00:00,True,ACTIVE,3251.18,False
MCH6090,Nigam-Balakrishnan,5942,False,Books & Stationery,Partnership,Jalandhar,Punjab,2024-07-14 00:00:00,True,ACTIVE,3151.0,False
MCH2223,Dhaliwal LLC,4814,False,Telecom & Mobile,Individual,Mumbai,Maharashtra,2024-07-14 16:20:52,True,ACTIVE,543.88,False
MCH3418,Parsa-Parikh,5912,False,Pharmacy & Medical,Partnership,Hyderabad,Telangana,2024-07-15 00:00:00,True,ACTIVE,8725.31,False
MCH9322,"Khosla, Walia and Deep",5311,False,Department Store,Partnership,Kolkata,West Bengal,2024-07-15 00:00:00,True,ACTIVE,1060.15,False
MCH9764,"Chaudhry, Samra and Garde",4814,False,Telecom & Mobile,Private Limited,Jalandhar,Punjab,2024-07-15 00:00:00,True,ACTIVE,4596.71,True
MCH5664,"Om, Kari and Pandit",5812,False,Restaurants & Food Service,Partnership,Hyderabad,Telangana,2024-07-15 00:00:00,True,INACTIVE,6853.27,False
MCH2836,RAI AND SONS,5912,False,Pharmacy & Medical,Private Limited,Chennai,Tamil Nadu,2024-07-15 12:28:59,True,INACTIVE,3262.99,False
MCH1936,"Batra, Ramanathan and Din",5912,False,Pharmacy & Medical,Sole Proprietorship,Hyderabad,Telangana,2024-07-16 00:00:00,True,ACTIVE,143.98,False
MCH6650,Kuruvi11a-G01a,5942,False,Books & Stationery,Private Limited,Bengaluru,Karnataka,2024-07-16 00:00:00,True,INACTIVE,2725.71,False
MCH7258,"om, swaminathan and ray",5699,False,Apparel & Fashion,Private Limited,Jaipur,Rajasthan,2024-07-16 08:10:14,True,INACTIVE,472.89,False
MCH8944,"Zachariah, Ratta and Contractor",5311,False,Department Store,Private Limited,Hyderabad,Telangana,2024-07-16 13:53:35,True,ACTIVE,2179.0,False
MCH1948,"Sundaram, Sami and Jha",4814,False,Telecom & Mobile,Private Limited,Jaipur,Rajasthan,2024-07-17 00:00:00,True,ACTIVE,634.29,False
MCH7062,"Karpe, Sekhon and Memon",5999,False,Retail - Other,Partnership,Chennai,Tamil Nadu,2024-07-18 00:00:00,True,CLOSED,2267.0,False
MCH6718,Chaudry-Ramachandran,4814,False,Telecom & Mobile,Individual,Lucknow,Uttar Pradesh,2024-07-19 00:00:00,True,ACTIVE,1635.83,False
MCH2949,"Mahal, Natt and Ghosh",5999,False,Retail - Other,Partnership,Jaipur,Rajasthan,2024-07-19 00:00:00,True,ACTIVE,2320.74,True
MCH8065,Gandhi-Shanker,4131,False,Retail - Other,Individual,Lucknow,Uttar Pradesh,2024-07-19 12:29:00,True,INACTIVE,674.4,False
MCH4089,Mistry and Sons,5411,False,Grocery,Sole Proprietorship,Mumbai,Maharashtra,2024-07-20 00:00:00,True,ACTIVE,1563.22,False
MCH3513,"Gade, Raghavan and Ben",5942,False,Books & Stationery,Individual,Chennai,Tamil Nadu,2024-07-21 08:51:00,True,INACTIVE,1116.95,False
MCH7890,contractor plc,7011,False,Hotel & Lodging,Partnership,Chennai,Tamil Nadu,2024-07-21 17:41:07,True,INACTIVE,652.34,True
MCH2498,Peri-Sachdeva,7011,False,Hotel & Lodging,Individual,Lucknow,Uttar Pradesh,2024-07-22 00:00:00,True,ACTIVE,1576.69,False
MCH2085,KALA-SHAH,4131,False,Transportation & Travel,Private Limited,Pune,Maharashtra,2024-07-22 00:00:00,True,ACTIVE,3590.82,False
MCH4989,din-bhatia,5912,False,Pharmacy & Medical,Sole Proprietorship,Amritsar,Punjab,2024-07-22 00:00:00,True,ACTIVE,2169.45,False
MCH8238,"Lala, Seth and Tak",5699,False,Apparel & Fashion,Partnership,Jaipur,Rajasthan,2024-07-22 00:00:00,True,ACTIVE,952.06,False
MCH3214,Dubey Inc,4131,False,Transportation & Travel,Individual,Bengaluru,Karnataka,2024-07-24 00:45:00,True,ACTIVE,2052.0,False
MCH1350,"KRISHNAMURTHY, DUTT AND SURA",4814,False,Telecom & Mobile,Partnership,Mumbai,Maharashtra,2024-07-25 00:00:00,True,ACTIVE,1360.18,False
MCH5260,"Memon, Ben and Sant",5912,False,Pharmacy & Medical,Sole Proprietorship,Jalandhar,Punjab,2024-07-25 00:00:00,True,ACTIVE,1467.0,False
MCH4652,Mistry Inc,5812,False,Restaurants & Food Service,Private Limited,Ludhiana,Punjab,2024-07-25 18:24:49,True,ACTIVE,3458.11,False
MCH4245,Dua Group,4131,False,Transportation & Travel,Partnership,Ludhiana,Punjab,2024-07-25 18:42:24,True,ACTIVE,323.1,False
MCH9234,"Jhaveri, Chandran and Shukla",7011,False,Hotel & Lodging,Partnership,Lucknow,Uttar Pradesh,2024-07-26 00:00:00,True,ACTIVE,762.04,False
MCH7422,Divan-Vaidya,5942,False,Books & Stationery,Individual,Jaipur,Rajasthan,2024-07-26 13:42:00,True,SUSPENDED,170.31,False
MCH5444,PRADHAN-NAIR,5999,False,Retail - Other,Sole Proprietorship,Lucknow,Uttar Pradesh,2024-07-27 00:00:00,True,ACTIVE,372.0,False
MCH2436,"Bhagat, Amble and Dixit",4131,False,Transportation & Travel,Individual,Lucknow,Uttar Pradesh,2024-07-27 10:21:56,True,ACTIVE,2085.74,False
MCH6511,"Doctor, Sur and Badal",5411,False,Grocery,Sole Proprietorship,Pune,Maharashtra,2024-07-27 20:57:52,True,ACTIVE,778.51,False
MCH9219,Baria Inc,4814,False,Telecom & Mobile,Sole Proprietorship,Jaipur,Rajasthan,2024-07-29 00:00:00,True,ACTIVE,1931.0,False
MCH2279,Sarma Inc,5912,False,Pharmacy & Medical,Private Limited,Mumbai,Maharashtra,2024-07-29 00:00:00,True,ACTIVE,2197.82,False
MCH8950,Handa Inc,4131,False,Transportation & Travel,Partnership,Mumbai,Maharashtra,2024-07-31 11:02:32,True,ACTIVE,3860.38,False
MCH1197,"Gaba, Wadhwa and Sahni",5411,False,Grocery,Private Limited,Mumbai,Maharashtra,2024-08-01 00:00:00,True,ACTIVE,488.96,False
MCH9110,Barad LLC,7011,False,Hotel & Lodging,Individual,Lucknow,Uttar Pradesh,2024-08-01 13:01:22,True,INACTIVE,1477.89,False
MCH8963,"Aggarwal,NagiandBorde",5411,False,Grocery,Sole Proprietorship,Ludhiana,Punjab,2024-08-01 17:56:00,True,ACTIVE,474.91,False
MCH8151,Dalal PLC,5699,False,Apparel & Fashion,Individual,Jalandhar,Punjab,2024-08-01 20:15:56,True,ACTIVE,1200.0,False
MCH9774,Trivedi Group,5912,False,Pharmacy & Medical,Partnership,Jaipur,Rajasthan,2024-08-03 00:00:00,True,ACTIVE,1811.0,False
MCH3552,"morar, ahuja and ravel",5942,False,Books & Stationery,Sole Proprietorship,Pune,Maharashtra,2024-08-03 00:00:00,True,ACTIVE,8846.0,False
MCH6356,"pandit, wagle and kata",7011,False,Hotel & Lodging,Private Limited,Amritsar,Punjab,2024-08-03 09:31:28,True,INACTIVE,499.8,False
MCH4621,Ravel-Chaudhuri,5942,False,Books & Stationery,Private Limited,Delhi,Delhi,2024-08-04 00:00:00,True,ACTIVE,397.3,True
MCH7540,Solanki Inc,5999,False,Retail - Other,Partnership,Jalandhar,Punjab,2024-08-04 07:31:00,True,ACTIVE,579.73,False
MCH4867,"Nath, Taneja and Dey",5812,False,Restaurants & Food Service,Partnership,Bengaluru,Karnataka,2024-08-05 00:00:00,True,ACTIVE,726.56,False
MCH3656,Agrawal Ltd,4814,False,Telecom & Mobile,Private Limited,Ludhiana,Punjab,2024-08-05 00:00:00,True,ACTIVE,3644.12,False
MCH5223,"Dua, Raj and Aurora",5812,False,Restaurants & Food Service,Private Limited,Ludhiana,Punjab,2024-08-06 00:00:00,True,ACTIVE,986.86,False
MCH7430,"Seshadri, Kakar and Sarin",5699,False,Apparel & Fashion,Sole Proprietorship,Amritsar,Punjab,2024-08-07 00:00:00,True,ACTIVE,2698.18,False
MCH5339,"vaidya, hari and mistry",5999,False,Retail - Other,Individual,Delhi,Delhi,2024-08-07 00:00:00,True,ACTIVE,514.42,False
MCH5683,"Magar, Cherian and Wable",5912,False,Pharmacy & Medical,Partnership,Amritsar,Punjab,2024-08-07 00:00:00,True,ACTIVE,1544.64,False
MCH6481,"Virk, Shan and Chopra",5812,False,Restaurants & Food Service,Individual,Pune,Maharashtra,2024-08-07 14:41:31,True,ACTIVE,2726.92,False
MCH2713,Dayal Group,5699,False,Apparel & Fashion,Individual,Pune,Maharashtra,2024-08-10 00:00:00,True,SUSPENDED,1199.07,False
MCH8435,Bajwa-Sandhu,5699,False,Apparel & Fashion,Individual,Jaipur,Rajasthan,2024-08-11 00:00:00,True,ACTIVE,5825.04,True
MCH9111,"Dhar, Thaker and Madan",5999,False,Retail - Other,Private Limited,Kolkata,West Bengal,2024-08-11 00:00:00,True,ACTIVE,1785.1,False
MCH8801,BEDI INC,5912,False,Pharmacy & Medical,Sole Proprietorship,Lucknow,Uttar Pradesh,2024-08-11 00:00:00,True,ACTIVE,3479.49,False
MCH9617,Ranganathan-Ha1der,5411,False,Grocery,Private Limited,Chennai,Tamil Nadu,2024-08-12 00:00:00,True,ACTIVE,904.23,False
MCH5496,Bhagat and Sons,5912,False,Pharmacy & Medical,Partnership,Lucknow,Uttar Pradesh,2024-08-13 00:00:00,True,ACTIVE,199.73,True
MCH9534,DESHMUKH-YADAV,7011,False,Hotel & Lodging,Individual,Hyderabad,Telangana,2024-08-13 00:00:00,True,ACTIVE,1143.6,False
MCH2144,Choudhary-Kashyap,5942,False,Books & Stationery,Partnership,Ludhiana,Punjab,2024-08-13 16:56:48,True,ACTIVE,350.72,False
MCH4185,Nath-Chaudhuri,4814,False,Telecom & Mobile,Private Limited,Jaipur,Rajasthan,2024-08-14 00:00:00,True,ACTIVE,587.44,False
MCH9972,"Bakshi, Tata and Parmer",5311,False,Department Store,Sole Proprietorship,Hyderabad,Telangana,2024-08-14 00:00:00,True,ACTIVE,1398.48,False
MCH2503,Chatterjee-Saran,5699,False,Apparel & Fashion,Individual,Jalandhar,Punjab,2024-08-14 00:00:00,True,ACTIVE,1760.1,False
MCH8725,Gala Group,7011,False,Hotel & Lodging,Private Limited,Jaipur,Rajasthan,2024-08-14 22:49:00,True,ACTIVE,7512.0,False
MCH3025,"Sachdeva, Bora and Hegde",4131,False,Transportation & Travel,Private Limited,Pune,Maharashtra,2024-08-15 00:00:00,True,ACTIVE,611.84,False
MCH3265,Mittal Ltd,5942,False,Books & Stationery,Private Limited,Hyderabad,Telangana,2024-08-15 00:38:28,True,ACTIVE,4170.98,False
MCH8095,Saxena LLC,5699,False,Apparel & Fashion,Private Limited,Jaipur,Rajasthan,2024-08-16 00:00:00,True,ACTIVE,304.22,False
MCH1674,Kari-Tara,4814,False,Telecom & Mobile,Partnership,Mumbai,Maharashtra,2024-08-16 00:00:00,True,ACTIVE,1266.21,False
MCH3845,Hora-Bath,4131,False,Transportation & Travel,Individual,Bengaluru,Karnataka,2024-08-16 14:46:25,True,ACTIVE,2098.39,False
MCH1100,swamy inc,5311,False,Retail - Other,Partnership,Ludhiana,Punjab,2024-08-17 00:00:00,True,INACTIVE,2008.22,False
MCH8741,Swaminathan-Kakar,4814,False,Telecom & Mobile,Sole Proprietorship,Kolkata,West Bengal,2024-08-17 15:49:00,True,ACTIVE,8897.16,False
MCH9647,"Bhat, Tank and Aurora",7011,False,Hotel & Lodging,Individual,Kolkata,West Bengal,2024-08-18 00:00:00,True,ACTIVE,5590.39,False
MCH6603,Atwal PLC,7011,False,Hotel & Lodging,Sole Proprietorship,Jaipur,Rajasthan,2024-08-20 00:00:00,True,ACTIVE,694.88,False
MCH3846,Nagi-Chacko,5411,False,Grocery,Private Limited,Hyderabad,Telangana,2024-08-21 00:00:00,True,ACTIVE,1055.18,False
MCH7845,Bhasin-Dubey,4814,False,Telecom & Mobile,Private Limited,Ludhiana,Punjab,2024-08-22 00:00:00,True,ACTIVE,994.0,False
MCH3454,Rajagopal-Wason,5812,False,Restaurants & Food Service,Partnership,Hyderabad,Telangana,2024-08-22 15:32:00,True,ACTIVE,1479.06,True
MCH2962,"Naik, Ranganathan and Sahota",4814,False,Telecom & Mobile,Partnership,Pune,Maharashtra,2024-08-23 00:00:00,True,ACTIVE,174.64,False
MCH2142,"Banerjee, Ghose and Parekh",5942,False,Books & Stationery,Sole Proprietorship,Delhi,Delhi,2024-08-23 00:00:00,True,ACTIVE,3367.02,True
MCH4688,venkatesh group,5942,False,Books & Stationery,Sole Proprietorship,Delhi,Delhi,2024-08-24 14:22:22,True,SUSPENDED,2933.52,False
MCH5423,"Chanda, Mallick and Butala",5311,False,Department Store,Sole Proprietorship,Jaipur,Rajasthan,2024-08-25 00:00:00,True,ACTIVE,458.56,False
MCH9883,Modi PLC,5411,False,Grocery,Sole Proprietorship,Delhi,Delhi,2024-08-25 00:00:00,True,ACTIVE,492.1,False
MCH3903,"KHARE, BALASUBRAMANIAN AND MITAL",5942,False,Books & Stationery,Sole Proprietorship,Jaipur,Rajasthan,2024-08-25 14:04:47,True,ACTIVE,3531.21,False
MCH6275,Tank PLC,4814,False,Telecom & Mobile,Sole Proprietorship,Chennai,Tamil Nadu,2024-08-26 00:00:00,True,ACTIVE,781.0,False
MCH1960,Bail-Chand,5411,False,Grocery,Partnership,Hyderabad,Telangana,2024-08-26 00:00:00,True,ACTIVE,613.0,False
MCH3319,"Jani, Tailor and Radhakrishnan",5699,False,Apparel & Fashion,Sole Proprietorship,Jalandhar,Punjab,2024-08-26 05:30:00,True,ACTIVE,516.88,True
MCH4737,"Aurora, Mallick and Dugar",5942,False,Books & Stationery,Individual,Jalandhar,Punjab,2024-08-27 00:00:00,True,INACTIVE,489.0,False
MCH4723,kanda ltd,5999,False,Retail - Other,Individual,Chennai,Tamil Nadu,2024-08-27 00:00:00,True,ACTIVE,649.83,False
MCH6523,Ramanathan-Wali,5999,False,Retail - Other,Private Limited,Bengaluru,Karnataka,2024-08-27 00:00:00,True,ACTIVE,2272.75,False
MCH3206,Ray Inc,7011,False,Hotel & Lodging,Individual,Kolkata,West Bengal,2024-08-27 09:49:12,True,ACTIVE,490.27,False
MCH1813,Balan-Deo,5311,False,Department Store,Partnership,Pune,Maharashtra,2024-08-28 00:00:00,True,ACTIVE,610.94,True
MCH2442,Gole PLC,5812,False,Restaurants & Food Service,Partnership,Mumbai,Maharashtra,2024-08-28 00:00:00,True,ACTIVE,625.13,False
MCH2535,Pall-Dugar,5942,False,Books & Stationery,Private Limited,Mumbai,Maharashtra,2024-08-29 00:00:00,True,ACTIVE,978.69,False
MCH7536,Kalla-Deo,5311,False,Department Store,Partnership,Kolkata,West Bengal,2024-08-29 00:00:00,True,ACTIVE,803.42,False
MCH5321,Maharaj Ltd,5912,False,Pharmacy & Medical,Sole Proprietorship,Mumbai,Maharashtra,2024-08-29 00:00:00,True,INACTIVE,2746.79,True
MCH2263,Puri-D’Alia,5311,False,Department Store,Private Limited,Amritsar,Punjab,2024-08-29 00:00:00,True,ACTIVE,2781.79,False
MCH1294,Rajagopalan Group,5912,False,Pharmacy & Medical,Individual,Amritsar,Punjab,2024-08-29 05:38:00,True,ACTIVE,539.82,False
MCH7364,VIG-BALA,7011,False,Hotel & Lodging,Sole Proprietorship,Mumbai,Maharashtra,2024-08-29 05:57:59,True,ACTIVE,1242.0,False
MCH1336,"Zachariah, Bhattacharyya and Hegde",5699,False,Apparel & Fashion,Sole Proprietorship,Bengaluru,Karnataka,2024-08-30 12:55:19,True,ACTIVE,919.0,False
MCH4574,Cherian and Sons,5311,False,Department Store,Individual,Lucknow,Uttar Pradesh,2024-08-31 00:00:00,True,ACTIVE,789.16,False
MCH6001,Murthy-Batra,7011,False,Hotel & Lodging,Sole Proprietorship,Jalandhar,Punjab,2024-08-31 00:00:00,True,ACTIVE,1116.47,False
MCH9692,Pandey-Behl,5812,False,Restaurants & Food Service,Private Limited,Hyderabad,Telangana,2024-08-31 00:00:00,True,ACTIVE,522.57,False
MCH2075,"Dhar,DeoandRau",5912,False,Pharmacy & Medical,Individual,Delhi,Delhi,2024-09-01 00:59:41,True,ACTIVE,1584.12,False
MCH7513,Buch Inc,5812,False,Restaurants & Food Service,Individual,Kolkata,West Bengal,2024-09-02 00:00:00,True,ACTIVE,584.0,False
MCH7297,Kala-Sibal,5311,False,Department Store,Partnership,Chennai,Tamil Nadu,2024-09-02 00:00:00,True,ACTIVE,2004.49,False
MCH3061,Bansal Inc,5311,False,Department Store,Private Limited,Chennai,Tamil Nadu,2024-09-02 00:00:00,True,ACTIVE,2114.75,False
MCH1651,Kumar Inc,5942,False,Books & Stationery,Sole Proprietorship,Mumbai,Maharashtra,2024-09-03 00:00:00,True,ACTIVE,1249.76,False
MCH6832,"Chaudry, Barman and Patla",5812,False,Restaurants & Food Service,Sole Proprietorship,Lucknow,Uttar Pradesh,2024-09-03 00:00:00,True,INACTIVE,617.14,False
MCH3669,"Dutta, Banerjee and Saini",5999,False,Retail - Other,Private Limited,Lucknow,Uttar Pradesh,2024-09-03 00:00:00,True,ACTIVE,2883.4,False
MCH7336,Krishnan and Sons,5812,False,Restaurants & Food Service,Partnership,Jalandhar,Punjab,2024-09-03 00:09:50,True,ACTIVE,1122.92,False
MCH3668,Pandey-Uppal,4131,False,Transportation & Travel,Sole Proprietorship,Pune,Maharashtra,2024-09-03 18:09:51,True,ACTIVE,795.26,False
MCH3686,Prasad Inc,5812,False,Restaurants & Food Service,Sole Proprietorship,Mumbai,Maharashtra,2024-09-04 03:46:00,True,ACTIVE,1179.14,False
MCH1594,Bera Inc,5999,False,Retail - Other,Private Limited,Amritsar,Punjab,2024-09-05 00:00:00,True,ACTIVE,2187.43,False
MCH5127,Sankar Group,7011,False,Hotel & Lodging,Partnership,Delhi,Delhi,2024-09-06 00:00:00,True,ACTIVE,2034.47,False
MCH2938,"Babu, Lata and Zacharia",5411,False,Grocery,Private Limited,Pune,Maharashtra,2024-09-06 00:00:00,True,ACTIVE,823.9,False
MCH7918,Purohit LLC,5942,False,Books & Stationery,Private Limited,Kolkata,West Bengal,2024-09-06 00:00:00,True,ACTIVE,1204.0,False
MCH3806,Thakkar-Kara,5942,False,Books & Stationery,Sole Proprietorship,Jaipur,Rajasthan,2024-09-06 10:40:33,True,ACTIVE,2156.0,False
MCH6448,Pal LLC,4814,False,Telecom & Mobile,Partnership,Mumbai,Maharashtra,2024-09-07 00:00:00,True,ACTIVE,1680.84,False
MCH8314,Chawla-Mander,4131,False,Transportation & Travel,Partnership,Kolkata,West Bengal,2024-09-07 00:00:00,True,ACTIVE,93.33,False
MCH6333,"kumer, butala and sawhney",5699,False,Apparel & Fashion,Individual,Chennai,Tamil Nadu,2024-09-08 02:04:48,True,ACTIVE,831.77,False
MCH4932,KHOSLA AND SONS,5812,False,Restaurants & Food Service,Sole Proprietorship,Jalandhar,Punjab,2024-09-08 02:55:00,True,CLOSED,340.55,False
MCH9266,"Badami, Pathak and Nanda",5699,False,Apparel & Fashion,Private Limited,Pune,Maharashtra,2024-09-10 19:17:00,True,ACTIVE,157.82,False
MCH3465,"Patla, Tiwari and Bobal",4814,False,Telecom & Mobile,Private Limited,Amritsar,Punjab,2024-09-10 22:44:00,True,ACTIVE,662.0,False
MCH3122,Lala-Chaudhari,4814,False,Telecom & Mobile,Sole Proprietorship,Ludhiana,Punjab,2024-09-12 00:00:00,True,ACTIVE,380.73,False
MCH1478,Sah0ta LLC,5912,False,Pharmacy & Medical,Individual,Jaipur,Rajasthan,2024-09-12 18:14:03,True,INACTIVE,2037.0,False
MCH7479,"Wadhwa, Bhatia and Gade",5311,False,Retail - Other,Partnership,Chennai,Tamil Nadu,2024-09-14 17:36:50,True,ACTIVE,998.0,False
MCH6840,saini group,5411,False,Grocery,Private Limited,Bengaluru,Karnataka,2024-09-15 00:00:00,True,ACTIVE,731.68,True
MCH9846,Mukherjee Ltd,5812,False,Restaurants & Food Service,Sole Proprietorship,Chennai,Tamil Nadu,2024-09-15 00:00:00,True,ACTIVE,1799.62,False
MCH2416,"Gokhale, Dua and Murty",5411,False,Grocery,Sole Proprietorship,Delhi,Delhi,2024-09-15 00:00:00,True,ACTIVE,4341.41,False
MCH5637,pandit-bail,5311,False,Retail - Other,Private Limited,Lucknow,Uttar Pradesh,2024-09-15 00:00:00,True,ACTIVE,905.79,False
MCH4419,Gill-Ratta,5912,False,Pharmacy & Medical,Sole Proprietorship,Jaipur,Rajasthan,2024-09-15 14:40:00,True,ACTIVE,1442.51,False
MCH8370,Tandon-Khosla,4131,False,Transportation & Travel,Partnership,Hyderabad,Telangana,2024-09-15 22:48:07,True,ACTIVE,574.0,False
MCH3841,"SANDHU, KHOSLA AND GUHA",5999,False,Retail - Other,Partnership,Bengaluru,Karnataka,2024-09-16 00:00:00,True,CLOSED,2207.18,False
MCH5147,"Rao, Mahal and Wable",5999,False,Retail - Other,Private Limited,Jalandhar,Punjab,2024-09-16 08:12:00,True,ACTIVE,687.0,False
MCH1894,Shenoy-Venkatesh,5699,False,Apparel & Fashion,Individual,Delhi,Delhi,2024-09-16 09:00:00,True,ACTIVE,666.26,False
MCH1661,Mani-Jayaraman,5812,False,Restaurants & Food Service,Private Limited,Hyderabad,Telangana,2024-09-16 22:00:20,True,ACTIVE,813.04,False
MCH6776,"Bhat, Hans and Maharaj",5812,False,Restaurants & Food Service,Individual,Ludhiana,Punjab,2024-09-17 21:52:50,True,INACTIVE,699.0,False
MCH2133,Bose-Saraf,5999,False,Retail - Other,Sole Proprietorship,Mumbai,Maharashtra,2024-09-19 00:00:00,True,ACTIVE,434.11,True
MCH4794,borra-dutt,7011,False,Hotel & Lodging,Private Limited,Jaipur,Rajasthan,2024-09-19 22:25:00,True,ACTIVE,1006.04,False
MCH2166,SANT-VENKATESH,5912,False,Pharmacy & Medical,Individual,Amritsar,Punjab,2024-09-20 00:00:00,True,ACTIVE,789.14,False
MCH3829,"Seshadri, Bansal and Ahluwalia",5311,False,Department Store,Sole Proprietorship,Pune,Maharashtra,2024-09-20 00:00:00,True,INACTIVE,1296.0,False
MCH7645,Majumdar-Nagarajan,5912,False,Pharmacy & Medical,Sole Proprietorship,Amritsar,Punjab,2024-09-21 00:00:00,True,ACTIVE,1396.81,False
MCH9831,Kala-Wason,5942,False,Books & Stationery,Individual,Chennai,Tamil Nadu,2024-09-21 00:00:00,True,ACTIVE,1222.6,False
MCH2946,Divan Inc,4814,False,Telecom & Mobile,Private Limited,Jaipur,Rajasthan,2024-09-22 00:00:00,True,ACTIVE,1246.97,False
MCH2941,SenGroup,5311,False,Department Store,Sole Proprietorship,Mumbai,Maharashtra,2024-09-22 00:00:00,True,ACTIVE,1783.76,False
MCH8241,"MANE, WAGLE AND GANESAN",5311,False,Department Store,Partnership,Kolkata,West Bengal,2024-09-22 06:26:59,True,ACTIVE,814.25,False
MCH5023,rastogi ltd,5411,False,Grocery,Individual,Ludhiana,Punjab,2024-09-22 20:08:35,True,ACTIVE,532.62,False
MCH5472,Dua Group,5942,False,Books & Stationery,Private Limited,Ludhiana,Punjab,2024-09-23 00:00:00,True,ACTIVE,778.0,False
MCH5918,bora-rege,5699,False,Apparel & Fashion,Partnership,Pune,Maharashtra,2024-09-23 00:00:00,True,ACTIVE,203.17,True
MCH1994,"Naik, Bhasin and Virk",7011,False,Hotel & Lodging,Sole Proprietorship,Amritsar,Punjab,2024-09-24 12:17:05,True,ACTIVE,886.83,False
MCH6970,Mani-Sankaran,5411,False,Grocery,Partnership,Delhi,Delhi,2024-09-25 00:00:00,True,ACTIVE,511.17,False
MCH9258,Edwin Inc,5942,False,Books & Stationery,Partnership,Lucknow,Uttar Pradesh,2024-09-26 00:00:00,True,ACTIVE,1647.77,False
MCH5546,B0rde Inc,5311,False,Retail - Other,Individual,Ludhiana,Punjab,2024-09-27 00:00:00,True,ACTIVE,1430.97,False
MCH8900,Murthy-Vala,5699,False,Apparel & Fashion,Partnership,Kolkata,West Bengal,2024-09-27 00:00:00,True,ACTIVE,314.81,False
MCH2096,"Taneja, Basu and Bal",4814,False,Telecom & Mobile,Private Limited,Pune,Maharashtra,2024-09-28 00:00:00,True,ACTIVE,1660.3,False
MCH2588,datta inc,5699,False,Apparel & Fashion,Private Limited,Jaipur,Rajasthan,2024-09-28 00:00:00,True,ACTIVE,311.95,False
MCH6302,Gour-Rattan,4131,False,Transportation & Travel,Individual,Hyderabad,Telangana,2024-09-29 00:00:00,True,ACTIVE,966.01,False
MCH2567,"Magar, Hora and Khare",4131,False,Transportation & Travel,Sole Proprietorship,Delhi,Delhi,2024-09-30 00:00:00,True,ACTIVE,572.7,False
MCH5524,"Mangat, Sanghvi and Shah",5942,False,Books & Stationery,Partnership,Jalandhar,Punjab,2024-09-30 00:00:00,True,ACTIVE,6188.2,False
MCH5129,dayal-saran,5912,False,Pharmacy & Medical,Sole Proprietorship,Chennai,Tamil Nadu,2024-09-30 00:00:00,True,ACTIVE,1504.46,False
MCH3134,Rajan PLC,5311,False,Department Store,Individual,Jaipur,Rajasthan,2024-09-30 00:49:20,True,ACTIVE,993.0,False
MCH7841,Manda Group,5942,False,Books & Stationery,Sole Proprietorship,Pune,Maharashtra,2024-10-01 00:00:00,True,ACTIVE,14164.49,False
MCH2845,Narasimhan LLC,5999,False,Retail - Other,Partnership,Amritsar,Punjab,2024-10-01 00:00:00,True,ACTIVE,5926.94,False
MCH3146,Batta-Sharaf,4131,False,Transportation & Travel,Individual,Pune,Maharashtra,2024-10-02 00:00:00,True,ACTIVE,898.04,False
MCH9067,Korpal-Som,4814,False,Telecom & Mobile,Private Limited,Amritsar,Punjab,2024-10-04 00:00:00,True,INACTIVE,1246.81,False
MCH2556,"ZACHARIAH, MANNE AND BEDI",5942,False,Books & Stationery,Partnership,Kolkata,West Bengal,2024-10-05 01:12:00,True,ACTIVE,1248.82,False
MCH1214,Patel-Bhatti,5311,False,Department Store,Individual,Jalandhar,Punjab,2024-10-05 17:31:40,True,ACTIVE,1829.91,False
MCH7503,Dixit-Lala,7011,False,Hotel & Lodging,Individual,Mumbai,Maharashtra,2024-10-06 00:00:00,True,ACTIVE,2699.2,True
MCH9514,Prakash Gr0up,5912,False,Pharmacy & Medical,Partnership,Lucknow,Uttar Pradesh,2024-10-06 00:00:00,True,INACTIVE,2338.36,False
MCH2051,Deshpande PLC,5912,False,Pharmacy & Medical,Private Limited,Chennai,Tamil Nadu,2024-10-06 00:00:00,True,ACTIVE,625.93,False
MCH1142,"Master, Soni and Kapadia",4814,False,Telecom & Mobile,Sole Proprietorship,Chennai,Tamil Nadu,2024-10-06 12:07:57,True,ACTIVE,252.13,False
MCH8432,Lad Inc,5942,False,Books & Stationery,Private Limited,Delhi,Delhi,2024-10-07 00:00:00,True,ACTIVE,394.7,False
MCH6409,Wason and Sons,5699,False,Apparel & Fashion,Private Limited,Bengaluru,Karnataka,2024-10-07 00:00:00,True,SUSPENDED,1111.14,False
MCH5590,"Bhandari, M0re and Bhatti",4131,False,Transportation & Travel,Partnership,Pune,Maharashtra,2024-10-07 00:00:00,True,CLOSED,2034.57,False
MCH9755,ANAND INC,5311,False,Department Store,Private Limited,Lucknow,Uttar Pradesh,2024-10-09 16:48:00,True,ACTIVE,2048.19,False
MCH2922,Chhabra-Jha,5999,False,Retail - Other,Sole Proprietorship,Mumbai,Maharashtra,2024-10-10 00:00:00,True,ACTIVE,1096.49,True
MCH6150,"Chada, Vala and Merchant",4814,False,Telecom & Mobile,Private Limited,Hyderabad,Telangana,2024-10-10 00:00:00,True,INACTIVE,616.0,False
MCH9654,Saini-Bath,5942,False,Books & Stationery,Private Limited,Ludhiana,Punjab,2024-10-11 00:00:00,True,ACTIVE,2570.91,False
MCH7728,"Banerjee, Iyengar and Ganguly",7011,False,Hotel & Lodging,Individual,Jaipur,Rajasthan,2024-10-11 00:00:00,True,ACTIVE,750.16,False
MCH9604,Merchant-Johal,5311,False,Retail - Other,Partnership,Pune,Maharashtra,2024-10-11 00:00:00,True,ACTIVE,762.2,False
MCH8736,Dora-Sachar,5311,False,Department Store,Private Limited,Mumbai,Maharashtra,2024-10-11 13:06:21,True,ACTIVE,2228.33,False
MCH1429,Pal Ltd,5411,False,Grocery,Individual,Jaipur,Rajasthan,2024-10-13 00:00:00,True,ACTIVE,258.0,False
MCH4320,Vala and Sons,4814,False,Telecom & Mobile,Private Limited,Mumbai,Maharashtra,2024-10-14 00:00:00,True,INACTIVE,288.28,True
MCH6562,Kant Inc,7011,False,Hotel & Lodging,Sole Proprietorship,Chennai,Tamil Nadu,2024-10-14 00:00:00,True,ACTIVE,2590.35,False
MCH3440,"Sahni, Thakur and Kale",5411,False,Grocery,Partnership,Hyderabad,Telangana,2024-10-14 11:53:00,True,ACTIVE,797.0,False
MCH2627,SHANKER PLC,5311,False,Retail - Other,Individual,Lucknow,Uttar Pradesh,2024-10-16 00:00:00,True,ACTIVE,427.05,False
MCH7353,"Tara, Rajag0pa1an and Ramanathan",5311,False,Department Store,Partnership,Mumbai,Maharashtra,2024-10-16 00:00:00,True,ACTIVE,840.14,False
MCH1625,saran ltd,4814,False,Telecom & Mobile,Partnership,Kolkata,West Bengal,2024-10-17 02:52:00,True,ACTIVE,1093.54,False
MCH3058,Patla-Padmanabhan,5942,False,Books & Stationery,Individual,Pune,Maharashtra,2024-10-18 00:00:00,True,ACTIVE,974.77,False
MCH8393,Salvi LLC,7011,False,Hotel & Lodging,Partnership,Jalandhar,Punjab,2024-10-18 00:00:00,True,ACTIVE,1230.0,False
MCH6441,Boase Group,5942,False,Books & Stationery,Sole Proprietorship,Amritsar,Punjab,2024-10-18 00:00:00,True,ACTIVE,4755.4,False
MCH8928,Deo PLC,4131,False,Transportation & Travel,Partnership,Chennai,Tamil Nadu,2024-10-18 05:30:00,True,ACTIVE,1547.93,False
MCH5502,KAUL-NAYAR,5912,False,Pharmacy & Medical,Sole Proprietorship,Chennai,Tamil Nadu,2024-10-18 20:35:14,True,ACTIVE,716.0,False
MCH2238,Chakrabarti-Lata,5699,False,Apparel & Fashion,Individual,Amritsar,Punjab,2024-10-19 10:57:01,True,ACTIVE,1650.0,False
MCH7620,"Vaidya, Deshmukh and Cherian",5942,False,Books & Stationery,Individual,Pune,Maharashtra,2024-10-20 02:51:25,True,SUSPENDED,1771.87,False
MCH7306,Devi-Narang,4131,False,Transportation & Travel,Individual,Delhi,Delhi,2024-10-20 05:44:44,True,ACTIVE,539.76,False
MCH7866,Mangal and Sons,4814,False,Telecom & Mobile,Sole Proprietorship,Amritsar,Punjab,2024-10-21 00:00:00,True,ACTIVE,8914.37,False
MCH5269,"Lala, Raval and Sahni",5942,False,Books & Stationery,Partnership,Jalandhar,Punjab,2024-10-21 00:00:00,True,ACTIVE,873.0,False
MCH1842,"Singh, Dhillon and Garg",4814,False,Telecom & Mobile,Partnership,Lucknow,Uttar Pradesh,2024-10-21 00:00:00,True,INACTIVE,182.82,True
MCH5915,"Solanki, Banik and Badal",4131,False,Transportation & Travel,Individual,Jalandhar,Punjab,2024-10-22 00:00:00,True,ACTIVE,1488.9,False
MCH3093,"DUBE, VENKATESH AND JHA",5999,False,Retail - Other,Private Limited,Kolkata,West Bengal,2024-10-22 10:22:00,True,ACTIVE,1107.0,False
MCH9560,Kaul PLC,5942,False,Books & Stationery,Individual,Bengaluru,Karnataka,2024-10-24 00:00:00,True,INACTIVE,735.59,False
MCH1732,"BAL, LOKE AND CHADHA",5411,False,Grocery,Private Limited,Delhi,Delhi,2024-10-24 00:00:00,True,ACTIVE,3477.98,False
MCH8247,"Pandya, Muni and Hora",4814,False,Telecom & Mobile,Partnership,Lucknow,Uttar Pradesh,2024-10-24 08:45:00,True,ACTIVE,1396.47,False
MCH9161,Patla Group,5311,False,Retail - Other,Individual,Pune,Maharashtra,2024-10-25 00:00:00,True,ACTIVE,1771.36,True
MCH8568,Krishna-Agrawal,4814,False,Telecom & Mobile,Partnership,Kolkata,West Bengal,2024-10-25 03:43:00,True,INACTIVE,412.1,False
MCH4417,Nair-Bhavsar,5942,False,Books & Stationery,Private Limited,Jalandhar,Punjab,2024-10-26 00:00:00,True,ACTIVE,291.65,False
MCH6152,Dasgupta-Das,5942,False,Books & Stationery,Private Limited,Jaipur,Rajasthan,2024-10-26 00:00:00,True,ACTIVE,344.11,False
MCH3002,"Dey, Chopra and Vig",5699,False,Apparel & Fashion,Individual,Ludhiana,Punjab,2024-10-27 00:00:00,True,ACTIVE,761.12,False
MCH4589,"Sathe, Bumb and Shankar",5699,False,Apparel & Fashion,Sole Proprietorship,Amritsar,Punjab,2024-10-27 01:28:39,True,ACTIVE,76.99,False
MCH4212,Raman-Kohli,5411,False,Grocery,Partnership,Ludhiana,Punjab,2024-10-27 10:39:27,True,ACTIVE,3361.0,False
MCH6593,"Bajaj, Kha1sa and Wab1e",5699,False,Apparel & Fashion,Partnership,Mumbai,Maharashtra,2024-10-27 13:25:29,True,ACTIVE,842.7,True
MCH1912,Keer-Mitra,4131,False,Transportation & Travel,Sole Proprietorship,Chennai,Tamil Nadu,2024-10-27 18:55:18,True,ACTIVE,3259.24,False
MCH1044,"Jha, Salvi and Setty",5311,False,Retail - Other,Partnership,Hyderabad,Telangana,2024-10-28 00:00:00,True,ACTIVE,1084.93,False
MCH3154,Bhardwaj Ltd,4131,False,Transportation & Travel,Individual,Mumbai,Maharashtra,2024-10-28 07:15:31,True,INACTIVE,633.37,False
MCH6782,JANI-BHAKTA,7011,False,Hotel & Lodging,Private Limited,Delhi,Delhi,2024-10-29 00:00:00,True,ACTIVE,289.03,False
MCH8529,Prakash-Sharaf,4814,False,Telecom & Mobile,Partnership,Amritsar,Punjab,2024-10-30 00:00:00,True,CLOSED,2061.7,False
MCH9391,Vasa-Mitra,4814,False,Telecom & Mobile,Individual,Jalandhar,Punjab,2024-10-30 00:00:00,True,ACTIVE,1456.23,False
MCH4092,"Badami, Prabhakar and Grover",5942,False,Books & Stationery,Individual,Chennai,Tamil Nadu,2024-10-30 07:51:00,True,SUSPENDED,5822.31,False
MCH3541,"SRIVASTAVA, TELLA AND KONDA",4814,False,Telecom & Mobile,Private Limited,Delhi,Delhi,2024-10-31 00:00:00,True,ACTIVE,2341.43,False
MCH3412,Tak and Sons,7011,False,Hotel & Lodging,Sole Proprietorship,Jaipur,Rajasthan,2024-10-31 00:00:00,True,ACTIVE,4884.39,False
MCH9355,Vig PLC,5912,False,Pharmacy & Medical,Partnership,Jalandhar,Punjab,2024-11-01 00:00:00,True,ACTIVE,1697.72,False
MCH7007,Sastry-Soni,7011,False,Hotel & Lodging,Sole Proprietorship,Chennai,Tamil Nadu,2024-11-01 00:00:00,True,INACTIVE,649.1,True
MCH5442,"ray, bajaj and shetty",5411,False,Grocery,Individual,Pune,Maharashtra,2024-11-01 11:03:00,True,ACTIVE,448.9,False
MCH4324,Choudhury Group,5311,False,Department Store,Individual,Chennai,Tamil Nadu,2024-11-02 00:00:00,True,ACTIVE,10680.0,False
MCH8615,Anand Inc,5699,False,Apparel & Fashion,Partnership,Chennai,Tamil Nadu,2024-11-02 00:00:00,True,INACTIVE,1493.0,False
MCH8446,Pingle Inc,5912,False,Pharmacy & Medical,Individual,Jalandhar,Punjab,2024-11-02 09:35:00,True,INACTIVE,1069.0,False
MCH2738,Yadav Group,5999,False,Retail - Other,Individual,Pune,Maharashtra,2024-11-03 22:47:58,True,ACTIVE,1282.34,False
MCH8295,MAMMEN LLC,5999,False,Retail - Other,Private Limited,Chennai,Tamil Nadu,2024-11-04 00:00:00,True,ACTIVE,1554.58,False
MCH9140,Raghavan-Batta,4814,False,Telecom & Mobile,Individual,Bengaluru,Karnataka,2024-11-04 20:20:17,True,ACTIVE,755.01,False
MCH5009,arora-wagle,5699,False,Apparel & Fashion,Individual,Hyderabad,Telangana,2024-11-06 16:41:40,True,INACTIVE,1125.91,False
MCH5829,BATTA LTD,5812,False,Restaurants & Food Service,Sole Proprietorship,Jalandhar,Punjab,2024-11-07 00:00:00,True,SUSPENDED,690.13,False
MCH9109,"Som, Mittal and Wable",5699,False,Apparel & Fashion,Partnership,Amritsar,Punjab,2024-11-08 00:00:00,True,ACTIVE,553.0,False
MCH4123,"Parekh, Patla and Kar",5942,False,Books & Stationery,Partnership,Jalandhar,Punjab,2024-11-09 00:00:00,True,ACTIVE,2764.76,False
MCH2861,Hayer Inc,5311,False,Department Store,Private Limited,Pune,Maharashtra,2024-11-09 19:09:35,True,ACTIVE,676.0,False
MCH3023,Raj-Bajwa,4131,False,Transportation & Travel,Partnership,Lucknow,Uttar Pradesh,2024-11-10 00:00:00,True,ACTIVE,6135.0,False
MCH5709,shroff-mukherjee,4814,False,Telecom & Mobile,Private Limited,Jaipur,Rajasthan,2024-11-10 18:13:32,True,ACTIVE,668.22,False
MCH3596,CHOUDHRY LTD,4131,False,Transportation & Travel,Private Limited,Lucknow,Uttar Pradesh,2024-11-11 00:00:00,True,ACTIVE,311.69,False
MCH7860,"Pall, Som and Dalal",5999,False,Retail - Other,Private Limited,Amritsar,Punjab,2024-11-11 02:08:53,True,ACTIVE,625.05,True
MCH2875,Chander-Parmer,5311,False,Department Store,Partnership,Ludhiana,Punjab,2024-11-12 00:00:00,True,ACTIVE,351.55,False
MCH1924,"Choudhary, Iyer and Boase",5912,False,Pharmacy & Medical,Partnership,Jaipur,Rajasthan,2024-11-12 00:00:00,True,ACTIVE,7220.04,False
MCH9710,"Mohanty, Lanka and Kamdar",5311,False,Department Store,Individual,Mumbai,Maharashtra,2024-11-13 00:00:00,True,INACTIVE,1462.25,False
MCH9366,"Parsa, Walia and Viswanathan",5699,False,Apparel & Fashion,Individual,Jalandhar,Punjab,2024-11-13 00:00:00,True,ACTIVE,7891.78,False
MCH1189,"rai, doctor and dar",5699,False,Apparel & Fashion,Sole Proprietorship,Mumbai,Maharashtra,2024-11-13 20:40:00,True,ACTIVE,1513.0,False
MCH1393,HEGDE-BAHRI,5912,False,Pharmacy & Medical,Partnership,Ludhiana,Punjab,2024-11-15 00:00:00,True,ACTIVE,6478.07,False
MCH7508,Garg-Deo,5942,False,Books & Stationery,Partnership,Amritsar,Punjab,2024-11-15 00:00:00,True,ACTIVE,1956.49,False
MCH1862,Puri Inc,4131,False,Transportation & Travel,Individual,Mumbai,Maharashtra,2024-11-15 12:30:15,True,ACTIVE,1444.68,False
MCH7546,Koshy LLC,5912,False,Pharmacy & Medical,Individual,Delhi,Delhi,2024-11-17 00:00:00,True,ACTIVE,356.0,False
MCH5251,Sehgal-Yadav,5411,False,Grocery,Sole Proprietorship,Bengaluru,Karnataka,2024-11-18 00:00:00,True,ACTIVE,625.43,False
MCH5171,"pandya, bawa and kibe",4131,False,Transportation & Travel,Partnership,Jaipur,Rajasthan,2024-11-18 00:00:00,True,ACTIVE,1895.53,False
MCH9279,Choudhury LLC,5411,False,Grocery,Sole Proprietorship,Kolkata,West Bengal,2024-11-18 00:00:00,True,ACTIVE,644.81,False
MCH7863,"Lal, Hegde and Hora",5812,False,Restaurants & Food Service,Partnership,Lucknow,Uttar Pradesh,2024-11-18 00:00:00,True,ACTIVE,673.1,False
MCH1446,Sunder-Sathe,5311,False,Department Store,Sole Proprietorship,Chennai,Tamil Nadu,2024-11-18 00:00:00,True,ACTIVE,3885.08,False
MCH9738,Barman-Rastogi,5411,False,Grocery,Partnership,Chennai,Tamil Nadu,2024-11-19 00:00:00,True,ACTIVE,2419.77,False
MCH8466,dani plc,5999,False,Retail - Other,Sole Proprietorship,Lucknow,Uttar Pradesh,2024-11-20 00:00:00,True,ACTIVE,1946.42,False
MCH4858,MALHOTRA-DOCTOR,4814,False,Telecom & Mobile,Individual,Ludhiana,Punjab,2024-11-20 00:00:00,True,ACTIVE,7460.92,False
MCH4965,"Shukla, Brahmbhatt and Natarajan",5699,False,Apparel & Fashion,Individual,Pune,Maharashtra,2024-11-20 08:09:00,True,ACTIVE,168.46,False
MCH9546,"Mohan, Tak and Dhingra",5999,False,Retail - Other,Sole Proprietorship,Amritsar,Punjab,2024-11-20 10:50:24,True,ACTIVE,1645.26,False
MCH8561,Mahal-Talwar,5912,False,Pharmacy & Medical,Individual,Pune,Maharashtra,2024-11-21 00:00:00,True,ACTIVE,892.64,False
MCH1199,Chad-Grewal,5812,False,Restaurants & Food Service,Sole Proprietorship,Hyderabad,Telangana,2024-11-22 00:00:00,True,ACTIVE,187.18,False
MCH3694,"Date, Naidu and Raja",5912,False,Pharmacy & Medical,Partnership,Jalandhar,Punjab,2024-11-22 04:13:38,True,ACTIVE,4933.54,False
MCH4064,"Sastry, Sibal and Rajagopal",4131,False,Transportation & Travel,Partnership,Lucknow,Uttar Pradesh,2024-11-23 00:00:00,True,INACTIVE,460.13,True
MCH4037,chaudhuri llc,5311,False,Department Store,Individual,Hyderabad,Telangana,2024-11-23 00:00:00,True,ACTIVE,2168.76,True
MCH7613,"Parekh, Ch0kshi and Das",5699,False,Apparel & Fashion,Private Limited,Jaipur,Rajasthan,2024-11-23 19:31:50,True,ACTIVE,419.26,False
MCH7281,Kalita-Mistry,4814,False,Telecom & Mobile,Private Limited,Hyderabad,Telangana,2024-11-24 00:00:00,True,ACTIVE,2941.71,False
MCH5017,"Datta, Sinha and Pat1a",7011,False,Hotel & Lodging,Sole Proprietorship,Kolkata,West Bengal,2024-11-25 00:00:00,True,ACTIVE,617.0,False
MCH2696,"Dave, Chaudhari and Bhatti",5411,False,Grocery,Individual,Delhi,Delhi,2024-11-25 00:00:00,True,ACTIVE,9658.06,True
MCH1640,Dash Ltd,5699,False,Apparel & Fashion,Sole Proprietorship,Jaipur,Rajasthan,2024-11-25 00:00:00,True,ACTIVE,328.0,False
MCH9672,contractor-sinha,5311,False,Retail - Other,Individual,Kolkata,West Bengal,2024-11-26 00:00:00,True,ACTIVE,1371.8,False
MCH2950,"Rastogi, Bhavsar and Varghese",5942,False,Books & Stationery,Private Limited,Bengaluru,Karnataka,2024-11-26 00:00:00,True,ACTIVE,2370.66,False
MCH9205,Lala Ltd,4131,False,Transportation & Travel,Private Limited,Kolkata,West Bengal,2024-11-26 04:12:00,True,SUSPENDED,569.25,False
MCH9226,Bhatnagar-Magar,5812,False,Restaurants & Food Service,Partnership,Chennai,Tamil Nadu,2024-11-27 00:00:00,True,SUSPENDED,500.21,False
MCH4096,"Bhat, Kapoor and Borah",5999,False,Retail - Other,Private Limited,Hyderabad,Telangana,2024-11-27 00:00:00,True,ACTIVE,2092.25,False
MCH9911,"Pal, Dash and Nagi",4131,False,Transportation & Travel,Individual,Mumbai,Maharashtra,2024-11-28 00:00:00,True,ACTIVE,1474.73,False
MCH1122,"Rana, Choudhury and Garde",5912,False,Pharmacy & Medical,Partnership,Ludhiana,Punjab,2024-11-30 00:00:00,True,ACTIVE,4792.92,False
MCH7226,"Peri, Barad and Panchal",5942,False,Books & Stationery,Sole Proprietorship,Delhi,Delhi,2024-11-30 00:00:00,True,ACTIVE,4237.0,False
MCH7249,Prakash Group,5812,False,Restaurants & Food Service,Sole Proprietorship,Mumbai,Maharashtra,2024-11-30 17:32:21,True,ACTIVE,1855.0,False
MCH3672,"Ray, Radhakrishnan and Parmar",7011,False,Hotel & Lodging,Private Limited,Lucknow,Uttar Pradesh,2024-11-30 20:09:36,True,ACTIVE,801.35,True
MCH4042,ROUT-MAHARAJ,5999,False,Retail - Other,Partnership,Amritsar,Punjab,2024-12-01 06:50:00,True,ACTIVE,696.23,False
MCH6224,"Khatri, Swaminathan and Loke",4131,False,Transportation & Travel,Sole Proprietorship,Amritsar,Punjab,2024-12-02 00:00:00,True,ACTIVE,561.32,False
MCH5596,Biswas Group,5311,False,Retail - Other,Partnership,Bengaluru,Karnataka,2024-12-02 00:00:00,True,SUSPENDED,464.03,True
MCH9941,Bava and Sons,5999,False,Retail - Other,Private Limited,Hyderabad,Telangana,2024-12-02 03:24:00,True,ACTIVE,2534.64,True
MCH3177,"Shere, Pal and Kothari",5942,False,Books & Stationery,Private Limited,Jaipur,Rajasthan,2024-12-04 00:00:00,True,INACTIVE,785.75,False
MCH8074,Prakash-Bera,4814,False,Telecom & Mobile,Individual,Jalandhar,Punjab,2024-12-04 00:00:00,True,ACTIVE,439.79,False
MCH3779,aggarwal-hans,5311,False,Department Store,Private Limited,Kolkata,West Bengal,2024-12-04 08:30:32,True,ACTIVE,1502.01,True
MCH7452,Vora-Gill,5999,False,Retail - Other,Private Limited,Ludhiana,Punjab,2024-12-05 11:38:47,True,ACTIVE,254.79,False
MCH4322,Bumb-Arya,5411,False,Grocery,Sole Proprietorship,Kolkata,West Bengal,2024-12-06 00:00:00,True,ACTIVE,2473.26,False
MCH1874,KANDA-MANE,5942,False,Books & Stationery,Partnership,Ludhiana,Punjab,2024-12-06 00:00:00,True,ACTIVE,2286.66,False
MCH4443,Sachar-Banik,5942,False,Books & Stationery,Partnership,Jaipur,Rajasthan,2024-12-06 00:00:00,True,ACTIVE,2375.86,False
MCH3601,Deshpande-Nigam,4131,False,Transportation & Travel,Partnership,Bengaluru,Karnataka,2024-12-06 06:21:00,True,ACTIVE,2765.11,False
MCH8820,"Sarkar, Arya and Chand",4131,False,Retail - Other,Private Limited,Ludhiana,Punjab,2024-12-07 00:00:00,True,ACTIVE,3994.88,False
MCH9736,sant plc,7011,False,Hotel & Lodging,Sole Proprietorship,Lucknow,Uttar Pradesh,2024-12-07 00:00:00,True,ACTIVE,1081.26,False
MCH7448,mittal inc,4814,False,Telecom & Mobile,Private Limited,Hyderabad,Telangana,2024-12-07 00:00:00,True,CLOSED,760.79,False
MCH3598,Kapur-Sahni,4814,False,Telecom & Mobile,Private Limited,Bengaluru,Karnataka,2024-12-07 15:58:25,True,ACTIVE,7252.05,False
MCH5072,Shroff-Sangha,5999,False,Retail - Other,Private Limited,Jaipur,Rajasthan,2024-12-08 00:00:00,True,ACTIVE,3955.29,False
MCH3608,"Raj, Sarin and Sibal",4814,False,Telecom & Mobile,Partnership,Jaipur,Rajasthan,2024-12-08 00:00:00,True,INACTIVE,1956.65,False
MCH4086,"Kannan, Varghese and Lalla",5311,False,Retail - Other,Private Limited,Mumbai,Maharashtra,2024-12-08 00:00:00,True,ACTIVE,1459.96,False
MCH2412,Nadig Inc,5942,False,Books & Stationery,Individual,Hyderabad,Telangana,2024-12-08 07:03:51,True,ACTIVE,144.12,False
MCH7796,"Kari, Sridhar and J0ha1",5411,False,Grocery,Partnership,Pune,Maharashtra,2024-12-09 00:00:00,True,ACTIVE,489.31,False
MCH9587,Krishnamurthy-Contractor,4814,False,Telecom & Mobile,Sole Proprietorship,Kolkata,West Bengal,2024-12-09 00:00:00,True,ACTIVE,211.86,False
MCH9223,D’Alia-Hans,5699,False,Apparel & Fashion,Partnership,Chennai,Tamil Nadu,2024-12-09 02:24:19,True,ACTIVE,376.0,False
MCH3294,"Murty, Vala and Pall",4131,False,Transportation & Travel,Individual,Ludhiana,Punjab,2024-12-10 00:00:00,True,ACTIVE,822.03,False
MCH9946,Jain LLC,5912,False,Pharmacy & Medical,Partnership,Pune,Maharashtra,2024-12-10 16:23:14,True,ACTIVE,1421.0,False
MCH6513,Ch0pra-Kannan,5699,False,Apparel & Fashion,Sole Proprietorship,Pune,Maharashtra,2024-12-11 00:00:00,True,ACTIVE,240.8,False
MCH1134,"Shenoy, Gokhale and Soman",5411,False,Grocery,Individual,Delhi,Delhi,2024-12-11 00:00:00,True,ACTIVE,284.86,False
MCH3037,Gokhale PLC,5411,False,Grocery,Partnership,Kolkata,West Bengal,2024-12-13 00:00:00,True,SUSPENDED,1146.48,False
MCH1983,Jayaraman PLC,5912,False,Pharmacy & Medical,Sole Proprietorship,Hyderabad,Telangana,2024-12-13 00:00:00,True,ACTIVE,657.32,False
MCH9416,Kulkarni and Sons,5411,False,Grocery,Partnership,Mumbai,Maharashtra,2024-12-13 22:23:48,True,ACTIVE,755.0,False
MCH6031,Chauhan Group,5699,False,Apparel & Fashion,Individual,Hyderabad,Telangana,2024-12-13 22:44:00,True,ACTIVE,654.0,False
MCH4786,EDWIN PLC,5699,False,Apparel & Fashion,Individual,Ludhiana,Punjab,2024-12-15 00:00:00,True,ACTIVE,3435.22,False
MCH2894,NORI-KURIAN,5812,False,Restaurants & Food Service,Partnership,Lucknow,Uttar Pradesh,2024-12-15 00:00:00,True,BLOCKED,2634.83,True
MCH8170,"Dyal, Chadha and Shenoy",4814,False,Telecom & Mobile,Partnership,Hyderabad,Telangana,2024-12-15 00:00:00,True,ACTIVE,589.07,False
MCH5722,Kant-Gara,7011,False,Hotel & Lodging,Partnership,Lucknow,Uttar Pradesh,2024-12-16 00:00:00,True,ACTIVE,1451.76,False
MCH9429,Varghese-Mitter,7011,False,Hotel & Lodging,Partnership,Hyderabad,Telangana,2024-12-16 00:00:00,True,ACTIVE,1566.55,False
MCH7972,Lata Inc,5411,False,Grocery,Partnership,Bengaluru,Karnataka,2024-12-16 00:00:00,True,ACTIVE,401.1,True
MCH2926,Sule-Thaker,5942,False,Books & Stationery,Partnership,Bengaluru,Karnataka,2024-12-16 18:18:00,True,ACTIVE,1590.53,False
MCH4770,Mahal-Sood,5411,False,Grocery,Sole Proprietorship,Jaipur,Rajasthan,2024-12-17 00:00:00,True,INACTIVE,489.82,False
MCH8929,Nagi-Bala,5311,False,Department Store,Sole Proprietorship,Kolkata,West Bengal,2024-12-17 17:24:00,True,ACTIVE,232.0,False
MCH2600,Prabhakar and Sons,5699,False,Apparel & Fashion,Partnership,Kolkata,West Bengal,2024-12-17 20:12:43,True,ACTIVE,1712.51,True
MCH2214,Varkey-Seshadri,4131,False,Transportation & Travel,Partnership,Delhi,Delhi,2024-12-18 00:00:00,True,ACTIVE,649.44,True
MCH7996,Bhargava LLC,5912,False,Pharmacy & Medical,Private Limited,Amritsar,Punjab,2024-12-18 00:00:00,True,INACTIVE,830.56,True
MCH9008,"GOUR, AMBLE AND BAKSHI",5411,False,Grocery,Sole Proprietorship,Amritsar,Punjab,2024-12-18 18:50:53,True,ACTIVE,1167.35,False
MCH4842,Pa11a LLC,5942,False,Books & Stationery,Individual,Kolkata,West Bengal,2024-12-19 00:00:00,True,ACTIVE,3127.0,False
MCH2786,Gola Inc,5699,False,Apparel & Fashion,Partnership,Chennai,Tamil Nadu,2024-12-19 14:34:15,True,ACTIVE,576.47,False
MCH9725,Shan LLC,5699,False,Apparel & Fashion,Individual,Lucknow,Uttar Pradesh,2024-12-20 00:00:00,True,ACTIVE,2250.85,False
MCH2718,"Krishna, Prabhu and Kara",7011,False,Hotel & Lodging,Individual,Bengaluru,Karnataka,2024-12-20 00:00:00,True,ACTIVE,529.14,False
MCH5939,"mohan, varughese and johal",5411,False,Grocery,Partnership,Bengaluru,Karnataka,2024-12-20 00:00:00,True,ACTIVE,4307.34,False
MCH8038,"singh, baria and kakar",5912,False,Pharmacy & Medical,Private Limited,Lucknow,Uttar Pradesh,2024-12-20 17:52:56,True,ACTIVE,1174.3,False
MCH6756,Mangal PLC,5812,False,Restaurants & Food Service,Individual,Kolkata,West Bengal,2024-12-21 00:00:00,True,ACTIVE,689.85,False
MCH1221,Nadig-Ray,5942,False,Books & Stationery,Individual,Delhi,Delhi,2024-12-22 00:00:00,True,ACTIVE,618.0,False
MCH3559,Chokshi Inc,5812,False,Restaurants & Food Service,Private Limited,Bengaluru,Karnataka,2024-12-23 00:00:00,True,SUSPENDED,535.7,True
MCH9199,Goda-Patel,4814,False,Telecom & Mobile,Partnership,Lucknow,Uttar Pradesh,2024-12-23 00:00:00,True,ACTIVE,992.24,False
MCH3081,"Anne, Choudhry and Nanda",5912,False,Pharmacy & Medical,Partnership,Hyderabad,Telangana,2024-12-23 00:00:00,True,ACTIVE,590.0,False
MCH4610,"Barad,ChandaandRana",5942,False,Books & Stationery,Private Limited,Hyderabad,Telangana,2024-12-23 00:00:00,True,ACTIVE,2989.03,False
MCH5015,"Pall, Mand and Balakrishnan",5812,False,Restaurants & Food Service,Sole Proprietorship,Lucknow,Uttar Pradesh,2024-12-23 20:34:32,True,ACTIVE,2215.59,False
MCH3323,Dey PLC,4814,False,Telecom & Mobile,Sole Proprietorship,Jaipur,Rajasthan,2024-12-24 05:37:48,True,INACTIVE,559.08,False
MCH2679,"Barman, Bains and Shan",5912,False,Pharmacy & Medical,Private Limited,Mumbai,Maharashtra,2024-12-25 00:00:00,True,ACTIVE,1334.82,False
MCH4094,Thakur-Shah,5311,False,Department Store,Individual,Chennai,Tamil Nadu,2024-12-25 00:00:00,True,ACTIVE,1848.8,False
MCH2924,Chaudhary-Dugar,5942,False,Books & Stationery,Individual,Mumbai,Maharashtra,2024-12-26 03:07:13,True,ACTIVE,770.99,False
MCH4454,"RAMAN, MUKHERJEE AND SINHA",5942,False,Books & Stationery,Sole Proprietorship,Kolkata,West Bengal,2024-12-26 22:24:01,True,ACTIVE,567.26,False
MCH7943,Chaudhary-Rana,5912,False,Pharmacy & Medical,Individual,Kolkata,West Bengal,2024-12-27 00:00:00,True,ACTIVE,3927.63,False
MCH8902,Sabharwal Ltd,5411,False,Grocery,Sole Proprietorship,Amritsar,Punjab,2024-12-27 00:00:00,True,ACTIVE,270.57,True
MCH8449,Mani-Ramachandran,5912,False,Pharmacy & Medical,Partnership,Delhi,Delhi,2024-12-27 07:20:47,True,ACTIVE,461.73,False
MCH1308,SUBRAMANIAM-SHANKAR,5912,False,Pharmacy & Medical,Partnership,Bengaluru,Karnataka,2024-12-28 00:00:00,True,INACTIVE,2112.78,False
MCH8798,Ch0wdhury-Su1e,5311,False,Department Store,Individual,Jalandhar,Punjab,2024-12-28 02:38:26,True,ACTIVE,207.92,False
MCH9784,lal ltd,5812,False,Restaurants & Food Service,Partnership,Chennai,Tamil Nadu,2024-12-28 05:21:00,True,ACTIVE,1442.84,False
MCH4273,Bava Group,5999,False,Retail - Other,Private Limited,Ludhiana,Punjab,2024-12-28 15:12:00,True,INACTIVE,2773.64,False
MCH2504,Mittal Ltd,5999,False,Retail - Other,Individual,Pune,Maharashtra,2024-12-29 00:00:00,True,INACTIVE,1689.96,False
MCH9296,Bhakta-Sen,5699,False,Apparel & Fashion,Private Limited,Delhi,Delhi,2024-12-29 00:00:00,True,ACTIVE,453.57,False
MCH3289,Tripathi-Mandal,4814,False,Telecom & Mobile,Individual,Chennai,Tamil Nadu,2024-12-29 00:00:00,True,ACTIVE,1368.37,False
MCH6585,KARA-NATH,5699,False,Apparel & Fashion,Private Limited,Kolkata,West Bengal,2024-12-29 01:18:00,True,INACTIVE,2202.59,False
MCH3094,Wag1e-Thakkar,5699,False,Apparel & Fashion,Individual,Bengaluru,Karnataka,2024-12-30 00:00:00,True,ACTIVE,1038.48,False
MCH1055,Dhingra-Kapoor,5311,False,Retail - Other,Partnership,Bengaluru,Karnataka,2024-12-30 03:08:34,True,ACTIVE,770.74,True
MCH7864,"Kumer, Iyer and Bhavsar",4131,False,Transportation & Travel,Private Limited,Amritsar,Punjab,2024-12-30 05:51:45,True,ACTIVE,611.66,False
MCH1349,Verma-Rastogi,5942,False,Books & Stationery,Partnership,Mumbai,Maharashtra,2024-12-30 09:34:19,True,SUSPENDED,1183.3,False
MCH5457,Deol PLC,5942,False,Books & Stationery,Sole Proprietorship,Jaipur,Rajasthan,2024-12-30 13:09:01,True,ACTIVE,1085.1,False
MCH7912,Sarma-Arya,5699,False,Apparel & Fashion,Private Limited,Lucknow,Uttar Pradesh,2025-01-01 00:00:00,True,ACTIVE,1318.64,False
MCH2914,BASSI-VARGHESE,5812,False,Restaurants & Food Service,Sole Proprietorship,Hyderabad,Telangana,2025-01-01 00:00:00,True,CLOSED,90.0,False
MCH4778,wali llc,4131,False,Transportation & Travel,Private Limited,Lucknow,Uttar Pradesh,2025-01-02 00:00:00,True,ACTIVE,1242.33,False
MCH8264,"Hayer, Pant and Suresh",4131,False,Retail - Other,Private Limited,Jaipur,Rajasthan,2025-01-03 00:00:00,True,ACTIVE,2906.17,False
MCH3916,"Parmer, Chakrabarti and Sibal",4131,False,Transportation & Travel,Individual,Jaipur,Rajasthan,2025-01-03 00:00:00,True,ACTIVE,794.0,False
MCH3595,"SRIVASTAVA, MERCHANT AND KOTA",5311,False,Retail - Other,Private Limited,Ludhiana,Punjab,2025-01-03 13:32:00,True,INACTIVE,1153.0,False
MCH7794,Kalita PLC,5912,False,Pharmacy & Medical,Partnership,Delhi,Delhi,2025-01-05 18:59:00,True,ACTIVE,622.63,False
MCH8765,"Kamdar, Sehgal and Tata",5411,False,Grocery,Partnership,Delhi,Delhi,2025-01-06 00:00:00,True,ACTIVE,4863.17,False
MCH7723,"Pandya, Barman and Biswas",5699,False,Apparel & Fashion,Private Limited,Ludhiana,Punjab,2025-01-06 01:31:38,True,ACTIVE,3268.86,False
MCH3549,Khalsa and Sons,5812,False,Restaurants & Food Service,Individual,Amritsar,Punjab,2025-01-07 00:00:00,True,ACTIVE,1756.73,False
MCH1884,Nagi LLC,4131,False,Transportation & Travel,Private Limited,Bengaluru,Karnataka,2025-01-08 00:00:00,True,ACTIVE,628.95,False
MCH9195,"Manne, Parsa and Ratta",5311,False,Department Store,Individual,Kolkata,West Bengal,2025-01-08 03:54:16,True,ACTIVE,1304.69,False
MCH8792,CHOPRA-NORI,5699,False,Apparel & Fashion,Private Limited,Lucknow,Uttar Pradesh,2025-01-09 00:00:00,True,ACTIVE,793.52,True
MCH6020,Goda Ltd,5942,False,Books & Stationery,Sole Proprietorship,Lucknow,Uttar Pradesh,2025-01-09 00:00:00,True,ACTIVE,2555.72,False
MCH8419,Nigam Inc,4814,False,Telecom & Mobile,Sole Proprietorship,Amritsar,Punjab,2025-01-10 08:52:00,True,ACTIVE,462.51,False
MCH9506,"SAVANT, BAINS AND BALI",5912,False,Pharmacy & Medical,Partnership,Pune,Maharashtra,2025-01-12 00:00:00,True,ACTIVE,353.01,False
MCH5477,CHOPRA INC,5411,False,Grocery,Individual,Ludhiana,Punjab,2025-01-14 15:06:24,True,ACTIVE,878.29,False
MCH4114,"Pandya, Jayaraman and Ray",4814,False,Telecom & Mobile,Sole Proprietorship,Hyderabad,Telangana,2025-01-15 00:00:00,True,INACTIVE,436.15,False
MCH7029,"Vasa, Zachariah and Narula",5812,False,Restaurants & Food Service,Private Limited,Kolkata,West Bengal,2025-01-15 00:00:00,True,ACTIVE,2526.83,False
MCH9207,"JANI, MITTAL AND NARASIMHAN",5411,False,Grocery,Partnership,Bengaluru,Karnataka,2025-01-15 11:22:00,True,INACTIVE,1049.45,False
MCH9414,Banik-Garde,5812,False,Restaurants & Food Service,Individual,Jalandhar,Punjab,2025-01-16 00:00:00,True,ACTIVE,942.13,False
MCH3475,"Wadhwa, Banik and Prakash",5812,False,Restaurants & Food Service,Private Limited,Jaipur,Rajasthan,2025-01-16 00:00:00,True,ACTIVE,335.53,False
MCH1940,ANNE GROUP,4131,False,Transportation & Travel,Sole Proprietorship,Hyderabad,Telangana,2025-01-16 19:34:00,True,ACTIVE,2525.67,False
MCH4462,"Koshy, Badal and Nayar",5699,False,Apparel & Fashion,Individual,Hyderabad,Telangana,2025-01-17 00:00:00,True,ACTIVE,937.0,False
MCH8493,BUCH INC,5912,False,Pharmacy & Medical,Individual,Chennai,Tamil Nadu,2025-01-17 02:45:11,True,ACTIVE,2394.24,False
MCH4761,Khalsa PLC,5912,False,Pharmacy & Medical,Individual,Jaipur,Rajasthan,2025-01-17 07:20:16,True,INACTIVE,4970.84,False
MCH3754,Dugal-Chawla,5812,False,Restaurants & Food Service,Partnership,Kolkata,West Bengal,2025-01-18 00:00:00,True,ACTIVE,581.93,True
MCH1955,"SRINIVAS, KHURANA AND CHOUDHRY",5999,False,Retail - Other,Private Limited,Jalandhar,Punjab,2025-01-18 12:28:00,True,ACTIVE,883.05,False
MCH9963,Mahajan and S0ns,5942,False,Books & Stationery,Partnership,Jaipur,Rajasthan,2025-01-19 07:33:36,True,ACTIVE,7342.46,False
MCH3997,Bhatia Inc,4814,False,Telecom & Mobile,Partnership,Kolkata,West Bengal,2025-01-19 14:57:11,True,INACTIVE,702.23,True
MCH9684,Bhasin Inc,5912,False,Pharmacy & Medical,Private Limited,Delhi,Delhi,2025-01-20 00:00:00,True,INACTIVE,2227.2,False
MCH4102,Oza-Sarna,5699,False,Apparel & Fashion,Individual,Delhi,Delhi,2025-01-20 00:00:00,True,ACTIVE,1950.82,False
MCH9986,tak ltd,4131,False,Transportation & Travel,Partnership,Delhi,Delhi,2025-01-21 00:00:00,True,ACTIVE,1750.99,True
MCH6869,"Oak, Kalla and Chand",4131,False,Transportation & Travel,Private Limited,Pune,Maharashtra,2025-01-21 15:07:04,True,ACTIVE,2412.44,False
MCH4956,Kant-Setty,5411,False,Grocery,Sole Proprietorship,Jaipur,Rajasthan,2025-01-22 00:00:00,True,ACTIVE,6450.59,False
MCH5489,NATH LTD,5311,False,Department Store,Individual,Jaipur,Rajasthan,2025-01-22 00:00:00,True,ACTIVE,3788.36,False
MCH4332,Varma PLC,5942,False,Books & Stationery,Individual,Mumbai,Maharashtra,2025-01-22 00:00:00,True,ACTIVE,229.07,False
MCH6984,wadhwa llc,5411,False,Grocery,Individual,Pune,Maharashtra,2025-01-23 00:00:00,True,ACTIVE,542.76,False
MCH2327,"Ganguly, Grover and Mutti",5999,False,Retail - Other,Sole Proprietorship,Jaipur,Rajasthan,2025-01-24 00:00:00,True,SUSPENDED,12565.25,False
MCH6594,Varkey-Bhatti,5411,False,Grocery,Partnership,Pune,Maharashtra,2025-01-24 23:13:22,True,ACTIVE,1271.0,False
MCH7810,Bail Inc,5942,False,Books & Stationery,Sole Proprietorship,Ludhiana,Punjab,2025-01-25 00:00:00,True,CLOSED,529.29,True
MCH7335,Keer-Goyal,5411,False,Grocery,Sole Proprietorship,Mumbai,Maharashtra,2025-01-25 13:25:00,True,ACTIVE,470.18,False
MCH8423,Balasubramanian and Sons,5411,False,Grocery,Private Limited,Mumbai,Maharashtra,2025-01-26 00:00:00,True,ACTIVE,1838.16,False
MCH7025,"Shanker, Bandi and Bala",5999,False,Retail - Other,Individual,Bengaluru,Karnataka,2025-01-26 00:00:00,True,ACTIVE,4575.03,False
MCH4477,"Ray, Agate and Som",4814,False,Telecom & Mobile,Partnership,Amritsar,Punjab,2025-01-27 15:16:06,True,ACTIVE,3504.19,False
MCH1345,Bhat Inc,5311,False,Department Store,Private Limited,Hyderabad,Telangana,2025-01-28 00:00:00,True,ACTIVE,1702.79,False
MCH7165,Kulkarni-Ramanathan,4814,False,Telecom & Mobile,Private Limited,Amritsar,Punjab,2025-01-28 00:00:00,True,ACTIVE,284.68,False
MCH4040,"Bahri, Solanki and Magar",5311,False,Department Store,Private Limited,Chennai,Tamil Nadu,2025-01-28 03:48:23,True,ACTIVE,1173.0,False
MCH3216,K0thari-Bhatia,5411,False,Grocery,Sole Proprietorship,Hyderabad,Telangana,2025-01-28 12:09:00,True,ACTIVE,1987.15,False
MCH9160,Som Ltd,4814,False,Telecom & Mobile,Partnership,Ludhiana,Punjab,2025-01-29 00:00:00,True,ACTIVE,722.22,False
MCH1050,Trivedi-Zachariah,5699,False,Apparel & Fashion,Sole Proprietorship,Jaipur,Rajasthan,2025-01-30 00:00:00,True,ACTIVE,2479.88,False
MCH2052,"Saraf, Maharaj and Kakar",5999,False,Retail - Other,Individual,Pune,Maharashtra,2025-01-30 00:00:00,True,ACTIVE,3476.81,False
MCH8965,bajaj ltd,5942,False,Books & Stationery,Individual,Chennai,Tamil Nadu,2025-01-30 07:02:00,True,ACTIVE,326.0,False
MCH9906,"Raj, Goda and Rastogi",5912,False,Pharmacy & Medical,Private Limited,Pune,Maharashtra,2025-01-31 00:00:00,True,ACTIVE,543.33,False
MCH9740,Jain and Sons,5812,False,Restaurants & Food Service,Individual,Jaipur,Rajasthan,2025-01-31 05:45:13,True,ACTIVE,1510.42,False
MCH4319,"Setty, Sarkar and Mahajan",5311,False,Retail - Other,Private Limited,Mumbai,Maharashtra,2025-02-01 00:00:00,True,ACTIVE,1351.02,False
MCH9855,Samra-Manda,4814,False,Telecom & Mobile,Private Limited,Chennai,Tamil Nadu,2025-02-01 00:00:00,True,ACTIVE,1167.22,False
MCH5361,"Baria,SantandMunshi",5942,False,Books & Stationery,Private Limited,Delhi,Delhi,2025-02-01 00:00:00,True,ACTIVE,1636.11,True
MCH8591,Dutta and Sons,5999,False,Retail - Other,Individual,Kolkata,West Bengal,2025-02-02 00:00:00,True,ACTIVE,2731.17,False
MCH7200,Madan PLC,5699,False,Apparel & Fashion,Individual,Delhi,Delhi,2025-02-03 00:00:00,True,ACTIVE,190.57,False
MCH9624,Brar-Chad,5311,False,Department Store,Individual,Amritsar,Punjab,2025-02-04 00:00:00,True,SUSPENDED,2595.66,False
MCH3689,"Palla, Gara and Malhotra",5942,False,Books & Stationery,Partnership,Bengaluru,Karnataka,2025-02-04 00:00:00,True,INACTIVE,1319.27,False
MCH9584,"Bhat, Shukla and Bajaj",5311,False,Department Store,Private Limited,Mumbai,Maharashtra,2025-02-04 10:04:43,True,CLOSED,4140.74,False
MCH7050,CHAND AND SONS,5912,False,Pharmacy & Medical,Private Limited,Bengaluru,Karnataka,2025-02-04 15:33:07,True,ACTIVE,781.34,False
MCH5955,"Rana, Mangat and De",4814,False,Telecom & Mobile,Sole Proprietorship,Kolkata,West Bengal,2025-02-05 00:00:00,True,ACTIVE,1491.64,False
MCH4225,Karnik LLC,5699,False,Apparel & Fashion,Individual,Ludhiana,Punjab,2025-02-05 13:25:31,True,ACTIVE,537.99,False
MCH7842,J0ha1 Ltd,5812,False,Restaurants & Food Service,Private Limited,Kolkata,West Bengal,2025-02-06 00:00:00,True,INACTIVE,1856.0,False
MCH6163,Raju and Sons,4131,False,Retail - Other,Individual,Ludhiana,Punjab,2025-02-06 00:00:00,True,ACTIVE,1659.71,False
MCH2766,Lalla Group,4131,False,Transportation & Travel,Private Limited,Jaipur,Rajasthan,2025-02-06 00:00:00,True,ACTIVE,2585.61,False
MCH8789,"Pingle,NadigandNarula",5812,False,Restaurants & Food Service,Individual,Ludhiana,Punjab,2025-02-07 00:00:00,True,ACTIVE,1463.08,True
MCH8910,Varkey Group,5912,False,Pharmacy & Medical,Individual,Ludhiana,Punjab,2025-02-07 02:32:41,True,ACTIVE,9929.86,False
MCH1016,"Mangat, Som and Deshmukh",5942,False,Books & Stationery,Individual,Pune,Maharashtra,2025-02-08 00:00:00,True,SUSPENDED,756.28,False
MCH1740,"Dhaliwal, Boase and Walla",7011,False,Hotel & Lodging,Partnership,Pune,Maharashtra,2025-02-09 00:00:00,True,ACTIVE,903.0,False
MCH5136,Thakur and Sons,4131,False,Retail - Other,Sole Proprietorship,Jaipur,Rajasthan,2025-02-10 00:00:00,True,BLOCKED,2681.3,False
MCH6882,"Thaker, Hans and Chandra",4131,False,Transportation & Travel,Private Limited,Lucknow,Uttar Pradesh,2025-02-10 06:27:51,True,INACTIVE,274.11,False
MCH3256,"Patil, Tripathi and Seshadri",5942,False,Books & Stationery,Partnership,Ludhiana,Punjab,2025-02-11 00:00:00,True,ACTIVE,4035.32,False
MCH5320,Ramaswamy-Sarma,4814,False,Telecom & Mobile,Sole Proprietorship,Hyderabad,Telangana,2025-02-11 02:58:00,True,ACTIVE,750.06,False
MCH8033,"Kala, Mahal and Dash",5311,False,Department Store,Individual,Hyderabad,Telangana,2025-02-12 00:00:00,True,SUSPENDED,1390.13,False
MCH5180,"Gaba, Chacko and Khatri",5699,False,Apparel & Fashion,Private Limited,Pune,Maharashtra,2025-02-12 00:00:00,True,ACTIVE,753.85,False
MCH7849,Lal-Wagle,5311,False,Department Store,Sole Proprietorship,Jaipur,Rajasthan,2025-02-12 16:31:00,True,ACTIVE,4061.65,False
MCH8730,"Bhasin, Mall and Sarraf",5999,False,Retail - Other,Private Limited,Jalandhar,Punjab,2025-02-13 00:00:00,True,ACTIVE,937.7,False
MCH6097,MANNAN PLC,5812,False,Restaurants & Food Service,Partnership,Lucknow,Uttar Pradesh,2025-02-13 00:39:51,True,ACTIVE,258.41,False
MCH5237,Deep-Raja,5999,False,Retail - Other,Individual,Mumbai,Maharashtra,2025-02-13 16:43:39,True,ACTIVE,986.24,False
MCH7146,Bali PLC,4814,False,Telecom & Mobile,Private Limited,Hyderabad,Telangana,2025-02-14 00:00:00,True,ACTIVE,8255.11,False
MCH8048,"kaul, master and deo",4814,False,Telecom & Mobile,Individual,Hyderabad,Telangana,2025-02-15 00:00:00,True,ACTIVE,2683.93,False
MCH6575,Sanghvi PLC,5942,False,Books & Stationery,Individual,Lucknow,Uttar Pradesh,2025-02-15 00:00:00,True,ACTIVE,819.0,False
MCH4382,modi-sengupta,5912,False,Pharmacy & Medical,Individual,Mumbai,Maharashtra,2025-02-15 00:00:00,True,ACTIVE,650.1,False
MCH1725,"Narayanan, Thaker and Sandhu",5999,False,Retail - Other,Partnership,Jaipur,Rajasthan,2025-02-15 04:37:51,True,ACTIVE,385.5,False
MCH8188,"ram, krish and pai",5999,False,Retail - Other,Partnership,Lucknow,Uttar Pradesh,2025-02-16 00:00:00,True,INACTIVE,734.28,False
MCH9311,"Dyal, Mohan and Patla",5942,False,Books & Stationery,Sole Proprietorship,Bengaluru,Karnataka,2025-02-16 00:00:00,True,ACTIVE,1774.56,False
MCH7604,"Varkey, Hayer and Ratti",5411,False,Grocery,Partnership,Chennai,Tamil Nadu,2025-02-17 00:00:00,True,ACTIVE,868.52,False
MCH8876,Rai LLC,4131,False,Transportation & Travel,Sole Proprietorship,Mumbai,Maharashtra,2025-02-17 00:00:00,True,ACTIVE,1825.17,False
MCH6116,KEER-SHUKLA,4131,False,Transportation & Travel,Individual,Delhi,Delhi,2025-02-18 00:00:00,True,ACTIVE,3651.0,False
MCH9121,Divan-Char,5942,False,Books & Stationery,Partnership,Amritsar,Punjab,2025-02-18 00:00:00,True,INACTIVE,339.98,True
MCH2601,"Mangal, Lalla and Desai",4131,False,Transportation & Travel,Private Limited,Ludhiana,Punjab,2025-02-19 00:00:00,True,ACTIVE,1601.46,False
MCH6030,"DHILLON, SUNDER AND SODHI",5999,False,Retail - Other,Partnership,Jaipur,Rajasthan,2025-02-19 00:00:00,True,ACTIVE,884.98,False
MCH1229,"Sen, Dewan and Tripathi",5942,False,Books & Stationery,Private Limited,Amritsar,Punjab,2025-02-19 00:00:00,True,ACTIVE,2028.74,False
MCH5162,Srinivas-Sule,5311,False,Retail - Other,Individual,Jaipur,Rajasthan,2025-02-20 00:00:00,True,ACTIVE,1145.33,False
MCH3900,Mand-Bedi,5812,False,Restaurants & Food Service,Private Limited,Kolkata,West Bengal,2025-02-20 00:00:00,True,ACTIVE,1036.74,False
MCH8601,CHAHAL-PAREKH,5812,False,Restaurants & Food Service,Private Limited,Amritsar,Punjab,2025-02-20 00:00:00,True,ACTIVE,600.58,True
MCH8082,Contractor and Sons,7011,False,Hotel & Lodging,Sole Proprietorship,Amritsar,Punjab,2025-02-20 00:00:00,True,ACTIVE,4480.58,False
MCH4051,Desai-Tank,5812,False,Restaurants & Food Service,Partnership,Lucknow,Uttar Pradesh,2025-02-21 00:00:00,True,ACTIVE,389.0,False
MCH7913,Khare Inc,5912,False,Pharmacy & Medical,Partnership,Pune,Maharashtra,2025-02-22 00:00:00,True,ACTIVE,1243.32,True
MCH4033,Kota PLC,5699,False,Apparel & Fashion,Individual,Ludhiana,Punjab,2025-02-23 00:33:29,True,ACTIVE,1305.4,True
MCH1380,Mahal-Khare,5999,False,Retail - Other,Private Limited,Mumbai,Maharashtra,2025-02-23 00:44:00,True,ACTIVE,3004.0,False
MCH2674,nair llc,4131,False,Retail - Other,Sole Proprietorship,Delhi,Delhi,2025-02-24 00:00:00,True,INACTIVE,396.74,True
MCH7387,Lad-Comar,5812,False,Restaurants & Food Service,Sole Proprietorship,Jalandhar,Punjab,2025-02-25 03:44:32,True,ACTIVE,4968.31,False
MCH3693,"Rajagopal, Savant and Ganesan",4814,False,Telecom & Mobile,Individual,Jalandhar,Punjab,2025-02-26 00:00:00,True,ACTIVE,893.17,False
MCH3888,"Gandhi, Cherian and Chhabra",4814,False,Telecom & Mobile,Partnership,Hyderabad,Telangana,2025-02-27 00:00:00,True,ACTIVE,1400.8,True
MCH7765,Dyal LLC,5812,False,Restaurants & Food Service,Individual,Amritsar,Punjab,2025-02-27 00:00:00,True,ACTIVE,3067.55,False
MCH6256,Rana-Walia,5812,False,Restaurants & Food Service,Sole Proprietorship,Ludhiana,Punjab,2025-02-27 00:00:00,True,INACTIVE,330.34,False
MCH5367,REDDY-CHAKRABORTY,5699,False,Apparel & Fashion,Sole Proprietorship,Mumbai,Maharashtra,2025-03-01 03:24:42,True,ACTIVE,1679.09,False
MCH3925,Buch-Zachariah,5999,False,Retail - Other,Partnership,Amritsar,Punjab,2025-03-01 20:26:00,True,ACTIVE,2071.12,True
MCH1375,"sahota, johal and shanker",5411,False,Grocery,Individual,Jalandhar,Punjab,2025-03-02 00:00:00,True,SUSPENDED,1836.94,False
MCH7013,"Batra,NarangandGala",5912,False,Pharmacy & Medical,Sole Proprietorship,Delhi,Delhi,2025-03-02 00:00:00,True,ACTIVE,2875.47,False
MCH3677,Toor and Sons,5912,False,Pharmacy & Medical,Sole Proprietorship,Amritsar,Punjab,2025-03-03 06:28:03,True,ACTIVE,4703.03,False
MCH9839,Natarajan-Keer,5812,False,Restaurants & Food Service,Individual,Delhi,Delhi,2025-03-03 12:00:05,True,ACTIVE,2189.15,False
MCH4927,mohan plc,5699,False,Apparel & Fashion,Individual,Jaipur,Rajasthan,2025-03-04 00:00:00,True,ACTIVE,1972.99,False
MCH6033,"Sama, Basak and Majumdar",5999,False,Retail - Other,Private Limited,Hyderabad,Telangana,2025-03-05 00:00:00,True,ACTIVE,365.0,False
MCH9319,Cherian and Sons,5699,False,Apparel & Fashion,Individual,Jaipur,Rajasthan,2025-03-07 00:00:00,True,ACTIVE,1697.03,False
MCH7225,APTE-WADHWA,5812,False,Restaurants & Food Service,Individual,Jalandhar,Punjab,2025-03-07 07:20:55,True,ACTIVE,5618.9,True
MCH8933,magar inc,7011,False,Hotel & Lodging,Sole Proprietorship,Lucknow,Uttar Pradesh,2025-03-08 00:00:00,True,ACTIVE,1568.46,False
MCH9565,Gaba LLC,5912,False,Pharmacy & Medical,Individual,Kolkata,West Bengal,2025-03-08 00:00:00,True,INACTIVE,715.93,False
MCH9114,Narayan-Kalita,5699,False,Apparel & Fashion,Individual,Bengaluru,Karnataka,2025-03-08 21:47:49,True,ACTIVE,2471.0,False
MCH8126,"SAXENA, MITRA AND CHADA",5912,False,Pharmacy & Medical,Individual,Lucknow,Uttar Pradesh,2025-03-12 00:00:00,True,SUSPENDED,844.44,False
MCH4511,"Walla, Kala and Devi",4131,False,Transportation & Travel,Sole Proprietorship,Hyderabad,Telangana,2025-03-12 00:00:00,True,ACTIVE,1448.32,False
MCH4765,madan-pandey,5699,False,Apparel & Fashion,Sole Proprietorship,Hyderabad,Telangana,2025-03-12 12:56:00,True,ACTIVE,1004.95,False
MCH2417,"Reddy, Patel and Manda",5912,False,Pharmacy & Medical,Individual,Bengaluru,Karnataka,2025-03-13 00:00:00,True,ACTIVE,1553.29,False
MCH3990,Dey-Chaudhari,5912,False,Pharmacy & Medical,Individual,Chennai,Tamil Nadu,2025-03-14 00:00:00,True,ACTIVE,1780.37,True
MCH3591,"Panchal, Balasubramanian and Dey",5942,False,Books & Stationery,Private Limited,Kolkata,West Bengal,2025-03-15 00:00:00,True,ACTIVE,2193.61,False
MCH1722,Patel-Warrior,7011,False,Hotel & Lodging,Individual,Kolkata,West Bengal,2025-03-15 00:00:00,True,ACTIVE,420.0,False
MCH2020,Prabhu-Kar,5699,False,Apparel & Fashion,Private Limited,Jalandhar,Punjab,2025-03-15 21:17:00,True,SUSPENDED,2649.5,False
MCH7201,"patil, mahajan and issac",5999,False,Retail - Other,Private Limited,Mumbai,Maharashtra,2025-03-16 00:00:00,True,ACTIVE,282.54,False
MCH5043,"Chakraborty, Gour and Kothari",4131,False,Transportation & Travel,Private Limited,Kolkata,West Bengal,2025-03-17 00:00:00,True,INACTIVE,614.63,False
MCH4701,Bhagat and Sons,4131,False,Transportation & Travel,Individual,Hyderabad,Telangana,2025-03-17 00:00:00,True,ACTIVE,493.82,False
MCH4859,VASA-RAJU,5812,False,Restaurants & Food Service,Sole Proprietorship,Hyderabad,Telangana,2025-03-17 02:59:45,True,ACTIVE,214.0,False
MCH2016,"Amble, Yadav and Dube",5999,False,Retail - Other,Partnership,Kolkata,West Bengal,2025-03-18 00:00:00,True,SUSPENDED,10324.69,False
MCH5280,Mani-Chada,4131,False,Retail - Other,Sole Proprietorship,Chennai,Tamil Nadu,2025-03-18 00:00:00,True,ACTIVE,1112.24,False
MCH2623,"Oak, Nadig and Doshi",5411,False,Grocery,Sole Proprietorship,Jalandhar,Punjab,2025-03-18 11:32:41,True,ACTIVE,1380.47,False
MCH8325,Sarin Inc,5999,False,Retail - Other,Individual,Amritsar,Punjab,2025-03-19 00:00:00,True,ACTIVE,1640.03,False
MCH3959,"Kant, Goel and Pradhan",5999,False,Retail - Other,Individual,Hyderabad,Telangana,2025-03-19 00:00:00,True,ACTIVE,1214.73,False
MCH3748,Bedi-Cherian,5311,False,Retail - Other,Individual,Mumbai,Maharashtra,2025-03-19 00:00:00,True,SUSPENDED,1343.58,False
MCH2634,"KARNIK, BAINS AND RATTI",5311,False,Retail - Other,Individual,Bengaluru,Karnataka,2025-03-20 07:33:00,True,ACTIVE,581.71,False
MCH6162,"Naik, Kade and Singh",4131,False,Retail - Other,Partnership,Amritsar,Punjab,2025-03-21 00:00:00,True,ACTIVE,2176.24,False
MCH2608,"Loyal, Ghosh and Gaba",5999,False,Retail - Other,Individual,Hyderabad,Telangana,2025-03-21 00:00:00,True,ACTIVE,869.47,False
MCH3787,"Boase, Mand and Khatri",5411,False,Grocery,Partnership,Pune,Maharashtra,2025-03-21 00:49:00,True,ACTIVE,1436.68,False
MCH5154,Bhargava-Dey,5912,False,Pharmacy & Medical,Partnership,Jalandhar,Punjab,2025-03-22 00:00:00,True,ACTIVE,861.82,False
MCH8129,"Devan, Ramesh and 0ak",5311,False,Department Store,Individual,Kolkata,West Bengal,2025-03-22 13:11:16,True,ACTIVE,2940.0,False
MCH3837,"Balakrishnan, Mane and Ranganathan",5812,False,Restaurants & Food Service,Partnership,Delhi,Delhi,2025-03-22 23:37:10,True,ACTIVE,866.44,False
MCH7144,"char, kapadia and palla",5999,False,Retail - Other,Private Limited,Mumbai,Maharashtra,2025-03-23 00:00:00,True,INACTIVE,4555.85,False
MCH3388,"Ha1der, Chander and Krishnamurthy",5311,False,Department Store,Individual,Ludhiana,Punjab,2025-03-23 00:51:00,True,INACTIVE,447.14,False
MCH7105,"Banerjee, Kurian and Bhatt",5699,False,Apparel & Fashion,Sole Proprietorship,Amritsar,Punjab,2025-03-24 02:31:11,True,ACTIVE,265.52,False
MCH3264,"Narayanan, Krishnan and Bail",5411,False,Grocery,Sole Proprietorship,Jaipur,Rajasthan,2025-03-25 00:00:00,True,ACTIVE,3885.91,False
MCH5414,bhandari ltd,7011,False,Hotel & Lodging,Private Limited,Delhi,Delhi,2025-03-26 00:00:00,True,ACTIVE,155.88,False
MCH8018,Lad PLC,5411,False,Grocery,Private Limited,Kolkata,West Bengal,2025-03-27 00:00:00,True,ACTIVE,655.7,False
MCH8614,Singhal Group,5912,False,Pharmacy & Medical,Sole Proprietorship,Bengaluru,Karnataka,2025-03-27 00:00:00,True,ACTIVE,4570.35,False
MCH1311,"Dugal, Munshi and Kunda",4814,False,Telecom & Mobile,Individual,Jaipur,Rajasthan,2025-03-27 21:22:00,True,ACTIVE,1605.92,False
MCH4024,Choudhury Ltd,5999,False,Retail - Other,Individual,Ludhiana,Punjab,2025-03-28 00:00:00,True,ACTIVE,2449.8,True
MCH1328,Buch and Sons,7011,False,Hotel & Lodging,Sole Proprietorship,Chennai,Tamil Nadu,2025-03-28 00:00:00,True,ACTIVE,711.0,False
MCH1469,"CHOUDHURY, JANI AND RAMASWAMY",5942,False,Books & Stationery,Sole Proprietorship,Bengaluru,Karnataka,2025-03-28 00:00:00,True,ACTIVE,416.0,False
MCH6366,"hora, edwin and zacharia",4814,False,Telecom & Mobile,Sole Proprietorship,Ludhiana,Punjab,2025-03-29 00:00:00,True,ACTIVE,780.59,False
MCH3793,"Sankar, Parsa and Shere",7011,False,Hotel & Lodging,Sole Proprietorship,Ludhiana,Punjab,2025-03-30 00:00:00,True,ACTIVE,6906.85,False
MCH6351,Mahal-Padmanabhan,5812,False,Restaurants & Food Service,Partnership,Bengaluru,Karnataka,2025-03-30 00:00:00,True,ACTIVE,3129.06,False
MCH6822,"Sankar, Deol and Goswami",4814,False,Telecom & Mobile,Sole Proprietorship,Jaipur,Rajasthan,2025-03-31 00:00:00,True,CLOSED,1194.99,True
MCH6206,"Sanghvi, Dugar and Rajagopal",4814,False,Telecom & Mobile,Individual,Chennai,Tamil Nadu,2025-03-31 00:00:00,True,ACTIVE,683.76,False
MCH8744,Prashad LLC,5942,False,Books & Stationery,Individual,Jalandhar,Punjab,2025-03-31 16:57:30,True,ACTIVE,3282.54,False
MCH2676,Subramanian Inc,5912,False,Pharmacy & Medical,Partnership,Kolkata,West Bengal,2025-04-01 00:00:00,True,ACTIVE,1679.3,False
MCH3700,"Sinha, Purohit and Shetty",5912,False,Pharmacy & Medical,Individual,Bengaluru,Karnataka,2025-04-01 00:00:00,True,INACTIVE,1238.03,False
MCH6355,Dutt PLC,5699,False,Apparel & Fashion,Private Limited,Bengaluru,Karnataka,2025-04-01 04:52:41,True,ACTIVE,495.94,False
MCH3613,LAD-CHACKO,4814,False,Telecom & Mobile,Private Limited,Jaipur,Rajasthan,2025-04-02 00:00:00,True,ACTIVE,466.16,False
MCH9827,Chaudry and Sons,5311,False,Department Store,Private Limited,Bengaluru,Karnataka,2025-04-02 00:00:00,True,ACTIVE,1686.75,False
MCH8633,Pillai-Lata,5912,False,Pharmacy & Medical,Individual,Amritsar,Punjab,2025-04-02 00:00:00,True,ACTIVE,1325.55,False
MCH4439,DESHPANDE LTD,5812,False,Restaurants & Food Service,Partnership,Bengaluru,Karnataka,2025-04-02 00:00:00,True,ACTIVE,917.66,True
MCH4614,BADAMI LLC,5942,False,Books & Stationery,Partnership,Jaipur,Rajasthan,2025-04-02 17:40:30,True,ACTIVE,4687.53,False
MCH7843,Rastogi-Das,5812,False,Restaurants & Food Service,Partnership,Amritsar,Punjab,2025-04-03 00:00:00,True,ACTIVE,1274.89,True
MCH6870,Basak Group,4814,False,Telecom & Mobile,Sole Proprietorship,Pune,Maharashtra,2025-04-03 00:00:00,True,ACTIVE,2497.95,False
MCH6543,Goswami-Ray,5699,False,Apparel & Fashion,Partnership,Chennai,Tamil Nadu,2025-04-04 00:00:00,True,ACTIVE,2501.19,False
MCH3163,Majumdar-Minhas,5999,False,Retail - Other,Sole Proprietorship,Chennai,Tamil Nadu,2025-04-05 12:08:30,True,SUSPENDED,2179.72,False
MCH1216,Mani Ltd,5999,False,Retail - Other,Sole Proprietorship,Amritsar,Punjab,2025-04-05 19:50:02,True,ACTIVE,228.0,False
MCH5404,Cherian Group,7011,False,Hotel & Lodging,Sole Proprietorship,Pune,Maharashtra,2025-04-05 21:50:56,True,ACTIVE,1440.0,False
MCH2693,Tandon-Kaur,5311,False,Retail - Other,Individual,Chennai,Tamil Nadu,2025-04-06 00:00:00,True,ACTIVE,1966.59,False
MCH4841,"Soman, Chhabra and Rau",5812,False,Restaurants & Food Service,Individual,Hyderabad,Telangana,2025-04-06 00:00:00,True,ACTIVE,611.25,False
MCH2788,"Dash, Mallick and Sachdev",5812,False,Restaurants & Food Service,Individual,Bengaluru,Karnataka,2025-04-06 04:08:29,True,ACTIVE,3989.94,False
MCH9749,"Vasa, Jha and Babu",7011,False,Hotel & Lodging,Sole Proprietorship,Chennai,Tamil Nadu,2025-04-08 00:00:00,True,ACTIVE,276.87,False
MCH8835,"Natarajan, Hegde and Varughese",5999,False,Retail - Other,Sole Proprietorship,Mumbai,Maharashtra,2025-04-08 15:21:00,True,ACTIVE,523.96,False
MCH2575,Rast0gi-Verma,5912,False,Pharmacy & Medical,Individual,Pune,Maharashtra,2025-04-09 16:48:12,True,ACTIVE,549.08,False
MCH5151,Sachar-Lad,4131,False,Transportation & Travel,Partnership,Mumbai,Maharashtra,2025-04-09 22:00:45,True,ACTIVE,703.87,False
MCH5776,Varma-Bahri,5699,False,Apparel & Fashion,Individual,Mumbai,Maharashtra,2025-04-10 00:00:00,True,INACTIVE,807.85,False
MCH8210,"Dave, Bath and Cherian",4131,False,Transportation & Travel,Sole Proprietorship,Hyderabad,Telangana,2025-04-10 00:00:00,True,ACTIVE,3204.47,False
MCH9702,Ranganathan-Madan,7011,False,Hotel & Lodging,Individual,Hyderabad,Telangana,2025-04-10 00:00:00,True,ACTIVE,1980.13,False
MCH3568,"CHOUDHURY, TRIVEDI AND BHATNAGAR",5311,False,Department Store,Private Limited,Ludhiana,Punjab,2025-04-10 00:00:00,True,ACTIVE,1208.3,False
MCH6950,"Bal, Swaminathan and Desai",5912,False,Pharmacy & Medical,Partnership,Jaipur,Rajasthan,2025-04-10 00:08:00,True,ACTIVE,1101.05,False
MCH4815,"KARAN, BHATTACHARYYA AND SARAN",5912,False,Pharmacy & Medical,Private Limited,Kolkata,West Bengal,2025-04-10 08:18:32,True,ACTIVE,1152.86,False
MCH5383,ray-dara,7011,False,Hotel & Lodging,Private Limited,Delhi,Delhi,2025-04-11 00:00:00,True,ACTIVE,2541.0,False
MCH9690,Bai1-Sarin,7011,False,Hotel & Lodging,Partnership,Amritsar,Punjab,2025-04-11 17:06:00,True,ACTIVE,3320.22,False
MCH5113,Mani-Buch,5699,False,Apparel & Fashion,Partnership,Pune,Maharashtra,2025-04-11 22:11:00,True,ACTIVE,2132.66,False
MCH4021,"BALAKRISHNAN, MISTRY AND VIG",5912,False,Pharmacy & Medical,Individual,Hyderabad,Telangana,2025-04-12 00:00:00,True,ACTIVE,1395.91,False
MCH9203,PATEL-BHASIN,7011,False,Hotel & Lodging,Partnership,Delhi,Delhi,2025-04-14 00:00:00,True,ACTIVE,1305.76,False
MCH8436,Sagar PLC,5999,False,Retail - Other,Sole Proprietorship,Pune,Maharashtra,2025-04-14 00:00:00,True,ACTIVE,642.69,False
MCH4917,"Bhat, Saha and Wable",4131,False,Transportation & Travel,Private Limited,Jaipur,Rajasthan,2025-04-14 00:00:00,True,ACTIVE,6159.51,False
MCH7885,Sura LLC,5699,False,Apparel & Fashion,Partnership,Lucknow,Uttar Pradesh,2025-04-15 09:52:00,True,ACTIVE,2999.12,False
MCH2459,Gala and Sons,4131,False,Transportation & Travel,Sole Proprietorship,Jaipur,Rajasthan,2025-04-16 00:00:00,True,ACTIVE,789.05,False
MCH4180,"Iyer, Saha and Kumar",7011,False,Hotel & Lodging,Partnership,Lucknow,Uttar Pradesh,2025-04-16 00:00:00,True,ACTIVE,3864.5,False
MCH8638,ramanathan-apte,5942,False,Books & Stationery,Partnership,Chennai,Tamil Nadu,2025-04-16 00:00:00,True,ACTIVE,985.8,False
MCH6440,Taneja-Mahajan,5311,False,Department Store,Individual,Jalandhar,Punjab,2025-04-17 00:00:00,True,ACTIVE,6682.66,False
MCH2087,DUBEY-DOCTOR,5999,False,Retail - Other,Individual,Amritsar,Punjab,2025-04-17 00:00:00,True,ACTIVE,4751.6,False
MCH2266,Natarajan and Sons,5912,False,Pharmacy & Medical,Individual,Chennai,Tamil Nadu,2025-04-17 01:53:35,True,ACTIVE,447.78,False
MCH9342,Dua-Lala,5999,False,Retail - Other,Sole Proprietorship,Bengaluru,Karnataka,2025-04-17 11:33:00,True,SUSPENDED,1698.37,False
MCH9424,Sur-Bajaj,5311,False,Department Store,Sole Proprietorship,Bengaluru,Karnataka,2025-04-18 00:00:00,True,ACTIVE,1902.79,False
MCH6600,raju inc,7011,False,Hotel & Lodging,Individual,Bengaluru,Karnataka,2025-04-18 00:00:00,True,ACTIVE,484.58,False
MCH2564,Bumb and Sons,7011,False,Hotel & Lodging,Private Limited,Hyderabad,Telangana,2025-04-18 00:00:00,True,ACTIVE,1155.71,False
MCH3371,Raju Inc,4131,False,Transportation & Travel,Partnership,Hyderabad,Telangana,2025-04-19 05:25:00,True,ACTIVE,4057.11,False
MCH1032,Manda-Hayer,7011,False,Hotel & Lodging,Partnership,Amritsar,Punjab,2025-04-20 00:00:00,True,ACTIVE,674.56,False
MCH3298,"kurian, sheth and bains",5699,False,Apparel & Fashion,Individual,Delhi,Delhi,2025-04-20 00:00:00,True,ACTIVE,3789.0,False
MCH7932,SETHI LTD,4814,False,Telecom & Mobile,Private Limited,Bengaluru,Karnataka,2025-04-20 22:28:00,True,ACTIVE,4410.18,False
MCH6025,Rege-Bali,4131,False,Transportation & Travel,Individual,Bengaluru,Karnataka,2025-04-21 00:00:00,True,INACTIVE,2516.42,False
MCH1084,Krishnamurthy Inc,5999,False,Retail - Other,Private Limited,Jalandhar,Punjab,2025-04-21 00:00:00,True,ACTIVE,4469.21,False
MCH2583,Gole-Prabhakar,4814,False,Telecom & Mobile,Private Limited,Bengaluru,Karnataka,2025-04-21 00:00:00,True,ACTIVE,323.0,False
MCH4947,M0han-Sah0ta,4131,False,Transportation & Travel,Individual,Mumbai,Maharashtra,2025-04-22 00:00:00,True,ACTIVE,1906.18,False
MCH2817,"hayre, ramesh and parikh",4814,False,Telecom & Mobile,Individual,Kolkata,West Bengal,2025-04-23 01:57:00,True,ACTIVE,1790.3,False
MCH9074,Sa1vi-Tata,7011,False,Hotel & Lodging,Partnership,Chennai,Tamil Nadu,2025-04-24 00:00:00,True,ACTIVE,1227.0,False
MCH7900,Basu-Sami,4131,False,Transportation & Travel,Individual,Delhi,Delhi,2025-04-24 00:00:00,True,ACTIVE,1035.61,False
MCH5531,"Dhingra, Sangha and Sidhu",5411,False,Grocery,Partnership,Mumbai,Maharashtra,2025-04-25 00:00:00,True,INACTIVE,414.79,True
MCH3690,Aurora Inc,4131,False,Transportation & Travel,Partnership,Bengaluru,Karnataka,2025-04-26 00:00:00,True,ACTIVE,915.55,False
MCH9834,Handa-Chaudhari,5411,False,Grocery,Private Limited,Lucknow,Uttar Pradesh,2025-04-27 00:00:00,True,ACTIVE,3989.9,False
MCH9175,BHATT LTD,7011,False,Hotel & Lodging,Sole Proprietorship,Bengaluru,Karnataka,2025-04-27 18:17:00,True,ACTIVE,567.73,False
MCH3554,"Chowdhury, Mann and Mitter",4131,False,Transportation & Travel,Individual,Jalandhar,Punjab,2025-04-27 19:48:07,True,ACTIVE,893.92,False
MCH1298,"Raghavan,ReddyandSangha",5942,False,Books & Stationery,Sole Proprietorship,Hyderabad,Telangana,2025-04-28 00:00:00,True,ACTIVE,364.92,False
MCH5483,Khare Inc,5311,False,Retail - Other,Sole Proprietorship,Jalandhar,Punjab,2025-04-28 14:52:17,True,ACTIVE,827.39,False
MCH8146,Bath-Purohit,5942,False,Books & Stationery,Sole Proprietorship,Delhi,Delhi,2025-04-28 17:40:46,True,ACTIVE,5566.64,False
MCH3070,Agate-Chopra,5411,False,Grocery,Sole Proprietorship,Mumbai,Maharashtra,2025-04-29 00:00:00,True,ACTIVE,1355.0,False
MCH2346,Palla-Mannan,5699,False,Apparel & Fashion,Partnership,Chennai,Tamil Nadu,2025-04-29 00:00:00,True,ACTIVE,468.76,False
MCH1977,Mukherjee-Menon,5311,False,Department Store,Partnership,Hyderabad,Telangana,2025-04-29 03:02:42,True,ACTIVE,4221.17,False
MCH7653,Mishra LLC,5699,False,Apparel & Fashion,Individual,Jalandhar,Punjab,2025-04-30 00:00:00,True,ACTIVE,7064.16,False
MCH1083,Chaudhry-Bhat,5812,False,Restaurants & Food Service,Sole Proprietorship,Jalandhar,Punjab,2025-04-30 00:00:00,True,INACTIVE,730.39,False
MCH1358,Bhatia-Sekhon,5942,False,Books & Stationery,Private Limited,Jaipur,Rajasthan,2025-05-01 00:00:00,True,ACTIVE,1421.8,False
MCH2445,"Vohra, Gill and Saini",5311,False,Department Store,Individual,Jaipur,Rajasthan,2025-05-01 00:00:00,True,INACTIVE,887.98,False
MCH7636,BIR PLC,5699,False,Apparel & Fashion,Sole Proprietorship,Jalandhar,Punjab,2025-05-03 00:00:00,True,ACTIVE,178.0,False
MCH2772,Rajagopalan-Lal,5699,False,Apparel & Fashion,Partnership,Jalandhar,Punjab,2025-05-03 00:00:00,True,SUSPENDED,594.07,False
MCH9821,Natt-Kibe,5699,False,Apparel & Fashion,Private Limited,Chennai,Tamil Nadu,2025-05-03 00:00:00,True,ACTIVE,4072.48,False
MCH5037,Chadha LLC,5311,False,Department Store,Private Limited,Jaipur,Rajasthan,2025-05-03 00:00:00,True,ACTIVE,5536.23,True
MCH4115,"Bandi, Rau and Hayre",4131,False,Transportation & Travel,Sole Proprietorship,Jaipur,Rajasthan,2025-05-03 00:00:00,True,SUSPENDED,748.37,False
MCH7332,"Mutti, Reddy and Guha",5311,False,Department Store,Private Limited,Kolkata,West Bengal,2025-05-04 00:00:00,True,ACTIVE,1708.81,False
MCH2799,KADAKIA-NAYAK,5812,False,Restaurants & Food Service,Sole Proprietorship,Delhi,Delhi,2025-05-04 23:51:09,True,ACTIVE,249.35,True
MCH6839,VARUGHESE LLC,5912,False,Pharmacy & Medical,Individual,Jaipur,Rajasthan,2025-05-05 00:00:00,True,ACTIVE,1354.0,False
MCH4716,Ahuja-Konda,5411,False,Grocery,Private Limited,Hyderabad,Telangana,2025-05-05 09:10:35,True,ACTIVE,1206.68,False
MCH8504,Kohli PLC,5411,False,Grocery,Sole Proprietorship,Chennai,Tamil Nadu,2025-05-05 19:30:15,True,ACTIVE,977.26,False
MCH7829,Hora Ltd,4131,False,Transportation & Travel,Partnership,Jaipur,Rajasthan,2025-05-06 00:00:00,True,ACTIVE,422.0,False
MCH7685,"Badal, Khurana and Bansal",5311,False,Department Store,Individual,Jalandhar,Punjab,2025-05-06 00:19:28,True,INACTIVE,3304.25,True
MCH5983,"Morar, Memon and Kala",5311,False,Department Store,Sole Proprietorship,Pune,Maharashtra,2025-05-06 09:44:28,True,ACTIVE,306.11,True
MCH3856,"Sankaran, Anne and Buch",5812,False,Restaurants & Food Service,Individual,Kolkata,West Bengal,2025-05-06 17:56:20,True,ACTIVE,454.0,False
MCH6892,Chacko-Gaba,5912,False,Pharmacy & Medical,Sole Proprietorship,Bengaluru,Karnataka,2025-05-07 00:00:00,True,ACTIVE,684.73,False
MCH2149,"Doctor, Varughese and Hans",5942,False,Books & Stationery,Individual,Bengaluru,Karnataka,2025-05-07 00:00:00,True,ACTIVE,3778.33,False
MCH3504,"Ram, Dora and Bhatti",5942,False,Books & Stationery,Individual,Pune,Maharashtra,2025-05-08 00:00:00,True,INACTIVE,520.17,False
MCH5644,Prabhu-Chaudhry,5699,False,Apparel & Fashion,Individual,Hyderabad,Telangana,2025-05-09 20:50:00,True,ACTIVE,2643.86,True
MCH9957,"Chatterjee, Goda and Saraf",4814,False,Telecom & Mobile,Sole Proprietorship,Ludhiana,Punjab,2025-05-10 05:24:35,True,ACTIVE,533.81,False
MCH4531,bail-ramachandran,4814,False,Telecom & Mobile,Private Limited,Jaipur,Rajasthan,2025-05-11 18:13:55,True,ACTIVE,597.69,False
MCH4496,"Shroff,AhujaandKumar",4814,False,Telecom & Mobile,Partnership,Amritsar,Punjab,2025-05-11 18:25:00,True,ACTIVE,497.26,True
MCH8517,"Bandi, Bir and Buch",5912,False,Pharmacy & Medical,Individual,Delhi,Delhi,2025-05-12 00:00:00,True,ACTIVE,2544.34,False
MCH7311,Jhaveri-Hans,7011,False,Hotel & Lodging,Sole Proprietorship,Mumbai,Maharashtra,2025-05-12 00:00:00,True,ACTIVE,1009.0,False
MCH7701,Ravel-Lala,5411,False,Grocery,Private Limited,Ludhiana,Punjab,2025-05-12 05:37:27,True,ACTIVE,1411.44,False
MCH4047,KAUL-BARAD,5311,False,Department Store,Sole Proprietorship,Mumbai,Maharashtra,2025-05-13 00:00:00,True,ACTIVE,986.5,False
MCH2179,Prakash Inc,5411,False,Grocery,Partnership,Jalandhar,Punjab,2025-05-14 00:00:00,True,ACTIVE,5901.01,False
MCH7118,Chaudhry Ltd,5311,False,Retail - Other,Sole Proprietorship,Hyderabad,Telangana,2025-05-15 00:00:00,True,ACTIVE,6144.18,False
MCH8869,Tella-Roy,5912,False,Pharmacy & Medical,Sole Proprietorship,Ludhiana,Punjab,2025-05-17 00:00:00,True,ACTIVE,618.72,False
MCH7726,Modi Ltd,5311,False,Department Store,Individual,Lucknow,Uttar Pradesh,2025-05-17 15:11:06,True,ACTIVE,1955.14,False
MCH4643,Barad and Sons,5942,False,Books & Stationery,Individual,Ludhiana,Punjab,2025-05-18 00:00:00,True,BLOCKED,3490.79,False
MCH5159,"Boase, Nadkarni and Kala",4131,False,Retail - Other,Private Limited,Jaipur,Rajasthan,2025-05-18 00:00:00,True,ACTIVE,214.1,False
MCH3263,SARNA-CHAUHAN,5812,False,Restaurants & Food Service,Sole Proprietorship,Lucknow,Uttar Pradesh,2025-05-18 00:00:00,True,ACTIVE,2348.1,False
MCH4469,mane and sons,4131,False,Transportation & Travel,Partnership,Hyderabad,Telangana,2025-05-18 16:24:00,True,ACTIVE,1447.11,False
MCH9083,"Gera, Varghese and Karpe",5311,False,Department Store,Private Limited,Jaipur,Rajasthan,2025-05-19 00:31:00,True,ACTIVE,3755.09,False
MCH9778,"chandra, subramanian and borde",5942,False,Books & Stationery,Private Limited,Bengaluru,Karnataka,2025-05-20 15:00:27,True,ACTIVE,2313.1,False
MCH6113,"Shen0y, Kapadia and Pradhan",5942,False,Books & Stationery,Individual,Amritsar,Punjab,2025-05-21 01:21:00,True,ACTIVE,8727.62,False
MCH6837,"Wali, Upadhyay and Shukla",5411,False,Grocery,Sole Proprietorship,Hyderabad,Telangana,2025-05-22 00:00:00,True,SUSPENDED,413.96,True
MCH4228,"SINGHAL, BHASIN AND KAUL",5699,False,Apparel & Fashion,Private Limited,Amritsar,Punjab,2025-05-23 00:00:00,True,ACTIVE,896.57,False
MCH6803,Babu-Aggarwal,5942,False,Books & Stationery,Partnership,Pune,Maharashtra,2025-05-24 00:00:00,True,ACTIVE,2653.94,False
MCH6180,Thakur and Sons,5699,False,Apparel & Fashion,Private Limited,Lucknow,Uttar Pradesh,2025-05-24 02:59:23,True,ACTIVE,699.96,False
MCH7038,Mannan-Singh,5942,False,Books & Stationery,Individual,Bengaluru,Karnataka,2025-05-25 00:00:00,True,CLOSED,620.0,False
MCH1081,Mistry Group,5812,False,Restaurants & Food Service,Private Limited,Mumbai,Maharashtra,2025-05-27 00:00:00,True,ACTIVE,2299.04,False
MCH2797,Sandhu-Singh,7011,False,Hotel & Lodging,Partnership,Bengaluru,Karnataka,2025-05-27 00:00:00,True,ACTIVE,1083.54,False
MCH7790,Barman-Roy,5942,False,Books & Stationery,Sole Proprietorship,Chennai,Tamil Nadu,2025-05-28 00:00:00,True,ACTIVE,1525.46,False
MCH6947,Sen LLC,5912,False,Pharmacy & Medical,Individual,Hyderabad,Telangana,2025-05-29 00:00:00,True,ACTIVE,820.37,False
MCH7126,"Shankar, Dave and Mahajan",4131,False,Transportation & Travel,Individual,Pune,Maharashtra,2025-05-29 00:00:00,True,ACTIVE,2564.94,False
MCH1908,"RAGHAVAN, BADAMI AND MANI",5942,False,Books & Stationery,Partnership,Kolkata,West Bengal,2025-05-29 11:41:39,True,ACTIVE,856.0,False
MCH1656,Dhar PLC,5311,False,Department Store,Partnership,Amritsar,Punjab,2025-05-29 22:52:00,True,ACTIVE,2992.0,False
MCH3574,Sodhi-Shan,4131,False,Transportation & Travel,Partnership,Pune,Maharashtra,2025-05-31 00:00:00,True,INACTIVE,4407.0,False
MCH5921,Saraf-Saraf,7011,False,Hotel & Lodging,Individual,Jaipur,Rajasthan,2025-05-31 15:14:51,True,INACTIVE,352.95,False
MCH7519,"Sarkar, Garg and Kumar",4131,False,Retail - Other,Partnership,Lucknow,Uttar Pradesh,2025-06-01 00:00:00,True,INACTIVE,771.94,False
MCH9463,Boase and Sons,5942,False,Books & Stationery,Private Limited,Amritsar,Punjab,2025-06-01 16:04:50,True,ACTIVE,835.0,False
MCH1713,Dubey Inc,5812,False,Restaurants & Food Service,Sole Proprietorship,Kolkata,West Bengal,2025-06-02 00:00:00,True,ACTIVE,1132.0,False
MCH2956,"wali, khatri and mistry",4814,False,Telecom & Mobile,Sole Proprietorship,Lucknow,Uttar Pradesh,2025-06-02 00:00:00,True,INACTIVE,4934.63,False
MCH7832,"Sodhi, Venkataraman and Kohli",5999,False,Retail - Other,Individual,Delhi,Delhi,2025-06-02 00:45:12,True,ACTIVE,4116.49,False
MCH4605,BARAD PLC,5942,False,Books & Stationery,Sole Proprietorship,Pune,Maharashtra,2025-06-02 22:03:20,True,ACTIVE,5165.18,False
MCH2818,Sibal Inc,5411,False,Grocery,Sole Proprietorship,Jalandhar,Punjab,2025-06-03 00:00:00,True,ACTIVE,600.04,False
MCH8187,"Chada, Mammen and Lanka",4131,False,Transportation & Travel,Sole Proprietorship,Ludhiana,Punjab,2025-06-03 00:00:00,True,ACTIVE,671.0,False
MCH5805,natarajan-walla,4131,False,Retail - Other,Partnership,Ludhiana,Punjab,2025-06-03 12:56:57,True,ACTIVE,449.15,False
MCH4699,Setty Inc,7011,False,Hotel & Lodging,Private Limited,Pune,Maharashtra,2025-06-04 00:00:00,True,ACTIVE,632.27,False
MCH2021,Shenoy-Wable,5912,False,Pharmacy & Medical,Sole Proprietorship,Delhi,Delhi,2025-06-05 00:00:00,True,ACTIVE,2287.51,False
MCH3415,Keer Inc,5812,False,Restaurants & Food Service,Sole Proprietorship,Chennai,Tamil Nadu,2025-06-05 05:53:37,True,ACTIVE,184.25,True
MCH5646,badal-anand,4814,False,Telecom & Mobile,Private Limited,Mumbai,Maharashtra,2025-06-05 23:31:00,True,ACTIVE,4606.04,False
MCH8855,"Rau, Dua and Nadkarni",5411,False,Grocery,Private Limited,Ludhiana,Punjab,2025-06-06 02:15:00,True,ACTIVE,2893.79,False
MCH9623,Subramanian LLC,5912,False,Pharmacy & Medical,Individual,Hyderabad,Telangana,2025-06-07 00:00:00,True,ACTIVE,1226.76,False
MCH9559,Randhawa-Mody,5699,False,Apparel & Fashion,Sole Proprietorship,Amritsar,Punjab,2025-06-08 00:00:00,True,INACTIVE,543.84,False
MCH8068,Narula-Nadkarni,4131,False,Transportation & Travel,Private Limited,Bengaluru,Karnataka,2025-06-08 09:19:38,True,ACTIVE,452.45,True
MCH3649,"Jain, Sama and Sarma",5999,False,Retail - Other,Partnership,Mumbai,Maharashtra,2025-06-08 21:51:00,True,ACTIVE,671.85,False
MCH7239,Tata-Hayer,7011,False,Hotel & Lodging,Individual,Chennai,Tamil Nadu,2025-06-09 00:00:00,True,ACTIVE,1929.61,False
MCH8672,"Ganguly, Sarin and Merchant",5311,False,Retail - Other,Individual,Jalandhar,Punjab,2025-06-09 00:00:00,True,INACTIVE,1816.05,False
MCH3014,Nagarajan-Bandi,5311,False,Retail - Other,Individual,Delhi,Delhi,2025-06-09 00:00:00,True,ACTIVE,3013.17,False
MCH6064,"Wable, Virk and Gaba",5812,False,Restaurants & Food Service,Private Limited,Amritsar,Punjab,2025-06-09 01:56:12,True,ACTIVE,5256.61,False
MCH6844,"bedi, gill and dube",7011,False,Hotel & Lodging,Partnership,Kolkata,West Bengal,2025-06-11 00:00:00,True,ACTIVE,713.58,False
MCH5084,Doshi LLC,5942,False,Books & Stationery,Individual,Jalandhar,Punjab,2025-06-11 20:48:00,True,ACTIVE,182.0,False
MCH8425,"Bhatnagar,ComarandHans",7011,False,Hotel & Lodging,Individual,Jalandhar,Punjab,2025-06-12 00:00:00,True,ACTIVE,637.53,False
MCH8358,Tripathi-Borah,5912,False,Pharmacy & Medical,Private Limited,Kolkata,West Bengal,2025-06-12 00:00:00,True,ACTIVE,1758.66,False
MCH9556,"Hari, Dave and Ahluwalia",4131,False,Transportation & Travel,Sole Proprietorship,Chennai,Tamil Nadu,2025-06-12 00:00:00,True,ACTIVE,4820.97,False
MCH5959,nigam group,5942,False,Books & Stationery,Private Limited,Mumbai,Maharashtra,2025-06-14 00:00:00,True,INACTIVE,2495.0,False
MCH3449,"Sundaram, Dasgupta and Dutt",5999,False,Retail - Other,Individual,Chennai,Tamil Nadu,2025-06-14 00:00:00,True,INACTIVE,436.0,False
MCH1130,Bhargava-Dara,5311,False,Department Store,Individual,Amritsar,Punjab,2025-06-14 00:00:00,True,ACTIVE,2188.62,False
MCH5125,Dave and Sons,5812,False,Restaurants & Food Service,Private Limited,Ludhiana,Punjab,2025-06-15 00:00:00,True,ACTIVE,838.15,False
MCH6711,Loyal-Srinivasan,5411,False,Grocery,Partnership,Hyderabad,Telangana,2025-06-15 00:00:00,True,INACTIVE,931.24,False
MCH6875,Anand-Bajwa,7011,False,Hotel & Lodging,Private Limited,Pune,Maharashtra,2025-06-15 00:00:00,True,ACTIVE,1892.34,False
MCH5523,Behl Inc,5699,False,Apparel & Fashion,Individual,Lucknow,Uttar Pradesh,2025-06-15 00:02:44,True,ACTIVE,2946.06,False
MCH2357,SHAN LTD,5999,False,Retail - Other,Individual,Jalandhar,Punjab,2025-06-16 00:00:00,True,ACTIVE,945.26,False
MCH5958,"panchal, krishnan and thakkar",5812,False,Restaurants & Food Service,Private Limited,Chennai,Tamil Nadu,2025-06-16 00:00:00,True,CLOSED,999.64,False
MCH6099,Yadav LLC,4814,False,Telecom & Mobile,Partnership,Bengaluru,Karnataka,2025-06-16 00:00:00,True,ACTIVE,4726.0,False
MCH1926,bhattacharyya-om,5311,False,Department Store,Individual,Mumbai,Maharashtra,2025-06-16 00:00:00,True,ACTIVE,2425.42,False
MCH1454,WableInc,5999,False,Retail - Other,Individual,Lucknow,Uttar Pradesh,2025-06-18 00:00:00,True,ACTIVE,2617.0,False
MCH8749,"Tara, Parmer and Walla",4131,False,Transportation & Travel,Private Limited,Kolkata,West Bengal,2025-06-19 00:00:00,True,CLOSED,584.1,False
MCH2964,Bala-Sarkar,4814,False,Telecom & Mobile,Individual,Jalandhar,Punjab,2025-06-20 00:00:00,True,ACTIVE,1298.45,False
MCH8338,Basu Ltd,5812,False,Restaurants & Food Service,Private Limited,Pune,Maharashtra,2025-06-21 00:00:00,True,ACTIVE,279.5,False
MCH6274,Mall Inc,7011,False,Hotel & Lodging,Partnership,Amritsar,Punjab,2025-06-21 00:00:00,True,ACTIVE,1700.39,False
MCH2438,Saxena-Sagar,5999,False,Retail - Other,Sole Proprietorship,Amritsar,Punjab,2025-06-21 03:10:13,True,ACTIVE,1010.25,False
MCH2590,Goyal Group,7011,False,Hotel & Lodging,Individual,Delhi,Delhi,2025-06-22 04:22:00,True,ACTIVE,531.43,False
MCH2675,Venkataraman-Rastogi,5942,False,Books & Stationery,Private Limited,Amritsar,Punjab,2025-06-23 00:00:00,True,ACTIVE,877.85,False
MCH6205,"Manne, Zachariah and Arora",5311,False,Department Store,Private Limited,Mumbai,Maharashtra,2025-06-23 00:00:00,True,ACTIVE,756.0,False
MCH5482,"Baral, Tak and Rajan",5812,False,Restaurants & Food Service,Individual,Kolkata,West Bengal,2025-06-23 15:48:14,True,INACTIVE,710.53,False
MCH5787,Bassi Inc,7011,False,Hotel & Lodging,Sole Proprietorship,Mumbai,Maharashtra,2025-06-24 00:00:00,True,ACTIVE,555.97,False
MCH4916,Rama-Patel,5942,False,Books & Stationery,Individual,Delhi,Delhi,2025-06-24 22:01:00,True,ACTIVE,2293.01,True
MCH6450,bobal ltd,5699,False,Apparel & Fashion,Individual,Lucknow,Uttar Pradesh,2025-06-25 00:00:00,True,SUSPENDED,3737.71,False
MCH9088,Bhardwaj-Bala,5999,False,Retail - Other,Partnership,Chennai,Tamil Nadu,2025-06-26 00:00:00,True,ACTIVE,4130.0,False
MCH3129,"Ghose,HariandGarde",5411,False,Grocery,Sole Proprietorship,Ludhiana,Punjab,2025-06-27 03:24:00,True,ACTIVE,1908.27,False
MCH5245,"Bhatt, Kakar and Boase",5311,False,Retail - Other,Individual,Jalandhar,Punjab,2025-06-27 04:58:08,True,ACTIVE,2923.74,False
MCH1262,CharInc,4814,False,Telecom & Mobile,Individual,Pune,Maharashtra,2025-06-28 00:00:00,True,ACTIVE,489.52,False
MCH4100,RAJA-VASA,7011,False,Hotel & Lodging,Sole Proprietorship,Jalandhar,Punjab,2025-06-28 00:00:00,True,ACTIVE,479.15,False
MCH9102,sastry-wali,5942,False,Books & Stationery,Private Limited,Pune,Maharashtra,2025-06-30 04:03:18,True,ACTIVE,1846.0,False
MCH5611,Walia-Lad,7011,False,Hotel & Lodging,Partnership,Lucknow,Uttar Pradesh,2025-07-01 06:56:00,True,ACTIVE,269.25,False
MCH6427,Bose Inc,5999,False,Retail - Other,Private Limited,Ludhiana,Punjab,2025-07-02 00:00:00,True,CLOSED,1949.7,False
MCH8766,Shanker Ltd,5912,False,Pharmacy & Medical,Sole Proprietorship,Chennai,Tamil Nadu,2025-07-02 00:00:00,True,ACTIVE,801.0,False
MCH3616,trivedi-ramachandran,5411,False,Grocery,Partnership,Jalandhar,Punjab,2025-07-02 00:00:00,True,INACTIVE,181.96,False
MCH3946,Dhar-Buch,5812,False,Restaurants & Food Service,Partnership,Delhi,Delhi,2025-07-02 06:28:57,True,ACTIVE,1451.62,False
MCH7948,Sachdeva-Buch,5311,False,Department Store,Partnership,Mumbai,Maharashtra,2025-07-03 00:00:00,True,ACTIVE,656.76,False
MCH7313,Sarma LLC,4131,False,Transportation & Travel,Individual,Kolkata,West Bengal,2025-07-04 00:00:00,True,BLOCKED,1073.87,False
MCH8277,"Patil, Goyal and Sarin",5912,False,Pharmacy & Medical,Individual,Amritsar,Punjab,2025-07-04 00:00:00,True,INACTIVE,1542.69,False
MCH8870,Solanki-Cherian,4131,False,Transportation & Travel,Partnership,Kolkata,West Bengal,2025-07-04 00:00:00,True,ACTIVE,1597.0,False
MCH4667,solanki-batta,5699,False,Apparel & Fashion,Individual,Kolkata,West Bengal,2025-07-05 00:00:00,True,ACTIVE,1692.44,True
MCH3712,Narain-Vaidya,7011,False,Hotel & Lodging,Individual,Hyderabad,Telangana,2025-07-05 00:23:00,True,ACTIVE,333.0,False
MCH9129,"sinha, chauhan and sathe",5411,False,Grocery,Partnership,Kolkata,West Bengal,2025-07-06 00:00:00,True,ACTIVE,914.12,False
MCH4390,Ar0ra LLC,5812,False,Restaurants & Food Service,Sole Proprietorship,Hyderabad,Telangana,2025-07-06 00:00:00,True,ACTIVE,1372.0,False
MCH4338,Johal-Dara,7011,False,Hotel & Lodging,Individual,Jaipur,Rajasthan,2025-07-06 20:41:00,True,BLOCKED,3419.42,False
MCH4775,"DIVAN, BUCH AND KUNDA",4814,False,Telecom & Mobile,Sole Proprietorship,Lucknow,Uttar Pradesh,2025-07-07 00:00:00,True,INACTIVE,562.44,False
MCH4583,Badal Inc,5699,False,Apparel & Fashion,Partnership,Amritsar,Punjab,2025-07-08 00:00:00,True,ACTIVE,2513.6,False
MCH4236,"Sinha, Shukla and Lad",5699,False,Apparel & Fashion,Sole Proprietorship,Delhi,Delhi,2025-07-08 12:08:37,True,ACTIVE,844.0,False
MCH4812,rai-aurora,7011,False,Hotel & Lodging,Private Limited,Jaipur,Rajasthan,2025-07-09 00:00:00,True,ACTIVE,1732.91,False
MCH6527,"Lalla, Bhandari and Mane",5411,False,Grocery,Sole Proprietorship,Pune,Maharashtra,2025-07-09 00:00:00,True,ACTIVE,1832.42,True
MCH5619,"Iyer, Lata and Bhatnagar",4131,False,Transportation & Travel,Partnership,Bengaluru,Karnataka,2025-07-09 00:00:00,True,ACTIVE,5962.0,False
MCH7476,Sundaram Ltd,5411,False,Grocery,Sole Proprietorship,Ludhiana,Punjab,2025-07-09 15:30:17,True,ACTIVE,1389.53,False
MCH7692,Ratti-Patla,5311,False,Department Store,Individual,Amritsar,Punjab,2025-07-10 00:00:00,True,ACTIVE,2270.3,False
MCH3172,SONI-VARTY,4814,False,Telecom & Mobile,Sole Proprietorship,Bengaluru,Karnataka,2025-07-10 02:41:34,True,ACTIVE,3097.6,False
MCH1457,Shetty Group,5999,False,Retail - Other,Individual,Jalandhar,Punjab,2025-07-11 00:00:00,True,ACTIVE,1159.43,False
MCH4630,Jhaveri PLC,5999,False,Retail - Other,Sole Proprietorship,Ludhiana,Punjab,2025-07-11 02:07:00,True,ACTIVE,1285.49,False
MCH1626,"Pau, Iyengar and Khare",5999,False,Retail - Other,Sole Proprietorship,Delhi,Delhi,2025-07-12 00:00:00,True,ACTIVE,550.42,False
MCH2857,Bhattacharyya Inc,4131,False,Transportation & Travel,Private Limited,Jalandhar,Punjab,2025-07-13 00:00:00,True,ACTIVE,4557.38,False
MCH5193,Shetty Inc,5912,False,Pharmacy & Medical,Partnership,Amritsar,Punjab,2025-07-13 00:00:00,True,ACTIVE,1291.02,True
MCH4782,Salvi-Comar,7011,False,Hotel & Lodging,Sole Proprietorship,Jalandhar,Punjab,2025-07-13 09:44:30,True,ACTIVE,876.5,False
MCH2993,"Dube, Yadav and Konda",5942,False,Books & Stationery,Individual,Jaipur,Rajasthan,2025-07-14 00:00:00,True,ACTIVE,2422.76,False
MCH9945,"Pant, Hayre and Pathak",4814,False,Telecom & Mobile,Private Limited,Jalandhar,Punjab,2025-07-14 00:56:49,True,ACTIVE,789.57,False
MCH9798,Mann-Gera,4131,False,Transportation & Travel,Individual,Jalandhar,Punjab,2025-07-15 05:53:00,True,ACTIVE,952.0,False
MCH4962,venkataraman-mannan,5942,False,Books & Stationery,Private Limited,Chennai,Tamil Nadu,2025-07-15 06:02:14,True,ACTIVE,266.61,False
MCH6059,Bhargava PLC,7011,False,Hotel & Lodging,Private Limited,Jaipur,Rajasthan,2025-07-16 00:00:00,True,SUSPENDED,333.57,False
MCH8681,Suri Ltd,5699,False,Apparel & Fashion,Partnership,Jalandhar,Punjab,2025-07-19 03:33:54,True,ACTIVE,1034.26,False
MCH3674,Wason and Sons,5812,False,Restaurants & Food Service,Individual,Delhi,Delhi,2025-07-19 21:11:25,True,ACTIVE,582.77,True
MCH6583,"Iyengar, Puri and Tiwari",5311,False,Department Store,Partnership,Jalandhar,Punjab,2025-07-20 00:00:00,True,INACTIVE,4193.64,False
MCH7517,"Banik, Kamdar and Dada",5699,False,Apparel & Fashion,Individual,Amritsar,Punjab,2025-07-20 00:00:00,True,ACTIVE,2046.69,False
MCH1401,Din and Sons,5411,False,Grocery,Individual,Amritsar,Punjab,2025-07-20 20:31:24,True,ACTIVE,286.09,False
MCH7552,SOM AND SONS,4814,False,Telecom & Mobile,Sole Proprietorship,Pune,Maharashtra,2025-07-21 00:00:00,True,ACTIVE,1934.0,False
MCH7605,Kakar-Dhi110n,5311,False,Retail - Other,Private Limited,Bengaluru,Karnataka,2025-07-21 00:00:00,True,INACTIVE,1126.42,False
MCH4552,"Palla, Mutti and Jayaraman",4131,False,Transportation & Travel,Sole Proprietorship,Jaipur,Rajasthan,2025-07-21 01:20:00,True,ACTIVE,912.53,False
MCH8263,"Gara, Kar and Raval",5699,False,Apparel & Fashion,Sole Proprietorship,Chennai,Tamil Nadu,2025-07-21 16:32:17,True,ACTIVE,1443.08,False
MCH7356,"Divan, Rastogi and Prabhu",5942,False,Books & Stationery,Partnership,Lucknow,Uttar Pradesh,2025-07-22 00:00:00,True,ACTIVE,306.91,True
MCH1388,"Kala, Kunda and Pandit",5912,False,Pharmacy & Medical,Sole Proprietorship,Bengaluru,Karnataka,2025-07-22 00:00:00,True,ACTIVE,3155.43,False
MCH7977,"Kohli, Vaidya and Nagar",7011,False,Hotel & Lodging,Sole Proprietorship,Chennai,Tamil Nadu,2025-07-23 00:00:00,True,ACTIVE,4790.0,False
MCH2763,Thaman-Virk,5912,False,Pharmacy & Medical,Private Limited,Bengaluru,Karnataka,2025-07-23 00:00:00,True,ACTIVE,563.88,False
MCH1077,"Peri, Pai and Dani",5311,False,Department Store,Individual,Pune,Maharashtra,2025-07-24 01:37:17,True,ACTIVE,1189.85,False
MCH7651,Sur Inc,5912,False,Pharmacy & Medical,Sole Proprietorship,Jalandhar,Punjab,2025-07-24 13:48:53,True,ACTIVE,1138.07,False
MCH8755,"Biswas, Divan and Sachdeva",7011,False,Hotel & Lodging,Private Limited,Chennai,Tamil Nadu,2025-07-25 09:26:00,True,SUSPENDED,2277.32,False
MCH8031,CHOKSHI LTD,7011,False,Hotel & Lodging,Individual,Hyderabad,Telangana,2025-07-26 00:00:00,True,ACTIVE,2110.06,False
MCH1118,ChokshiInc,4131,False,Transportation & Travel,Partnership,Jalandhar,Punjab,2025-07-26 00:00:00,True,ACTIVE,590.75,False
MCH2480,Banik-Nagar,5812,False,Restaurants & Food Service,Private Limited,Jaipur,Rajasthan,2025-07-27 00:00:00,True,ACTIVE,3594.0,False
MCH5834,Sundaram-Sarkar,5812,False,Restaurants & Food Service,Partnership,Hyderabad,Telangana,2025-07-27 00:00:00,True,ACTIVE,1502.09,False
MCH1588,Doctor Ltd,4131,False,Transportation & Travel,Individual,Ludhiana,Punjab,2025-07-27 00:00:00,True,SUSPENDED,1791.21,False
MCH8825,"mandal, chaudhari and savant",5699,False,Apparel & Fashion,Individual,Jalandhar,Punjab,2025-07-27 00:00:00,True,ACTIVE,1817.3,False
MCH5019,"Sah0ta, Rama and Rama",5912,False,Pharmacy & Medical,Partnership,Lucknow,Uttar Pradesh,2025-07-27 00:00:00,True,ACTIVE,955.0,False
MCH9016,Upadhyay-Sethi,4814,False,Telecom & Mobile,Partnership,Mumbai,Maharashtra,2025-07-27 08:59:26,True,ACTIVE,764.46,False
MCH4490,"DOSHI, RAJ AND BUMB",5411,False,Grocery,Partnership,Ludhiana,Punjab,2025-07-28 00:00:00,True,ACTIVE,748.4,False
MCH6101,DORA-BAJWA,5912,False,Pharmacy & Medical,Private Limited,Pune,Maharashtra,2025-07-28 00:00:00,True,ACTIVE,3328.35,False
MCH7688,"Kata, Bobal and Basu",5912,False,Pharmacy & Medical,Sole Proprietorship,Ludhiana,Punjab,2025-07-29 00:00:00,True,ACTIVE,3346.0,False
MCH7509,Narasimhan-Naidu,5699,False,Apparel & Fashion,Sole Proprietorship,Kolkata,West Bengal,2025-07-29 00:00:00,True,ACTIVE,1271.23,False
MCH7113,"Jain,BhattiandSha",5942,False,Books & Stationery,Partnership,Chennai,Tamil Nadu,2025-07-30 15:17:22,True,SUSPENDED,1921.99,False
MCH4331,"Wali, Buch and Nagi",5699,False,Apparel & Fashion,Sole Proprietorship,Amritsar,Punjab,2025-07-31 20:39:00,True,INACTIVE,1154.33,False
MCH7252,"Krishnamurthy, Pandit and Mukherjee",5942,False,Books & Stationery,Sole Proprietorship,Hyderabad,Telangana,2025-08-01 00:00:00,True,ACTIVE,1234.51,False
MCH1580,"Subramaniam, Krishnamurthy and Din",5999,False,Retail - Other,Sole Proprietorship,Kolkata,West Bengal,2025-08-01 00:00:00,True,ACTIVE,2992.77,False
MCH9975,Nadkarni-Sane,5999,False,Retail - Other,Sole Proprietorship,Delhi,Delhi,2025-08-02 00:00:00,True,ACTIVE,4465.19,False
MCH5786,"Bhasin, Manda1 and Tank",4131,False,Retail - Other,Individual,Kolkata,West Bengal,2025-08-02 00:00:00,True,INACTIVE,1913.26,False
MCH4209,GARG-GOEL,5812,False,Restaurants & Food Service,Partnership,Amritsar,Punjab,2025-08-02 09:42:09,True,ACTIVE,1244.58,False
MCH3755,Hayer and Sons,5812,False,Restaurants & Food Service,Private Limited,Pune,Maharashtra,2025-08-02 17:59:03,True,ACTIVE,1098.64,False
MCH5285,"Yadav, Dhawan and Bahri",5311,False,Retail - Other,Individual,Bengaluru,Karnataka,2025-08-03 00:00:00,True,ACTIVE,220.0,False
MCH1652,Tripathi-Vasa,5311,False,Department Store,Private Limited,Amritsar,Punjab,2025-08-03 00:00:00,True,INACTIVE,1419.63,False
MCH9944,"Parikh, Mutti and Saha",4131,False,Transportation & Travel,Partnership,Jalandhar,Punjab,2025-08-03 12:22:46,True,ACTIVE,1826.64,False
MCH7111,Kohli-Zachariah,5411,False,Grocery,Partnership,Ludhiana,Punjab,2025-08-04 00:00:00,True,ACTIVE,585.6,False
MCH6262,Saran Ltd,5311,False,Department Store,Partnership,Mumbai,Maharashtra,2025-08-04 12:06:38,True,INACTIVE,6560.0,False
MCH8915,Sur Ltd,5812,False,Restaurants & Food Service,Individual,Mumbai,Maharashtra,2025-08-04 21:08:00,True,CLOSED,665.18,False
MCH9015,PRASHAD INC,5812,False,Restaurants & Food Service,Sole Proprietorship,Chennai,Tamil Nadu,2025-08-05 00:00:00,True,ACTIVE,787.45,False
MCH5747,"NARASIMHAN, DOSHI AND PALL",5812,False,Restaurants & Food Service,Private Limited,Kolkata,West Bengal,2025-08-05 00:00:00,True,ACTIVE,4280.12,False
MCH4624,"krishnamurthy, mandal and luthra",5999,False,Retail - Other,Individual,Chennai,Tamil Nadu,2025-08-06 00:00:00,True,ACTIVE,784.01,False
MCH3641,"khurana, barman and suresh",5699,False,Apparel & Fashion,Individual,Delhi,Delhi,2025-08-06 08:41:00,True,ACTIVE,2224.44,False
MCH7953,Deep Group,5411,False,Grocery,Sole Proprietorship,Mumbai,Maharashtra,2025-08-07 00:00:00,True,ACTIVE,1668.75,False
MCH6720,"dhingra, shukla and edwin",5912,False,Pharmacy & Medical,Partnership,Amritsar,Punjab,2025-08-07 00:00:00,True,ACTIVE,638.0,False
MCH2492,"dhawan, salvi and dara",5812,False,Restaurants & Food Service,Partnership,Lucknow,Uttar Pradesh,2025-08-07 00:00:00,True,INACTIVE,3500.9,False
MCH1658,khatri-mohanty,5812,False,Restaurants & Food Service,Sole Proprietorship,Jaipur,Rajasthan,2025-08-08 00:00:00,True,INACTIVE,2016.79,False
MCH6379,CHANA-MAHAJAN,5942,False,Books & Stationery,Private Limited,Bengaluru,Karnataka,2025-08-08 17:00:00,True,ACTIVE,2923.98,False
MCH2610,"Dhar, Mahajan and Sarkar",5912,False,Pharmacy & Medical,Private Limited,Delhi,Delhi,2025-08-09 18:24:29,True,ACTIVE,3319.36,True
MCH8240,Sur LLC,5912,False,Pharmacy & Medical,Partnership,Lucknow,Uttar Pradesh,2025-08-10 00:00:00,True,ACTIVE,1777.69,False
MCH6862,Misra-Dada,4814,False,Telecom & Mobile,Private Limited,Kolkata,West Bengal,2025-08-12 00:00:00,True,ACTIVE,736.0,False
MCH5980,MISRA-GANGULY,4131,False,Transportation & Travel,Individual,Kolkata,West Bengal,2025-08-13 00:00:00,True,ACTIVE,2762.0,False
MCH5376,"Narayanan, Palla and Tripathi",4814,False,Telecom & Mobile,Sole Proprietorship,Ludhiana,Punjab,2025-08-14 00:00:00,True,ACTIVE,2169.37,False
MCH4179,"Choudhry, Bera and Pandit",5699,False,Apparel & Fashion,Partnership,Kolkata,West Bengal,2025-08-14 04:33:40,True,ACTIVE,1930.08,False
MCH3483,"Puri, Sachdeva and Jhaveri",5812,False,Restaurants & Food Service,Private Limited,Jaipur,Rajasthan,2025-08-15 00:00:00,True,CLOSED,1128.9,False
MCH9343,Sridhar-Sarna,7011,False,Hotel & Lodging,Partnership,Chennai,Tamil Nadu,2025-08-16 00:00:00,True,ACTIVE,287.96,False
MCH7078,"Vasa, Gade and Viswanathan",5699,False,Apparel & Fashion,Individual,Mumbai,Maharashtra,2025-08-17 00:00:00,True,ACTIVE,660.73,False
MCH4623,"Gokhale, Ranganathan and Shenoy",5999,False,Retail - Other,Private Limited,Hyderabad,Telangana,2025-08-17 15:21:40,True,ACTIVE,171.0,False
MCH7206,srivastava and sons,5411,False,Grocery,Private Limited,Lucknow,Uttar Pradesh,2025-08-18 00:00:00,True,ACTIVE,1434.41,False
MCH3055,"Batta, Sha and Dugar",7011,False,Hotel & Lodging,Private Limited,Chennai,Tamil Nadu,2025-08-18 17:51:00,True,ACTIVE,262.1,False
MCH9316,Bandi Ltd,5411,False,Grocery,Sole Proprietorship,Ludhiana,Punjab,2025-08-21 00:00:00,True,ACTIVE,1198.18,False
MCH4967,Mallick PLC,4131,False,Transportation & Travel,Partnership,Amritsar,Punjab,2025-08-22 00:00:00,True,ACTIVE,3082.77,True
MCH6764,rama-vora,4131,False,Transportation & Travel,Partnership,Hyderabad,Telangana,2025-08-22 07:58:18,True,ACTIVE,892.82,False
MCH5898,Virk-Mani,5699,False,Apparel & Fashion,Partnership,Delhi,Delhi,2025-08-23 00:00:00,True,ACTIVE,2502.05,False
MCH6278,"Keer, Sha and Sama",5912,False,Pharmacy & Medical,Partnership,Kolkata,West Bengal,2025-08-23 00:00:00,True,ACTIVE,8713.68,False
MCH8489,Mand and Sons,7011,False,Hotel & Lodging,Individual,Pune,Maharashtra,2025-08-24 00:00:00,True,ACTIVE,2744.11,False
MCH7548,Dhillon Inc,4814,False,Telecom & Mobile,Private Limited,Hyderabad,Telangana,2025-08-24 00:00:00,True,BLOCKED,4170.0,False
MCH1947,"Batra, Kar and Sodhi",5699,False,Apparel & Fashion,Partnership,Bengaluru,Karnataka,2025-08-24 19:46:43,True,ACTIVE,3015.23,False
MCH8142,Mane and Sons,5912,False,Pharmacy & Medical,Private Limited,Ludhiana,Punjab,2025-08-25 00:00:00,True,ACTIVE,5955.63,False
MCH8098,"Sahni, Bahri and Apte",5912,False,Pharmacy & Medical,Individual,Pune,Maharashtra,2025-08-27 08:34:00,True,ACTIVE,1970.0,False
MCH4749,Sane-Kota,7011,False,Hotel & Lodging,Partnership,Ludhiana,Punjab,2025-08-28 00:00:00,True,ACTIVE,2066.82,False
MCH3219,Aggarwal Group,5311,False,Department Store,Partnership,Lucknow,Uttar Pradesh,2025-08-29 00:00:00,True,ACTIVE,1058.64,False
MCH8235,Konda-Pillai,5942,False,Books & Stationery,Private Limited,Chennai,Tamil Nadu,2025-08-29 19:03:00,True,ACTIVE,921.33,True
MCH2990,Rout and Sons,7011,False,Hotel & Lodging,Sole Proprietorship,Ludhiana,Punjab,2025-08-30 00:00:00,True,ACTIVE,1050.53,False
MCH3089,Tata PLC,5942,False,Books & Stationery,Sole Proprietorship,Jalandhar,Punjab,2025-08-30 00:00:00,True,ACTIVE,2328.32,True
MCH1696,Prakash-Dhar,5411,False,Grocery,Partnership,Bengaluru,Karnataka,2025-09-01 00:00:00,True,ACTIVE,567.04,False
MCH3854,"Was0n, Chauhan and Gh0se",5812,False,Restaurants & Food Service,Private Limited,Hyderabad,Telangana,2025-09-01 00:00:00,True,ACTIVE,528.0,False
MCH1959,Khatri-Kumar,5912,False,Pharmacy & Medical,Private Limited,Mumbai,Maharashtra,2025-09-01 20:33:00,True,ACTIVE,622.0,False
MCH9984,Samra and Sons,5942,False,Books & Stationery,Private Limited,Ludhiana,Punjab,2025-09-02 00:00:00,True,ACTIVE,983.46,False
MCH1838,Manda-Deshpande,5942,False,Books & Stationery,Partnership,Jalandhar,Punjab,2025-09-04 06:22:16,True,ACTIVE,2224.32,False
MCH3911,"Majumdar, Sane and Raval",5812,False,Restaurants & Food Service,Sole Proprietorship,Pune,Maharashtra,2025-09-05 21:26:37,True,SUSPENDED,2093.32,False
MCH6474,Bakshi Ltd,5912,False,Pharmacy & Medical,Private Limited,Lucknow,Uttar Pradesh,2025-09-06 00:00:00,True,ACTIVE,3871.85,False
MCH6716,Shan PLC,5699,False,Apparel & Fashion,Partnership,Amritsar,Punjab,2025-09-07 00:00:00,True,ACTIVE,1208.93,False
MCH5997,"Kothari,BasuandKothari",5912,False,Pharmacy & Medical,Sole Proprietorship,Delhi,Delhi,2025-09-07 16:46:16,True,INACTIVE,2459.46,False
MCH7310,Mander Group,5699,False,Apparel & Fashion,Partnership,Lucknow,Uttar Pradesh,2025-09-08 05:21:18,True,CLOSED,1987.96,False
MCH7773,Nath-Parikh,5699,False,Apparel & Fashion,Individual,Jaipur,Rajasthan,2025-09-08 12:42:00,True,ACTIVE,544.16,False
MCH6612,sule-pillay,5812,False,Restaurants & Food Service,Partnership,Pune,Maharashtra,2025-09-09 00:00:00,True,ACTIVE,2010.07,False
MCH6896,Padmanabhan-Purohit,4814,False,Telecom & Mobile,Private Limited,Kolkata,West Bengal,2025-09-10 00:00:00,True,ACTIVE,1862.46,False
MCH6062,Kata PLC,5699,False,Apparel & Fashion,Sole Proprietorship,Mumbai,Maharashtra,2025-09-10 00:00:00,True,ACTIVE,9045.0,False
MCH4438,Vasa-Divan,5311,False,Department Store,Partnership,Kolkata,West Bengal,2025-09-10 05:49:00,True,ACTIVE,1288.65,False
MCH1275,Kata Group,7011,False,Hotel & Lodging,Partnership,Lucknow,Uttar Pradesh,2025-09-11 07:33:00,True,ACTIVE,252.53,False
MCH9840,"gara, bedi and dua",5942,False,Books & Stationery,Private Limited,Amritsar,Punjab,2025-09-12 00:00:00,True,ACTIVE,369.0,False
MCH9801,"Manda, Bansal and Devan",5812,False,Restaurants & Food Service,Partnership,Pune,Maharashtra,2025-09-12 00:49:00,True,SUSPENDED,1106.68,False
MCH4846,arora-raghavan,5999,False,Retail - Other,Private Limited,Jaipur,Rajasthan,2025-09-12 15:21:55,True,ACTIVE,1546.33,True
MCH6615,PILLAY GROUP,5942,False,Books & Stationery,Individual,Hyderabad,Telangana,2025-09-12 23:50:08,True,SUSPENDED,785.64,True
MCH8268,Krishnamurthy-Chopra,5942,False,Books & Stationery,Private Limited,Chennai,Tamil Nadu,2025-09-13 00:00:00,True,ACTIVE,1218.95,False
MCH8511,Bhattacharyya LLC,4131,False,Transportation & Travel,Sole Proprietorship,Kolkata,West Bengal,2025-09-13 17:14:01,True,ACTIVE,1377.4,False
MCH6026,NARAYANAN-BHATT,5942,False,Books & Stationery,Partnership,Hyderabad,Telangana,2025-09-14 00:00:00,True,ACTIVE,746.02,False
MCH3739,Murty Ltd,5311,False,Department Store,Private Limited,Chennai,Tamil Nadu,2025-09-15 00:00:00,True,ACTIVE,571.15,False
MCH9356,WagleLLC,5411,False,Grocery,Partnership,Delhi,Delhi,2025-09-15 00:00:00,True,ACTIVE,862.0,False
MCH3682,"Upadhyay, Soni and Dhawan",4131,False,Transportation & Travel,Sole Proprietorship,Chennai,Tamil Nadu,2025-09-16 00:00:00,True,INACTIVE,3236.27,False
MCH4145,"Dalal, Dass and Vaidya",5942,False,Books & Stationery,Sole Proprietorship,Pune,Maharashtra,2025-09-16 00:00:00,True,SUSPENDED,1294.48,True
MCH6805,Dora Ltd,5311,False,Department Store,Private Limited,Mumbai,Maharashtra,2025-09-17 00:00:00,True,ACTIVE,371.73,False
MCH3266,"Lalla, Baral and Pau",5311,False,Department Store,Private Limited,Chennai,Tamil Nadu,2025-09-17 12:56:00,True,ACTIVE,1627.34,False
MCH6251,"Sodhi, Handa and Venkatesh",5411,False,Grocery,Sole Proprietorship,Lucknow,Uttar Pradesh,2025-09-18 00:00:00,True,SUSPENDED,291.55,False
MCH8497,"Pandey, Dutta and Thakkar",5812,False,Restaurants & Food Service,Private Limited,Delhi,Delhi,2025-09-18 03:34:00,True,ACTIVE,802.0,False
MCH1333,Sastry PLC,4814,False,Telecom & Mobile,Individual,Amritsar,Punjab,2025-09-18 18:25:49,True,CLOSED,1548.51,False
MCH9731,Chaudhry-Pillay,5311,False,Department Store,Individual,Jaipur,Rajasthan,2025-09-19 16:43:34,True,ACTIVE,516.39,False
MCH8037,Patla-Balakrishnan,4814,False,Telecom & Mobile,Sole Proprietorship,Pune,Maharashtra,2025-09-19 16:54:00,True,ACTIVE,327.35,False
MCH6848,Dora LLC,5311,False,Department Store,Partnership,Chennai,Tamil Nadu,2025-09-20 22:23:18,True,ACTIVE,1272.49,False
MCH9287,"Datta, Virk and Arya",5999,False,Retail - Other,Individual,Amritsar,Punjab,2025-09-21 00:00:00,True,ACTIVE,636.69,False
MCH9185,Om Ltd,5812,False,Restaurants & Food Service,Partnership,Kolkata,West Bengal,2025-09-22 00:00:00,True,CLOSED,311.59,False
MCH1605,"Patla, Thaman and Chatterjee",4131,False,Transportation & Travel,Partnership,Bengaluru,Karnataka,2025-09-22 00:00:00,True,ACTIVE,932.8,False
MCH7172,Chandran-Palla,5311,False,Department Store,Partnership,Pune,Maharashtra,2025-09-23 00:00:00,True,ACTIVE,1177.65,False
MCH8276,"Kakar, Handa and Sachdeva",5812,False,Restaurants & Food Service,Sole Proprietorship,Mumbai,Maharashtra,2025-09-23 00:00:00,True,ACTIVE,2410.37,False
MCH3461,"Balakrishnan, Sachdeva and Sekhon",5999,False,Retail - Other,Individual,Mumbai,Maharashtra,2025-09-23 02:42:23,True,ACTIVE,1049.37,False
MCH9888,"Contractor, Mohanty and Devi",5912,False,Pharmacy & Medical,Sole Proprietorship,Chennai,Tamil Nadu,2025-09-23 23:00:00,True,ACTIVE,1367.96,False
MCH4448,Gara and Sons,5999,False,Retail - Other,Individual,Chennai,Tamil Nadu,2025-09-24 00:00:00,True,SUSPENDED,1524.31,False
MCH6857,Barad and Sons,7011,False,Hotel & Lodging,Partnership,Jalandhar,Punjab,2025-09-24 12:38:27,True,ACTIVE,2452.63,False
MCH5933,"natarajan, swaminathan and dugar",5999,False,Retail - Other,Partnership,Kolkata,West Bengal,2025-09-26 20:35:00,True,ACTIVE,2711.41,True
MCH5420,Sahni-Ghosh,7011,False,Hotel & Lodging,Sole Proprietorship,Kolkata,West Bengal,2025-09-26 21:42:00,True,ACTIVE,1993.6,False
MCH5924,Chana-Thaman,4814,False,Telecom & Mobile,Sole Proprietorship,Delhi,Delhi,2025-09-27 23:42:15,True,ACTIVE,1054.56,False
MCH9237,GOKHALE INC,5912,False,Pharmacy & Medical,Private Limited,Ludhiana,Punjab,2025-09-28 00:00:00,True,ACTIVE,1901.54,False
MCH1334,"KALITA, SARRAF AND BHARDWAJ",5999,False,Retail - Other,Individual,Bengaluru,Karnataka,2025-09-28 00:00:00,True,ACTIVE,1780.83,False
MCH7031,Chander Inc,4814,False,Telecom & Mobile,Private Limited,Pune,Maharashtra,2025-09-28 00:00:00,True,ACTIVE,1538.5,False
MCH4606,Vyas-Mukhopadhyay,7011,False,Hotel & Lodging,Private Limited,Hyderabad,Telangana,2025-09-29 00:00:00,True,ACTIVE,745.57,False
MCH6697,"Chanda, Chakraborty and Mand",4814,False,Telecom & Mobile,Individual,Pune,Maharashtra,2025-09-29 15:02:00,True,ACTIVE,706.35,False
MCH2846,"SHA, RAMANATHAN AND KOTA",5411,False,Grocery,Individual,Jaipur,Rajasthan,2025-09-30 00:00:00,True,INACTIVE,2995.95,False
MCH7026,Ganesan-Manda,7011,False,Hotel & Lodging,Sole Proprietorship,Mumbai,Maharashtra,2025-09-30 00:00:00,True,ACTIVE,1364.0,False
MCH2033,"Munshi, Sundaram and Bhasin",5699,False,Apparel & Fashion,Private Limited,Pune,Maharashtra,2025-09-30 00:00:00,True,ACTIVE,294.83,False
MCH7630,"RAMA, KALITA AND JHA",4131,False,Transportation & Travel,Individual,Mumbai,Maharashtra,2025-10-01 00:00:00,True,ACTIVE,2393.0,False
MCH2284,Nayak Group,5699,False,Apparel & Fashion,Private Limited,Mumbai,Maharashtra,2025-10-01 04:44:36,True,SUSPENDED,998.2,False
MCH9901,Oommen Ltd,7011,False,Hotel & Lodging,Sole Proprietorship,Hyderabad,Telangana,2025-10-01 18:50:10,True,CLOSED,538.3,False
MCH8004,hayre-agate,5999,False,Retail - Other,Individual,Amritsar,Punjab,2025-10-01 20:15:00,True,CLOSED,934.62,False
MCH8981,Tara-Sinha,5999,False,Retail - Other,Individual,Bengaluru,Karnataka,2025-10-02 00:00:00,True,ACTIVE,3617.0,False
MCH4484,"Mukherjee, Tella and Malhotra",5812,False,Restaurants & Food Service,Partnership,Bengaluru,Karnataka,2025-10-02 05:38:00,True,ACTIVE,2091.93,False
MCH6155,"Mukhopadhyay, Doshi and Gopal",5411,False,Grocery,Sole Proprietorship,Jalandhar,Punjab,2025-10-03 00:00:00,True,ACTIVE,830.87,True
MCH8422,Kakar-Bera,5699,False,Apparel & Fashion,Sole Proprietorship,Amritsar,Punjab,2025-10-03 00:00:00,True,ACTIVE,661.76,False
MCH4416,Raju and S0ns,5999,False,Retail - Other,Individual,Bengaluru,Karnataka,2025-10-04 00:00:00,True,CLOSED,3955.0,False
MCH4080,Shenoy-Kashyap,4814,False,Telecom & Mobile,Private Limited,Jaipur,Rajasthan,2025-10-04 03:56:06,True,ACTIVE,2043.03,False
MCH1377,"TANEJA, DIN AND KAUL",5812,False,Restaurants & Food Service,Sole Proprietorship,Delhi,Delhi,2025-10-05 09:00:44,True,ACTIVE,767.08,False
MCH7715,Tata-Borah,5999,False,Retail - Other,Private Limited,Kolkata,West Bengal,2025-10-06 00:00:00,True,CLOSED,1652.04,False
MCH6451,Chandran Group,5311,False,Department Store,Individual,Jalandhar,Punjab,2025-10-07 00:00:00,True,INACTIVE,165.95,False
MCH1600,"warrior, anand and kata",5311,False,Department Store,Individual,Chennai,Tamil Nadu,2025-10-07 00:00:00,True,ACTIVE,2937.03,False
MCH3533,Tiwari-Gulati,7011,False,Hotel & Lodging,Private Limited,Mumbai,Maharashtra,2025-10-07 00:00:00,True,ACTIVE,709.41,False
MCH8539,Arya-Char,5699,False,Apparel & Fashion,Sole Proprietorship,Chennai,Tamil Nadu,2025-10-07 09:25:50,True,ACTIVE,3012.9,False
MCH5669,"Sodhi, Luthra and Batta",5812,False,Restaurants & Food Service,Private Limited,Jalandhar,Punjab,2025-10-08 07:29:30,True,ACTIVE,1557.34,False
MCH3627,"CHANDRA, VENKATARAMAN AND PALLA",5912,False,Pharmacy & Medical,Sole Proprietorship,Jaipur,Rajasthan,2025-10-09 00:00:00,True,ACTIVE,379.66,False
MCH9642,Sarin Group,4814,False,Telecom & Mobile,Individual,Mumbai,Maharashtra,2025-10-09 00:00:00,True,ACTIVE,11510.93,False
MCH5061,Natarajan Inc,5699,False,Apparel & Fashion,Sole Proprietorship,Ludhiana,Punjab,2025-10-10 11:35:42,True,ACTIVE,1265.19,False
MCH7233,Arora LLC,5699,False,Apparel & Fashion,Individual,Ludhiana,Punjab,2025-10-11 00:00:00,True,ACTIVE,2703.6,False
MCH7428,Chand Inc,5699,False,Apparel & Fashion,Individual,Bengaluru,Karnataka,2025-10-11 00:00:00,True,ACTIVE,1254.86,False
MCH1569,"Bal, Wali and Sheth",4814,False,Telecom & Mobile,Private Limited,Chennai,Tamil Nadu,2025-10-11 00:00:00,True,ACTIVE,1678.57,False
MCH7040,Bhasin-Lala,5942,False,Books & Stationery,Individual,Mumbai,Maharashtra,2025-10-11 00:00:00,True,SUSPENDED,2406.66,False
MCH4678,"Yogi, Goel and Chaudry",5912,False,Pharmacy & Medical,Sole Proprietorship,Amritsar,Punjab,2025-10-11 23:31:36,True,ACTIVE,1363.28,False
MCH6804,Johal and Sons,5699,False,Apparel & Fashion,Sole Proprietorship,Chennai,Tamil Nadu,2025-10-13 00:00:00,True,INACTIVE,4018.13,False
MCH8204,Bumb-Bansal,7011,False,Hotel & Lodging,Private Limited,Jalandhar,Punjab,2025-10-13 17:19:27,True,ACTIVE,1083.04,False
MCH5587,Pau-Gour,5812,False,Restaurants & Food Service,Private Limited,Pune,Maharashtra,2025-10-13 20:14:02,True,ACTIVE,246.08,False
MCH9856,"Gala, Nadig and Borra",5411,False,Grocery,Partnership,Lucknow,Uttar Pradesh,2025-10-13 23:24:00,True,ACTIVE,1744.37,False
MCH9910,"Karan, Ram and Sengupta",5311,False,Department Store,Individual,Delhi,Delhi,2025-10-14 00:00:00,True,ACTIVE,191.17,False
MCH2258,Walia Group,5311,False,Department Store,Sole Proprietorship,Jalandhar,Punjab,2025-10-14 00:00:00,True,ACTIVE,1902.49,False
MCH6429,Doshi Group,5699,False,Apparel & Fashion,Sole Proprietorship,Amritsar,Punjab,2025-10-15 00:00:00,True,ACTIVE,369.26,False
MCH2476,Choudhary-Borah,7011,False,Hotel & Lodging,Private Limited,Kolkata,West Bengal,2025-10-15 00:00:00,True,ACTIVE,1108.38,False
MCH9641,Andra Ltd,5912,False,Pharmacy & Medical,Private Limited,Kolkata,West Bengal,2025-10-15 02:13:04,True,ACTIVE,3323.59,False
MCH5968,"SOMAN, ISSAC AND GOSWAMI",5311,False,Department Store,Private Limited,Jalandhar,Punjab,2025-10-16 00:00:00,True,ACTIVE,5598.75,False
MCH1861,Vora-Balan,5411,False,Grocery,Sole Proprietorship,Pune,Maharashtra,2025-10-17 00:39:00,True,INACTIVE,2646.57,False
MCH3561,Kumar LLC,5812,False,Restaurants & Food Service,Partnership,Chennai,Tamil Nadu,2025-10-18 00:00:00,True,ACTIVE,715.0,False
MCH6034,Sane Inc,5912,False,Pharmacy & Medical,Private Limited,Jaipur,Rajasthan,2025-10-18 00:00:00,True,ACTIVE,1353.34,False
MCH7016,Ratti PLC,4131,False,Transportation & Travel,Partnership,Lucknow,Uttar Pradesh,2025-10-18 02:35:27,True,ACTIVE,319.94,False
MCH3675,Grewal and Sons,4814,False,Telecom & Mobile,Private Limited,Pune,Maharashtra,2025-10-19 00:00:00,True,INACTIVE,263.38,False
MCH5445,Ganesan Ltd,5311,False,Retail - Other,Partnership,Delhi,Delhi,2025-10-19 00:00:00,True,ACTIVE,2186.0,False
MCH9228,Ram Inc,5999,False,Retail - Other,Individual,Hyderabad,Telangana,2025-10-19 16:20:00,True,ACTIVE,1661.79,False
MCH6053,Barad-Sen,5999,False,Retail - Other,Individual,Kolkata,West Bengal,2025-10-20 00:00:00,True,ACTIVE,2730.09,False
MCH2593,Gour Inc,5999,False,Retail - Other,Sole Proprietorship,Jalandhar,Punjab,2025-10-20 00:00:00,True,ACTIVE,1307.82,False
MCH1667,Prashad-Samra,5812,False,Restaurants & Food Service,Private Limited,Delhi,Delhi,2025-10-20 03:57:00,True,ACTIVE,7788.38,False
MCH2264,"Sule, Sarma and Sur",5311,False,Retail - Other,Individual,Delhi,Delhi,2025-10-21 00:00:00,True,SUSPENDED,4017.0,False
MCH7280,"Sathe, Shan and Oommen",5411,False,Grocery,Individual,Ludhiana,Punjab,2025-10-21 00:00:00,True,ACTIVE,466.99,False
MCH4976,Walla and Sons,5942,False,Books & Stationery,Sole Proprietorship,Bengaluru,Karnataka,2025-10-21 00:00:00,True,ACTIVE,929.0,False
MCH1219,Buta1a Ltd,5699,False,Apparel & Fashion,Sole Proprietorship,Lucknow,Uttar Pradesh,2025-10-23 00:00:00,True,ACTIVE,1046.51,False
MCH5268,Nagy-Ravel,5999,False,Retail - Other,Sole Proprietorship,Kolkata,West Bengal,2025-10-23 00:00:00,True,BLOCKED,4125.6,False
MCH3757,Chokshi PLC,4814,False,Telecom & Mobile,Private Limited,Jaipur,Rajasthan,2025-10-23 10:04:00,True,ACTIVE,2492.69,False
MCH9423,apte group,7011,False,Hotel & Lodging,Sole Proprietorship,Chennai,Tamil Nadu,2025-10-24 00:00:00,True,ACTIVE,3132.43,False
MCH1163,"Gour, Comar and Palan",4814,False,Telecom & Mobile,Partnership,Ludhiana,Punjab,2025-10-25 00:00:00,True,CLOSED,5449.73,False
MCH2289,Tank-Datta,5812,False,Restaurants & Food Service,Private Limited,Hyderabad,Telangana,2025-10-26 00:00:00,True,ACTIVE,372.03,False
MCH8136,Bora Inc,7011,False,Hotel & Lodging,Sole Proprietorship,Amritsar,Punjab,2025-10-27 00:00:00,True,INACTIVE,635.0,False
MCH4361,"dugal, barad and nagi",5411,False,Grocery,Private Limited,Pune,Maharashtra,2025-10-27 00:00:00,True,ACTIVE,4047.59,False
MCH8832,"Korpal, Dugar and Grover",5411,False,Grocery,Individual,Ludhiana,Punjab,2025-10-27 07:47:00,True,ACTIVE,2140.7,False
MCH4274,Walia Group,4131,False,Transportation & Travel,Private Limited,Mumbai,Maharashtra,2025-10-29 00:00:00,True,ACTIVE,1705.04,False
MCH5741,Rajagopalan PLC,5942,False,Books & Stationery,Individual,Hyderabad,Telangana,2025-10-29 08:07:02,True,INACTIVE,1562.28,False
MCH4527,BansalInc,5411,False,Grocery,Private Limited,Lucknow,Uttar Pradesh,2025-10-29 21:36:00,True,ACTIVE,3449.0,False
MCH1809,Grewal Inc,5311,False,Department Store,Private Limited,Bengaluru,Karnataka,2025-10-31 03:18:09,True,ACTIVE,2181.93,False
MCH5775,SRINIVAS LTD,5311,False,Department Store,Individual,Kolkata,West Bengal,2025-11-01 10:50:11,True,ACTIVE,7152.05,False
MCH4709,DEWAN-JAIN,4131,False,Transportation & Travel,Partnership,Lucknow,Uttar Pradesh,2025-11-02 05:55:00,True,ACTIVE,108.08,False
MCH9811,"Dyal, Ranganathan and Sinha",5812,False,Restaurants & Food Service,Private Limited,Delhi,Delhi,2025-11-04 00:00:00,True,ACTIVE,972.81,False
MCH7944,Bassi-Dyal,4131,False,Retail - Other,Sole Proprietorship,Kolkata,West Bengal,2025-11-04 00:00:00,True,ACTIVE,1227.24,False
MCH5753,Handa Inc,5812,False,Restaurants & Food Service,Sole Proprietorship,Hyderabad,Telangana,2025-11-04 23:27:50,True,ACTIVE,3518.1,False
MCH2744,"DIVAN, NARANG AND JHAVERI",5912,False,Pharmacy & Medical,Partnership,Lucknow,Uttar Pradesh,2025-11-04 23:49:11,True,SUSPENDED,734.64,False
MCH6986,"Joshi, Chacko and Sawhney",5411,False,Grocery,Individual,Mumbai,Maharashtra,2025-11-05 00:00:00,True,ACTIVE,606.88,False
MCH7856,"Sood, Dalal and Butala",7011,False,Hotel & Lodging,Private Limited,Delhi,Delhi,2025-11-06 15:54:00,True,ACTIVE,2048.0,False
MCH1501,Anand-Bhatt,4814,False,Telecom & Mobile,Partnership,Hyderabad,Telangana,2025-11-07 00:00:00,True,ACTIVE,4185.6,False
MCH4334,"Nazareth, Loyal and Dhar",5311,False,Department Store,Individual,Ludhiana,Punjab,2025-11-09 00:00:00,True,ACTIVE,6505.28,False
MCH5498,"Gera, Narayan and Sankaran",5311,False,Department Store,Partnership,Kolkata,West Bengal,2025-11-10 00:00:00,True,ACTIVE,849.49,False
MCH9815,"NARASIMHAN, VASA AND GOSWAMI",5942,False,Books & Stationery,Individual,Delhi,Delhi,2025-11-10 04:53:00,True,ACTIVE,528.91,True
MCH7462,"MALHOTRA, SACHDEVA AND SANT",5411,False,Grocery,Sole Proprietorship,Hyderabad,Telangana,2025-11-11 00:00:00,True,ACTIVE,1601.35,False
MCH6721,"Saran, Varughese and Savant",5912,False,Pharmacy & Medical,Individual,Ludhiana,Punjab,2025-11-11 00:00:00,True,ACTIVE,1696.94,False
MCH4706,"Varughese, Mani and Ch0udhary",5311,False,Department Store,Individual,Bengaluru,Karnataka,2025-11-11 03:09:47,True,ACTIVE,1658.13,True
MCH6013,Date Ltd,5699,False,Apparel & Fashion,Individual,Mumbai,Maharashtra,2025-11-12 09:48:09,True,INACTIVE,138.89,False
MCH4534,BUMB-GANGULY,5699,False,Apparel & Fashion,Partnership,Chennai,Tamil Nadu,2025-11-12 19:14:58,True,ACTIVE,1225.88,False
MCH9401,Ravi LLC,7011,False,Hotel & Lodging,Sole Proprietorship,Pune,Maharashtra,2025-11-14 00:00:00,True,ACTIVE,1824.72,False
MCH4717,Bir Ltd,4131,False,Transportation & Travel,Private Limited,Chennai,Tamil Nadu,2025-11-14 00:00:00,True,ACTIVE,7107.16,False
MCH5426,"DORA, SEHGAL AND CHOUDHURY",4131,False,Transportation & Travel,Individual,Delhi,Delhi,2025-11-14 00:00:00,True,ACTIVE,598.49,False
MCH8632,"Koshy, Suri and Dey",5812,False,Restaurants & Food Service,Individual,Delhi,Delhi,2025-11-14 10:58:44,True,ACTIVE,3705.21,False
MCH3357,"Sundaram, Kara and Sibal",7011,False,Hotel & Lodging,Partnership,Amritsar,Punjab,2025-11-14 12:11:27,True,ACTIVE,246.81,False
MCH3125,Din-Dara,5699,False,Apparel & Fashion,Partnership,Delhi,Delhi,2025-11-15 00:00:00,True,ACTIVE,3672.47,False
MCH2749,Borde PLC,7011,False,Hotel & Lodging,Partnership,Jalandhar,Punjab,2025-11-15 14:42:20,True,ACTIVE,299.85,False
MCH4836,"Sidhu, Krish and Wadhwa",5812,False,Restaurants & Food Service,Individual,Pune,Maharashtra,2025-11-15 20:13:55,True,ACTIVE,431.0,False
MCH1969,Narain-Menon,5311,False,Retail - Other,Individual,Delhi,Delhi,2025-11-16 00:00:00,True,ACTIVE,453.33,False
MCH1764,"Kurian, Vaidya and Loyal",5999,False,Retail - Other,Individual,Lucknow,Uttar Pradesh,2025-11-16 04:20:00,True,BLOCKED,419.98,False
MCH1021,Naik-Karpe,5411,False,Grocery,Sole Proprietorship,Mumbai,Maharashtra,2025-11-16 17:48:36,True,ACTIVE,2341.57,False
MCH6765,Sengupta-Keer,5912,False,Pharmacy & Medical,Individual,Delhi,Delhi,2025-11-17 00:00:00,True,ACTIVE,1250.47,False
MCH3296,Sampath-Chopra,5999,False,Retail - Other,Individual,Bengaluru,Karnataka,2025-11-18 00:00:00,True,ACTIVE,1074.2,False
MCH5562,Savant-Narayan,4131,False,Transportation & Travel,Private Limited,Hyderabad,Telangana,2025-11-18 00:00:00,True,ACTIVE,2799.21,False
MCH4801,Bhargava-Basak,5311,False,Retail - Other,Sole Proprietorship,Lucknow,Uttar Pradesh,2025-11-18 06:19:46,True,ACTIVE,2920.36,False
MCH6856,"Dalal, Morar and Gala",7011,False,Hotel & Lodging,Private Limited,Chennai,Tamil Nadu,2025-11-18 11:40:38,True,ACTIVE,1373.13,True
MCH5642,Ganguly-Kalla,5912,False,Pharmacy & Medical,Private Limited,Jalandhar,Punjab,2025-11-19 00:00:00,True,ACTIVE,870.56,True
MCH3887,Pa11a-Sah0ta,7011,False,Hotel & Lodging,Partnership,Kolkata,West Bengal,2025-11-19 10:50:37,True,INACTIVE,1596.95,False
MCH2451,"HALDER, KANNAN AND DIXIT",7011,False,Hotel & Lodging,Private Limited,Kolkata,West Bengal,2025-11-20 00:00:00,True,INACTIVE,610.7,False
MCH3473,"Mahal, Butala and Shenoy",4131,False,Transportation & Travel,Individual,Amritsar,Punjab,2025-11-20 23:26:00,True,INACTIVE,456.8,False
MCH9320,Char Inc,5411,False,Grocery,Private Limited,Hyderabad,Telangana,2025-11-22 00:00:00,True,ACTIVE,695.0,False
MCH3680,Pradhan Ltd,4131,False,Transportation & Travel,Private Limited,Hyderabad,Telangana,2025-11-22 00:00:00,True,ACTIVE,519.26,False
MCH3072,"Bhargava, Shan and Char",5812,False,Restaurants & Food Service,Private Limited,Jalandhar,Punjab,2025-11-24 00:00:00,True,ACTIVE,2675.68,False
MCH3288,"Bains, Arya and Sanghvi",7011,False,Hotel & Lodging,Partnership,Mumbai,Maharashtra,2025-11-26 00:00:00,True,SUSPENDED,3587.5,True
MCH3330,"Keer, Gupta and Som",5311,False,Department Store,Private Limited,Jalandhar,Punjab,2025-11-26 00:00:00,True,ACTIVE,3134.69,False
MCH6284,Ta1war Ltd,7011,False,Hotel & Lodging,Partnership,Amritsar,Punjab,2025-11-27 00:00:00,True,ACTIVE,678.88,True
MCH9983,bhagat group,5411,False,Grocery,Individual,Pune,Maharashtra,2025-11-27 00:00:00,True,ACTIVE,3669.57,False
MCH2368,Chadha-Barman,5912,False,Pharmacy & Medical,Individual,Jalandhar,Punjab,2025-11-27 00:00:00,True,SUSPENDED,3326.29,False
MCH6328,"Ray, Pandit and Bala",4814,False,Telecom & Mobile,Private Limited,Chennai,Tamil Nadu,2025-11-27 00:31:00,True,ACTIVE,644.89,False
MCH9566,Batra-Kaul,5311,False,Department Store,Private Limited,Delhi,Delhi,2025-11-28 00:00:00,True,ACTIVE,1260.75,False
MCH2152,"Choudhry, Chauhan and Dayal",5942,False,Books & Stationery,Private Limited,Pune,Maharashtra,2025-11-28 17:27:17,True,ACTIVE,1507.67,False
MCH5950,Dey-Raj,5999,False,Retail - Other,Sole Proprietorship,Amritsar,Punjab,2025-11-29 00:00:00,True,ACTIVE,3256.77,True
MCH6683,Pai Inc,5411,False,Grocery,Individual,Chennai,Tamil Nadu,2025-11-29 00:42:00,True,ACTIVE,808.55,True
MCH1665,Salvi Group,5699,False,Apparel & Fashion,Individual,Bengaluru,Karnataka,2025-11-30 00:00:00,True,ACTIVE,946.53,False
MCH5271,Choudhary-Chaudhry,5812,False,Restaurants & Food Service,Partnership,Ludhiana,Punjab,2025-11-30 00:00:00,True,ACTIVE,605.6,True
MCH9345,Mahal Inc,4814,False,Telecom & Mobile,Private Limited,Amritsar,Punjab,2025-11-30 00:00:00,True,ACTIVE,4834.52,False
MCH7088,Prabhu-Agarwal,5311,False,Department Store,Sole Proprietorship,Mumbai,Maharashtra,2025-11-30 13:55:45,True,CLOSED,5426.05,False
MCH9943,Mukhopadhyay-Kale,5699,False,Apparel & Fashion,Private Limited,Amritsar,Punjab,2025-11-30 15:51:23,True,ACTIVE,2114.46,False
MCH8750,"Bawa, Chatterjee and Sathe",7011,False,Hotel & Lodging,Individual,Ludhiana,Punjab,2025-11-30 21:13:53,True,ACTIVE,3120.06,False
MCH5267,"Chandra, Som and Grewal",4131,False,Transportation & Travel,Individual,Hyderabad,Telangana,2025-11-30 22:52:00,True,ACTIVE,999.83,False
MCH2589,Dhawan-Thaker,5311,False,Department Store,Sole Proprietorship,Hyderabad,Telangana,2025-12-01 00:00:00,True,INACTIVE,611.95,True
MCH8761,chokshi llc,7011,False,Hotel & Lodging,Individual,Hyderabad,Telangana,2025-12-01 06:08:00,True,ACTIVE,963.43,False
MCH9531,lad ltd,5411,False,Grocery,Private Limited,Ludhiana,Punjab,2025-12-02 00:00:00,True,SUSPENDED,545.56,False
MCH1162,"Anand, Mistry and Khare",5999,False,Retail - Other,Private Limited,Delhi,Delhi,2025-12-02 00:00:00,True,ACTIVE,1311.0,False
MCH6464,Date LLC,5699,False,Apparel & Fashion,Private Limited,Bengaluru,Karnataka,2025-12-03 00:00:00,True,ACTIVE,3772.0,False
MCH6836,Gola-Rout,5999,False,Retail - Other,Sole Proprietorship,Bengaluru,Karnataka,2025-12-03 00:00:00,True,BLOCKED,2040.92,False
MCH4122,"Lata, Magar and Savant",5999,False,Retail - Other,Partnership,Bengaluru,Karnataka,2025-12-03 23:29:42,True,ACTIVE,3699.77,False
MCH1321,Borah-Dhaliwal,7011,False,Hotel & Lodging,Sole Proprietorship,Amritsar,Punjab,2025-12-06 00:00:00,True,ACTIVE,7973.89,False
MCH6377,BalasubramanianLLC,5912,False,Pharmacy & Medical,Individual,Mumbai,Maharashtra,2025-12-06 00:00:00,True,ACTIVE,1259.93,False
MCH7058,"Barad,PalandBoase",5311,False,Department Store,Individual,Kolkata,West Bengal,2025-12-06 04:07:00,True,ACTIVE,1284.51,False
MCH9649,Sachdeva-Dey,7011,False,Hotel & Lodging,Sole Proprietorship,Amritsar,Punjab,2025-12-06 07:10:00,True,ACTIVE,493.43,True
MCH6738,"Jain, Kothari and Subramanian",4814,False,Telecom & Mobile,Individual,Delhi,Delhi,2025-12-06 23:26:23,True,INACTIVE,1846.61,False
MCH9528,Kibe-Memon,5699,False,Apparel & Fashion,Sole Proprietorship,Delhi,Delhi,2025-12-07 00:00:00,True,ACTIVE,5399.84,False
MCH3810,Mallick-Lall,5411,False,Grocery,Private Limited,Lucknow,Uttar Pradesh,2025-12-07 00:00:00,True,SUSPENDED,630.92,False
MCH9569,Parekh-Kalita,5311,False,Retail - Other,Individual,Amritsar,Punjab,2025-12-07 00:00:00,True,ACTIVE,1617.31,False
MCH4934,Shroff Inc,5912,False,Pharmacy & Medical,Private Limited,Amritsar,Punjab,2025-12-08 00:00:00,True,ACTIVE,1471.24,False
MCH9289,LALL LLC,7011,False,Hotel & Lodging,Private Limited,Kolkata,West Bengal,2025-12-08 09:38:21,True,ACTIVE,3024.28,False
MCH9927,"lall, bali and varughese",5812,False,Restaurants & Food Service,Sole Proprietorship,Lucknow,Uttar Pradesh,2025-12-09 00:00:00,True,ACTIVE,1410.0,False
MCH7919,MAJUMDAR-CHANDRAN,4131,False,Transportation & Travel,Partnership,Jaipur,Rajasthan,2025-12-09 01:54:00,True,ACTIVE,4626.02,False
MCH6176,"TANDON, BADAL AND NATARAJAN",4131,False,Transportation & Travel,Private Limited,Hyderabad,Telangana,2025-12-10 00:00:00,True,ACTIVE,2925.84,False
MCH3488,Sarna-Ramaswamy,5699,False,Apparel & Fashion,Private Limited,Kolkata,West Bengal,2025-12-10 17:02:29,True,ACTIVE,1118.6,False
MCH5565,Chatterjee and Sons,5411,False,Grocery,Sole Proprietorship,Pune,Maharashtra,2025-12-11 00:00:00,True,ACTIVE,1083.09,False
MCH9858,"Memon, Mohanty and Ghosh",4131,False,Transportation & Travel,Sole Proprietorship,Mumbai,Maharashtra,2025-12-11 20:43:32,True,ACTIVE,911.0,False
MCH4022,Varughese-Taneja,5699,False,Apparel & Fashion,Individual,Bengaluru,Karnataka,2025-12-12 06:48:08,True,SUSPENDED,724.48,False
MCH5881,"Bandi, Krishnamurthy and Saran",5411,False,Grocery,Partnership,Amritsar,Punjab,2025-12-13 00:00:00,True,ACTIVE,345.76,False
MCH3402,"Lala, Loyal and Trivedi",5999,False,Retail - Other,Partnership,Pune,Maharashtra,2025-12-14 00:00:00,True,CLOSED,1152.61,False
MCH1953,"Banerjee, Maharaj and Rege",7011,False,Hotel & Lodging,Sole Proprietorship,Jalandhar,Punjab,2025-12-14 00:00:00,True,ACTIVE,1226.94,False
MCH7282,chopra llc,5411,False,Grocery,Partnership,Amritsar,Punjab,2025-12-14 09:02:00,True,ACTIVE,1111.0,False
MCH7830,Narayanan-Barad,5912,False,Pharmacy & Medical,Private Limited,Jaipur,Rajasthan,2025-12-14 17:19:27,True,SUSPENDED,1497.41,False
MCH3679,Kumer LLC,4814,False,Telecom & Mobile,Private Limited,Hyderabad,Telangana,2025-12-15 00:00:00,True,ACTIVE,587.47,False
MCH3886,Gandhi Inc,5812,False,Restaurants & Food Service,Sole Proprietorship,Kolkata,West Bengal,2025-12-18 00:00:00,True,ACTIVE,3831.0,True
MCH8563,"Sen, Saxena and Chopra",5411,False,Grocery,Sole Proprietorship,Pune,Maharashtra,2025-12-18 00:00:00,True,ACTIVE,1384.68,False
MCH2731,Krishna-Kumar,5311,False,Department Store,Private Limited,Ludhiana,Punjab,2025-12-18 00:00:00,True,ACTIVE,1031.53,False
MCH3788,BHARGAVA AND SONS,4131,False,Retail - Other,Partnership,Bengaluru,Karnataka,2025-12-18 00:00:00,True,ACTIVE,2495.65,False
MCH5645,Dey Ltd,4814,False,Telecom & Mobile,Private Limited,Jalandhar,Punjab,2025-12-18 00:00:00,True,ACTIVE,1164.31,False
MCH2646,Parsa-Gole,5999,False,Retail - Other,Private Limited,Hyderabad,Telangana,2025-12-18 03:23:00,True,ACTIVE,450.19,False
MCH6462,"Vaidya, Kunda and Bhavsar",5311,False,Retail - Other,Private Limited,Lucknow,Uttar Pradesh,2025-12-19 00:00:00,True,ACTIVE,1652.23,False
MCH7358,Basak-Patla,5999,False,Retail - Other,Sole Proprietorship,Delhi,Delhi,2025-12-19 00:00:00,True,ACTIVE,3053.41,False
MCH6477,Gopal-Dewan,5699,False,Apparel & Fashion,Sole Proprietorship,Mumbai,Maharashtra,2025-12-20 00:00:00,True,ACTIVE,1828.26,False
MCH9397,Ramaswamy-Goel,5411,False,Grocery,Private Limited,Jalandhar,Punjab,2025-12-20 01:06:00,True,ACTIVE,1519.0,False
MCH8029,"Gokhale, Varughese and Dube",5311,False,Retail - Other,Sole Proprietorship,Hyderabad,Telangana,2025-12-21 00:00:00,True,ACTIVE,973.0,False
MCH6400,Sem-Keer,5411,False,Grocery,Partnership,Ludhiana,Punjab,2025-12-21 00:00:00,True,ACTIVE,13683.2,False
MCH3433,"Pathak, Sathe and Rama",5411,False,Grocery,Private Limited,Kolkata,West Bengal,2025-12-22 00:00:00,True,INACTIVE,3697.0,False
MCH6666,Baral Inc,5699,False,Apparel & Fashion,Individual,Bengaluru,Karnataka,2025-12-22 00:00:00,True,ACTIVE,381.87,False
MCH9954,"Dutta, J0ha1 and Char",5699,False,Apparel & Fashion,Sole Proprietorship,Delhi,Delhi,2025-12-23 00:00:00,True,ACTIVE,3148.72,False
MCH4411,"Kale, Issac and Sibal",5999,False,Retail - Other,Private Limited,Mumbai,Maharashtra,2025-12-23 00:00:00,True,ACTIVE,566.46,False
MCH9249,"Aggarwal, Agarwal and Naidu",5699,False,Apparel & Fashion,Partnership,Chennai,Tamil Nadu,2025-12-23 00:00:00,True,ACTIVE,3533.14,True
MCH5710,Karnik Ltd,5942,False,Books & Stationery,Partnership,Jaipur,Rajasthan,2025-12-24 00:00:00,True,ACTIVE,2156.34,False
MCH7218,Varghese-Arya,7011,False,Hotel & Lodging,Private Limited,Lucknow,Uttar Pradesh,2025-12-25 00:00:00,True,ACTIVE,2725.82,False
MCH1599,RASTOGI-KUMER,5311,False,Department Store,Partnership,Jalandhar,Punjab,2025-12-25 00:00:00,True,ACTIVE,361.82,False
MCH2995,Patil Ltd,7011,False,Hotel & Lodging,Private Limited,Amritsar,Punjab,2025-12-25 00:00:00,True,ACTIVE,492.36,False
MCH7748,chhabra group,5812,False,Restaurants & Food Service,Individual,Pune,Maharashtra,2025-12-26 00:00:00,True,ACTIVE,1602.16,False
MCH9354,"SRINIVASAN, BHARGAVA AND SATHE",7011,False,Hotel & Lodging,Private Limited,Pune,Maharashtra,2025-12-26 03:14:06,True,ACTIVE,272.4,False
MCH1929,"Bahri,DaraandSaran",5942,False,Books & Stationery,Private Limited,Jaipur,Rajasthan,2025-12-26 09:06:43,True,ACTIVE,2563.73,True
MCH7289,Nayar-Dara,5699,False,Apparel & Fashion,Individual,Pune,Maharashtra,2025-12-28 00:00:00,True,ACTIVE,4510.0,False
MCH5490,"Bahl, Kakar and Dara",5699,False,Apparel & Fashion,Individual,Hyderabad,Telangana,2025-12-28 00:00:00,True,ACTIVE,1917.65,False
MCH3414,Sahota Ltd,4814,False,Telecom & Mobile,Private Limited,Amritsar,Punjab,2025-12-29 00:00:00,True,ACTIVE,1607.54,False
MCH1755,Kulkarni and Sons,4814,False,Telecom & Mobile,Individual,Mumbai,Maharashtra,2025-12-29 00:00:00,True,ACTIVE,1088.47,True
MCH7403,Prabhakar Group,5942,False,Books & Stationery,Sole Proprietorship,Chennai,Tamil Nadu,2025-12-29 05:54:46,True,INACTIVE,657.74,False
MCH8326,"Bassi, Lalla and Sastry",5411,False,Grocery,Individual,Amritsar,Punjab,2025-12-30 00:00:00,True,ACTIVE,1031.0,False
MCH1428,De-Natarajan,4131,False,Transportation & Travel,Individual,Mumbai,Maharashtra,2025-12-30 00:00:00,True,ACTIVE,1289.0,False
MCH7647,"Bala, Mody and Kumer",5912,False,Pharmacy & Medical,Partnership,Mumbai,Maharashtra,2025-12-30 18:11:40,True,INACTIVE,3285.0,False
MCH5879,"Sridhar, Sani and Ma11",4814,False,Telecom & Mobile,Individual,Hyderabad,Telangana,2025-12-30 20:57:31,True,ACTIVE,3624.48,True
MCH5992,"Anne, Gole and Bhatnagar",5912,False,Pharmacy & Medical,Private Limited,Ludhiana,Punjab,2025-12-31 00:00:00,True,ACTIVE,1637.97,False
MCH9276,TRIVEDI-KUNDA,5699,False,Apparel & Fashion,Individual,Delhi,Delhi,2025-12-31 04:58:00,True,ACTIVE,2310.01,False
MCH6920,"Bhagat, Nadkarni and Dyal",5311,False,Department Store,Individual,Kolkata,West Bengal,2026-01-01 00:00:00,True,ACTIVE,410.54,False
MCH4182,"More, Sarma and Baria",4814,False,Telecom & Mobile,Individual,Mumbai,Maharashtra,2026-01-01 00:00:00,True,ACTIVE,4102.61,False
MCH5580,Chatterjee-Andra,4131,False,Transportation & Travel,Private Limited,Lucknow,Uttar Pradesh,2026-01-01 00:00:00,True,ACTIVE,512.38,False
MCH6974,Ramaswamy Ltd,5311,False,Department Store,Individual,Delhi,Delhi,2026-01-01 00:00:00,True,ACTIVE,1499.0,False
MCH8310,Chakraborty Ltd,4131,False,Transportation & Travel,Individual,Delhi,Delhi,2026-01-02 00:00:00,True,ACTIVE,1287.03,False
MCH7152,"Bedi, Patil and Rana",5311,False,Retail - Other,Private Limited,Chennai,Tamil Nadu,2026-01-02 00:00:00,True,INACTIVE,1076.99,False
MCH4648,Tara-Pandya,5699,False,Apparel & Fashion,Partnership,Chennai,Tamil Nadu,2026-01-02 00:00:00,True,ACTIVE,852.19,False
MCH6380,Naik-Kalla,5999,False,Retail - Other,Individual,Pune,Maharashtra,2026-01-02 06:05:56,True,BLOCKED,1353.03,True
MCH9251,"Venkatesh, Randhawa and Lal",4131,False,Transportation & Travel,Sole Proprietorship,Lucknow,Uttar Pradesh,2026-01-02 09:37:10,True,ACTIVE,621.25,False
MCH7772,"Chatterjee, Wason and Nadkarni",5311,False,Department Store,Partnership,Mumbai,Maharashtra,2026-01-02 19:37:55,True,ACTIVE,541.48,False
MCH5999,NORI INC,5999,False,Retail - Other,Private Limited,Jalandhar,Punjab,2026-01-02 22:34:56,True,ACTIVE,629.41,False
MCH4577,"Atwal, Sura and Bhatti",5812,False,Restaurants & Food Service,Partnership,Hyderabad,Telangana,2026-01-03 18:58:00,True,ACTIVE,316.9,False
MCH2655,"Brahmbhatt, Desai and Sangha",4814,False,Telecom & Mobile,Sole Proprietorship,Amritsar,Punjab,2026-01-04 00:00:00,True,ACTIVE,3102.0,False
MCH8794,Mani-Zachariah,5411,False,Grocery,Partnership,Bengaluru,Karnataka,2026-01-04 01:33:25,True,INACTIVE,6393.53,False
MCH6578,LAL-SACHDEVA,4131,False,Retail - Other,Partnership,Jalandhar,Punjab,2026-01-04 13:25:00,True,ACTIVE,1965.27,False
MCH2904,IYENGAR-COMAR,5999,False,Retail - Other,Private Limited,Delhi,Delhi,2026-01-05 00:00:00,True,ACTIVE,1147.91,False
MCH6306,"RAMESH, VISWANATHAN AND KALITA",4131,False,Transportation & Travel,Private Limited,Chennai,Tamil Nadu,2026-01-05 00:00:00,True,ACTIVE,302.6,False
MCH2090,Upadhyay PLC,5812,False,Restaurants & Food Service,Sole Proprietorship,Delhi,Delhi,2026-01-05 04:15:56,True,ACTIVE,439.31,False
MCH3105,Bandi PLC,5311,False,Department Store,Sole Proprietorship,Mumbai,Maharashtra,2026-01-05 07:13:24,True,ACTIVE,1578.41,False
MCH7219,Dhawan-Saha,7011,False,Hotel & Lodging,Individual,Delhi,Delhi,2026-01-06 00:00:00,True,INACTIVE,2354.94,False
MCH1002,"Apte, Saha and Edwin",5812,False,Restaurants & Food Service,Private Limited,Bengaluru,Karnataka,2026-01-07 09:01:00,True,ACTIVE,1671.2,False
MCH3308,"DHAWAN, RANGANATHAN AND LUTHRA",5699,False,Apparel & Fashion,Partnership,Amritsar,Punjab,2026-01-09 00:00:00,True,INACTIVE,2438.38,False
MCH4774,Wadhwa PLC,5311,False,Department Store,Partnership,Jalandhar,Punjab,2026-01-09 14:20:47,True,ACTIVE,374.94,False
MCH1128,Natt-Keer,5999,False,Retail - Other,Sole Proprietorship,Hyderabad,Telangana,2026-01-10 12:42:55,True,ACTIVE,1028.32,False
MCH8549,"Amb1e, Sangha and C0mar",4814,False,Telecom & Mobile,Individual,Ludhiana,Punjab,2026-01-12 00:00:00,True,ACTIVE,1130.69,False
MCH1827,Saha Ltd,5999,False,Retail - Other,Partnership,Pune,Maharashtra,2026-01-12 00:00:00,True,ACTIVE,790.89,False
MCH7628,"Mander, Guha and Varty",4814,False,Telecom & Mobile,Sole Proprietorship,Mumbai,Maharashtra,2026-01-12 00:00:00,True,SUSPENDED,8496.25,False
MCH9994,"Barad, Lall and Shetty",5942,False,Books & Stationery,Partnership,Delhi,Delhi,2026-01-13 00:00:00,True,ACTIVE,1588.48,False
MCH2632,Agate-Gandhi,5311,False,Department Store,Partnership,Chennai,Tamil Nadu,2026-01-14 00:00:00,True,ACTIVE,243.56,True
MCH1260,KOTHARI-NADKARNI,5699,False,Apparel & Fashion,Private Limited,Lucknow,Uttar Pradesh,2026-01-15 00:00:00,True,ACTIVE,2375.4,False
MCH8890,Halder Inc,7011,False,Hotel & Lodging,Private Limited,Lucknow,Uttar Pradesh,2026-01-15 00:00:00,True,BLOCKED,2352.14,False
MCH8572,"Sheth,SethandKulkarni",4814,False,Telecom & Mobile,Individual,Jaipur,Rajasthan,2026-01-15 00:00:00,True,ACTIVE,4326.0,False
MCH6109,Sampath Ltd,4814,False,Telecom & Mobile,Individual,Ludhiana,Punjab,2026-01-15 23:34:00,True,ACTIVE,399.08,False
MCH1906,"TANEJA, MAHAJAN AND SARNA",5311,False,Retail - Other,Individual,Bengaluru,Karnataka,2026-01-16 00:00:00,True,INACTIVE,2772.0,False
MCH6670,SAWHNEY INC,5411,False,Grocery,Individual,Bengaluru,Karnataka,2026-01-17 00:00:00,True,ACTIVE,2332.15,True
MCH6024,"Saran, Sinha and Barman",5812,False,Restaurants & Food Service,Sole Proprietorship,Jalandhar,Punjab,2026-01-18 00:39:00,True,ACTIVE,1185.95,False
MCH7493,Sachdeva-Pillai,5699,False,Apparel & Fashion,Private Limited,Kolkata,West Bengal,2026-01-18 20:12:00,True,INACTIVE,203.44,False
MCH9457,"Grover, Deep and Subramaniam",4131,False,Transportation & Travel,Partnership,Bengaluru,Karnataka,2026-01-19 00:00:00,True,ACTIVE,276.66,False
MCH6460,Deol-Narayanan,5311,False,Retail - Other,Partnership,Mumbai,Maharashtra,2026-01-19 08:20:00,True,ACTIVE,878.73,False
MCH2708,"Mand, Zacharia and Vora",4131,False,Transportation & Travel,Sole Proprietorship,Chennai,Tamil Nadu,2026-01-20 00:00:00,True,ACTIVE,363.56,False
MCH4676,Shan Inc,5999,False,Retail - Other,Sole Proprietorship,Mumbai,Maharashtra,2026-01-20 00:00:00,True,ACTIVE,2805.31,False
MCH6992,"Srivastava, Sha and Natarajan",5812,False,Restaurants & Food Service,Partnership,Amritsar,Punjab,2026-01-21 00:00:00,True,ACTIVE,893.0,False
MCH6221,Dey-Maharaj,5912,False,Pharmacy & Medical,Private Limited,Ludhiana,Punjab,2026-01-22 00:00:00,True,INACTIVE,402.9,True
MCH9503,Kulkarni LLC,4131,False,Transportation & Travel,Individual,Hyderabad,Telangana,2026-01-22 21:02:00,True,INACTIVE,1312.52,False
MCH9410,Sagar-Chawla,5699,False,Apparel & Fashion,Individual,Jalandhar,Punjab,2026-01-24 00:00:00,True,ACTIVE,820.0,False
MCH9383,"Sekhon,PadmanabhanandRege",5942,False,Books & Stationery,Individual,Chennai,Tamil Nadu,2026-01-24 02:02:00,True,SUSPENDED,2841.0,False
MCH3446,Ganesan-Contractor,5411,False,Grocery,Sole Proprietorship,Lucknow,Uttar Pradesh,2026-01-24 03:27:14,True,INACTIVE,348.14,False
MCH2309,"bajaj, chakraborty and malhotra",5311,False,Department Store,Individual,Amritsar,Punjab,2026-01-24 07:59:49,True,ACTIVE,355.13,False
MCH1946,Sibal LLC,7011,False,Hotel & Lodging,Sole Proprietorship,Jalandhar,Punjab,2026-01-24 21:05:43,True,ACTIVE,2804.71,False
MCH5569,"Thaman, Kar and Dass",5999,False,Retail - Other,Sole Proprietorship,Mumbai,Maharashtra,2026-01-27 00:00:00,True,INACTIVE,3592.34,False
MCH2860,Ahluwalia Ltd,7011,False,Hotel & Lodging,Private Limited,Bengaluru,Karnataka,2026-01-27 00:00:00,True,ACTIVE,250.0,False
MCH5890,Apte-Sant,5311,False,Department Store,Partnership,Amritsar,Punjab,2026-01-27 00:00:00,True,INACTIVE,2687.77,False
MCH6023,DATTA PLC,5411,False,Grocery,Partnership,Ludhiana,Punjab,2026-01-27 00:00:00,True,ACTIVE,2183.74,False
MCH3619,"MODY, SAMI AND BATTA",5999,False,Retail - Other,Sole Proprietorship,Kolkata,West Bengal,2026-01-27 07:14:00,True,INACTIVE,3456.23,False
MCH2618,"Loyal, Nadkarni and Mangal",5942,False,Books & Stationery,Partnership,Bengaluru,Karnataka,2026-01-27 20:44:00,True,ACTIVE,816.0,False
MCH4337,Sethi Ltd,4814,False,Telecom & Mobile,Individual,Jalandhar,Punjab,2026-01-28 00:00:00,True,INACTIVE,3672.22,False
MCH4547,rout inc,5812,False,Restaurants & Food Service,Private Limited,Bengaluru,Karnataka,2026-01-28 00:00:00,True,ACTIVE,307.37,False
MCH8379,Deep Group,5942,False,Books & Stationery,Private Limited,Kolkata,West Bengal,2026-01-29 00:00:00,True,SUSPENDED,469.0,False
MCH9609,Bhatti Inc,5411,False,Grocery,Individual,Hyderabad,Telangana,2026-01-29 00:00:00,True,SUSPENDED,1792.34,False
MCH5525,Nagy and Sons,7011,False,Hotel & Lodging,Partnership,Bengaluru,Karnataka,2026-01-29 04:09:00,True,ACTIVE,1141.1,False
MCH1679,"Chawla, Sura and Pal",4131,False,Retail - Other,Individual,Lucknow,Uttar Pradesh,2026-01-30 14:56:48,True,SUSPENDED,1030.0,False
MCH4106,Dey and Sons,5411,False,Grocery,Private Limited,Hyderabad,Telangana,2026-01-31 00:00:00,True,ACTIVE,4216.77,False
MCH5408,"Setty, Mangal and Dhar",5411,False,Grocery,Individual,Mumbai,Maharashtra,2026-01-31 00:00:00,True,ACTIVE,1231.49,False
MCH6431,"batra, pant and devan",7011,False,Hotel & Lodging,Partnership,Bengaluru,Karnataka,2026-01-31 00:00:00,True,INACTIVE,1564.0,False
MCH3211,"Mani, Hora and Hayer",5912,False,Pharmacy & Medical,Private Limited,Bengaluru,Karnataka,2026-01-31 00:00:00,True,ACTIVE,3678.27,False
MCH2656,"Patla, Deo and Babu",5912,False,Pharmacy & Medical,Partnership,Jaipur,Rajasthan,2026-02-02 00:00:00,True,ACTIVE,1217.69,False
MCH9582,"Aggarwal, Morar and Vohra",4814,False,Telecom & Mobile,Private Limited,Chennai,Tamil Nadu,2026-02-02 00:00:00,True,ACTIVE,2012.0,False
MCH8024,Banik PLC,5411,False,Grocery,Individual,Jalandhar,Punjab,2026-02-02 22:13:43,True,ACTIVE,1100.96,False
MCH8574,vohra group,5912,False,Pharmacy & Medical,Individual,Jaipur,Rajasthan,2026-02-04 00:00:00,True,CLOSED,746.57,True
MCH9135,"NATH, SAMRA AND CHOPRA",4814,False,Telecom & Mobile,Sole Proprietorship,Kolkata,West Bengal,2026-02-04 01:44:00,True,ACTIVE,387.53,False
MCH5905,KARNIK LTD,5812,False,Restaurants & Food Service,Individual,Pune,Maharashtra,2026-02-05 00:00:00,True,ACTIVE,653.53,False
MCH1939,"Lal,SahniandChopra",7011,False,Hotel & Lodging,Private Limited,Ludhiana,Punjab,2026-02-05 00:00:00,True,ACTIVE,509.0,False
MCH2951,"THAKUR, SUBRAMANIAM AND AGRAWAL",7011,False,Hotel & Lodging,Partnership,Mumbai,Maharashtra,2026-02-06 00:00:00,True,ACTIVE,3115.69,True
MCH6855,"Soman, Ravel and Anand",5411,False,Grocery,Private Limited,Kolkata,West Bengal,2026-02-06 00:00:00,True,ACTIVE,1385.58,False
MCH1971,Khanna and Sons,4814,False,Telecom & Mobile,Partnership,Mumbai,Maharashtra,2026-02-06 00:00:00,True,ACTIVE,2326.17,False
MCH1840,Chahal and Sons,5942,False,Books & Stationery,Sole Proprietorship,Ludhiana,Punjab,2026-02-06 00:00:00,True,ACTIVE,764.0,False
MCH3354,"Barad, Ahluwalia and Mahal",5942,False,Books & Stationery,Partnership,Lucknow,Uttar Pradesh,2026-02-06 09:23:45,True,ACTIVE,906.14,False
MCH3518,Borah and Sons,4131,False,Transportation & Travel,Sole Proprietorship,Mumbai,Maharashtra,2026-02-06 15:51:00,True,ACTIVE,451.33,False
MCH9352,RAMANATHAN-LALA,4131,False,Transportation & Travel,Partnership,Bengaluru,Karnataka,2026-02-09 00:00:00,True,ACTIVE,1121.19,False
MCH9306,Zachariah-Anne,5942,False,Books & Stationery,Partnership,Mumbai,Maharashtra,2026-02-10 00:00:00,True,ACTIVE,1250.09,False
MCH1405,chandra inc,5311,False,Department Store,Partnership,Ludhiana,Punjab,2026-02-10 00:00:00,True,INACTIVE,1248.0,False
MCH7362,kothari plc,5942,False,Books & Stationery,Private Limited,Pune,Maharashtra,2026-02-11 00:00:00,True,ACTIVE,478.42,False
MCH1483,Mohan-Kari,5942,False,Books & Stationery,Private Limited,Amritsar,Punjab,2026-02-11 00:00:00,True,ACTIVE,1901.08,False
MCH9849,Jayaraman Inc,5942,False,Books & Stationery,Individual,Kolkata,West Bengal,2026-02-11 02:12:30,True,ACTIVE,1659.94,False
MCH7176,"SACHAR, WALI AND SAHA",4131,False,Transportation & Travel,Individual,Kolkata,West Bengal,2026-02-13 00:00:00,True,ACTIVE,980.72,False
MCH4284,Chawla LLC,4131,False,Transportation & Travel,Sole Proprietorship,Ludhiana,Punjab,2026-02-13 00:00:00,True,ACTIVE,385.0,False
MCH4486,"Bumb, Kibe and Saraf",4814,False,Telecom & Mobile,Private Limited,Chennai,Tamil Nadu,2026-02-14 00:00:00,True,ACTIVE,2112.84,False
MCH3021,"Gupta, Mukherjee and Setty",4131,False,Retail - Other,Sole Proprietorship,Mumbai,Maharashtra,2026-02-14 00:00:00,True,ACTIVE,614.86,False
MCH1683,"Sampath, Anne and Madan",5812,False,Restaurants & Food Service,Partnership,Chennai,Tamil Nadu,2026-02-14 00:00:00,True,ACTIVE,2458.98,False
MCH8974,"Shukla, Gaba and Sani",5912,False,Pharmacy & Medical,Sole Proprietorship,Delhi,Delhi,2026-02-15 00:00:00,True,ACTIVE,438.78,False
MCH5799,Nagar Inc,7011,False,Hotel & Lodging,Private Limited,Jalandhar,Punjab,2026-02-16 00:00:00,True,ACTIVE,209.08,False
MCH6681,Baria PLC,4131,False,Retail - Other,Individual,Delhi,Delhi,2026-02-17 00:00:00,True,INACTIVE,1343.0,False
MCH7871,"Mital, Palla and Saraf",5699,False,Apparel & Fashion,Sole Proprietorship,Hyderabad,Telangana,2026-02-17 14:36:44,True,ACTIVE,2352.21,True
MCH3510,Sankaran Inc,5699,False,Apparel & Fashion,Individual,Hyderabad,Telangana,2026-02-18 00:00:00,True,INACTIVE,2317.0,False
MCH1770,Prabhu Inc,5411,False,Grocery,Partnership,Kolkata,West Bengal,2026-02-19 00:00:00,True,ACTIVE,1130.22,False
MCH3324,Char-Gera,5699,False,Apparel & Fashion,Partnership,Pune,Maharashtra,2026-02-20 00:00:00,True,SUSPENDED,2076.73,False
MCH8988,"Ratti, Rattan and Menon",5942,False,Books & Stationery,Private Limited,Chennai,Tamil Nadu,2026-02-21 19:46:26,True,ACTIVE,1897.88,False
MCH3974,"Mishra, Baral and Char",5942,False,Books & Stationery,Sole Proprietorship,Chennai,Tamil Nadu,2026-02-22 00:00:00,True,SUSPENDED,2017.65,False
MCH4244,"DOCTOR, PILLAY AND NORI",5311,False,Department Store,Individual,Ludhiana,Punjab,2026-02-22 00:00:00,True,ACTIVE,2111.57,False
MCH9107,"Devi, Chhabra and Sharaf",5699,False,Apparel & Fashion,Sole Proprietorship,Pune,Maharashtra,2026-02-22 08:24:38,True,ACTIVE,637.0,False
MCH7828,Jhaveri and Sons,5699,False,Apparel & Fashion,Individual,Kolkata,West Bengal,2026-02-23 00:00:00,True,ACTIVE,3105.54,False
MCH1593,Wali-Murthy,5999,False,Retail - Other,Sole Proprietorship,Bengaluru,Karnataka,2026-02-23 12:14:26,True,ACTIVE,15388.22,False
MCH8673,Goswami and Sons,5812,False,Restaurants & Food Service,Private Limited,Delhi,Delhi,2026-02-25 00:00:00,True,ACTIVE,979.86,False
MCH2605,Gera-Karpe,5699,False,Apparel & Fashion,Individual,Mumbai,Maharashtra,2026-02-25 00:00:00,True,ACTIVE,1371.0,False
MCH3880,Sankaran-M0dy,4131,False,Transportation & Travel,Sole Proprietorship,Hyderabad,Telangana,2026-02-26 18:34:00,True,ACTIVE,794.44,False
MCH3780,HEGDE GROUP,5311,False,Department Store,Private Limited,Lucknow,Uttar Pradesh,2026-02-27 20:38:00,True,SUSPENDED,315.62,False
MCH8932,"Venkatesh, Nayak and Ravel",5999,True,Retail - Other,Private Limited,Lucknow,Uttar Pradesh,2023-01-01 00:00:00,True,ACTIVE,1585.03,False
MCH6611,Mand PLC,5411,False,Grocery,Private Limited,Chennai,Tamil Nadu,2023-01-01 00:00:00,False,ACTIVE,1110.3,True
MCH9060,"RAMASWAMY, SINGHAL AND DEEP",5999,False,Retail - Other,Individual,Mumbai,Maharashtra,2023-01-01 00:00:00,False,ACTIVE,1011.0,False
MCH5984,acharya-badal,5999,False,Retail - Other,Sole Proprietorship,Kolkata,West Bengal,2023-01-03 00:00:00,False,ACTIVE,515.0,False
MCH5937,"Babu, Contractor and Sem",5411,False,Grocery,Private Limited,Hyderabad,Telangana,2023-01-04 00:00:00,False,INACTIVE,415.88,False
MCH1883,"BAHL, KASHYAP AND SIBAL",5812,False,Restaurants & Food Service,Private Limited,Jalandhar,Punjab,2023-01-04 00:00:00,True,ACTIVE,,False
MCH7325,Chatterjee-Manda,5999,True,Retail - Other,Individual,Kolkata,West Bengal,2023-01-04 13:43:25,True,ACTIVE,1420.0,False
MCH8291,walia inc,7011,False,Hotel & Lodging,Private Limited,Ludhiana,Punjab,2023-01-04 19:11:00,False,ACTIVE,1898.37,False
MCH8299,Garde PLC,5812,False,Restaurants & Food Service,Partnership,Jaipur,Rajasthan,2023-01-06 00:00:00,False,ACTIVE,1496.13,False
MCH6147,Singhal-Murthy,4131,False,Transportation & Travel,Partnership,Mumbai,Maharashtra,2023-01-06 00:00:00,False,ACTIVE,1814.59,True
MCH8219,Devi Group,4814,False,Telecom & Mobile,Individual,Ludhiana,Punjab,2023-01-06 05:16:57,False,ACTIVE,1980.0,False
MCH5040,Kumer-M0rar,4131,False,Transportation & Travel,Private Limited,Chennai,Tamil Nadu,2023-01-08 04:01:00,False,ACTIVE,5948.0,False
MCH5396,MANDA-SETH,4131,False,Transportation & Travel,Sole Proprietorship,Delhi,Delhi,2023-01-11 00:00:00,False,ACTIVE,439.03,False
MCH5841,Nori Group,5912,False,Pharmacy & Medical,Sole Proprietorship,Mumbai,Maharashtra,2023-01-11 06:18:00,False,ACTIVE,466.44,False
MCH5410,Ganesh LLC,7011,False,Hotel & Lodging,Partnership,Delhi,Delhi,2023-01-13 16:09:00,False,ACTIVE,1114.19,False
MCH3899,Goswami-Bath,4131,False,Transportation & Travel,Sole Proprietorship,Hyderabad,Telangana,2023-01-14 00:00:00,False,ACTIVE,1271.48,True
MCH6918,Sant Ltd,4131,False,Transportation & Travel,Private Limited,Chennai,Tamil Nadu,2023-01-15 00:00:00,False,ACTIVE,472.0,False
MCH9940,"Thakur, Chokshi and Char",5699,False,Apparel & Fashion,Sole Proprietorship,Jalandhar,Punjab,2023-01-16 00:00:00,False,ACTIVE,1656.0,False
MCH3148,RaoLtd,4814,False,Telecom & Mobile,Individual,Delhi,Delhi,2023-01-16 00:00:00,False,ACTIVE,1684.65,False
MCH6774,PARSA LTD,5699,False,Apparel & Fashion,Private Limited,Amritsar,Punjab,2023-01-17 00:00:00,False,ACTIVE,2007.14,False
MCH8198,Buch-Sengupta,5311,False,Department Store,Individual,Kolkata,West Bengal,2023-01-18 00:00:00,False,INACTIVE,2004.67,False
MCH5430,THAKKAR AND SONS,5699,False,Apparel & Fashion,Private Limited,Amritsar,Punjab,2023-01-19 00:00:00,False,INACTIVE,4264.84,False
MCH8602,Raghavan-Ah1uwa1ia,5411,False,Grocery,Individual,Chennai,Tamil Nadu,2023-01-19 00:00:00,False,ACTIVE,292.78,True
MCH1191,raval ltd,4814,False,Telecom & Mobile,Individual,Kolkata,West Bengal,2023-01-19 00:18:56,False,INACTIVE,1670.52,False
MCH7667,LALLA AND SONS,5311,False,Retail - Other,Individual,Hyderabad,Telangana,2023-01-20 00:00:00,False,ACTIVE,1676.0,False
MCH1558,Shroff-Khanna,4814,False,Telecom & Mobile,Partnership,Bengaluru,Karnataka,2023-01-20 12:52:42,False,ACTIVE,1953.35,False
MCH8330,"Dhawan, Tella and Rau",4131,False,Transportation & Travel,Private Limited,Chennai,Tamil Nadu,2023-01-20 20:57:00,False,ACTIVE,1437.59,False
MCH2384,"ATWAL, SAWHNEY AND MAGAR",5999,False,Retail - Other,Sole Proprietorship,Lucknow,Uttar Pradesh,2023-01-20 23:37:00,False,ACTIVE,638.0,False
MCH8308,"MUKHOPADHYAY, KOTHARI AND RAVAL",5999,True,Retail - Other,Individual,Amritsar,Punjab,2023-01-21 00:00:00,True,ACTIVE,764.32,False
MCH6314,Tella-Sachdeva,4131,False,Transportation & Travel,Sole Proprietorship,Lucknow,Uttar Pradesh,2023-01-22 00:00:00,False,ACTIVE,2661.98,False
MCH2237,Chatterjee-Din,4814,False,Telecom & Mobile,Sole Proprietorship,Lucknow,Uttar Pradesh,2023-01-23 00:00:00,True,ACTIVE,,False
MCH7749,Nigam Inc,4814,True,Telecom & Mobile,Private Limited,Pune,Maharashtra,2023-01-23 00:00:00,True,ACTIVE,7003.66,False
MCH7567,badal-tripathi,5699,False,Apparel & Fashion,Partnership,Delhi,Delhi,2023-01-23 14:11:00,False,ACTIVE,581.85,False
MCH8941,Iyer LLC,5999,True,Retail - Other,Sole Proprietorship,Ludhiana,Punjab,2023-01-24 23:45:00,True,ACTIVE,2580.56,False
MCH6105,lala group,7011,False,Hotel & Lodging,Sole Proprietorship,Bengaluru,Karnataka,2023-01-25 00:00:00,False,ACTIVE,1595.66,False
MCH7577,"Gandhi, Golla and Arora",5699,False,Apparel & Fashion,Private Limited,Amritsar,Punjab,2023-01-26 00:00:00,True,ACTIVE,,False
MCH6729,Sharma and Sons,5311,False,Retail - Other,Partnership,Amritsar,Punjab,2023-01-27 00:00:00,False,ACTIVE,442.47,False
MCH1493,"Kar, Nath and Koshy",5942,False,Books & Stationery,Individual,Bengaluru,Karnataka,2023-01-28 00:00:00,True,ACTIVE,,False
MCH4066,Nazareth Group,5942,True,Books & Stationery,Sole Proprietorship,Kolkata,West Bengal,2023-01-28 16:03:19,True,ACTIVE,507.68,True
MCH7699,chakraborty llc,7011,False,Hotel & Lodging,Sole Proprietorship,Bengaluru,Karnataka,2023-01-29 00:00:00,False,ACTIVE,145.86,False
MCH6645,Kalla Ltd,5699,True,Apparel & Fashion,Partnership,Amritsar,Punjab,2023-01-29 13:22:00,True,ACTIVE,329.87,False
MCH2607,Garg PLC,5812,False,Restaurants & Food Service,Individual,Hyderabad,Telangana,2023-01-31 00:00:00,False,ACTIVE,3395.0,False
MCH8189,BAJAJ-SURA,4131,False,Retail - Other,Sole Proprietorship,Delhi,Delhi,2023-01-31 11:30:49,False,ACTIVE,1010.26,False
MCH9563,"Singh, Issac and Murty",4131,False,Transportation & Travel,Private Limited,Kolkata,West Bengal,2023-02-01 00:00:00,False,ACTIVE,1366.02,False
MCH1183,Rajan LLC,5812,False,Restaurants & Food Service,Private Limited,Bengaluru,Karnataka,2023-02-02 00:00:00,False,ACTIVE,1717.84,False
MCH9620,prakash group,5411,False,Grocery,Partnership,Ludhiana,Punjab,2023-02-02 08:54:57,False,ACTIVE,2975.01,False
MCH7295,Palan-Ray,7011,False,Hotel & Lodging,Partnership,Bengaluru,Karnataka,2023-02-02 10:44:00,False,ACTIVE,1161.77,False
MCH2792,KrishnamurthyPLC,7011,False,Hotel & Lodging,Sole Proprietorship,Jalandhar,Punjab,2023-02-03 00:00:00,False,ACTIVE,1501.9,False
MCH3571,"Aurora, Kamdar and Vasa",5411,False,Grocery,Private Limited,Lucknow,Uttar Pradesh,2023-02-03 00:00:00,False,ACTIVE,583.65,False
MCH3796,Swaminathan Ltd,5699,False,Apparel & Fashion,Partnership,Pune,Maharashtra,2023-02-04 20:17:32,False,ACTIVE,1024.22,False
MCH7554,"J0ha1, K0thari and Nagar",4131,False,Retail - Other,Individual,Jalandhar,Punjab,2023-02-05 23:53:12,False,ACTIVE,572.11,False
MCH9964,Dua Inc,4131,False,Transportation & Travel,Sole Proprietorship,Mumbai,Maharashtra,2023-02-06 00:00:00,False,INACTIVE,794.67,False
MCH1529,"Sangha,BanerjeeandSengupta",7011,False,Hotel & Lodging,Private Limited,Ludhiana,Punjab,2023-02-06 00:00:00,False,INACTIVE,1257.59,False
MCH2550,Misra-Natarajan,5999,True,Retail - Other,Individual,Ludhiana,Punjab,2023-02-06 04:42:00,True,ACTIVE,1549.99,False
MCH5780,Oak-Mody,5999,False,Retail - Other,Partnership,Pune,Maharashtra,2023-02-07 00:00:00,True,INACTIVE,,False
MCH7446,"SAMI, NARAYAN AND ROY",5942,False,Books & Stationery,Partnership,Ludhiana,Punjab,2023-02-08 00:00:00,False,INACTIVE,6191.17,False
MCH1200,Vora and Sons,5699,True,Apparel & Fashion,Private Limited,Pune,Maharashtra,2023-02-08 00:00:00,True,ACTIVE,1072.0,False
MCH8345,"Srinivas, Bali and Bhatt",7011,False,Hotel & Lodging,Sole Proprietorship,Jalandhar,Punjab,2023-02-08 02:01:40,False,INACTIVE,1909.16,False
MCH5560,"D’Alia, Dasgupta and Chakrabarti",4131,False,Transportation & Travel,Sole Proprietorship,Jalandhar,Punjab,2023-02-09 00:00:00,False,INACTIVE,1247.75,False
MCH2411,SARAF-GOLA,4131,False,Transportation & Travel,Individual,Jaipur,Rajasthan,2023-02-09 06:15:13,False,ACTIVE,2300.71,False
MCH7833,"Chopra, Baral and Hayre",5942,False,Books & Stationery,Sole Proprietorship,Hyderabad,Telangana,2023-02-10 07:53:34,False,SUSPENDED,648.0,False
MCH8838,"KALA, SIDHU AND KURUVILLA",5912,False,Pharmacy & Medical,Partnership,Chennai,Tamil Nadu,2023-02-11 00:00:00,False,INACTIVE,593.62,False
MCH4227,Bora-Sood,5999,False,Retail - Other,Partnership,Jaipur,Rajasthan,2023-02-11 00:00:00,False,ACTIVE,1928.46,False
MCH5236,"More, Luthra and Deol",5999,False,Retail - Other,Partnership,Amritsar,Punjab,2023-02-11 00:00:00,False,ACTIVE,1110.58,False
MCH4741,KARA AND SONS,5999,True,Retail - Other,Partnership,Jaipur,Rajasthan,2023-02-13 00:00:00,True,ACTIVE,2009.21,False
MCH8405,Roy Ltd,5699,True,Apparel & Fashion,Private Limited,Kolkata,West Bengal,2023-02-13 22:05:26,True,INACTIVE,1147.53,False
MCH9928,Kalita-Dave,5999,False,Retail - Other,Private Limited,Mumbai,Maharashtra,2023-02-14 00:00:00,False,ACTIVE,2034.32,False
MCH8893,Anand-Dada,5411,False,Grocery,Private Limited,Delhi,Delhi,2023-02-15 00:00:00,False,ACTIVE,598.72,False
MCH2829,Narain Ltd,5999,False,Retail - Other,Sole Proprietorship,Bengaluru,Karnataka,2023-02-15 14:46:04,False,ACTIVE,1912.36,False
MCH1540,mohan-hegde,5912,False,Pharmacy & Medical,Individual,Mumbai,Maharashtra,2023-02-15 20:52:03,False,INACTIVE,2002.37,False
MCH5108,"Te11a, Naik and Rajag0pa1",7011,False,Hotel & Lodging,Private Limited,Delhi,Delhi,2023-02-17 06:26:08,False,ACTIVE,1054.85,False
MCH9415,Krishnamurthy-Warrior,7011,False,Hotel & Lodging,Sole Proprietorship,Ludhiana,Punjab,2023-02-21 00:00:00,False,ACTIVE,438.69,False
MCH9162,Shankar-Shah,5999,False,Retail - Other,Private Limited,Bengaluru,Karnataka,2023-02-22 00:00:00,True,ACTIVE,,False
MCH6999,srinivasan-agate,5812,False,Restaurants & Food Service,Partnership,Hyderabad,Telangana,2023-02-22 17:51:00,False,ACTIVE,1015.19,False
MCH9912,"Gade, Bajaj and Zachariah",7011,False,Hotel & Lodging,Sole Proprietorship,Ludhiana,Punjab,2023-02-22 18:06:00,False,ACTIVE,564.0,False
MCH7934,Srinivasan-Maharaj,5812,False,Restaurants & Food Service,Partnership,Chennai,Tamil Nadu,2023-02-23 00:00:00,False,INACTIVE,1154.88,False
MCH1973,Pau-H0ra,5311,False,Department Store,Individual,Amritsar,Punjab,2023-02-23 00:00:00,False,ACTIVE,1264.21,False
MCH7156,Lata-Som,5812,False,Restaurants & Food Service,Private Limited,Bengaluru,Karnataka,2023-02-24 00:00:00,False,ACTIVE,739.29,False
MCH1789,Loke-Chanda,5942,False,Books & Stationery,Partnership,Jaipur,Rajasthan,2023-02-25 00:00:00,False,ACTIVE,15713.68,False
MCH2030,Singh-Banerjee,4131,False,Transportation & Travel,Individual,Ludhiana,Punjab,2023-02-25 00:00:00,False,ACTIVE,3976.0,False
MCH1887,Peri Inc,5311,False,Department Store,Private Limited,Bengaluru,Karnataka,2023-02-26 00:00:00,False,ACTIVE,2706.7,False
MCH6080,"kanda, krishnan and chaudry",5411,False,Grocery,Private Limited,Chennai,Tamil Nadu,2023-02-27 00:47:00,False,INACTIVE,1675.16,False
MCH8781,Gade PLC,5912,False,Pharmacy & Medical,Private Limited,Mumbai,Maharashtra,2023-02-27 16:50:53,False,ACTIVE,714.3,False
MCH5020,Sarna-Sarraf,5411,False,Grocery,Individual,Lucknow,Uttar Pradesh,2023-02-27 19:58:28,False,ACTIVE,3351.89,False
MCH8412,Sachdeva-Mutti,5311,False,Department Store,Private Limited,Bengaluru,Karnataka,2023-03-01 00:00:00,False,ACTIVE,2327.41,False
MCH2137,DyalInc,4131,False,Transportation & Travel,Partnership,Amritsar,Punjab,2023-03-01 00:00:00,False,ACTIVE,2285.47,False
MCH6190,Pal Ltd,5699,False,Apparel & Fashion,Private Limited,Ludhiana,Punjab,2023-03-01 00:00:00,False,ACTIVE,376.59,False
MCH5317,Seth PLC,7011,False,Hotel & Lodging,Sole Proprietorship,Bengaluru,Karnataka,2023-03-01 07:27:37,False,ACTIVE,2738.46,False
MCH6164,"Bir, Patil and Chahal",5912,True,Pharmacy & Medical,Sole Proprietorship,Mumbai,Maharashtra,2023-03-01 18:39:00,True,ACTIVE,1451.0,False
MCH7901,BALA GROUP,5812,False,Restaurants & Food Service,Partnership,Jaipur,Rajasthan,2023-03-02 12:07:59,True,ACTIVE,,False
MCH3051,Hora-Mahajan,5699,False,Apparel & Fashion,Private Limited,Jaipur,Rajasthan,2023-03-04 00:00:00,False,ACTIVE,3699.21,False
MCH2842,ANNE LTD,5699,False,Apparel & Fashion,Partnership,Delhi,Delhi,2023-03-04 00:00:00,False,ACTIVE,1642.14,False
MCH7729,"Jain, Bail and Rattan",5411,False,Grocery,Private Limited,Pune,Maharashtra,2023-03-04 07:27:56,False,ACTIVE,2571.4,False
MCH9745,"Datta, Kibe and Barad",5912,True,Pharmacy & Medical,Sole Proprietorship,Ludhiana,Punjab,2023-03-05 00:00:00,True,INACTIVE,1003.0,False
MCH4599,Majumdar-Choudhary,5411,True,Grocery,Private Limited,Mumbai,Maharashtra,2023-03-05 16:37:00,True,INACTIVE,1341.81,False
MCH1409,Baral LLC,5912,False,Pharmacy & Medical,Individual,Hyderabad,Telangana,2023-03-06 00:00:00,False,ACTIVE,1891.12,True
MCH5835,"Kanda, Saraf and Prashad",5699,False,Apparel & Fashion,Sole Proprietorship,Jalandhar,Punjab,2023-03-06 00:00:00,False,ACTIVE,622.64,False
MCH8958,Verma-Biswas,5699,False,Apparel & Fashion,Partnership,Amritsar,Punjab,2023-03-06 14:48:00,False,ACTIVE,7196.61,False
MCH3237,Gaba Inc,5999,False,Retail - Other,Sole Proprietorship,Delhi,Delhi,2023-03-06 15:03:00,True,SUSPENDED,,False
MCH2912,"Singhal, Iyengar and Balasubramanian",5411,True,Grocery,Sole Proprietorship,Lucknow,Uttar Pradesh,2023-03-08 00:00:00,True,INACTIVE,4518.86,True
MCH4682,Dora-Chander,4814,False,Telecom & Mobile,Individual,Mumbai,Maharashtra,2023-03-08 00:00:00,False,ACTIVE,1036.09,False
MCH8460,Luthra PLC,5311,True,Department Store,Private Limited,Jaipur,Rajasthan,2023-03-10 19:52:37,True,ACTIVE,2927.81,False
MCH4875,"Sangha, Sodhi and Banik",5999,False,Retail - Other,Sole Proprietorship,Kolkata,West Bengal,2023-03-12 09:59:00,False,INACTIVE,303.18,False
MCH3481,"RAJA, BRAR AND NAGAR",5411,True,Grocery,Private Limited,Delhi,Delhi,2023-03-13 00:00:00,True,ACTIVE,1791.83,False
MCH7023,Walla-Raj,5311,False,Department Store,Individual,Delhi,Delhi,2023-03-16 11:15:32,False,ACTIVE,1307.24,False
MCH1018,Kannan-Khatri,5311,False,Department Store,Individual,Jalandhar,Punjab,2023-03-19 00:00:00,False,ACTIVE,1791.0,False
MCH2293,"pandit, bhavsar and barman",4814,False,Telecom & Mobile,Private Limited,Pune,Maharashtra,2023-03-20 00:50:23,False,ACTIVE,792.61,False
MCH1744,"Mani, Tara and Mane",4131,False,Transportation & Travel,Sole Proprietorship,Ludhiana,Punjab,2023-03-20 16:42:33,False,CLOSED,466.22,False
MCH9483,"Yohannan, Ghose and Pal",5699,False,Apparel & Fashion,Partnership,Hyderabad,Telangana,2023-03-21 23:53:34,False,ACTIVE,4425.5,False
MCH2448,shan ltd,5699,False,Apparel & Fashion,Private Limited,Delhi,Delhi,2023-03-22 16:55:53,False,ACTIVE,331.32,False
MCH1846,Kurian-Chad,7011,False,Hotel & Lodging,Partnership,Chennai,Tamil Nadu,2023-03-23 22:54:26,False,ACTIVE,597.53,False
MCH4184,Dua-Agate,7011,True,Hotel & Lodging,Partnership,Kolkata,West Bengal,2023-03-24 00:00:00,True,INACTIVE,1198.31,False
MCH7203,Sani-Memon,5999,True,Retail - Other,Sole Proprietorship,Amritsar,Punjab,2023-03-25 00:00:00,True,ACTIVE,205.09,True
MCH2240,"Shenoy, Tara and Kala",5912,False,Pharmacy & Medical,Partnership,Chennai,Tamil Nadu,2023-03-25 00:00:00,False,ACTIVE,1500.77,False
MCH9502,VYAS-HAYRE,5942,False,Books & Stationery,Sole Proprietorship,Mumbai,Maharashtra,2023-03-25 00:00:00,False,ACTIVE,777.19,False
MCH8889,"Mahal, Edwin and Dasgupta",5699,False,Apparel & Fashion,Sole Proprietorship,Pune,Maharashtra,2023-03-26 00:00:00,False,SUSPENDED,1329.62,True
MCH7034,Kohli Inc,5411,True,Grocery,Partnership,Bengaluru,Karnataka,2023-03-27 00:00:00,True,ACTIVE,4369.0,False
MCH5362,"Date, Gandhi and Bath",5942,False,Books & Stationery,Partnership,Delhi,Delhi,2023-03-27 14:31:00,True,ACTIVE,,False
MCH9400,SACHAR PLC,5942,False,Books & Stationery,Sole Proprietorship,Kolkata,West Bengal,2023-03-28 00:00:00,False,ACTIVE,872.66,False
MCH9651,Thakkar-Dass,5311,False,Department Store,Private Limited,Jalandhar,Punjab,2023-03-28 04:13:28,False,ACTIVE,2535.0,False
MCH9586,Ghose PLC,7011,False,Hotel & Lodging,Private Limited,Chennai,Tamil Nadu,2023-03-30 00:00:00,False,ACTIVE,2522.89,False
MCH6301,"Apte, Vohra and Gade",4814,False,Telecom & Mobile,Partnership,Jalandhar,Punjab,2023-03-30 00:00:00,False,ACTIVE,2355.49,False
MCH5488,Chaudry-Garde,5411,False,Grocery,Individual,Kolkata,West Bengal,2023-03-31 00:00:00,False,ACTIVE,405.0,False
MCH2753,"Karan, Ganguly and Desai",5999,False,Retail - Other,Private Limited,Amritsar,Punjab,2023-03-31 00:00:00,False,ACTIVE,1254.6,False
MCH4902,"Pingle, Choudhary and Raghavan",7011,False,Hotel & Lodging,Sole Proprietorship,Bengaluru,Karnataka,2023-03-31 00:00:00,False,ACTIVE,482.41,False
MCH8921,"Palla, Kanda and Kohli",5411,False,Grocery,Individual,Jaipur,Rajasthan,2023-04-01 00:00:00,False,INACTIVE,1560.65,False
MCH3161,Mittal-Bawa,5999,False,Retail - Other,Private Limited,Jalandhar,Punjab,2023-04-01 15:06:38,False,ACTIVE,2703.14,False
MCH1170,"Wali, Bala and Sanghvi",5311,False,Department Store,Sole Proprietorship,Bengaluru,Karnataka,2023-04-01 15:30:00,False,INACTIVE,1109.65,False
MCH3917,CHOWDHURY-PANDIT,5699,True,Apparel & Fashion,Private Limited,Hyderabad,Telangana,2023-04-02 00:00:00,True,ACTIVE,445.99,True
MCH3077,Warrior Ltd,4131,False,Transportation & Travel,Partnership,Kolkata,West Bengal,2023-04-02 00:00:00,False,ACTIVE,1448.69,False
MCH4521,Raman PLC,5699,False,Apparel & Fashion,Private Limited,Hyderabad,Telangana,2023-04-02 12:10:00,False,ACTIVE,4397.68,False
MCH1534,"MERCHANT, SARNA AND KORPAL",5912,False,Pharmacy & Medical,Private Limited,Hyderabad,Telangana,2023-04-02 14:45:00,False,CLOSED,3752.5,False
MCH5870,Deol Group,4131,False,Transportation & Travel,Sole Proprietorship,Chennai,Tamil Nadu,2023-04-02 21:18:00,False,SUSPENDED,1911.31,False
MCH2980,Mander and Sons,5411,False,Grocery,Sole Proprietorship,Kolkata,West Bengal,2023-04-03 00:00:00,False,ACTIVE,1129.72,False
MCH5281,RAMASWAMY-BHANDARI,5411,False,Grocery,Partnership,Bengaluru,Karnataka,2023-04-04 00:00:00,False,ACTIVE,113.91,False
MCH1965,Kata Inc,5311,False,Department Store,Private Limited,Amritsar,Punjab,2023-04-04 01:07:57,False,ACTIVE,686.92,False
MCH8663,Khalsa Group,5942,True,Books & Stationery,Partnership,Jalandhar,Punjab,2023-04-05 00:00:00,True,INACTIVE,338.0,False
MCH2647,Saha Inc,5999,False,Retail - Other,Private Limited,Lucknow,Uttar Pradesh,2023-04-06 00:00:00,False,ACTIVE,1551.4,False
MCH3340,VARTY-CHOKSHI,5999,False,Retail - Other,Partnership,Chennai,Tamil Nadu,2023-04-07 03:02:50,False,ACTIVE,311.76,False
MCH5405,Balan-Sabharwal,5812,False,Restaurants & Food Service,Individual,Bengaluru,Karnataka,2023-04-07 06:56:55,False,ACTIVE,2280.95,False
MCH7389,Basu-Bedi,5812,False,Restaurants & Food Service,Partnership,Bengaluru,Karnataka,2023-04-07 12:28:00,True,ACTIVE,,False
MCH1976,"MUTTI, SASTRY AND JHA",5942,False,Books & Stationery,Private Limited,Amritsar,Punjab,2023-04-08 00:00:00,False,ACTIVE,2928.73,False
MCH5723,Doctor LLC,5411,True,Grocery,Private Limited,Kolkata,West Bengal,2023-04-08 00:00:00,True,ACTIVE,574.8,True
MCH8880,Hayer-Walia,4131,False,Retail - Other,Partnership,Jalandhar,Punjab,2023-04-08 11:08:14,False,ACTIVE,2616.91,False
MCH4944,"Pillai, Kurian and Sunder",5411,True,Grocery,Sole Proprietorship,Mumbai,Maharashtra,2023-04-08 22:00:12,True,ACTIVE,907.45,False
MCH8968,"Mukherjee,MorarandDesai",5411,False,Grocery,Individual,Amritsar,Punjab,2023-04-09 00:00:00,False,ACTIVE,8122.94,False
MCH8703,MODY GROUP,5999,True,Retail - Other,Partnership,Hyderabad,Telangana,2023-04-09 03:36:19,True,SUSPENDED,2908.51,False
MCH7190,Som-Kibe,5699,False,Apparel & Fashion,Private Limited,Lucknow,Uttar Pradesh,2023-04-09 07:24:49,False,ACTIVE,2254.41,False
MCH7465,Bhatt Group,5999,True,Retail - Other,Individual,Pune,Maharashtra,2023-04-10 00:00:00,True,ACTIVE,3040.67,False
MCH5208,mann inc,5411,False,Grocery,Private Limited,Hyderabad,Telangana,2023-04-10 08:46:00,False,SUSPENDED,1269.59,False
MCH9002,MANNE LTD,5311,True,Department Store,Partnership,Amritsar,Punjab,2023-04-11 00:00:00,True,ACTIVE,2336.66,False
MCH2902,"Narang, Varghese and Sur",4131,False,Transportation & Travel,Individual,Amritsar,Punjab,2023-04-11 16:20:00,False,ACTIVE,1675.0,False
MCH4250,"Mani, Roy and Manne",4131,False,Retail - Other,Private Limited,Bengaluru,Karnataka,2023-04-12 00:00:00,False,ACTIVE,77.0,False
MCH3666,Gera-Ranganathan,4131,False,Transportation & Travel,Partnership,Jaipur,Rajasthan,2023-04-12 00:00:00,False,ACTIVE,243.55,False
MCH9979,"Bandi, Gupta and Sarma",4131,False,Transportation & Travel,Private Limited,Ludhiana,Punjab,2023-04-13 00:00:00,False,BLOCKED,979.52,True
MCH1578,gala ltd,5999,False,Retail - Other,Individual,Bengaluru,Karnataka,2023-04-13 00:00:00,False,ACTIVE,446.42,False
MCH8259,Lall Group,5942,False,Books & Stationery,Sole Proprietorship,Jalandhar,Punjab,2023-04-13 00:00:00,False,ACTIVE,2667.52,False
MCH2903,Swamy-Parsa,5699,False,Apparel & Fashion,Individual,Mumbai,Maharashtra,2023-04-14 00:00:00,False,CLOSED,1218.16,False
MCH2830,"Joshi,ChaudhariandToor",5411,False,Grocery,Individual,Bengaluru,Karnataka,2023-04-15 14:55:00,False,ACTIVE,756.0,False
MCH3060,Deep-Tata,5311,False,Department Store,Individual,Amritsar,Punjab,2023-04-17 00:00:00,False,ACTIVE,2601.81,True
MCH7806,"Sahni, Bhavsar and Kaul",4131,True,Transportation & Travel,Private Limited,Hyderabad,Telangana,2023-04-17 00:00:00,True,ACTIVE,1046.19,False
MCH4355,Sur-Pandit,5699,False,Apparel & Fashion,Partnership,Lucknow,Uttar Pradesh,2023-04-18 00:00:00,True,ACTIVE,,False
MCH3896,"Bansal, Thakkar and Dar",5942,False,Books & Stationery,Sole Proprietorship,Bengaluru,Karnataka,2023-04-20 00:00:00,True,ACTIVE,,False
MCH9119,Dyal-Salvi,4814,False,Telecom & Mobile,Partnership,Chennai,Tamil Nadu,2023-04-20 00:00:00,False,ACTIVE,6428.96,False
MCH6865,Mander-Chakrabarti,7011,False,Hotel & Lodging,Private Limited,Mumbai,Maharashtra,2023-04-20 10:35:00,False,ACTIVE,465.56,True
MCH4994,"Uppal, Bawa and Gera",5812,False,Restaurants & Food Service,Sole Proprietorship,Delhi,Delhi,2023-04-21 00:00:00,False,ACTIVE,1710.0,False
MCH8842,"Bala, Pillai and Kala",5999,False,Retail - Other,Partnership,Amritsar,Punjab,2023-04-23 00:00:00,True,SUSPENDED,,False
MCH7862,Pandit-Ratti,5912,False,Pharmacy & Medical,Individual,Amritsar,Punjab,2023-04-23 00:00:00,False,ACTIVE,558.23,False
MCH1555,Raj LLC,5942,False,Books & Stationery,Individual,Pune,Maharashtra,2023-04-23 00:00:00,False,ACTIVE,602.0,False
MCH7341,VARUGHESE INC,7011,False,Hotel & Lodging,Partnership,Kolkata,West Bengal,2023-04-24 02:30:00,False,ACTIVE,3711.54,True
MCH1422,Merchant and Sons,5912,False,Pharmacy & Medical,Individual,Hyderabad,Telangana,2023-04-25 00:00:00,False,ACTIVE,4074.0,False
MCH2907,VARUGHESE-MANI,5912,False,Pharmacy & Medical,Sole Proprietorship,Chennai,Tamil Nadu,2023-04-25 00:00:00,False,ACTIVE,1106.0,False
MCH1730,Buch Ltd,5699,False,Apparel & Fashion,Individual,Kolkata,West Bengal,2023-04-25 00:00:00,False,ACTIVE,813.32,False
MCH3736,"Chanda, Bandi and Pandya",4814,False,Telecom & Mobile,Partnership,Hyderabad,Telangana,2023-04-25 00:48:36,False,ACTIVE,812.06,False
MCH9837,Raval-Aurora,5812,False,Restaurants & Food Service,Sole Proprietorship,Kolkata,West Bengal,2023-04-26 00:00:00,False,ACTIVE,2990.0,False
MCH2754,"Rastogi, Kamdar and Kumer",5912,False,Pharmacy & Medical,Sole Proprietorship,Chennai,Tamil Nadu,2023-04-27 00:00:00,False,ACTIVE,2871.91,False
MCH3044,Gupta PLC,5942,False,Books & Stationery,Sole Proprietorship,Bengaluru,Karnataka,2023-04-27 00:00:00,False,INACTIVE,582.54,False
MCH6144,Ravi-Dhingra,5912,False,Pharmacy & Medical,Private Limited,Hyderabad,Telangana,2023-04-28 00:00:00,False,ACTIVE,2686.0,False
MCH5203,"Goel, Mishra and Ram",4814,False,Telecom & Mobile,Sole Proprietorship,Bengaluru,Karnataka,2023-04-28 00:00:00,False,ACTIVE,3326.82,False
MCH4544,"Som, Deshmukh and Narang",5411,False,Grocery,Partnership,Bengaluru,Karnataka,2023-04-28 00:00:00,False,ACTIVE,4619.33,False
MCH4301,Thakur Inc,5942,False,Books & Stationery,Partnership,Delhi,Delhi,2023-04-29 06:39:16,False,ACTIVE,4449.0,False
MCH2213,"Dash,SoniandPalla",7011,False,Hotel & Lodging,Individual,Kolkata,West Bengal,2023-04-30 00:00:00,False,ACTIVE,4392.08,False
MCH1174,Mander-Kari,5411,False,Grocery,Partnership,Jalandhar,Punjab,2023-05-01 00:00:00,False,ACTIVE,1013.97,False
MCH7960,Comar-Ramesh,5411,False,Grocery,Sole Proprietorship,Amritsar,Punjab,2023-05-01 00:00:00,True,ACTIVE,,False
MCH9434,Srinivasan-Savant,5812,False,Restaurants & Food Service,Partnership,Chennai,Tamil Nadu,2023-05-01 21:28:13,True,ACTIVE,,False
MCH7419,Minhas Inc,5699,False,Apparel & Fashion,Individual,Bengaluru,Karnataka,2023-05-03 00:00:00,True,ACTIVE,,False
MCH9335,"Sarraf, Wable and Deshmukh",5912,False,Pharmacy & Medical,Individual,Amritsar,Punjab,2023-05-03 00:00:00,False,ACTIVE,399.0,False
MCH9521,"soni, bal and thaman",5699,False,Apparel & Fashion,Partnership,Ludhiana,Punjab,2023-05-04 07:18:00,False,CLOSED,155.0,False
MCH6517,"Vig, Sen and Kumar",5699,False,Apparel & Fashion,Sole Proprietorship,Delhi,Delhi,2023-05-05 00:00:00,False,ACTIVE,1024.93,False
MCH6990,Apte-Choudhary,4131,False,Transportation & Travel,Partnership,Bengaluru,Karnataka,2023-05-05 00:00:00,False,ACTIVE,3342.47,False
MCH8674,"Mani, Dutta and Issac",5812,False,Restaurants & Food Service,Private Limited,Chennai,Tamil Nadu,2023-05-05 15:05:33,True,ACTIVE,,False
MCH6748,Sathe Inc,5411,False,Grocery,Sole Proprietorship,Kolkata,West Bengal,2023-05-07 00:00:00,False,INACTIVE,1451.17,False
MCH6501,Ka1a-Garg,5699,True,Apparel & Fashion,Sole Proprietorship,Ludhiana,Punjab,2023-05-07 00:00:00,True,ACTIVE,471.98,False
MCH4385,Bera-S0m,5411,True,Grocery,Private Limited,Jalandhar,Punjab,2023-05-08 00:00:00,True,ACTIVE,2548.67,False
MCH2671,Mohanty-Chakrabarti,5999,False,Retail - Other,Partnership,Jalandhar,Punjab,2023-05-08 18:02:00,False,ACTIVE,1187.55,False
MCH1020,Garg-Kale,4131,False,Transportation & Travel,Sole Proprietorship,Amritsar,Punjab,2023-05-09 00:00:00,False,ACTIVE,1015.68,False
MCH2383,Dewan-Misra,4814,False,Telecom & Mobile,Sole Proprietorship,Ludhiana,Punjab,2023-05-09 17:41:00,False,ACTIVE,923.06,False
MCH1439,Chawla Ltd,5999,True,Retail - Other,Individual,Chennai,Tamil Nadu,2023-05-10 00:00:00,True,ACTIVE,6190.53,False
MCH4323,"Ben, Wagle and Shan",5812,False,Restaurants & Food Service,Sole Proprietorship,Chennai,Tamil Nadu,2023-05-11 05:53:16,True,SUSPENDED,,False
MCH5316,Madan Ltd,5311,False,Department Store,Individual,Kolkata,West Bengal,2023-05-11 17:42:55,False,ACTIVE,706.61,False
MCH7852,"Kapadia, K0nda and Luthra",7011,True,Hotel & Lodging,Sole Proprietorship,Chennai,Tamil Nadu,2023-05-12 06:13:06,True,SUSPENDED,4401.63,False
MCH8990,Konda-Comar,4131,False,Transportation & Travel,Private Limited,Bengaluru,Karnataka,2023-05-12 14:14:04,False,ACTIVE,273.69,False
MCH2098,Ranganathan-Chopra,4131,False,Transportation & Travel,Private Limited,Chennai,Tamil Nadu,2023-05-13 00:00:00,False,ACTIVE,4538.04,False
MCH4431,"Wali, Zachariah and Toor",5411,False,Grocery,Sole Proprietorship,Mumbai,Maharashtra,2023-05-13 00:00:00,False,BLOCKED,3595.68,False
MCH7108,Krishnan Group,5411,False,Grocery,Sole Proprietorship,Delhi,Delhi,2023-05-14 00:00:00,False,ACTIVE,567.27,False
MCH8131,Sekhon-Agrawal,5999,False,Retail - Other,Private Limited,Kolkata,West Bengal,2023-05-15 00:00:00,False,INACTIVE,5430.66,False
MCH6745,Chaudry PLC,7011,False,Hotel & Lodging,Individual,Lucknow,Uttar Pradesh,2023-05-16 00:00:00,False,INACTIVE,2605.91,False
MCH4884,"Reddy, Wason and Magar",4131,False,Transportation & Travel,Private Limited,Kolkata,West Bengal,2023-05-16 00:00:00,False,CLOSED,2421.0,False
MCH9867,Loyal and Sons,5699,False,Apparel & Fashion,Partnership,Pune,Maharashtra,2023-05-16 14:57:33,False,ACTIVE,1984.39,False
MCH5717,"Kuruvilla, Deol and Rama",5942,False,Books & Stationery,Sole Proprietorship,Jaipur,Rajasthan,2023-05-16 23:01:00,False,ACTIVE,8901.44,False
MCH2881,J0ha1 PLC,5812,True,Restaurants & Food Service,Partnership,Amritsar,Punjab,2023-05-16 23:44:00,True,ACTIVE,807.63,False
MCH9208,Lala-Tiwari,5942,False,Books & Stationery,Partnership,Amritsar,Punjab,2023-05-17 00:00:00,False,INACTIVE,338.09,False
MCH1400,Kapoor-Bhalla,5699,False,Apparel & Fashion,Partnership,Chennai,Tamil Nadu,2023-05-17 00:00:00,False,ACTIVE,913.08,False
MCH6002,Ch0kshi-Kibe,5699,False,Apparel & Fashion,Sole Proprietorship,Pune,Maharashtra,2023-05-17 16:17:04,False,ACTIVE,864.81,False
MCH6979,Nadig Ltd,5912,True,Pharmacy & Medical,Sole Proprietorship,Chennai,Tamil Nadu,2023-05-18 00:42:04,True,INACTIVE,640.32,False
MCH7384,Ahuja Group,5311,True,Department Store,Individual,Delhi,Delhi,2023-05-18 02:59:53,True,ACTIVE,1058.0,False
MCH2495,Solanki LLC,5942,True,Books & Stationery,Private Limited,Delhi,Delhi,2023-05-19 00:00:00,True,ACTIVE,1374.43,False
MCH5795,"Sunder, Bera and Srinivas",7011,False,Hotel & Lodging,Private Limited,Kolkata,West Bengal,2023-05-19 17:04:00,False,ACTIVE,167.0,False
MCH9743,Sahota-Krish,5942,False,Books & Stationery,Private Limited,Ludhiana,Punjab,2023-05-22 00:00:00,False,ACTIVE,873.78,False
MCH8978,TalwarandSons,5942,False,Books & Stationery,Sole Proprietorship,Mumbai,Maharashtra,2023-05-23 00:00:00,False,ACTIVE,4704.55,False
MCH2157,"Ramaswamy, Sundaram and Sachdev",4131,False,Transportation & Travel,Individual,Hyderabad,Telangana,2023-05-25 00:00:00,False,ACTIVE,1899.0,False
MCH4282,PINGLE LTD,5311,False,Retail - Other,Sole Proprietorship,Amritsar,Punjab,2023-05-26 08:14:58,False,ACTIVE,816.0,False
MCH2899,Sampath-Mannan,5812,False,Restaurants & Food Service,Individual,Bengaluru,Karnataka,2023-05-27 00:00:00,False,ACTIVE,379.53,True
MCH6547,"Gupta,DewanandNadig",5942,False,Books & Stationery,Individual,Hyderabad,Telangana,2023-05-27 00:00:00,False,INACTIVE,974.14,False
MCH1054,Cheema Ltd,5311,False,Department Store,Private Limited,Pune,Maharashtra,2023-05-27 00:00:00,False,ACTIVE,868.09,False
MCH2211,KRISHNAN-SIBAL,5942,False,Books & Stationery,Individual,Bengaluru,Karnataka,2023-05-28 18:32:06,False,ACTIVE,1189.37,False
MCH7087,Prashad LLC,5311,False,Department Store,Partnership,Chennai,Tamil Nadu,2023-05-29 00:00:00,False,ACTIVE,955.0,False
MCH5843,Wason and Sons,4814,False,Telecom & Mobile,Individual,Hyderabad,Telangana,2023-05-30 00:00:00,False,INACTIVE,1023.46,False
MCH5663,"goyal, brahmbhatt and raja",5912,False,Pharmacy & Medical,Individual,Ludhiana,Punjab,2023-05-31 00:00:00,False,SUSPENDED,2417.27,False
MCH8571,"Garde, Toor and Malhotra",4814,False,Telecom & Mobile,Partnership,Amritsar,Punjab,2023-05-31 00:00:00,False,ACTIVE,266.55,False
MCH6391,"SAXENA, SARMA AND MENON",5411,False,Grocery,Individual,Hyderabad,Telangana,2023-05-31 16:32:17,False,ACTIVE,337.0,False
MCH3123,"Hegde, Bahl and Comar",4131,True,Transportation & Travel,Private Limited,Delhi,Delhi,2023-06-01 00:00:00,True,ACTIVE,2133.64,False
MCH9897,Modi PLC,5699,False,Apparel & Fashion,Individual,Delhi,Delhi,2023-06-01 00:00:00,False,ACTIVE,1453.4,True
MCH5484,Vasa PLC,7011,False,Hotel & Lodging,Individual,Lucknow,Uttar Pradesh,2023-06-01 00:00:00,True,ACTIVE,,False
MCH1270,Tiwari and Sons,5311,False,Department Store,Private Limited,Hyderabad,Telangana,2023-06-02 14:56:50,False,ACTIVE,1107.02,False
MCH5401,Dave PLC,5311,False,Department Store,Partnership,Mumbai,Maharashtra,2023-06-03 00:00:00,False,ACTIVE,3231.0,False
MCH4165,nayar plc,5311,False,Department Store,Private Limited,Delhi,Delhi,2023-06-03 00:00:00,False,SUSPENDED,1388.15,False
MCH5545,Parikh-Raja,5942,False,Books & Stationery,Sole Proprietorship,Lucknow,Uttar Pradesh,2023-06-04 00:00:00,False,ACTIVE,1144.37,False
MCH2613,"Grewal, Gade and Bhattacharyya",4814,False,Telecom & Mobile,Private Limited,Kolkata,West Bengal,2023-06-04 01:02:27,False,SUSPENDED,1066.15,False
MCH6795,"Hans, Majumdar and Mangat",5999,False,Retail - Other,Individual,Hyderabad,Telangana,2023-06-05 00:00:00,False,ACTIVE,1573.9,False
MCH8059,Kapadia PLC,4814,False,Telecom & Mobile,Sole Proprietorship,Mumbai,Maharashtra,2023-06-05 00:00:00,False,INACTIVE,263.96,False
MCH3353,sachar ltd,5942,False,Books & Stationery,Private Limited,Jalandhar,Punjab,2023-06-06 00:00:00,False,INACTIVE,446.0,False
MCH2425,SURI-KURIAN,5411,False,Grocery,Partnership,Ludhiana,Punjab,2023-06-06 04:11:03,False,ACTIVE,1800.35,False
MCH5599,Peri-Bhatti,5942,False,Books & Stationery,Individual,Mumbai,Maharashtra,2023-06-06 05:11:00,False,ACTIVE,8103.17,False
MCH7128,Agarwal Group,5912,False,Pharmacy & Medical,Private Limited,Jalandhar,Punjab,2023-06-06 20:54:00,False,ACTIVE,6405.9,False
MCH9032,Johal-Vaidya,5311,False,Department Store,Partnership,Mumbai,Maharashtra,2023-06-07 06:53:00,False,ACTIVE,821.89,False
MCH7196,Kurian-Trivedi,4814,False,Telecom & Mobile,Partnership,Jaipur,Rajasthan,2023-06-09 00:00:00,False,ACTIVE,1000.33,False
MCH4406,"Chand, Ahuja and Behl",7011,False,Hotel & Lodging,Private Limited,Pune,Maharashtra,2023-06-09 00:00:00,False,ACTIVE,3629.0,False
MCH6582,SAGAR GROUP,5912,False,Pharmacy & Medical,Partnership,Kolkata,West Bengal,2023-06-09 00:00:00,False,ACTIVE,1999.0,False
MCH4141,Sarkar and Sons,4814,False,Telecom & Mobile,Partnership,Bengaluru,Karnataka,2023-06-10 00:00:00,False,ACTIVE,1485.34,False
MCH7095,Deshmukh-Sarna,5999,False,Retail - Other,Individual,Bengaluru,Karnataka,2023-06-10 00:00:00,False,ACTIVE,560.73,False
MCH1443,Swamy PLC,5999,False,Retail - Other,Private Limited,Lucknow,Uttar Pradesh,2023-06-10 00:00:00,False,CLOSED,209.63,False
MCH3630,Chacko Ltd,5812,False,Restaurants & Food Service,Partnership,Mumbai,Maharashtra,2023-06-11 00:00:00,False,INACTIVE,2433.39,False
MCH9814,Sekhon-Luthra,5411,False,Grocery,Individual,Hyderabad,Telangana,2023-06-12 00:00:00,False,ACTIVE,2338.35,False
MCH9935,Sahni-Barad,5999,False,Retail - Other,Partnership,Delhi,Delhi,2023-06-12 00:00:00,False,ACTIVE,1444.0,False
MCH7061,Grover and Sons,7011,False,Hotel & Lodging,Individual,Jaipur,Rajasthan,2023-06-12 22:13:21,False,ACTIVE,462.72,False
MCH3936,Bath Inc,5411,False,Grocery,Individual,Lucknow,Uttar Pradesh,2023-06-13 00:00:00,False,ACTIVE,879.38,False
MCH5606,"Hayer, Mukherjee and Kohli",5812,False,Restaurants & Food Service,Partnership,Kolkata,West Bengal,2023-06-16 00:00:00,False,ACTIVE,1765.0,False
MCH4002,"Bora, Kant and Chauhan",5411,False,Grocery,Individual,Bengaluru,Karnataka,2023-06-16 12:46:40,True,ACTIVE,,False
MCH1389,munshi-behl,5411,False,Grocery,Individual,Pune,Maharashtra,2023-06-17 00:00:00,False,ACTIVE,3913.0,False
MCH9787,Nigam LLC,7011,False,Hotel & Lodging,Private Limited,Jaipur,Rajasthan,2023-06-18 00:00:00,False,INACTIVE,717.19,False
MCH6397,"CHACKO, GANGULY AND GALA",4814,False,Telecom & Mobile,Sole Proprietorship,Delhi,Delhi,2023-06-18 10:02:06,True,ACTIVE,,False
MCH2029,Bhalla-Brahmbhatt,5999,False,Retail - Other,Sole Proprietorship,Jalandhar,Punjab,2023-06-20 12:29:06,False,ACTIVE,276.02,False
MCH8984,Sharma Group,5812,False,Restaurants & Food Service,Private Limited,Ludhiana,Punjab,2023-06-21 00:00:00,False,ACTIVE,590.58,False
MCH2153,"Dara, Vala and Venkatesh",5699,False,Apparel & Fashion,Partnership,Chennai,Tamil Nadu,2023-06-21 00:00:00,False,ACTIVE,1608.19,True
MCH3351,"Loke, Narasimhan and Gandhi",5912,False,Pharmacy & Medical,Partnership,Amritsar,Punjab,2023-06-22 00:00:00,False,SUSPENDED,1029.99,False
MCH2015,Gulati LLC,4814,False,Telecom & Mobile,Private Limited,Jaipur,Rajasthan,2023-06-22 07:04:00,False,ACTIVE,17945.28,False
MCH7276,Talwar-Kant,4131,False,Retail - Other,Partnership,Jaipur,Rajasthan,2023-06-23 22:04:06,False,ACTIVE,692.16,False
MCH9947,Sarkar Ltd,5311,False,Department Store,Individual,Ludhiana,Punjab,2023-06-25 00:00:00,True,ACTIVE,,False
MCH9040,Sharma-Dubey,5942,True,Books & Stationery,Sole Proprietorship,Jaipur,Rajasthan,2023-06-25 10:52:00,True,ACTIVE,573.1,False
MCH9173,BUMB-BANDI,5999,False,Retail - Other,Sole Proprietorship,Pune,Maharashtra,2023-06-26 02:58:00,False,ACTIVE,450.27,False
MCH1195,Parekh-Patla,5942,False,Books & Stationery,Partnership,Ludhiana,Punjab,2023-06-27 00:00:00,False,ACTIVE,741.86,False
MCH1263,"Soman, Chaudhary and Luthra",4814,False,Telecom & Mobile,Partnership,Hyderabad,Telangana,2023-06-27 20:38:00,False,ACTIVE,696.55,False
MCH4163,Rajag0pa1an-Hans,5812,False,Restaurants & Food Service,Sole Proprietorship,Pune,Maharashtra,2023-06-29 15:13:09,True,ACTIVE,,False
MCH2730,Nayar and Sons,7011,False,Hotel & Lodging,Sole Proprietorship,Jaipur,Rajasthan,2023-06-30 00:00:00,False,ACTIVE,1113.62,False
MCH4349,"naik, pandey and din",4131,False,Transportation & Travel,Partnership,Bengaluru,Karnataka,2023-06-30 20:31:00,False,ACTIVE,2172.69,False
MCH5092,Dubey-Gade,4814,False,Telecom & Mobile,Partnership,Kolkata,West Bengal,2023-07-01 00:00:00,False,ACTIVE,730.73,False
MCH6016,Batta-Roy,5942,False,Books & Stationery,Private Limited,Jalandhar,Punjab,2023-07-02 00:00:00,False,ACTIVE,3694.66,False
MCH3873,"DUGAL, THAKUR AND PURI",7011,False,Hotel & Lodging,Private Limited,Jalandhar,Punjab,2023-07-02 00:00:00,False,ACTIVE,1499.22,False
MCH8480,Doshi-Sarin,4131,False,Transportation & Travel,Individual,Pune,Maharashtra,2023-07-02 00:00:00,False,ACTIVE,1310.85,True
MCH8212,Taneja Ltd,5311,False,Department Store,Private Limited,Chennai,Tamil Nadu,2023-07-03 00:00:00,False,CLOSED,2159.07,False
MCH7033,Mani and Sons,5699,False,Apparel & Fashion,Partnership,Mumbai,Maharashtra,2023-07-06 00:00:00,False,ACTIVE,2767.54,False
MCH4747,issac plc,4131,False,Transportation & Travel,Private Limited,Mumbai,Maharashtra,2023-07-07 09:40:00,True,CLOSED,,False
MCH9826,RANA AND SONS,5411,True,Grocery,Private Limited,Bengaluru,Karnataka,2023-07-07 16:29:00,True,ACTIVE,739.28,False
MCH9866,"Lad,ShereandKarpe",5812,False,Restaurants & Food Service,Individual,Lucknow,Uttar Pradesh,2023-07-07 23:38:23,False,ACTIVE,1173.0,False
MCH7391,"Vora, Lad and Sekhon",5411,False,Grocery,Partnership,Pune,Maharashtra,2023-07-08 00:00:00,False,INACTIVE,4971.16,False
MCH1518,Saini-Gole,5999,False,Retail - Other,Private Limited,Jalandhar,Punjab,2023-07-08 00:00:00,False,ACTIVE,957.31,False
MCH8157,Lall-Char,5942,True,Books & Stationery,Private Limited,Jalandhar,Punjab,2023-07-08 23:15:42,True,ACTIVE,3861.94,False
MCH8559,"Gokhale, Dugal and Pradhan",5812,False,Restaurants & Food Service,Private Limited,Pune,Maharashtra,2023-07-09 00:00:00,False,SUSPENDED,2171.47,False
MCH7149,Shanker-Kala,5942,False,Books & Stationery,Sole Proprietorship,Amritsar,Punjab,2023-07-09 09:54:42,False,ACTIVE,1819.0,False
MCH3078,"gandhi, rout and sankaran",7011,False,Hotel & Lodging,Sole Proprietorship,Bengaluru,Karnataka,2023-07-10 04:10:18,False,ACTIVE,752.09,False
MCH3130,"arora, karnik and sarraf",5942,False,Books & Stationery,Sole Proprietorship,Kolkata,West Bengal,2023-07-10 21:24:05,False,INACTIVE,1573.29,False
MCH7222,Verma and Sons,4814,False,Telecom & Mobile,Individual,Delhi,Delhi,2023-07-11 00:00:00,False,INACTIVE,4154.85,True
MCH6551,Oza LLC,7011,False,Hotel & Lodging,Private Limited,Lucknow,Uttar Pradesh,2023-07-11 00:00:00,False,ACTIVE,578.45,False
MCH3299,"Varghese, Tripathi and Ganesh",5999,False,Retail - Other,Sole Proprietorship,Bengaluru,Karnataka,2023-07-12 00:00:00,False,INACTIVE,2177.34,False
MCH4809,Viswanathan PLC,7011,False,Hotel & Lodging,Individual,Kolkata,West Bengal,2023-07-12 14:32:20,False,ACTIVE,1713.6,False
MCH8110,Kamdar-Raval,5999,False,Retail - Other,Partnership,Lucknow,Uttar Pradesh,2023-07-13 00:00:00,False,INACTIVE,768.59,False
MCH1039,Palan-Mody,4814,False,Telecom & Mobile,Individual,Hyderabad,Telangana,2023-07-14 00:00:00,False,ACTIVE,545.34,True
MCH4028,TANEJA-BHATTACHARYYA,4131,False,Transportation & Travel,Partnership,Lucknow,Uttar Pradesh,2023-07-14 00:00:00,False,ACTIVE,2673.0,False
MCH4943,Sawhney-Dugar,7011,False,Hotel & Lodging,Sole Proprietorship,Chennai,Tamil Nadu,2023-07-16 00:00:00,False,INACTIVE,470.52,False
MCH1397,"Bir,RavelandSwaminathan",5411,False,Grocery,Partnership,Pune,Maharashtra,2023-07-16 00:00:00,False,ACTIVE,6150.31,False
MCH5250,Virk-Nadkarni,5999,False,Retail - Other,Partnership,Pune,Maharashtra,2023-07-16 00:00:00,False,SUSPENDED,759.43,False
MCH8450,Singhal LLC,5999,True,Retail - Other,Private Limited,Jaipur,Rajasthan,2023-07-18 00:00:00,True,ACTIVE,2472.47,False
MCH9059,Shroff Ltd,5311,False,Department Store,Private Limited,Jalandhar,Punjab,2023-07-18 00:00:00,False,ACTIVE,399.71,False
MCH8982,deo-nath,5812,False,Restaurants & Food Service,Private Limited,Amritsar,Punjab,2023-07-18 09:15:26,False,ACTIVE,1840.43,False
MCH8200,Rai-Bhargava,5942,False,Books & Stationery,Sole Proprietorship,Amritsar,Punjab,2023-07-19 00:00:00,False,ACTIVE,443.44,True
MCH9255,"Hegde, Dass and Sehgal",5699,False,Apparel & Fashion,Private Limited,Amritsar,Punjab,2023-07-19 10:19:06,False,ACTIVE,1054.61,False
MCH8878,Kashyap-Behl,7011,False,Hotel & Lodging,Sole Proprietorship,Kolkata,West Bengal,2023-07-21 00:00:00,False,ACTIVE,228.35,False
MCH7010,kuruvilla-shanker,5411,False,Grocery,Sole Proprietorship,Delhi,Delhi,2023-07-22 00:00:00,False,SUSPENDED,524.4,False
MCH6854,Singh-Pandya,5942,False,Books & Stationery,Partnership,Amritsar,Punjab,2023-07-22 14:48:37,False,ACTIVE,353.0,False
MCH1727,Chacko LLC,5999,False,Retail - Other,Partnership,Amritsar,Punjab,2023-07-23 00:00:00,False,ACTIVE,1914.68,False
MCH8138,deol and sons,5812,False,Restaurants & Food Service,Partnership,Chennai,Tamil Nadu,2023-07-23 14:47:00,False,ACTIVE,1238.62,False
MCH8152,chaudhari plc,5912,False,Pharmacy & Medical,Sole Proprietorship,Jalandhar,Punjab,2023-07-24 20:56:00,False,ACTIVE,1648.01,False
MCH3618,"Narang, Atwal and Merchant",5912,True,Pharmacy & Medical,Sole Proprietorship,Mumbai,Maharashtra,2023-07-25 00:00:00,True,ACTIVE,1728.22,False
MCH7309,"LOKE, CHADA AND BADAL",5699,True,Apparel & Fashion,Sole Proprietorship,Ludhiana,Punjab,2023-07-26 00:00:00,True,ACTIVE,3465.02,False
MCH2111,Dubey-Oommen,7011,False,Hotel & Lodging,Individual,Ludhiana,Punjab,2023-07-26 08:03:00,False,ACTIVE,5111.16,False
MCH1249,"Varkey, Kulkarni and More",5311,False,Retail - Other,Sole Proprietorship,Bengaluru,Karnataka,2023-07-26 21:44:19,False,ACTIVE,1049.44,False
MCH5312,Choudhary Inc,5411,False,Grocery,Partnership,Kolkata,West Bengal,2023-07-27 00:00:00,False,ACTIVE,1438.2,False
MCH2969,Randhawa-Karnik,7011,False,Hotel & Lodging,Sole Proprietorship,Bengaluru,Karnataka,2023-07-27 00:00:00,False,ACTIVE,310.59,False
MCH6632,"Om, Mall and Sandhu",5999,True,Retail - Other,Partnership,Lucknow,Uttar Pradesh,2023-07-28 00:00:00,True,SUSPENDED,996.13,False
MCH2723,Mandal PLC,5812,True,Restaurants & Food Service,Individual,Ludhiana,Punjab,2023-07-28 19:33:37,True,ACTIVE,6532.68,False
MCH9375,"Bhalla, Koshy and Sule",5942,True,Books & Stationery,Individual,Ludhiana,Punjab,2023-07-28 23:16:10,True,INACTIVE,924.32,False
MCH6244,maharaj ltd,7011,False,Hotel & Lodging,Individual,Jaipur,Rajasthan,2023-07-29 00:00:00,False,SUSPENDED,1112.58,True
MCH6751,Jhaveri-Rege,5942,False,Books & Stationery,Private Limited,Jalandhar,Punjab,2023-07-30 00:00:00,False,ACTIVE,1649.91,False
MCH4626,"Lalla, Handa and Ahuja",5999,False,Retail - Other,Private Limited,Bengaluru,Karnataka,2023-07-31 00:00:00,False,ACTIVE,1497.15,False
MCH5355,"Sundaram, Gara and Bajwa",5812,False,Restaurants & Food Service,Sole Proprietorship,Kolkata,West Bengal,2023-08-03 00:00:00,False,ACTIVE,3350.71,False
MCH1571,"Rao, Viswanathan and Joshi",4131,False,Transportation & Travel,Sole Proprietorship,Chennai,Tamil Nadu,2023-08-03 04:40:51,False,ACTIVE,866.2,False
MCH1366,"shah, roy and srinivasan",5411,True,Grocery,Sole Proprietorship,Kolkata,West Bengal,2023-08-03 07:31:06,True,ACTIVE,935.11,False
MCH1704,"Shukla, Hari and Chopra",4131,False,Transportation & Travel,Sole Proprietorship,Lucknow,Uttar Pradesh,2023-08-04 00:00:00,False,CLOSED,2965.45,False
MCH3628,MITRA LTD,5699,False,Apparel & Fashion,Sole Proprietorship,Delhi,Delhi,2023-08-05 00:00:00,False,ACTIVE,3214.64,False
MCH1785,Shere-Pall,5311,False,Department Store,Sole Proprietorship,Kolkata,West Bengal,2023-08-05 05:22:00,False,ACTIVE,2271.85,False
MCH6577,D’Alia Inc,5699,False,Apparel & Fashion,Partnership,Bengaluru,Karnataka,2023-08-05 16:50:00,False,ACTIVE,1979.76,False
MCH4951,"Sha, Shan and D’Alia",4814,False,Telecom & Mobile,Private Limited,Mumbai,Maharashtra,2023-08-05 18:25:08,True,INACTIVE,,False
MCH1124,Andra Inc,7011,False,Hotel & Lodging,Partnership,Lucknow,Uttar Pradesh,2023-08-07 00:00:00,False,ACTIVE,5664.0,False
MCH9785,Bains-Bhavsar,5999,False,Retail - Other,Partnership,Mumbai,Maharashtra,2023-08-07 00:00:00,False,ACTIVE,54.42,False
MCH5801,"Narasimhan, Grewal and Vora",4131,False,Transportation & Travel,Private Limited,Delhi,Delhi,2023-08-08 00:00:00,False,ACTIVE,1697.55,False
MCH9394,Balay Group,5311,False,Department Store,Sole Proprietorship,Chennai,Tamil Nadu,2023-08-08 00:00:00,False,ACTIVE,279.0,False
MCH6171,Naik and Sons,5812,False,Restaurants & Food Service,Individual,Amritsar,Punjab,2023-08-09 00:00:00,False,CLOSED,4084.17,False
MCH9937,"Sant, Dada and Biswas",4814,False,Telecom & Mobile,Partnership,Hyderabad,Telangana,2023-08-09 00:00:00,False,INACTIVE,663.0,False
MCH4373,Raman-Karnik,5942,False,Books & Stationery,Partnership,Delhi,Delhi,2023-08-09 15:36:00,True,ACTIVE,,False
MCH4893,jani-verma,4131,False,Transportation & Travel,Partnership,Jalandhar,Punjab,2023-08-11 22:02:04,False,ACTIVE,1601.52,False
MCH4888,chanda and sons,5912,False,Pharmacy & Medical,Sole Proprietorship,Kolkata,West Bengal,2023-08-14 00:00:00,False,ACTIVE,2635.13,False
MCH7687,Pant-Mukherjee,5999,False,Retail - Other,Partnership,Hyderabad,Telangana,2023-08-15 00:00:00,True,ACTIVE,,False
MCH4900,Issac-Venkataraman,5912,False,Pharmacy & Medical,Sole Proprietorship,Kolkata,West Bengal,2023-08-15 07:39:24,False,ACTIVE,1519.72,False
MCH3998,"krish, tak and peri",4814,False,Telecom & Mobile,Partnership,Ludhiana,Punjab,2023-08-16 00:00:00,False,ACTIVE,1019.25,False
MCH6637,Sagar Group,5311,False,Retail - Other,Sole Proprietorship,Jaipur,Rajasthan,2023-08-16 00:00:00,False,ACTIVE,2926.37,True
MCH2887,Rau-Saha,5699,False,Apparel & Fashion,Sole Proprietorship,Delhi,Delhi,2023-08-17 00:00:00,True,ACTIVE,,False
MCH8484,"Grover, Swamy and Johal",5912,False,Pharmacy & Medical,Private Limited,Kolkata,West Bengal,2023-08-17 22:00:16,False,SUSPENDED,1273.08,False
MCH4370,Kuruvilla and Sons,5999,False,Retail - Other,Individual,Mumbai,Maharashtra,2023-08-18 00:00:00,False,ACTIVE,715.96,True
MCH5505,Shan-Cherian,5311,False,Department Store,Individual,Delhi,Delhi,2023-08-19 00:00:00,False,ACTIVE,3177.98,False
MCH8501,Koshy-Mukherjee,7011,False,Hotel & Lodging,Partnership,Hyderabad,Telangana,2023-08-21 00:00:00,False,ACTIVE,3180.8,False
MCH4352,suri ltd,5912,False,Pharmacy & Medical,Individual,Lucknow,Uttar Pradesh,2023-08-21 00:00:00,False,ACTIVE,2179.96,True
MCH3786,Ratta-Bhasin,5999,False,Retail - Other,Partnership,Bengaluru,Karnataka,2023-08-22 00:00:00,False,ACTIVE,1037.97,False
MCH7305,Iyer-Nagi,5699,False,Apparel & Fashion,Individual,Mumbai,Maharashtra,2023-08-23 00:00:00,False,ACTIVE,1967.89,False
MCH4743,Ahluwalia-Bansal,5912,True,Pharmacy & Medical,Private Limited,Ludhiana,Punjab,2023-08-23 00:00:00,True,INACTIVE,486.29,False
MCH7846,Chad-Gole,5999,True,Retail - Other,Individual,Mumbai,Maharashtra,2023-08-24 00:00:00,True,ACTIVE,228.0,False
MCH4303,"Dhingra, Khurana and Zachariah",4814,False,Telecom & Mobile,Partnership,Mumbai,Maharashtra,2023-08-25 03:02:00,False,ACTIVE,2476.0,False
MCH4805,JOSHI PLC,5999,False,Retail - Other,Sole Proprietorship,Hyderabad,Telangana,2023-08-26 00:00:00,False,ACTIVE,4206.25,False
MCH6965,Lala Group,5912,False,Pharmacy & Medical,Private Limited,Pune,Maharashtra,2023-08-26 00:00:00,False,ACTIVE,256.0,False
MCH5697,"Kapadia, Sharma and Maharaj",5999,True,Retail - Other,Partnership,Pune,Maharashtra,2023-08-27 00:00:00,True,ACTIVE,4565.23,False
MCH2973,"Bhargava, Dani and Krishnamurthy",4131,False,Transportation & Travel,Partnership,Ludhiana,Punjab,2023-08-30 00:00:00,False,ACTIVE,3748.31,False
MCH6084,"Jaggi, Ganguly and Mall",5699,False,Apparel & Fashion,Private Limited,Ludhiana,Punjab,2023-08-30 00:27:10,False,ACTIVE,1089.53,False
MCH9627,Randhawa Gr0up,7011,False,Hotel & Lodging,Private Limited,Chennai,Tamil Nadu,2023-08-31 05:51:15,False,ACTIVE,714.24,True
MCH6290,Chaudhry-Agarwal,5999,False,Retail - Other,Partnership,Ludhiana,Punjab,2023-09-01 00:00:00,False,INACTIVE,5757.0,False
MCH4283,Joshi-Srinivas,5411,False,Grocery,Partnership,Amritsar,Punjab,2023-09-01 00:00:00,False,ACTIVE,1135.0,False
MCH5164,"Yohannan,SahniandBasak",5311,True,Department Store,Individual,Mumbai,Maharashtra,2023-09-01 00:00:00,True,INACTIVE,830.61,False
MCH5639,"Viswanathan, Gupta and Varghese",7011,False,Hotel & Lodging,Sole Proprietorship,Mumbai,Maharashtra,2023-09-02 00:00:00,False,ACTIVE,2712.0,False
MCH8837,Tata-Rajagopal,5411,False,Grocery,Partnership,Ludhiana,Punjab,2023-09-03 00:00:00,False,SUSPENDED,2586.19,False
MCH5413,"K0shy, Batra and K0h1i",5311,False,Department Store,Sole Proprietorship,Lucknow,Uttar Pradesh,2023-09-04 00:00:00,False,ACTIVE,608.0,False
MCH8344,Purohit-Ravi,5311,False,Department Store,Private Limited,Pune,Maharashtra,2023-09-04 21:29:50,False,ACTIVE,337.58,False
MCH2975,"Bora, Mander and Dalal",5942,False,Books & Stationery,Sole Proprietorship,Chennai,Tamil Nadu,2023-09-05 00:00:00,False,INACTIVE,3477.51,False
MCH8613,Comar-Tata,5812,False,Restaurants & Food Service,Individual,Lucknow,Uttar Pradesh,2023-09-05 12:31:28,False,SUSPENDED,2485.09,False
MCH5911,Chacko-Kota,5311,False,Retail - Other,Partnership,Hyderabad,Telangana,2023-09-07 00:00:00,False,ACTIVE,797.25,False
MCH7947,Padmanabhan-Kale,4814,False,Telecom & Mobile,Private Limited,Mumbai,Maharashtra,2023-09-08 00:00:00,False,ACTIVE,3921.35,False
MCH4187,"Tella, Hayre and Patla",5812,False,Restaurants & Food Service,Sole Proprietorship,Jaipur,Rajasthan,2023-09-08 00:00:00,False,SUSPENDED,2332.84,False
MCH2198,"Arya, Dalal and Keer",5812,False,Restaurants & Food Service,Private Limited,Jaipur,Rajasthan,2023-09-08 16:05:16,False,ACTIVE,2776.31,False
MCH8069,MEMON INC,7011,True,Hotel & Lodging,Individual,Amritsar,Punjab,2023-09-09 20:32:00,True,ACTIVE,557.54,False
MCH9063,"Bhatt, Sabharwal and Devi",5699,False,Apparel & Fashion,Sole Proprietorship,Kolkata,West Bengal,2023-09-10 00:00:00,True,INACTIVE,,False
MCH3600,Gole and Sons,4131,False,Transportation & Travel,Sole Proprietorship,Delhi,Delhi,2023-09-10 00:00:00,False,SUSPENDED,1548.59,False
MCH1132,Cheema Inc,5999,False,Retail - Other,Sole Proprietorship,Ludhiana,Punjab,2023-09-10 00:00:00,True,ACTIVE,,False
MCH6824,"Talwar, Ramesh and Hora",5942,True,Books & Stationery,Sole Proprietorship,Bengaluru,Karnataka,2023-09-10 00:00:00,True,ACTIVE,3249.65,False
MCH5598,"Thakur, Verma and Venkataraman",5912,False,Pharmacy & Medical,Individual,Jalandhar,Punjab,2023-09-13 00:00:00,False,ACTIVE,2948.79,False
MCH2191,"Raval, Halder and Brahmbhatt",5999,False,Retail - Other,Sole Proprietorship,Bengaluru,Karnataka,2023-09-15 00:00:00,False,ACTIVE,2745.45,False
MCH4450,ZACHARIAH-BATRA,5311,False,Retail - Other,Sole Proprietorship,Amritsar,Punjab,2023-09-17 15:10:46,False,ACTIVE,1045.82,False
MCH8639,"SODHI, KALA AND RAMASWAMY",5411,False,Grocery,Partnership,Pune,Maharashtra,2023-09-18 00:00:00,False,ACTIVE,1544.0,False
MCH9402,Vyas-Nath,5812,False,Restaurants & Food Service,Private Limited,Lucknow,Uttar Pradesh,2023-09-18 00:00:00,False,ACTIVE,640.89,True
MCH9048,Kalla PLC,5812,False,Restaurants & Food Service,Partnership,Jalandhar,Punjab,2023-09-18 04:32:57,False,ACTIVE,544.22,False
MCH1854,"Sule, Prashad and Balay",7011,True,Hotel & Lodging,Partnership,Amritsar,Punjab,2023-09-21 00:00:00,True,ACTIVE,5318.31,False
MCH5957,Bose PLC,5942,False,Books & Stationery,Partnership,Jaipur,Rajasthan,2023-09-22 00:00:00,False,INACTIVE,1309.17,False
MCH9517,MENON INC,7011,True,Hotel & Lodging,Sole Proprietorship,Mumbai,Maharashtra,2023-09-23 00:00:00,True,ACTIVE,1486.34,True
MCH3260,Rana and Sons,5311,False,Retail - Other,Individual,Amritsar,Punjab,2023-09-23 00:00:00,False,ACTIVE,4589.68,False
MCH2037,"Kaul, Peri and Viswanathan",5311,False,Department Store,Private Limited,Kolkata,West Bengal,2023-09-23 16:17:00,False,ACTIVE,1457.35,False
MCH1285,hayer plc,5912,False,Pharmacy & Medical,Individual,Bengaluru,Karnataka,2023-09-24 07:15:32,False,ACTIVE,436.7,False
MCH1292,Gera-Nayak,7011,False,Hotel & Lodging,Sole Proprietorship,Chennai,Tamil Nadu,2023-09-25 00:00:00,False,ACTIVE,267.0,False
MCH3291,Sanghvi-Nair,7011,False,Hotel & Lodging,Private Limited,Bengaluru,Karnataka,2023-09-25 00:00:00,False,ACTIVE,3917.0,False
MCH7197,Raval-Chadha,5812,False,Restaurants & Food Service,Individual,Mumbai,Maharashtra,2023-09-25 00:19:22,False,ACTIVE,218.4,False
MCH7205,Dara PLC,5912,False,Pharmacy & Medical,Sole Proprietorship,Ludhiana,Punjab,2023-09-26 00:00:00,False,ACTIVE,1778.94,False
MCH5386,"Hari, Handa and Madan",4814,False,Telecom & Mobile,Private Limited,Bengaluru,Karnataka,2023-09-27 00:00:00,False,ACTIVE,682.57,False
MCH3407,Lal LLC,5999,True,Retail - Other,Private Limited,Jalandhar,Punjab,2023-09-27 00:00:00,True,ACTIVE,3232.78,False
MCH2028,Dhingra PLC,4814,False,Telecom & Mobile,Sole Proprietorship,Pune,Maharashtra,2023-09-27 00:00:00,False,ACTIVE,1170.35,True
MCH3084,Mani-Chowdhury,5699,False,Apparel & Fashion,Partnership,Hyderabad,Telangana,2023-09-27 01:37:00,False,ACTIVE,1594.62,False
MCH1449,"Chadha, Ramakrishnan and Badami",7011,False,Hotel & Lodging,Partnership,Hyderabad,Telangana,2023-09-28 15:52:52,False,BLOCKED,1634.83,False
MCH3545,"CHACKO, OZA AND JAGGI",7011,False,Hotel & Lodging,Sole Proprietorship,Hyderabad,Telangana,2023-09-30 00:00:00,False,ACTIVE,867.82,False
MCH3499,"Gaba, Nanda and Pillay",5812,False,Restaurants & Food Service,Private Limited,Mumbai,Maharashtra,2023-09-30 00:00:00,False,ACTIVE,804.98,False
MCH7020,Dalal LLC,5311,False,Department Store,Partnership,Chennai,Tamil Nadu,2023-10-01 13:17:54,False,ACTIVE,1105.4,False
MCH3860,sama group,5699,False,Apparel & Fashion,Sole Proprietorship,Chennai,Tamil Nadu,2023-10-03 00:00:00,False,ACTIVE,448.66,False
MCH2172,Pandey Group,5699,False,Apparel & Fashion,Individual,Amritsar,Punjab,2023-10-03 00:00:00,False,CLOSED,544.85,False
MCH4330,"Viswanathan, Morar and Barad",4131,False,Transportation & Travel,Individual,Jalandhar,Punjab,2023-10-04 00:00:00,False,ACTIVE,151.73,False
MCH4982,Upadhyay-Thaker,5699,False,Apparel & Fashion,Private Limited,Pune,Maharashtra,2023-10-04 00:00:00,True,ACTIVE,,False
MCH5608,raman-behl,5812,False,Restaurants & Food Service,Individual,Amritsar,Punjab,2023-10-05 00:00:00,False,ACTIVE,251.88,False
MCH1387,HANDA-TALWAR,4131,False,Transportation & Travel,Sole Proprietorship,Lucknow,Uttar Pradesh,2023-10-05 03:18:00,False,ACTIVE,754.0,False
MCH5873,"Kade, Srivastava and Iyengar",5999,False,Retail - Other,Partnership,Lucknow,Uttar Pradesh,2023-10-06 00:00:00,False,ACTIVE,3185.85,False
MCH7383,"SRIVASTAVA, VENKATARAMAN AND ROY",5699,False,Apparel & Fashion,Individual,Chennai,Tamil Nadu,2023-10-07 00:00:00,False,ACTIVE,241.13,False
MCH8080,"koshy, das and handa",5311,False,Department Store,Partnership,Amritsar,Punjab,2023-10-07 00:00:00,False,ACTIVE,3825.94,False
MCH1721,"Mammen, Ka1a and Gara",7011,False,Hotel & Lodging,Individual,Kolkata,West Bengal,2023-10-07 01:39:20,False,ACTIVE,1736.83,False
MCH9448,"Sant, Manda and Khurana",5699,True,Apparel & Fashion,Partnership,Jalandhar,Punjab,2023-10-08 00:00:00,True,INACTIVE,522.0,False
MCH5892,Mangat-Dutta,5942,True,Books & Stationery,Sole Proprietorship,Jaipur,Rajasthan,2023-10-08 00:00:00,True,INACTIVE,2243.17,False
MCH2959,Kanda LLC,5812,False,Restaurants & Food Service,Private Limited,Kolkata,West Bengal,2023-10-08 00:00:00,False,ACTIVE,6588.76,False
MCH2424,PATIL LTD,5912,False,Pharmacy & Medical,Partnership,Chennai,Tamil Nadu,2023-10-08 14:00:00,False,ACTIVE,737.41,False
MCH6352,Brar-Kale,5699,False,Apparel & Fashion,Partnership,Chennai,Tamil Nadu,2023-10-08 20:03:14,False,ACTIVE,2366.79,False
MCH2988,"Mangal, Gokhale and Malhotra",5812,False,Restaurants & Food Service,Sole Proprietorship,Mumbai,Maharashtra,2023-10-10 10:11:05,False,ACTIVE,3595.96,False
MCH1750,RAVI-DHAR,4814,False,Telecom & Mobile,Sole Proprietorship,Ludhiana,Punjab,2023-10-12 03:27:30,False,ACTIVE,1422.61,True
MCH2934,Sama PLC,5311,True,Department Store,Individual,Jalandhar,Punjab,2023-10-13 00:00:00,True,ACTIVE,1759.02,False
MCH5270,"Kannan, Goda and Kade",7011,False,Hotel & Lodging,Individual,Lucknow,Uttar Pradesh,2023-10-13 12:44:32,False,INACTIVE,469.0,False
MCH2308,Bhattacharyya LLC,5311,False,Department Store,Sole Proprietorship,Jalandhar,Punjab,2023-10-14 00:00:00,False,INACTIVE,4753.89,False
MCH7949,Vohra-Chaudhary,4131,False,Transportation & Travel,Private Limited,Mumbai,Maharashtra,2023-10-14 00:00:00,False,ACTIVE,265.37,False
MCH2996,Rege-Khanna,5411,False,Grocery,Individual,Lucknow,Uttar Pradesh,2023-10-15 00:00:00,False,CLOSED,745.45,True
MCH6078,Oza-Srinivasan,4814,False,Telecom & Mobile,Individual,Mumbai,Maharashtra,2023-10-15 19:51:00,False,ACTIVE,4379.06,False
MCH6966,"Wali, Mand and Prabhakar",5942,False,Books & Stationery,Partnership,Amritsar,Punjab,2023-10-16 00:00:00,False,ACTIVE,2789.87,False
MCH5183,Chandra LLC,5942,False,Books & Stationery,Individual,Jaipur,Rajasthan,2023-10-16 12:28:48,False,ACTIVE,578.29,False
MCH3280,"Vohra, Bora and Vasa",5411,False,Grocery,Private Limited,Pune,Maharashtra,2023-10-16 16:01:00,False,SUSPENDED,412.76,False
MCH9688,choudhry llc,5942,False,Books & Stationery,Sole Proprietorship,Bengaluru,Karnataka,2023-10-18 00:00:00,False,ACTIVE,825.43,False
MCH5235,Yogi-Dutt,4131,False,Transportation & Travel,Sole Proprietorship,Ludhiana,Punjab,2023-10-19 00:25:55,False,ACTIVE,1341.4,True
MCH2831,Rastogi-Devi,5999,True,Retail - Other,Private Limited,Delhi,Delhi,2023-10-20 00:00:00,True,ACTIVE,501.88,False
MCH9075,BHAKTA INC,4814,False,Telecom & Mobile,Partnership,Delhi,Delhi,2023-10-20 00:00:00,False,INACTIVE,1186.46,False
MCH6394,YogiInc,5699,False,Apparel & Fashion,Private Limited,Kolkata,West Bengal,2023-10-20 00:00:00,False,ACTIVE,1717.76,False
MCH1254,Pant-Muni,4131,False,Transportation & Travel,Partnership,Delhi,Delhi,2023-10-21 00:00:00,False,ACTIVE,781.27,False
MCH9125,"mallick, walia and kanda",5311,False,Department Store,Partnership,Chennai,Tamil Nadu,2023-10-21 19:24:00,False,ACTIVE,3007.21,False
MCH9595,Kapur Inc,5999,False,Retail - Other,Private Limited,Chennai,Tamil Nadu,2023-10-26 00:00:00,True,ACTIVE,,False
MCH7714,"koshy, dani and barad",4814,False,Telecom & Mobile,Private Limited,Jalandhar,Punjab,2023-10-27 23:10:00,False,ACTIVE,669.74,False
MCH6365,Raghavan LLC,4131,False,Transportation & Travel,Partnership,Hyderabad,Telangana,2023-10-28 00:00:00,False,ACTIVE,2729.02,False
MCH3107,KAPOOR INC,5912,True,Pharmacy & Medical,Partnership,Pune,Maharashtra,2023-10-28 00:00:00,True,ACTIVE,1009.16,True
MCH6383,Char PLC,4814,False,Telecom & Mobile,Sole Proprietorship,Bengaluru,Karnataka,2023-10-28 04:05:00,False,ACTIVE,266.0,False
MCH6498,Sankaran-Gupta,5411,True,Grocery,Partnership,Hyderabad,Telangana,2023-10-29 00:00:00,True,SUSPENDED,992.12,False
MCH7257,"Nagi, Gera and Bedi",5999,False,Retail - Other,Sole Proprietorship,Jaipur,Rajasthan,2023-10-29 03:03:00,False,ACTIVE,786.7,False
MCH9430,"Shetty, Pau and Chhabra",4814,False,Telecom & Mobile,Partnership,Pune,Maharashtra,2023-10-31 00:00:00,False,ACTIVE,927.24,False
MCH9769,Setty-Mistry,5311,False,Retail - Other,Partnership,Mumbai,Maharashtra,2023-10-31 00:00:00,False,ACTIVE,301.79,False
MCH4769,"Venkataraman, Dey and Patil",7011,False,Hotel & Lodging,Partnership,Ludhiana,Punjab,2023-11-01 00:00:00,False,ACTIVE,145.49,False
MCH1618,Muni Ltd,5812,False,Restaurants & Food Service,Individual,Delhi,Delhi,2023-11-01 18:31:16,False,ACTIVE,1051.73,False
MCH1011,Wable and Sons,5411,False,Grocery,Private Limited,Ludhiana,Punjab,2023-11-02 00:00:00,False,ACTIVE,6536.07,False
MCH7619,"ranganathan, kumer and pandya",5311,False,Department Store,Private Limited,Kolkata,West Bengal,2023-11-02 00:00:00,True,ACTIVE,,False
MCH7763,"Choudhury, Mody and Tank",5912,False,Pharmacy & Medical,Individual,Chennai,Tamil Nadu,2023-11-03 00:00:00,False,ACTIVE,777.85,False
MCH6731,dhar llc,5311,False,Department Store,Private Limited,Kolkata,West Bengal,2023-11-03 18:37:00,False,ACTIVE,1373.69,False
MCH1384,THAKUR-BEN,4814,False,Telecom & Mobile,Individual,Hyderabad,Telangana,2023-11-04 00:00:00,False,ACTIVE,1433.16,False
MCH3697,Cherian LLC,7011,False,Hotel & Lodging,Individual,Chennai,Tamil Nadu,2023-11-04 13:30:00,False,ACTIVE,2525.65,False
MCH7360,RAJAN-SAHNI,4814,True,Telecom & Mobile,Partnership,Kolkata,West Bengal,2023-11-05 00:00:00,True,INACTIVE,1218.43,False
MCH8767,Golla Group,5699,False,Apparel & Fashion,Sole Proprietorship,Hyderabad,Telangana,2023-11-05 00:00:00,False,ACTIVE,397.99,False
MCH7154,"Raj, Ram and Chokshi",5812,False,Restaurants & Food Service,Private Limited,Chennai,Tamil Nadu,2023-11-05 12:39:00,False,ACTIVE,242.8,False
MCH2513,BhallaInc,5699,True,Apparel & Fashion,Partnership,Amritsar,Punjab,2023-11-09 00:00:00,True,ACTIVE,5544.37,False
MCH1616,"Suresh, Borra and Ganesh",4814,False,Telecom & Mobile,Individual,Chennai,Tamil Nadu,2023-11-10 00:00:00,False,ACTIVE,2818.0,False
MCH9661,Ramanathan Group,7011,False,Hotel & Lodging,Individual,Mumbai,Maharashtra,2023-11-10 08:09:50,False,ACTIVE,735.62,False
MCH3048,Kala Group,7011,False,Hotel & Lodging,Private Limited,Jaipur,Rajasthan,2023-11-11 00:00:00,False,ACTIVE,613.58,False
MCH7178,Devan and Sons,5411,False,Grocery,Sole Proprietorship,Kolkata,West Bengal,2023-11-11 00:00:00,False,CLOSED,758.21,False
MCH9459,Bala and Sons,5411,False,Grocery,Partnership,Chennai,Tamil Nadu,2023-11-12 00:00:00,False,ACTIVE,558.21,False
MCH5103,"MORAR, KANNAN AND PUROHIT",7011,False,Hotel & Lodging,Individual,Lucknow,Uttar Pradesh,2023-11-12 00:00:00,True,SUSPENDED,,False
MCH6595,More-Sharma,7011,False,Hotel & Lodging,Sole Proprietorship,Jalandhar,Punjab,2023-11-12 00:00:00,False,ACTIVE,308.54,False
MCH7490,datta ltd,5912,False,Pharmacy & Medical,Sole Proprietorship,Kolkata,West Bengal,2023-11-12 16:38:03,False,ACTIVE,1590.69,False
MCH1314,"Pant, Mammen and Doctor",5699,False,Apparel & Fashion,Individual,Jaipur,Rajasthan,2023-11-12 16:47:12,False,ACTIVE,1045.43,False
MCH7865,Rout Inc,5311,True,Department Store,Individual,Hyderabad,Telangana,2023-11-13 13:57:04,True,ACTIVE,2187.26,False
MCH3956,Kota Ltd,5311,False,Department Store,Private Limited,Hyderabad,Telangana,2023-11-14 00:00:00,False,ACTIVE,656.81,False
MCH1836,"Nazareth, Bahl and Manda",5411,False,Grocery,Private Limited,Hyderabad,Telangana,2023-11-15 00:00:00,True,ACTIVE,,False
MCH3605,Bhasin Ltd,4131,False,Transportation & Travel,Partnership,Ludhiana,Punjab,2023-11-15 00:00:00,False,ACTIVE,1858.98,False
MCH1007,"Sunder, Wason and Pau",5812,False,Restaurants & Food Service,Partnership,Jaipur,Rajasthan,2023-11-19 00:00:00,False,ACTIVE,164.45,False
MCH8453,"Jaggi, Saxena and Ratta",5411,False,Grocery,Partnership,Amritsar,Punjab,2023-11-19 00:00:00,False,ACTIVE,599.17,False
MCH9406,Goyal-Bhakta,5912,False,Pharmacy & Medical,Individual,Delhi,Delhi,2023-11-20 00:00:00,False,ACTIVE,280.93,False
MCH8364,KataPLC,5912,False,Pharmacy & Medical,Individual,Mumbai,Maharashtra,2023-11-21 12:44:00,False,ACTIVE,753.31,False
MCH2248,Mutti-Manne,5812,False,Restaurants & Food Service,Partnership,Ludhiana,Punjab,2023-11-22 00:00:00,False,INACTIVE,1021.0,False
MCH2577,Dua Inc,5812,False,Restaurants & Food Service,Sole Proprietorship,Bengaluru,Karnataka,2023-11-23 00:00:00,False,ACTIVE,23536.65,False
MCH1986,Brahmbhatt Inc,5999,False,Retail - Other,Partnership,Mumbai,Maharashtra,2023-11-23 00:00:00,False,ACTIVE,892.28,True
MCH3155,Agarwal Ltd,5311,False,Department Store,Partnership,Chennai,Tamil Nadu,2023-11-23 15:28:55,False,ACTIVE,1414.89,False
MCH6877,Jain PLC,5699,False,Apparel & Fashion,Partnership,Delhi,Delhi,2023-11-23 17:40:08,False,ACTIVE,3249.89,False
MCH7622,Banerjee-Raman,5812,False,Restaurants & Food Service,Sole Proprietorship,Pune,Maharashtra,2023-11-24 00:00:00,False,ACTIVE,1374.5,False
MCH6390,barman plc,5912,True,Pharmacy & Medical,Individual,Kolkata,West Bengal,2023-11-24 00:00:00,True,ACTIVE,904.29,True
MCH6535,Nagy and Sons,5411,False,Grocery,Sole Proprietorship,Hyderabad,Telangana,2023-11-24 00:00:00,False,ACTIVE,291.26,False
MCH1320,Babu-Khatri,5699,False,Apparel & Fashion,Individual,Kolkata,West Bengal,2023-11-24 10:52:12,True,SUSPENDED,,False
MCH9018,TAK PLC,5999,False,Retail - Other,Partnership,Amritsar,Punjab,2023-11-25 00:00:00,False,ACTIVE,354.66,False
MCH1353,Chada and Sons,4131,False,Retail - Other,Partnership,Jaipur,Rajasthan,2023-11-25 07:19:00,False,ACTIVE,2641.0,False
MCH7318,Keer-Rao,4814,True,Telecom & Mobile,Partnership,Pune,Maharashtra,2023-11-27 00:00:00,True,ACTIVE,502.45,False
MCH5121,ramakrishnan inc,4131,False,Transportation & Travel,Sole Proprietorship,Ludhiana,Punjab,2023-11-27 00:00:00,False,ACTIVE,3794.33,False
MCH4263,Kari and Sons,4814,False,Telecom & Mobile,Private Limited,Kolkata,West Bengal,2023-11-27 00:00:00,False,ACTIVE,616.52,True
MCH4205,Behl-Narula,5311,False,Department Store,Sole Proprietorship,Kolkata,West Bengal,2023-11-27 20:51:25,False,ACTIVE,4442.0,False
MCH3379,Sura Inc,5411,False,Grocery,Sole Proprietorship,Chennai,Tamil Nadu,2023-11-28 00:00:00,False,ACTIVE,851.53,False
MCH4481,Nagi Inc,5699,False,Apparel & Fashion,Partnership,Pune,Maharashtra,2023-11-28 12:44:00,False,ACTIVE,2759.79,False
MCH5904,Karan Ltd,5699,False,Apparel & Fashion,Sole Proprietorship,Bengaluru,Karnataka,2023-11-29 00:00:00,False,ACTIVE,1441.0,False
MCH7914,Grover-Karnik,4814,False,Telecom & Mobile,Sole Proprietorship,Jaipur,Rajasthan,2023-11-30 00:00:00,False,ACTIVE,1922.54,False
MCH6617,"Aurora, Bhakta and Bawa",5311,False,Department Store,Private Limited,Pune,Maharashtra,2023-11-30 00:00:00,False,ACTIVE,324.91,False
MCH6744,GREWAL INC,5999,False,Retail - Other,Private Limited,Hyderabad,Telangana,2023-12-01 00:00:00,False,ACTIVE,1886.71,False
MCH5100,Garde-Mody,5411,True,Grocery,Sole Proprietorship,Hyderabad,Telangana,2023-12-02 00:00:00,True,ACTIVE,347.68,False
MCH8261,"Sridhar, Manda and Arora",5812,False,Restaurants & Food Service,Sole Proprietorship,Jaipur,Rajasthan,2023-12-02 15:30:00,False,SUSPENDED,8032.44,False
MCH8562,Radhakrishnan-Apte,5812,False,Restaurants & Food Service,Private Limited,Chennai,Tamil Nadu,2023-12-04 06:47:00,False,ACTIVE,1647.0,False
MCH3593,"Kara,BrarandApte",4814,False,Telecom & Mobile,Private Limited,Mumbai,Maharashtra,2023-12-04 15:44:19,False,ACTIVE,474.6,False
MCH3184,"Sane, Dhawan and Prabhakar",4814,False,Telecom & Mobile,Individual,Mumbai,Maharashtra,2023-12-09 00:00:00,False,ACTIVE,1192.54,False
MCH4918,GANESH INC,7011,True,Hotel & Lodging,Individual,Lucknow,Uttar Pradesh,2023-12-09 00:00:00,True,ACTIVE,651.04,False
MCH6200,"Kapadia, Bail and Badal",4131,False,Transportation & Travel,Private Limited,Chennai,Tamil Nadu,2023-12-09 00:00:00,False,ACTIVE,1183.13,False
MCH4377,Kale-Krishnan,5942,False,Books & Stationery,Partnership,Bengaluru,Karnataka,2023-12-10 00:00:00,False,CLOSED,2218.12,False
MCH2474,"Setty, Reddy and Singh",5912,True,Pharmacy & Medical,Sole Proprietorship,Kolkata,West Bengal,2023-12-11 00:00:00,True,ACTIVE,3043.1,False
MCH1573,"Tailor, Som and Soni",4814,False,Telecom & Mobile,Partnership,Jalandhar,Punjab,2023-12-11 00:00:00,False,ACTIVE,540.2,False
MCH5378,Chaudhari Inc,7011,False,Hotel & Lodging,Individual,Bengaluru,Karnataka,2023-12-12 00:00:00,True,ACTIVE,,False
MCH8508,"Iyengar,GillandTella",5999,False,Retail - Other,Private Limited,Chennai,Tamil Nadu,2023-12-12 06:59:00,False,ACTIVE,1985.47,False
MCH1881,"Bawa, Ganesan and Oak",5912,False,Pharmacy & Medical,Partnership,Chennai,Tamil Nadu,2023-12-14 00:00:00,False,SUSPENDED,1349.05,True
MCH7429,"Sandal, Raja and Gopal",7011,False,Hotel & Lodging,Sole Proprietorship,Bengaluru,Karnataka,2023-12-15 00:00:00,False,ACTIVE,1419.21,False
MCH3551,"Chaudry, Toor and Lala",4814,False,Telecom & Mobile,Sole Proprietorship,Bengaluru,Karnataka,2023-12-15 17:19:51,False,ACTIVE,941.64,False
MCH7985,"Ba1ay, Mammen and Raman",5812,False,Restaurants & Food Service,Partnership,Lucknow,Uttar Pradesh,2023-12-16 19:17:00,False,ACTIVE,2429.67,False
MCH6225,"LOYAL, MANDER AND AGRAWAL",5411,False,Grocery,Sole Proprietorship,Kolkata,West Bengal,2023-12-17 00:00:00,False,ACTIVE,859.91,False
MCH4636,Sura and Sons,5699,False,Apparel & Fashion,Partnership,Mumbai,Maharashtra,2023-12-17 17:58:35,True,ACTIVE,,False
MCH3253,Khatri-Krishnamurthy,5942,False,Books & Stationery,Partnership,Lucknow,Uttar Pradesh,2023-12-19 08:58:42,False,ACTIVE,2086.58,False
MCH4133,"NAYAK, PRABHU AND SOM",4131,False,Transportation & Travel,Individual,Mumbai,Maharashtra,2023-12-20 07:08:02,False,ACTIVE,570.23,False
MCH6972,Badal-Kamdar,7011,False,Hotel & Lodging,Private Limited,Pune,Maharashtra,2023-12-20 14:49:48,False,ACTIVE,1516.57,False
MCH6812,"Gade, Badami and Choudhary",4814,False,Telecom & Mobile,Sole Proprietorship,Amritsar,Punjab,2023-12-21 00:00:00,False,ACTIVE,200.21,True
MCH9804,Bhasin-Peri,5311,False,Department Store,Sole Proprietorship,Chennai,Tamil Nadu,2023-12-21 00:24:00,False,SUSPENDED,962.52,False
MCH2725,Varma-Loke,5812,False,Restaurants & Food Service,Partnership,Kolkata,West Bengal,2023-12-21 15:48:41,False,INACTIVE,4486.37,False
MCH1250,Kata Group,5812,False,Restaurants & Food Service,Private Limited,Chennai,Tamil Nadu,2023-12-22 01:25:00,False,ACTIVE,1162.22,False
MCH7564,"Mahal, Thaman and Dani",5942,True,Books & Stationery,Sole Proprietorship,Jalandhar,Punjab,2023-12-23 00:00:00,True,ACTIVE,503.13,False
MCH2395,Sathe-Dixit,4131,False,Retail - Other,Private Limited,Chennai,Tamil Nadu,2023-12-24 00:00:00,False,ACTIVE,941.52,False
MCH6555,Tata-Bajwa,5311,False,Retail - Other,Partnership,Lucknow,Uttar Pradesh,2023-12-24 00:00:00,False,SUSPENDED,3890.0,False
MCH1729,VORA LLC,5812,True,Restaurants & Food Service,Individual,Ludhiana,Punjab,2023-12-25 00:00:00,True,ACTIVE,2759.18,True
MCH6524,Chaudry-Lall,7011,False,Hotel & Lodging,Sole Proprietorship,Delhi,Delhi,2023-12-25 00:00:00,True,INACTIVE,,False
MCH7835,"DUGAR, DHAWAN AND DE",7011,False,Hotel & Lodging,Private Limited,Lucknow,Uttar Pradesh,2023-12-26 12:25:00,False,BLOCKED,1744.59,False
MCH7355,"Raval, Goswami and Sem",4814,False,Telecom & Mobile,Private Limited,Pune,Maharashtra,2023-12-29 00:00:00,False,ACTIVE,2675.45,False
MCH1161,"Kuruvilla, Pall and Ravel",5411,False,Grocery,Private Limited,Jalandhar,Punjab,2023-12-29 00:00:00,False,ACTIVE,549.82,False
MCH6607,Bedi-Bhandari,5812,False,Restaurants & Food Service,Sole Proprietorship,Ludhiana,Punjab,2023-12-30 00:00:00,False,ACTIVE,1203.0,False
MCH4538,Lad Ltd,5699,False,Apparel & Fashion,Private Limited,Delhi,Delhi,2023-12-30 08:20:00,False,ACTIVE,449.9,False
MCH7879,SAWHNEY-GODA,4814,False,Telecom & Mobile,Individual,Jalandhar,Punjab,2023-12-30 23:35:00,False,ACTIVE,1760.85,False
MCH7736,Kara PLC,5699,False,Apparel & Fashion,Individual,Amritsar,Punjab,2024-01-02 00:00:00,False,ACTIVE,778.45,False
MCH8104,CHACKO GROUP,7011,False,Hotel & Lodging,Private Limited,Bengaluru,Karnataka,2024-01-02 09:22:31,True,ACTIVE,,False
MCH8197,Virk-Venkataraman,5912,False,Pharmacy & Medical,Sole Proprietorship,Kolkata,West Bengal,2024-01-03 00:00:00,False,ACTIVE,964.03,False
MCH6210,Sem Group,5812,False,Restaurants & Food Service,Private Limited,Amritsar,Punjab,2024-01-03 02:42:08,False,ACTIVE,2370.64,False
MCH5052,Pillay-Bora,5999,True,Retail - Other,Partnership,Hyderabad,Telangana,2024-01-04 00:00:00,True,ACTIVE,1127.0,False
MCH9304,Char Ltd,4814,False,Telecom & Mobile,Individual,Bengaluru,Karnataka,2024-01-05 00:00:00,False,ACTIVE,531.14,False
MCH7539,"Kalita, Din and Ganesh",5311,False,Retail - Other,Private Limited,Chennai,Tamil Nadu,2024-01-05 01:38:27,True,ACTIVE,,False
MCH8052,Mangat-Ganesh,4131,False,Transportation & Travel,Sole Proprietorship,Kolkata,West Bengal,2024-01-05 09:32:24,False,ACTIVE,527.34,False
MCH3361,Sabharwal-Shah,4131,True,Transportation & Travel,Partnership,Jalandhar,Punjab,2024-01-06 00:00:00,True,CLOSED,887.23,False
MCH4781,"Mohan, Sharaf and Narula",5999,True,Retail - Other,Sole Proprietorship,Delhi,Delhi,2024-01-08 00:00:00,True,ACTIVE,482.6,False
MCH1009,Bha11a-Dave,5999,True,Retail - Other,Individual,Mumbai,Maharashtra,2024-01-08 00:00:00,True,ACTIVE,1496.0,False
MCH7340,Devi and Sons,5699,True,Apparel & Fashion,Partnership,Kolkata,West Bengal,2024-01-09 00:00:00,True,ACTIVE,1101.37,False
MCH9681,Bawa PLC,5699,False,Apparel & Fashion,Private Limited,Pune,Maharashtra,2024-01-09 03:45:47,False,ACTIVE,1913.04,False
MCH8550,Nayar Ltd,4814,True,Telecom & Mobile,Partnership,Jalandhar,Punjab,2024-01-09 17:54:25,True,ACTIVE,1649.78,False
MCH5021,Dora Group,7011,True,Hotel & Lodging,Partnership,Jaipur,Rajasthan,2024-01-10 00:00:00,True,ACTIVE,843.0,False
MCH6036,chhabra group,5699,False,Apparel & Fashion,Sole Proprietorship,Amritsar,Punjab,2024-01-10 00:00:00,True,ACTIVE,,False
MCH1873,Rai-Nagi,4131,False,Transportation & Travel,Private Limited,Delhi,Delhi,2024-01-10 07:35:09,False,ACTIVE,3862.0,False
MCH8784,"Iyengar, Savant and Sehgal",4131,False,Transportation & Travel,Private Limited,Mumbai,Maharashtra,2024-01-12 00:00:00,False,ACTIVE,575.0,False
MCH3875,Kade and Sons,4814,False,Telecom & Mobile,Private Limited,Pune,Maharashtra,2024-01-12 14:12:35,False,ACTIVE,3073.34,False
MCH2199,Subramanian Inc,5311,False,Department Store,Private Limited,Bengaluru,Karnataka,2024-01-14 00:00:00,False,SUSPENDED,369.25,False
MCH6072,"Bassi, Sarma and Yohannan",5999,True,Retail - Other,Sole Proprietorship,Chennai,Tamil Nadu,2024-01-14 00:00:00,True,ACTIVE,1959.53,False
MCH1811,Shukla-Ganesan,7011,True,Hotel & Lodging,Individual,Delhi,Delhi,2024-01-14 13:33:19,True,INACTIVE,871.51,False
MCH4413,Bedi-Chanda,4131,False,Transportation & Travel,Private Limited,Chennai,Tamil Nadu,2024-01-16 00:17:39,False,ACTIVE,3646.52,False
MCH7211,Nagar-Bhagat,5699,False,Apparel & Fashion,Partnership,Bengaluru,Karnataka,2024-01-16 09:01:52,False,ACTIVE,585.46,False
MCH9999,"KONDA, SUBRAMANIAN AND RAU",5999,False,Retail - Other,Individual,Mumbai,Maharashtra,2024-01-16 20:59:00,False,ACTIVE,510.0,False
MCH3420,"Mani, Kota and Deol",4131,False,Transportation & Travel,Individual,Jaipur,Rajasthan,2024-01-18 11:43:00,False,INACTIVE,453.43,False
MCH7880,Ben-Khare,4131,False,Transportation & Travel,Individual,Chennai,Tamil Nadu,2024-01-20 00:00:00,False,ACTIVE,3857.41,False
MCH6239,"MAJUMDAR, LANKA AND SEHGAL",5942,False,Books & Stationery,Partnership,Amritsar,Punjab,2024-01-21 00:00:00,False,ACTIVE,1181.24,False
MCH5831,KIBE INC,4814,False,Telecom & Mobile,Sole Proprietorship,Ludhiana,Punjab,2024-01-21 16:49:33,False,ACTIVE,2267.19,False
MCH8693,"Chawla, Goyal and Pau",7011,False,Hotel & Lodging,Individual,Mumbai,Maharashtra,2024-01-22 00:00:00,False,ACTIVE,818.0,False
MCH7733,Bora Inc,4814,True,Telecom & Mobile,Private Limited,Lucknow,Uttar Pradesh,2024-01-22 00:00:00,True,ACTIVE,5028.38,False
MCH6570,Venkataraman Ltd,5912,False,Pharmacy & Medical,Private Limited,Delhi,Delhi,2024-01-23 00:00:00,False,ACTIVE,332.15,False
MCH6829,"Natarajan, Thaker and Aggarwal",5912,False,Pharmacy & Medical,Sole Proprietorship,Mumbai,Maharashtra,2024-01-24 00:00:00,False,ACTIVE,1746.05,False
MCH6043,NATT INC,5311,False,Retail - Other,Sole Proprietorship,Mumbai,Maharashtra,2024-01-24 00:00:00,False,ACTIVE,766.54,False
MCH4191,"Mangal, Seshadri and Kakar",5699,False,Apparel & Fashion,Private Limited,Pune,Maharashtra,2024-01-26 00:00:00,False,ACTIVE,1192.21,False
MCH8148,Sehgal-Banik,4131,False,Transportation & Travel,Sole Proprietorship,Bengaluru,Karnataka,2024-01-27 00:00:00,False,ACTIVE,406.0,False
MCH3842,"Rao, Rajagopal and Ratti",4131,False,Retail - Other,Private Limited,Jaipur,Rajasthan,2024-01-27 00:00:00,False,ACTIVE,444.1,False
MCH5563,"Dubey, Wali and Yadav",5699,True,Apparel & Fashion,Sole Proprietorship,Kolkata,West Bengal,2024-01-28 00:00:00,True,ACTIVE,2198.0,False
MCH6119,"Hans, Gokhale and Shanker",5999,False,Retail - Other,Partnership,Mumbai,Maharashtra,2024-01-28 00:00:00,False,CLOSED,1753.67,False
MCH4010,"Barad, Mukherjee and Joshi",5411,False,Grocery,Sole Proprietorship,Amritsar,Punjab,2024-01-28 00:00:00,False,ACTIVE,992.35,False
MCH5054,"Kara, Mandal and Mitra",5812,False,Restaurants & Food Service,Sole Proprietorship,Kolkata,West Bengal,2024-01-29 00:00:00,False,SUSPENDED,5895.31,False
MCH1839,Krish Group,5411,False,Grocery,Sole Proprietorship,Jalandhar,Punjab,2024-01-29 20:47:00,False,ACTIVE,1503.47,False
MCH6421,WadhwaLtd,5699,False,Apparel & Fashion,Sole Proprietorship,Bengaluru,Karnataka,2024-01-30 21:37:00,False,ACTIVE,1782.12,False
MCH4906,Gaba LLC,5812,False,Restaurants & Food Service,Private Limited,Jaipur,Rajasthan,2024-01-31 00:00:00,False,ACTIVE,1902.8,False
MCH8159,"Gade, Gala and Bhatti",5812,False,Restaurants & Food Service,Individual,Jaipur,Rajasthan,2024-01-31 09:10:22,False,ACTIVE,1186.29,False
MCH5230,Bajaj Ltd,4131,True,Transportation & Travel,Partnership,Delhi,Delhi,2024-02-01 00:00:00,True,ACTIVE,3959.52,False
MCH3416,"Rau, Baral and Karan",4814,False,Telecom & Mobile,Private Limited,Ludhiana,Punjab,2024-02-02 00:00:00,False,ACTIVE,894.0,False
MCH1686,Chokshi and Sons,5942,False,Books & Stationery,Individual,Bengaluru,Karnataka,2024-02-02 00:00:00,False,ACTIVE,1116.34,False
MCH9848,B0rde Inc,5999,True,Retail - Other,Private Limited,Hyderabad,Telangana,2024-02-03 00:00:00,True,ACTIVE,1173.29,False
MCH4540,Nadig LLC,5699,False,Apparel & Fashion,Partnership,Mumbai,Maharashtra,2024-02-03 18:04:00,False,ACTIVE,7331.0,False
MCH6868,Tara Group,5311,False,Retail - Other,Partnership,Pune,Maharashtra,2024-02-04 01:10:36,False,ACTIVE,323.93,False
MCH6508,Kalla-Ramachandran,5699,False,Apparel & Fashion,Sole Proprietorship,Lucknow,Uttar Pradesh,2024-02-04 12:15:51,False,ACTIVE,321.73,False
MCH2093,Ghosh-Gaba,5999,True,Retail - Other,Sole Proprietorship,Ludhiana,Punjab,2024-02-05 00:00:00,True,ACTIVE,2389.0,False
MCH2045,Nadig-Bal,5699,False,Apparel & Fashion,Private Limited,Pune,Maharashtra,2024-02-05 23:14:00,False,ACTIVE,2363.1,True
MCH7482,"Bail, Verma and Sur",5699,False,Apparel & Fashion,Private Limited,Jalandhar,Punjab,2024-02-06 00:00:00,False,ACTIVE,249.45,False
MCH7851,"Warrior, Hora and Dayal",4814,False,Telecom & Mobile,Individual,Jalandhar,Punjab,2024-02-07 00:00:00,True,ACTIVE,,False
MCH2697,Shan-Warrior,4131,False,Transportation & Travel,Private Limited,Bengaluru,Karnataka,2024-02-08 04:05:00,False,INACTIVE,1199.93,False
MCH2282,mall group,5999,True,Retail - Other,Partnership,Jalandhar,Punjab,2024-02-08 23:31:25,True,ACTIVE,654.0,False
MCH9043,Setty and Sons,7011,False,Hotel & Lodging,Partnership,Pune,Maharashtra,2024-02-10 00:00:00,False,ACTIVE,3323.0,False
MCH5227,"Yogi, Varghese and Balay",5812,False,Restaurants & Food Service,Individual,Mumbai,Maharashtra,2024-02-10 00:00:00,False,ACTIVE,2005.26,False
MCH6707,Chandra Group,4814,False,Telecom & Mobile,Private Limited,Ludhiana,Punjab,2024-02-10 21:32:02,False,ACTIVE,648.63,False
MCH7400,"Kunda, Ramachandran and Khurana",5942,False,Books & Stationery,Private Limited,Pune,Maharashtra,2024-02-11 00:00:00,False,INACTIVE,9167.75,False
MCH1739,keer group,5999,False,Retail - Other,Individual,Kolkata,West Bengal,2024-02-11 00:00:00,False,ACTIVE,2619.15,False
MCH4214,"Mitra, Oak and Keer",5699,False,Apparel & Fashion,Individual,Bengaluru,Karnataka,2024-02-12 00:00:00,False,ACTIVE,1159.46,False
MCH5938,RAMA-PANDEY,4131,False,Transportation & Travel,Individual,Jaipur,Rajasthan,2024-02-12 12:51:22,False,ACTIVE,712.0,False
MCH2905,Goyal-Gopal,5912,False,Pharmacy & Medical,Individual,Delhi,Delhi,2024-02-13 00:00:00,False,SUSPENDED,2312.5,False
MCH6980,sarna-rajagopal,5999,False,Retail - Other,Partnership,Jalandhar,Punjab,2024-02-13 12:55:41,False,ACTIVE,5229.33,False
MCH2954,gour group,5912,False,Pharmacy & Medical,Partnership,Kolkata,West Bengal,2024-02-13 21:15:01,False,ACTIVE,1398.0,False
MCH2879,"Sidhu, Kumer and Venkatesh",4131,False,Retail - Other,Partnership,Bengaluru,Karnataka,2024-02-14 00:00:00,False,ACTIVE,1726.8,False
MCH4083,"Loyal, Dara and Sharaf",4814,False,Telecom & Mobile,Individual,Chennai,Tamil Nadu,2024-02-15 01:01:36,False,ACTIVE,1752.1,False
MCH9385,"Ray, Gu1ati and Gi11",4814,False,Telecom & Mobile,Sole Proprietorship,Amritsar,Punjab,2024-02-17 00:00:00,False,ACTIVE,1178.44,False
MCH8389,Thaman Group,5812,True,Restaurants & Food Service,Individual,Mumbai,Maharashtra,2024-02-17 16:36:00,True,INACTIVE,1716.78,False
MCH5766,Varkey-Datta,4814,False,Telecom & Mobile,Private Limited,Mumbai,Maharashtra,2024-02-18 00:00:00,False,ACTIVE,1162.56,True
MCH3284,Lal and Sons,4814,True,Telecom & Mobile,Private Limited,Ludhiana,Punjab,2024-02-18 00:00:00,True,CLOSED,3943.29,False
MCH2654,Lanka Inc,7011,False,Hotel & Lodging,Sole Proprietorship,Jalandhar,Punjab,2024-02-18 07:47:00,False,ACTIVE,1563.2,False
MCH4992,VISWANATHAN-PANDEY,7011,False,Hotel & Lodging,Individual,Jalandhar,Punjab,2024-02-19 00:00:00,False,SUSPENDED,918.79,False
MCH5479,"Mukherjee, Nazareth and Palla",5812,False,Restaurants & Food Service,Sole Proprietorship,Ludhiana,Punjab,2024-02-19 00:00:00,True,ACTIVE,,False
MCH3167,"grewal, biswas and naidu",5411,False,Grocery,Sole Proprietorship,Jaipur,Rajasthan,2024-02-19 00:00:00,False,ACTIVE,2704.22,False
MCH9443,"Chowdhury, Kapadia and Chada",5812,False,Restaurants & Food Service,Partnership,Chennai,Tamil Nadu,2024-02-20 00:00:00,False,ACTIVE,1660.16,False
MCH1459,"Palla, Saini and Date",7011,False,Hotel & Lodging,Individual,Ludhiana,Punjab,2024-02-20 00:00:00,False,SUSPENDED,1582.79,False
MCH6545,Garg PLC,5699,False,Apparel & Fashion,Partnership,Ludhiana,Punjab,2024-02-20 00:00:00,False,ACTIVE,1653.52,False
MCH7951,Peri Group,7011,False,Hotel & Lodging,Sole Proprietorship,Jaipur,Rajasthan,2024-02-21 00:00:00,False,ACTIVE,981.55,True
MCH3234,Lad Inc,4814,True,Telecom & Mobile,Individual,Kolkata,West Bengal,2024-02-21 00:00:00,True,ACTIVE,9763.29,True
MCH4708,Loke-Ganesan,5999,False,Retail - Other,Sole Proprietorship,Jalandhar,Punjab,2024-02-22 19:47:00,False,ACTIVE,1266.56,False
MCH7433,"Sahota, Desai and Sarma",5999,False,Retail - Other,Individual,Pune,Maharashtra,2024-02-24 00:00:00,False,ACTIVE,867.14,False
MCH8225,Bedi-Date,5999,True,Retail - Other,Private Limited,Pune,Maharashtra,2024-02-28 00:00:00,True,ACTIVE,2289.3,False
MCH7877,Parekh-Borra,5942,False,Books & Stationery,Private Limited,Mumbai,Maharashtra,2024-02-29 00:00:00,True,ACTIVE,,False
MCH6115,Padmanabhan-Chahal,5999,True,Retail - Other,Private Limited,Mumbai,Maharashtra,2024-03-01 00:00:00,True,INACTIVE,266.65,False
MCH7814,Mallick-Puri,5812,False,Restaurants & Food Service,Sole Proprietorship,Jaipur,Rajasthan,2024-03-01 00:00:00,False,ACTIVE,2963.54,True
MCH8931,"Pau, Chatterjee and Deol",7011,False,Hotel & Lodging,Partnership,Pune,Maharashtra,2024-03-02 00:00:00,False,ACTIVE,1739.01,False
MCH7363,Babu-Acharya,5999,False,Retail - Other,Sole Proprietorship,Kolkata,West Bengal,2024-03-03 08:14:06,False,ACTIVE,1983.77,False
MCH1816,"Dass, Chaudhry and Peri",5999,False,Retail - Other,Sole Proprietorship,Jaipur,Rajasthan,2024-03-05 17:11:00,False,ACTIVE,800.46,False
MCH7644,Mital PLC,7011,False,Hotel & Lodging,Sole Proprietorship,Chennai,Tamil Nadu,2024-03-07 00:00:00,False,ACTIVE,602.59,False
MCH1430,"Bhavsar, Dora and Singh",5812,False,Restaurants & Food Service,Private Limited,Delhi,Delhi,2024-03-07 00:00:00,False,ACTIVE,238.76,False
MCH1155,Sha LLC,4131,False,Transportation & Travel,Sole Proprietorship,Amritsar,Punjab,2024-03-08 00:00:00,False,INACTIVE,1753.08,False
MCH3088,Suresh LLC,5411,False,Grocery,Partnership,Chennai,Tamil Nadu,2024-03-08 00:00:00,False,ACTIVE,4739.6,False
MCH7566,Minhas Group,5912,False,Pharmacy & Medical,Partnership,Mumbai,Maharashtra,2024-03-08 07:53:44,False,ACTIVE,880.25,False
MCH4897,Bahl PLC,4131,False,Retail - Other,Partnership,Amritsar,Punjab,2024-03-09 00:00:00,False,ACTIVE,6953.87,False
MCH6131,"Dhar, Dada and Bakshi",5699,True,Apparel & Fashion,Partnership,Bengaluru,Karnataka,2024-03-10 19:58:24,True,ACTIVE,1921.0,False
MCH4821,"Kade, Dhawan and Kadakia",5411,False,Grocery,Private Limited,Mumbai,Maharashtra,2024-03-14 00:00:00,False,ACTIVE,2277.0,False
MCH3872,Krish Group,5699,False,Apparel & Fashion,Partnership,Amritsar,Punjab,2024-03-14 00:00:00,False,ACTIVE,3660.6,False
MCH1829,Ramaswamy Group,4131,False,Transportation & Travel,Sole Proprietorship,Kolkata,West Bengal,2024-03-15 00:00:00,False,ACTIVE,2351.23,False
MCH6208,Tak-Parmar,4814,False,Telecom & Mobile,Private Limited,Lucknow,Uttar Pradesh,2024-03-16 00:00:00,True,BLOCKED,,False
MCH6336,"Kunda, Kumar and Gulati",4131,True,Transportation & Travel,Private Limited,Chennai,Tamil Nadu,2024-03-16 16:19:00,True,ACTIVE,772.78,False
MCH7366,Bora-Nadkarni,5411,False,Grocery,Partnership,Bengaluru,Karnataka,2024-03-17 00:00:00,False,SUSPENDED,2024.0,False
MCH3333,Dada PLC,5999,False,Retail - Other,Private Limited,Mumbai,Maharashtra,2024-03-18 00:00:00,False,ACTIVE,668.0,False
MCH8208,TAK-SHANKAR,7011,False,Hotel & Lodging,Individual,Mumbai,Maharashtra,2024-03-18 07:08:51,False,ACTIVE,1309.39,False
MCH8413,"Mammen,ParmerandChandra",4814,False,Telecom & Mobile,Sole Proprietorship,Bengaluru,Karnataka,2024-03-19 00:00:00,False,ACTIVE,393.94,True
MCH1352,MUKHERJEE-SETHI,5812,False,Restaurants & Food Service,Sole Proprietorship,Pune,Maharashtra,2024-03-19 01:21:36,False,ACTIVE,737.77,True
MCH4922,Cheema Group,5999,False,Retail - Other,Partnership,Hyderabad,Telangana,2024-03-20 00:00:00,False,ACTIVE,324.81,False
MCH7028,"Mohanty, Ray and Prabhu",5942,False,Books & Stationery,Individual,Hyderabad,Telangana,2024-03-22 00:00:00,False,ACTIVE,174.0,False
MCH6755,Subramaniam Inc,7011,False,Hotel & Lodging,Partnership,Delhi,Delhi,2024-03-23 00:00:00,False,ACTIVE,1535.05,False
MCH4172,"khosla, tak and mahajan",5912,False,Pharmacy & Medical,Partnership,Kolkata,West Bengal,2024-03-23 00:00:00,False,ACTIVE,1964.28,False
MCH9779,De0-Agate,4814,False,Telecom & Mobile,Individual,Kolkata,West Bengal,2024-03-24 00:00:00,False,ACTIVE,2425.1,False
MCH5781,Bava and Sons,7011,False,Hotel & Lodging,Partnership,Hyderabad,Telangana,2024-03-24 09:56:13,False,ACTIVE,2364.14,False
MCH7838,"Yohannan, Sethi and Khare",5812,False,Restaurants & Food Service,Sole Proprietorship,Amritsar,Punjab,2024-03-25 00:00:00,False,ACTIVE,974.3,False
MCH3419,"bansal, naidu and baria",5912,False,Pharmacy & Medical,Private Limited,Pune,Maharashtra,2024-03-26 00:00:00,False,ACTIVE,357.64,False
MCH7443,chander-manda,4131,False,Transportation & Travel,Private Limited,Delhi,Delhi,2024-03-27 00:00:00,False,ACTIVE,1371.0,False
MCH6046,"Palla, Yadav and Bhatnagar",5999,False,Retail - Other,Individual,Bengaluru,Karnataka,2024-03-27 20:41:48,False,ACTIVE,2396.76,False
MCH2548,ANNE LLC,5812,False,Restaurants & Food Service,Partnership,Kolkata,West Bengal,2024-03-28 00:00:00,False,ACTIVE,2367.01,False
MCH2592,"Garg, Saha and Sampath",5999,False,Retail - Other,Private Limited,Hyderabad,Telangana,2024-03-28 13:13:52,False,ACTIVE,3945.98,False
MCH5518,Mannan Inc,5999,False,Retail - Other,Partnership,Hyderabad,Telangana,2024-03-28 22:25:18,False,ACTIVE,1107.87,False
MCH3556,"Sant, 0ak and Jani",4814,False,Telecom & Mobile,Private Limited,Kolkata,West Bengal,2024-03-29 00:00:00,False,ACTIVE,515.95,True
MCH8645,"Desai, Agarwal and Handa",4814,False,Telecom & Mobile,Individual,Ludhiana,Punjab,2024-03-31 00:00:00,False,ACTIVE,1177.09,False
MCH2598,"Dutta, Ramanathan and Date",7011,True,Hotel & Lodging,Sole Proprietorship,Delhi,Delhi,2024-04-02 00:00:00,True,ACTIVE,168.75,False
MCH2084,"Murthy, Dutt and Bakshi",4131,False,Transportation & Travel,Private Limited,Mumbai,Maharashtra,2024-04-03 00:00:00,False,ACTIVE,659.75,False
MCH1340,"Dash, Saxena and Kara",4131,False,Transportation & Travel,Private Limited,Hyderabad,Telangana,2024-04-03 00:00:00,False,INACTIVE,4203.63,False
MCH4515,Memon-Upadhyay,4131,False,Transportation & Travel,Sole Proprietorship,Lucknow,Uttar Pradesh,2024-04-03 17:37:57,False,ACTIVE,2435.25,False
MCH5833,Deep and Sons,5411,False,Grocery,Partnership,Jaipur,Rajasthan,2024-04-04 00:00:00,False,ACTIVE,4335.22,False
MCH2719,"SOOD, CHACKO AND CHAUDRY",4131,False,Transportation & Travel,Partnership,Mumbai,Maharashtra,2024-04-04 00:00:00,False,ACTIVE,3699.12,False
MCH6482,Mitra-Agate,5311,False,Department Store,Individual,Amritsar,Punjab,2024-04-06 00:00:00,False,INACTIVE,1340.0,False
MCH2636,Rau PLC,5311,False,Department Store,Partnership,Delhi,Delhi,2024-04-06 14:07:44,False,ACTIVE,5739.27,False
MCH6277,"MANGAT, KAUR AND GUHA",7011,False,Hotel & Lodging,Partnership,Delhi,Delhi,2024-04-07 03:31:48,False,ACTIVE,1786.0,False
MCH7439,Jayaraman PLC,7011,False,Hotel & Lodging,Private Limited,Kolkata,West Bengal,2024-04-07 13:32:00,False,ACTIVE,7697.49,False
MCH2022,Nagi-Gala,5999,False,Retail - Other,Individual,Chennai,Tamil Nadu,2024-04-08 00:00:00,False,ACTIVE,3182.35,False
MCH8135,Bhakta PLC,5999,False,Retail - Other,Private Limited,Amritsar,Punjab,2024-04-09 00:00:00,False,ACTIVE,857.0,False
MCH3438,Murty-Parmar,4814,True,Telecom & Mobile,Private Limited,Amritsar,Punjab,2024-04-10 00:00:00,True,ACTIVE,621.11,False
MCH1968,Shroff-Mani,5411,True,Grocery,Partnership,Mumbai,Maharashtra,2024-04-10 00:00:00,True,ACTIVE,1674.0,False
MCH6726,Boase-Chatterjee,7011,False,Hotel & Lodging,Individual,Chennai,Tamil Nadu,2024-04-10 07:16:24,False,SUSPENDED,1583.09,False
MCH1207,"pillai, oak and barman",5812,False,Restaurants & Food Service,Individual,Delhi,Delhi,2024-04-11 00:00:00,False,ACTIVE,1280.08,False
MCH6802,"deo, vohra and palla",5311,False,Department Store,Private Limited,Delhi,Delhi,2024-04-11 00:00:00,False,ACTIVE,1823.92,False
MCH9844,MENON AND SONS,4131,False,Retail - Other,Sole Proprietorship,Mumbai,Maharashtra,2024-04-14 00:00:00,False,ACTIVE,1083.0,False
MCH6161,More PLC,5311,False,Retail - Other,Partnership,Jaipur,Rajasthan,2024-04-15 02:52:06,False,ACTIVE,849.42,False
MCH3971,Sura PLC,7011,False,Hotel & Lodging,Individual,Delhi,Delhi,2024-04-17 13:25:57,False,ACTIVE,748.82,False
MCH1591,Ramaswamy-Babu,5311,False,Department Store,Partnership,Amritsar,Punjab,2024-04-18 00:00:00,False,ACTIVE,1638.46,False
MCH8575,"Doctor, Merchant and Bhatti",4814,False,Telecom & Mobile,Partnership,Kolkata,West Bengal,2024-04-18 00:00:00,False,ACTIVE,2693.45,False
MCH2257,Mandal-Sankaran,5311,False,Department Store,Individual,Mumbai,Maharashtra,2024-04-18 23:11:42,False,ACTIVE,4831.04,False
MCH9131,"Arya, Narang and Maharaj",7011,False,Hotel & Lodging,Individual,Jaipur,Rajasthan,2024-04-19 05:10:00,False,ACTIVE,6588.75,False
MCH7514,Ahuja-Bobal,5311,False,Retail - Other,Sole Proprietorship,Lucknow,Uttar Pradesh,2024-04-19 10:36:48,False,ACTIVE,1943.52,False
MCH4478,Shenoy Inc,4131,False,Transportation & Travel,Private Limited,Pune,Maharashtra,2024-04-19 20:17:16,False,ACTIVE,3749.72,False
MCH7024,gandhi-kunda,5942,False,Books & Stationery,Private Limited,Lucknow,Uttar Pradesh,2024-04-22 00:00:00,False,ACTIVE,184.56,False
MCH5559,Grewal-Mohanty,5999,False,Retail - Other,Private Limited,Jalandhar,Punjab,2024-04-23 00:00:00,False,ACTIVE,1466.58,False
MCH2487,"Virk, Ganguly and Saraf",5812,False,Restaurants & Food Service,Partnership,Bengaluru,Karnataka,2024-04-24 00:00:00,False,INACTIVE,362.02,False
MCH9720,Hayre Ltd,5942,False,Books & Stationery,Sole Proprietorship,Pune,Maharashtra,2024-04-24 00:00:00,False,ACTIVE,507.94,False
MCH2102,"Mand, Bobal and Saini",5812,False,Restaurants & Food Service,Individual,Ludhiana,Punjab,2024-04-25 00:00:00,False,ACTIVE,2985.52,True
MCH5042,Nagi-Raja,5912,True,Pharmacy & Medical,Individual,Kolkata,West Bengal,2024-04-25 11:13:41,True,ACTIVE,3524.4,False
MCH3232,Shroff-Bobal,5812,False,Restaurants & Food Service,Partnership,Kolkata,West Bengal,2024-04-26 00:00:00,False,ACTIVE,613.79,False
MCH9299,Pathak-Menon,5812,False,Restaurants & Food Service,Sole Proprietorship,Ludhiana,Punjab,2024-04-28 07:03:55,False,ACTIVE,3015.0,False
MCH9968,Swamy-Was0n,5311,False,Department Store,Sole Proprietorship,Mumbai,Maharashtra,2024-04-29 12:30:36,False,INACTIVE,526.26,False
MCH5749,Master LLC,5812,True,Restaurants & Food Service,Private Limited,Kolkata,West Bengal,2024-04-30 00:00:00,True,ACTIVE,6699.41,False
MCH1806,Thaker-Dutt,5699,True,Apparel & Fashion,Individual,Ludhiana,Punjab,2024-05-02 09:16:54,True,ACTIVE,6418.0,False
MCH6233,"Arora, Agarwal and Padmanabhan",5942,False,Books & Stationery,Sole Proprietorship,Amritsar,Punjab,2024-05-03 00:00:00,False,ACTIVE,1090.35,False
MCH9263,"Chatterjee, Anand and Mani",5999,False,Retail - Other,Partnership,Kolkata,West Bengal,2024-05-05 00:44:32,False,ACTIVE,628.47,False
MCH4692,Bhat Inc,4131,False,Transportation & Travel,Sole Proprietorship,Hyderabad,Telangana,2024-05-06 00:00:00,False,ACTIVE,3808.17,False
MCH2770,Nagi PLC,5999,False,Retail - Other,Individual,Jaipur,Rajasthan,2024-05-06 13:56:02,False,BLOCKED,4171.07,True
MCH4827,"Deol, Rastogi and Khatri",4814,False,Telecom & Mobile,Sole Proprietorship,Lucknow,Uttar Pradesh,2024-05-10 03:12:00,False,ACTIVE,810.0,False
MCH4495,"Nadig, Gade and Jha",5942,False,Books & Stationery,Partnership,Hyderabad,Telangana,2024-05-10 06:24:00,False,ACTIVE,1329.61,False
MCH5493,ROY GROUP,5812,False,Restaurants & Food Service,Partnership,Lucknow,Uttar Pradesh,2024-05-11 12:32:56,True,ACTIVE,,False
MCH4456,Krish-Panchal,5411,False,Grocery,Individual,Lucknow,Uttar Pradesh,2024-05-11 18:33:00,False,ACTIVE,1642.08,False
MCH6329,Srinivas-Banerjee,5912,True,Pharmacy & Medical,Individual,Kolkata,West Bengal,2024-05-12 00:00:00,True,ACTIVE,199.46,False
MCH6559,"Master, Dutta and Dash",5999,False,Retail - Other,Individual,Ludhiana,Punjab,2024-05-12 00:00:00,False,ACTIVE,521.0,False
MCH1974,Kap00r LLC,4131,False,Transportation & Travel,Partnership,Chennai,Tamil Nadu,2024-05-12 08:25:13,True,ACTIVE,,False
MCH7922,Dara LLC,5812,True,Restaurants & Food Service,Partnership,Mumbai,Maharashtra,2024-05-13 00:00:00,True,ACTIVE,1260.96,False
MCH2750,Rao-Narayanan,5942,False,Books & Stationery,Individual,Ludhiana,Punjab,2024-05-13 00:00:00,False,ACTIVE,3052.68,True
MCH5951,"Sahni, Gour and Sama",5311,False,Department Store,Private Limited,Pune,Maharashtra,2024-05-13 00:00:00,False,ACTIVE,2353.06,False
MCH8385,Thaker-Hegde,5812,False,Restaurants & Food Service,Partnership,Amritsar,Punjab,2024-05-14 00:00:00,False,ACTIVE,2913.48,False
MCH9456,Anne Group,5999,False,Retail - Other,Sole Proprietorship,Chennai,Tamil Nadu,2024-05-16 00:00:00,False,ACTIVE,896.81,False
MCH7850,Reddy Inc,5699,False,Apparel & Fashion,Partnership,Chennai,Tamil Nadu,2024-05-16 05:07:55,False,ACTIVE,1378.0,False
MCH4556,Parmar and S0ns,7011,True,Hotel & Lodging,Private Limited,Jaipur,Rajasthan,2024-05-16 07:05:47,True,ACTIVE,933.34,True
MCH3572,"V0hra, Chander and Padmanabhan",5812,False,Restaurants & Food Service,Sole Proprietorship,Hyderabad,Telangana,2024-05-16 11:42:00,False,ACTIVE,793.52,False
MCH5825,Bhardwaj-Sachdeva,5942,False,Books & Stationery,Partnership,Bengaluru,Karnataka,2024-05-17 00:03:40,False,ACTIVE,1108.32,True
MCH5601,Raj-Gopal,7011,False,Hotel & Lodging,Private Limited,Jalandhar,Punjab,2024-05-17 22:26:00,True,ACTIVE,,False
MCH5696,Mittal Group,5411,False,Grocery,Private Limited,Chennai,Tamil Nadu,2024-05-18 00:00:00,False,ACTIVE,2595.13,False
MCH3874,"Dora,DeshpandeandSeth",4814,True,Telecom & Mobile,Private Limited,Jalandhar,Punjab,2024-05-18 00:12:00,True,ACTIVE,1119.69,False
MCH1015,Mannan-Subramaniam,7011,False,Hotel & Lodging,Individual,Hyderabad,Telangana,2024-05-19 00:00:00,False,ACTIVE,1116.83,True
MCH7331,Kala-Loyal,5311,False,Retail - Other,Sole Proprietorship,Hyderabad,Telangana,2024-05-20 00:00:00,True,ACTIVE,,False
MCH2019,WALLA-RANGANATHAN,5999,False,Retail - Other,Partnership,Bengaluru,Karnataka,2024-05-22 00:00:00,False,ACTIVE,1915.39,False
MCH7248,Rajagopalan Group,7011,False,Hotel & Lodging,Partnership,Hyderabad,Telangana,2024-05-22 00:00:00,False,ACTIVE,859.24,False
MCH9955,NORI-NAZARETH,5699,False,Apparel & Fashion,Sole Proprietorship,Delhi,Delhi,2024-05-22 02:32:54,False,SUSPENDED,673.27,False
MCH6959,"Agrawal, Bhatt and Babu",7011,False,Hotel & Lodging,Partnership,Lucknow,Uttar Pradesh,2024-05-24 03:34:51,False,ACTIVE,611.31,False
MCH7731,DalalPLC,7011,False,Hotel & Lodging,Individual,Chennai,Tamil Nadu,2024-05-25 00:00:00,False,ACTIVE,2899.19,False
MCH7316,TAK LTD,5942,True,Books & Stationery,Sole Proprietorship,Jaipur,Rajasthan,2024-05-26 00:00:00,True,ACTIVE,688.43,False
MCH9101,Pal-Ramesh,4131,True,Transportation & Travel,Partnership,Pune,Maharashtra,2024-05-29 14:48:09,True,ACTIVE,1223.0,False
MCH2148,Dora Ltd,5912,False,Pharmacy & Medical,Private Limited,Amritsar,Punjab,2024-05-30 17:40:28,False,ACTIVE,343.34,False
MCH3409,BADAMI AND SONS,7011,False,Hotel & Lodging,Sole Proprietorship,Bengaluru,Karnataka,2024-05-31 00:00:00,False,ACTIVE,1179.18,False
MCH9147,Bedi-Dugar,5912,False,Pharmacy & Medical,Sole Proprietorship,Bengaluru,Karnataka,2024-05-31 05:15:00,False,ACTIVE,1264.98,False
MCH5784,"Kakar, Palla and Vyas",5699,False,Apparel & Fashion,Private Limited,Jalandhar,Punjab,2024-06-01 22:17:58,False,ACTIVE,220.77,False
MCH1261,"Cheema, Savant and Bakshi",5311,False,Retail - Other,Sole Proprietorship,Ludhiana,Punjab,2024-06-03 00:00:00,True,CLOSED,,False
MCH7338,"Verma, Rai and Patla",5912,True,Pharmacy & Medical,Private Limited,Bengaluru,Karnataka,2024-06-05 00:00:00,True,ACTIVE,2235.57,False
MCH8656,Singh PLC,5942,True,Books & Stationery,Individual,Bengaluru,Karnataka,2024-06-09 00:00:00,True,ACTIVE,9885.11,False
MCH8262,Sanghvi Ltd,5411,False,Grocery,Sole Proprietorship,Bengaluru,Karnataka,2024-06-10 00:00:00,False,ACTIVE,4676.0,False
MCH2244,Master PLC,5912,False,Pharmacy & Medical,Private Limited,Jalandhar,Punjab,2024-06-10 01:44:00,False,CLOSED,2383.0,False
MCH3968,"Peri, Sane and Mohanty",5812,False,Restaurants & Food Service,Individual,Mumbai,Maharashtra,2024-06-10 04:21:00,False,ACTIVE,1174.15,False
MCH6408,Gade and Sons,5942,False,Books & Stationery,Sole Proprietorship,Chennai,Tamil Nadu,2024-06-11 00:00:00,False,ACTIVE,4374.58,False
MCH8220,sarkar plc,5411,False,Grocery,Private Limited,Pune,Maharashtra,2024-06-11 00:00:00,False,ACTIVE,142.34,False
MCH1475,"Bora, Bhakta and Aurora",5311,True,Department Store,Private Limited,Kolkata,West Bengal,2024-06-11 00:00:00,True,ACTIVE,1652.87,False
MCH1551,malhotra-subramanian,5812,False,Restaurants & Food Service,Partnership,Pune,Maharashtra,2024-06-13 00:00:00,False,ACTIVE,1909.07,False
MCH1636,Nigam PLC,5699,False,Apparel & Fashion,Partnership,Delhi,Delhi,2024-06-13 01:00:37,False,ACTIVE,2284.21,False
MCH2506,"Sarna, Vora and Seth",4131,False,Transportation & Travel,Individual,Jaipur,Rajasthan,2024-06-13 02:51:27,False,ACTIVE,222.33,False
MCH9800,Dasgupta-Sathe,7011,False,Hotel & Lodging,Partnership,Ludhiana,Punjab,2024-06-13 13:22:14,True,ACTIVE,,False
MCH1506,GANDHI-LOKE,5912,False,Pharmacy & Medical,Partnership,Chennai,Tamil Nadu,2024-06-13 17:59:00,False,ACTIVE,967.0,False
MCH5089,Korpal-Parmer,5311,False,Retail - Other,Private Limited,Jaipur,Rajasthan,2024-06-14 00:00:00,False,ACTIVE,3730.0,False
MCH4048,"Lall, Kara and Uppal",5812,False,Restaurants & Food Service,Partnership,Jalandhar,Punjab,2024-06-14 00:00:00,False,CLOSED,1748.0,False
MCH5927,"Hayer, Palla and Ganesh",5699,False,Apparel & Fashion,Private Limited,Lucknow,Uttar Pradesh,2024-06-16 00:00:00,False,ACTIVE,3764.09,False
MCH7260,Kunda Inc,7011,False,Hotel & Lodging,Private Limited,Jalandhar,Punjab,2024-06-20 00:00:00,False,ACTIVE,391.11,False
MCH4622,Toor-Rajan,7011,False,Hotel & Lodging,Private Limited,Ludhiana,Punjab,2024-06-20 14:20:00,False,ACTIVE,2524.16,False
MCH2360,Bhakta-Nazareth,5942,False,Books & Stationery,Private Limited,Jaipur,Rajasthan,2024-06-21 00:00:00,False,INACTIVE,755.69,False
MCH5411,Kale Inc,5411,False,Grocery,Partnership,Pune,Maharashtra,2024-06-21 06:11:57,False,ACTIVE,708.0,False
MCH5219,"PRAKASH, AMBLE AND MUKHOPADHYAY",7011,False,Hotel & Lodging,Sole Proprietorship,Jaipur,Rajasthan,2024-06-21 13:59:32,False,ACTIVE,2597.41,True
MCH3099,Peri-Parmer,5699,False,Apparel & Fashion,Partnership,Delhi,Delhi,2024-06-22 00:00:00,False,ACTIVE,2046.1,False
MCH6112,LUTHRA-GROVER,5942,False,Books & Stationery,Partnership,Jaipur,Rajasthan,2024-06-22 00:00:00,False,ACTIVE,1366.0,False
MCH4844,Trivedi-De01,7011,False,Hotel & Lodging,Individual,Bengaluru,Karnataka,2024-06-23 06:58:47,False,ACTIVE,798.53,False
MCH3920,SharmaLLC,5942,True,Books & Stationery,Private Limited,Lucknow,Uttar Pradesh,2024-06-23 21:51:00,True,SUSPENDED,1885.7,False
MCH6219,"Morar, Walla and Behl",5912,False,Pharmacy & Medical,Partnership,Delhi,Delhi,2024-06-24 00:00:00,False,ACTIVE,4347.57,False
MCH6940,Koshy Inc,4131,False,Transportation & Travel,Private Limited,Chennai,Tamil Nadu,2024-06-25 00:00:00,False,ACTIVE,5556.5,False
MCH2165,Venkataraman-Seshadri,5912,False,Pharmacy & Medical,Sole Proprietorship,Pune,Maharashtra,2024-06-26 00:00:00,False,ACTIVE,137.68,False
MCH1782,Kari PLC,5411,False,Grocery,Sole Proprietorship,Mumbai,Maharashtra,2024-06-26 00:00:00,False,ACTIVE,4762.58,True
MCH7957,Varty-Natarajan,7011,False,Hotel & Lodging,Private Limited,Chennai,Tamil Nadu,2024-06-28 09:08:00,False,ACTIVE,410.29,False
MCH1331,"Garg, Bobal and Jain",4131,False,Transportation & Travel,Individual,Kolkata,West Bengal,2024-06-29 00:00:00,False,ACTIVE,3720.61,False
MCH6338,Dutta PLC,5311,False,Department Store,Individual,Kolkata,West Bengal,2024-06-29 00:00:00,False,ACTIVE,1835.5,False
MCH1817,Wadhwa Group,4814,True,Telecom & Mobile,Partnership,Kolkata,West Bengal,2024-06-30 00:00:00,True,ACTIVE,200.17,False
MCH4109,"Lal, Handa and Mammen",5942,False,Books & Stationery,Individual,Kolkata,West Bengal,2024-07-01 21:55:00,False,ACTIVE,1181.07,False
MCH4656,"Verma,SanghaandVora",5942,False,Books & Stationery,Private Limited,Delhi,Delhi,2024-07-02 00:00:00,False,ACTIVE,431.25,False
MCH4604,"Som, Kalla and Dada",5699,False,Apparel & Fashion,Sole Proprietorship,Chennai,Tamil Nadu,2024-07-02 15:25:30,False,ACTIVE,1478.97,False
MCH4553,Zachariah-Dara,5812,False,Restaurants & Food Service,Private Limited,Jalandhar,Punjab,2024-07-03 11:07:00,False,ACTIVE,343.99,False
MCH5055,Aggarwal-Doctor,5912,False,Pharmacy & Medical,Private Limited,Hyderabad,Telangana,2024-07-04 02:56:33,False,ACTIVE,3805.08,False
MCH2203,"DAR, KHURANA AND VASA",5812,False,Restaurants & Food Service,Sole Proprietorship,Jaipur,Rajasthan,2024-07-05 09:28:00,False,ACTIVE,14312.42,False
MCH3017,Ramanathan and Sons,5311,False,Department Store,Partnership,Delhi,Delhi,2024-07-06 00:00:00,False,ACTIVE,3967.02,True
MCH9714,Issac-Pall,5912,False,Pharmacy & Medical,Private Limited,Chennai,Tamil Nadu,2024-07-06 12:33:24,False,INACTIVE,925.43,False
MCH9369,Kara Group,7011,False,Hotel & Lodging,Sole Proprietorship,Kolkata,West Bengal,2024-07-06 20:37:37,False,ACTIVE,2036.0,False
MCH7100,Sanghvi-Pandit,5699,False,Apparel & Fashion,Individual,Pune,Maharashtra,2024-07-09 00:00:00,False,ACTIVE,638.61,True
MCH9679,RAMAN LTD,7011,True,Hotel & Lodging,Sole Proprietorship,Delhi,Delhi,2024-07-09 00:00:00,True,INACTIVE,310.73,False
MCH8407,Dey Group,4131,False,Transportation & Travel,Individual,Lucknow,Uttar Pradesh,2024-07-10 00:00:00,False,ACTIVE,2726.27,False
MCH8805,bose inc,5699,False,Apparel & Fashion,Individual,Ludhiana,Punjab,2024-07-10 00:00:00,False,ACTIVE,6022.98,False
MCH6343,bains plc,4814,False,Telecom & Mobile,Partnership,Mumbai,Maharashtra,2024-07-10 00:00:00,False,ACTIVE,4598.19,False
MCH4870,Rana Inc,4814,False,Telecom & Mobile,Individual,Amritsar,Punjab,2024-07-12 12:35:00,False,SUSPENDED,1127.0,False
MCH2628,Muni PLC,5311,True,Department Store,Individual,Pune,Maharashtra,2024-07-13 00:00:00,True,ACTIVE,1382.04,True
MCH4474,Ram Ltd,4814,False,Telecom & Mobile,Partnership,Jalandhar,Punjab,2024-07-13 00:00:00,False,ACTIVE,1082.17,False
MCH5541,Sheth and Sons,5812,False,Restaurants & Food Service,Individual,Bengaluru,Karnataka,2024-07-13 09:55:59,False,ACTIVE,548.54,False
MCH5979,Mani Group,4131,False,Transportation & Travel,Private Limited,Bengaluru,Karnataka,2024-07-15 00:00:00,False,SUSPENDED,4686.23,False
MCH6634,"BOBAL, RANDHAWA AND GUHA",5999,True,Retail - Other,Sole Proprietorship,Delhi,Delhi,2024-07-17 00:00:00,True,ACTIVE,3780.75,False
MCH5794,Gulati and Sons,5999,False,Retail - Other,Private Limited,Bengaluru,Karnataka,2024-07-18 15:31:05,False,ACTIVE,614.67,False
MCH1515,"MALL, KARA AND SASTRY",5699,False,Apparel & Fashion,Partnership,Hyderabad,Telangana,2024-07-19 00:00:00,True,ACTIVE,,False
MCH1233,"Upadhyay, Lall and Kala",5942,False,Books & Stationery,Private Limited,Pune,Maharashtra,2024-07-19 00:00:00,False,ACTIVE,1465.98,True
MCH8464,"Kapadia, Sarin and Bhargava",5411,False,Grocery,Sole Proprietorship,Ludhiana,Punjab,2024-07-19 17:44:00,False,ACTIVE,1536.1,False
MCH1796,Kohli-Nagar,5942,False,Books & Stationery,Individual,Amritsar,Punjab,2024-07-20 00:00:00,False,ACTIVE,741.16,False
MCH7769,"Atwal, Loke and Prasad",4814,False,Telecom & Mobile,Partnership,Mumbai,Maharashtra,2024-07-21 00:00:00,False,ACTIVE,232.38,False
MCH3395,"Boase, Dutt and Sami",5912,False,Pharmacy & Medical,Partnership,Jaipur,Rajasthan,2024-07-22 00:00:00,False,INACTIVE,619.0,False
MCH4176,Sani-Bhalla,7011,True,Hotel & Lodging,Individual,Delhi,Delhi,2024-07-22 00:00:00,True,ACTIVE,1216.13,False
MCH5416,Upadhyay LLC,5942,False,Books & Stationery,Individual,Chennai,Tamil Nadu,2024-07-24 00:00:00,True,ACTIVE,,False
MCH3071,Misra-Padmanabhan,5812,False,Restaurants & Food Service,Sole Proprietorship,Ludhiana,Punjab,2024-07-24 08:52:44,True,ACTIVE,,False
MCH8619,Salvi-Nazareth,5411,False,Grocery,Sole Proprietorship,Delhi,Delhi,2024-07-25 00:00:00,False,ACTIVE,860.21,False
MCH2838,BOSE-BIR,4814,False,Telecom & Mobile,Sole Proprietorship,Chennai,Tamil Nadu,2024-07-25 00:00:00,False,ACTIVE,3409.39,False
MCH6626,Zacharia-Kapadia,5912,False,Pharmacy & Medical,Private Limited,Lucknow,Uttar Pradesh,2024-07-25 00:00:00,False,INACTIVE,2864.89,False
MCH8448,"Roy, Parekh and Ratti",7011,False,Hotel & Lodging,Private Limited,Jaipur,Rajasthan,2024-07-25 22:15:50,False,ACTIVE,364.74,False
MCH3508,Prabhu and Sons,4131,False,Transportation & Travel,Private Limited,Delhi,Delhi,2024-07-26 00:00:00,False,ACTIVE,1850.0,False
MCH5576,oza plc,4131,False,Transportation & Travel,Sole Proprietorship,Bengaluru,Karnataka,2024-07-27 00:00:00,True,ACTIVE,,False
MCH8565,"MAMMEN, MODI AND SANKAR",5812,False,Restaurants & Food Service,Sole Proprietorship,Jaipur,Rajasthan,2024-07-27 21:42:00,False,ACTIVE,609.89,False
MCH7337,NATH-NARAYAN,5699,False,Apparel & Fashion,Individual,Hyderabad,Telangana,2024-07-28 00:00:00,False,ACTIVE,3029.85,False
MCH3594,Om-Tiwari,5999,True,Retail - Other,Partnership,Pune,Maharashtra,2024-07-28 00:22:00,True,ACTIVE,1023.26,True
MCH4061,Mody-Vig,5999,False,Retail - Other,Individual,Amritsar,Punjab,2024-07-28 06:12:20,False,ACTIVE,2007.74,False
MCH9613,Tella Group,5912,False,Pharmacy & Medical,Partnership,Hyderabad,Telangana,2024-07-29 00:00:00,True,ACTIVE,,False
MCH6069,Krish-Joshi,5699,True,Apparel & Fashion,Private Limited,Amritsar,Punjab,2024-07-30 00:00:00,True,ACTIVE,252.19,False
MCH4136,SEHGAL PLC,5699,False,Apparel & Fashion,Partnership,Mumbai,Maharashtra,2024-07-30 00:00:00,False,ACTIVE,2564.97,False
MCH3587,Sagar-Raval,7011,False,Hotel & Lodging,Partnership,Jalandhar,Punjab,2024-07-31 00:00:00,False,ACTIVE,1064.25,False
MCH8043,Lalla Group,5311,False,Department Store,Private Limited,Ludhiana,Punjab,2024-07-31 00:00:00,False,ACTIVE,1064.0,False
MCH2571,Deep-Chakraborty,5812,False,Restaurants & Food Service,Partnership,Delhi,Delhi,2024-07-31 00:00:00,False,SUSPENDED,3828.75,False
MCH1627,DUA LTD,5999,False,Retail - Other,Private Limited,Lucknow,Uttar Pradesh,2024-07-31 00:00:00,False,ACTIVE,160.25,False
MCH7582,Gola Ltd,4131,False,Transportation & Travel,Individual,Kolkata,West Bengal,2024-07-31 16:49:00,False,ACTIVE,1056.25,False
MCH5141,Gera-Kashyap,4814,False,Telecom & Mobile,Partnership,Ludhiana,Punjab,2024-08-01 00:21:00,False,ACTIVE,2000.07,False
MCH6520,Manda-Shah,5912,False,Pharmacy & Medical,Individual,Kolkata,West Bengal,2024-08-01 00:55:00,False,ACTIVE,1457.02,False
MCH7244,Nadig-Kata,4131,True,Transportation & Travel,Partnership,Bengaluru,Karnataka,2024-08-02 04:15:28,True,ACTIVE,1686.67,False
MCH2528,Cherian Ltd,5999,False,Retail - Other,Private Limited,Jalandhar,Punjab,2024-08-03 00:00:00,False,ACTIVE,830.85,False
MCH2370,Mutti-Sarma,5699,False,Apparel & Fashion,Individual,Delhi,Delhi,2024-08-03 00:00:00,False,ACTIVE,6053.56,False
MCH2215,Maharaj-Kale,7011,False,Hotel & Lodging,Individual,Kolkata,West Bengal,2024-08-03 00:00:00,False,ACTIVE,3526.35,False
MCH4375,"Mani, Pillai and Soman",5311,False,Department Store,Sole Proprietorship,Lucknow,Uttar Pradesh,2024-08-03 02:25:00,False,ACTIVE,1050.41,False
MCH1522,Mody Inc,5912,False,Pharmacy & Medical,Sole Proprietorship,Jaipur,Rajasthan,2024-08-04 00:00:00,False,ACTIVE,631.57,False
MCH2265,"Bail, Gopal and Khare",5912,True,Pharmacy & Medical,Partnership,Lucknow,Uttar Pradesh,2024-08-04 00:00:00,True,INACTIVE,785.4,True
MCH6228,"Kar, Agarwal and Karpe",5812,False,Restaurants & Food Service,Private Limited,Bengaluru,Karnataka,2024-08-05 00:00:00,False,ACTIVE,1145.75,False
MCH5895,Dey LLC,4131,False,Transportation & Travel,Individual,Chennai,Tamil Nadu,2024-08-05 00:00:00,False,ACTIVE,693.85,False
MCH8467,"Tara, Nagi and Keer",5411,True,Grocery,Sole Proprietorship,Chennai,Tamil Nadu,2024-08-06 00:00:00,True,INACTIVE,3292.09,False
MCH8013,Thakkar-Vohra,5942,False,Books & Stationery,Sole Proprietorship,Bengaluru,Karnataka,2024-08-06 00:00:00,True,ACTIVE,,False
MCH5422,sawhney llc,5699,True,Apparel & Fashion,Sole Proprietorship,Kolkata,West Bengal,2024-08-08 00:00:00,True,ACTIVE,866.35,False
MCH8721,Bera-Chhabra,4131,False,Transportation & Travel,Sole Proprietorship,Lucknow,Uttar Pradesh,2024-08-09 00:00:00,False,ACTIVE,2543.82,False
MCH8952,"varghese, korpal and dora",5912,False,Pharmacy & Medical,Sole Proprietorship,Chennai,Tamil Nadu,2024-08-10 00:00:00,False,ACTIVE,987.96,False
MCH9913,Das Ltd,4814,False,Telecom & Mobile,Partnership,Lucknow,Uttar Pradesh,2024-08-10 00:00:00,False,ACTIVE,442.64,False
MCH7942,Parmar-Oza,5912,False,Pharmacy & Medical,Sole Proprietorship,Hyderabad,Telangana,2024-08-10 06:25:22,False,ACTIVE,1133.78,False
MCH2501,ravel inc,5912,True,Pharmacy & Medical,Partnership,Ludhiana,Punjab,2024-08-13 00:00:00,True,ACTIVE,2494.94,False
MCH7581,"Deshpande, Butala and Jain",5699,False,Apparel & Fashion,Private Limited,Lucknow,Uttar Pradesh,2024-08-13 00:00:00,True,ACTIVE,,False
MCH5902,"Iyer, Pal and Kaur",5311,False,Department Store,Private Limited,Pune,Maharashtra,2024-08-14 00:00:00,False,ACTIVE,441.19,False
MCH5258,Kibe-Ramanathan,5942,True,Books & Stationery,Partnership,Delhi,Delhi,2024-08-15 00:00:00,True,ACTIVE,3143.33,False
MCH4158,SASTRY INC,5942,True,Books & Stationery,Partnership,Delhi,Delhi,2024-08-15 00:00:00,True,INACTIVE,480.93,False
MCH4702,Nath Group,5311,False,Retail - Other,Sole Proprietorship,Lucknow,Uttar Pradesh,2024-08-15 23:18:00,False,ACTIVE,584.0,False
MCH9824,Memon-Mistry,4814,False,Telecom & Mobile,Partnership,Ludhiana,Punjab,2024-08-16 02:30:46,False,SUSPENDED,837.47,False
MCH8972,VIG INC,5411,False,Grocery,Partnership,Kolkata,West Bengal,2024-08-17 00:00:00,False,ACTIVE,835.08,False
MCH3655,Batra LLC,5912,False,Pharmacy & Medical,Sole Proprietorship,Pune,Maharashtra,2024-08-17 00:00:00,False,ACTIVE,528.59,True
MCH8334,"Rai,BandiandJayaraman",4131,True,Transportation & Travel,Partnership,Kolkata,West Bengal,2024-08-17 14:07:20,True,ACTIVE,3117.64,False
MCH2071,Dube-Kapadia,4814,True,Telecom & Mobile,Sole Proprietorship,Amritsar,Punjab,2024-08-19 04:07:47,True,ACTIVE,1392.0,False
MCH8428,"Keer, Batra and Kapadia",7011,False,Hotel & Lodging,Partnership,Jalandhar,Punjab,2024-08-19 14:22:51,False,ACTIVE,2475.47,False
MCH3085,mander-mital,7011,False,Hotel & Lodging,Private Limited,Chennai,Tamil Nadu,2024-08-20 01:44:53,False,ACTIVE,3842.0,False
MCH1793,Jaggi PLC,7011,False,Hotel & Lodging,Sole Proprietorship,Delhi,Delhi,2024-08-21 00:47:16,False,ACTIVE,2705.89,False
MCH4802,"Mistry, Roy and Salvi",5311,True,Department Store,Sole Proprietorship,Chennai,Tamil Nadu,2024-08-23 18:00:36,True,INACTIVE,468.0,False
MCH8140,"Chokshi, Johal and Sachdeva",5812,False,Restaurants & Food Service,Sole Proprietorship,Kolkata,West Bengal,2024-08-24 20:09:39,False,ACTIVE,1136.04,False
MCH7606,Chaudhari-Raman,5999,False,Retail - Other,Private Limited,Bengaluru,Karnataka,2024-08-27 00:00:00,False,ACTIVE,296.04,False
MCH2971,"Garg, Merchant and Kuruvilla",5699,False,Apparel & Fashion,Individual,Ludhiana,Punjab,2024-08-28 00:00:00,False,ACTIVE,205.16,True
MCH8086,Contractor-Narain,5812,False,Restaurants & Food Service,Partnership,Pune,Maharashtra,2024-08-28 09:47:00,False,ACTIVE,1394.0,False
MCH5998,Joshi Inc,5411,False,Grocery,Private Limited,Chennai,Tamil Nadu,2024-08-30 00:00:00,False,ACTIVE,1152.74,False
MCH5503,Suri Ltd,4131,False,Transportation & Travel,Private Limited,Kolkata,West Bengal,2024-08-30 18:32:00,False,ACTIVE,2446.68,False
MCH1779,"MAHARAJ, JAGGI AND REDDY",7011,False,Hotel & Lodging,Partnership,Bengaluru,Karnataka,2024-09-02 00:00:00,False,ACTIVE,1540.91,False
MCH4871,KUNDA LTD,5812,False,Restaurants & Food Service,Partnership,Lucknow,Uttar Pradesh,2024-09-02 06:08:34,False,BLOCKED,648.87,False
MCH1070,Pandya PLC,5999,False,Retail - Other,Private Limited,Chennai,Tamil Nadu,2024-09-03 00:00:00,False,ACTIVE,1259.2,False
MCH9467,"Pall, Lala and Dhar",4131,False,Transportation & Travel,Individual,Chennai,Tamil Nadu,2024-09-03 09:23:16,False,ACTIVE,1206.07,False
MCH1568,Chandran Ltd,7011,False,Hotel & Lodging,Sole Proprietorship,Lucknow,Uttar Pradesh,2024-09-04 00:00:00,False,ACTIVE,3618.31,False
MCH1104,Chander LLC,4814,False,Telecom & Mobile,Private Limited,Delhi,Delhi,2024-09-05 00:00:00,False,ACTIVE,778.62,False
MCH8409,"Dua, Naidu and Agate",4131,False,Transportation & Travel,Individual,Mumbai,Maharashtra,2024-09-05 14:57:07,False,ACTIVE,1474.83,False
MCH1768,"Mody, Tata and Chatterjee",4131,False,Transportation & Travel,Sole Proprietorship,Chennai,Tamil Nadu,2024-09-08 00:00:00,False,ACTIVE,360.87,False
MCH6831,Kurian and Sons,4131,False,Transportation & Travel,Private Limited,Pune,Maharashtra,2024-09-08 00:00:00,False,ACTIVE,350.65,False
MCH8211,Seth LLC,5999,False,Retail - Other,Partnership,Pune,Maharashtra,2024-09-08 00:27:35,False,ACTIVE,2939.69,False
MCH8437,"Kurian, Yadav and Sidhu",5812,False,Restaurants & Food Service,Partnership,Amritsar,Punjab,2024-09-09 00:00:00,False,ACTIVE,1382.63,False
MCH8943,Bassi-Dhingra,5942,False,Books & Stationery,Private Limited,Chennai,Tamil Nadu,2024-09-09 00:49:00,False,ACTIVE,774.62,False
MCH8518,Srivastava-Parsa,5699,False,Apparel & Fashion,Individual,Jaipur,Rajasthan,2024-09-11 00:00:00,False,ACTIVE,191.84,False
MCH9188,Randhawa PLC,4814,False,Telecom & Mobile,Partnership,Jalandhar,Punjab,2024-09-11 00:00:00,True,ACTIVE,,False
MCH7442,"Tand0n, Tak and Mane",5699,False,Apparel & Fashion,Partnership,Chennai,Tamil Nadu,2024-09-12 00:00:00,False,ACTIVE,1620.41,False
MCH3191,Dhawan-Warrior,4131,False,Retail - Other,Sole Proprietorship,Hyderabad,Telangana,2024-09-12 01:09:18,False,ACTIVE,1885.9,False
MCH7413,Uppal-Chaudhry,5311,True,Department Store,Private Limited,Bengaluru,Karnataka,2024-09-13 00:00:00,True,ACTIVE,3645.54,False
MCH8439,Bala and Sons,5912,False,Pharmacy & Medical,Individual,Jalandhar,Punjab,2024-09-14 00:00:00,False,ACTIVE,1591.75,False
MCH5558,"Rao, Sidhu and Barad",7011,False,Hotel & Lodging,Partnership,Amritsar,Punjab,2024-09-14 00:00:00,False,ACTIVE,626.0,False
MCH7436,Mane-Trivedi,5912,False,Pharmacy & Medical,Individual,Bengaluru,Karnataka,2024-09-14 00:00:00,False,ACTIVE,1384.27,True
MCH9510,Warri0r-Thakkar,4131,False,Transportation & Travel,Sole Proprietorship,Bengaluru,Karnataka,2024-09-15 00:00:00,False,ACTIVE,1261.0,False
MCH7489,Sridhar PLC,5999,False,Retail - Other,Individual,Bengaluru,Karnataka,2024-09-15 00:00:00,False,ACTIVE,990.64,False
MCH8903,Keer-Sagar,5411,False,Grocery,Partnership,Lucknow,Uttar Pradesh,2024-09-16 00:00:00,False,ACTIVE,841.61,False
MCH9807,PILLAY-SULE,5912,False,Pharmacy & Medical,Partnership,Ludhiana,Punjab,2024-09-17 00:00:00,False,ACTIVE,3555.86,False
MCH4975,Bhakta-Sidhu,5699,False,Apparel & Fashion,Partnership,Jalandhar,Punjab,2024-09-18 00:00:00,False,ACTIVE,280.66,False
MCH7464,DuttaLLC,4131,False,Transportation & Travel,Private Limited,Lucknow,Uttar Pradesh,2024-09-18 00:00:00,False,ACTIVE,270.92,False
MCH4110,Suresh-Bassi,5942,False,Books & Stationery,Individual,Mumbai,Maharashtra,2024-09-18 08:58:00,False,INACTIVE,1527.43,False
MCH8546,jani plc,5311,False,Department Store,Partnership,Kolkata,West Bengal,2024-09-21 00:00:00,False,ACTIVE,1691.74,False
MCH7876,Yadav-Bansal,5942,False,Books & Stationery,Individual,Lucknow,Uttar Pradesh,2024-09-22 00:00:00,False,ACTIVE,549.03,True
MCH2650,Choudhary Ltd,5942,False,Books & Stationery,Individual,Delhi,Delhi,2024-09-22 00:00:00,False,INACTIVE,1197.2,False
MCH1073,"Dasgupta,RayandDara",5912,True,Pharmacy & Medical,Partnership,Lucknow,Uttar Pradesh,2024-09-22 00:00:00,True,SUSPENDED,1002.63,False
MCH6446,CONTRACTOR LLC,5311,False,Department Store,Individual,Jaipur,Rajasthan,2024-09-23 11:13:22,False,ACTIVE,1356.41,False
MCH7098,"Bora, Char and Dube",7011,False,Hotel & Lodging,Private Limited,Bengaluru,Karnataka,2024-09-24 00:00:00,False,ACTIVE,2947.0,False
MCH5882,"Barad, Kara and Gokhale",4814,True,Telecom & Mobile,Sole Proprietorship,Chennai,Tamil Nadu,2024-09-25 00:00:00,True,INACTIVE,626.5,False
MCH8840,Chatterjee and Sons,5311,False,Retail - Other,Individual,Pune,Maharashtra,2024-09-26 02:57:00,False,ACTIVE,1208.62,False
MCH6285,Kumer-Mane,7011,False,Hotel & Lodging,Private Limited,Bengaluru,Karnataka,2024-10-01 00:00:00,False,ACTIVE,567.98,False
MCH4235,NAGAR-SHARMA,5311,False,Retail - Other,Sole Proprietorship,Kolkata,West Bengal,2024-10-02 00:00:00,False,ACTIVE,1671.65,False
MCH9201,Ramachandran PLC,4814,False,Telecom & Mobile,Private Limited,Jaipur,Rajasthan,2024-10-02 18:21:00,False,ACTIVE,1064.13,False
MCH6554,vora llc,7011,False,Hotel & Lodging,Individual,Bengaluru,Karnataka,2024-10-06 15:25:00,False,INACTIVE,3625.66,False
MCH3270,"CHOKSHI, DASH AND SRIVASTAVA",4131,False,Transportation & Travel,Partnership,Chennai,Tamil Nadu,2024-10-07 00:00:00,False,ACTIVE,1910.46,False
MCH6983,Barman-Chand,5311,False,Department Store,Partnership,Delhi,Delhi,2024-10-07 12:44:43,False,ACTIVE,3713.18,False
MCH5371,Tailor Ltd,5311,True,Department Store,Sole Proprietorship,Jalandhar,Punjab,2024-10-08 00:00:00,True,ACTIVE,2851.53,False
MCH2083,Patla-Basak,5912,False,Pharmacy & Medical,Individual,Kolkata,West Bengal,2024-10-08 01:26:00,False,SUSPENDED,556.93,False
MCH2641,Varma-Saha,5999,False,Retail - Other,Individual,Bengaluru,Karnataka,2024-10-09 00:00:00,False,CLOSED,5621.28,False
MCH5932,Jani-Sathe,4814,False,Telecom & Mobile,Partnership,Ludhiana,Punjab,2024-10-09 04:03:57,False,INACTIVE,2383.64,False
MCH2648,Batta LLC,5999,False,Retail - Other,Partnership,Jaipur,Rajasthan,2024-10-10 00:00:00,False,ACTIVE,416.94,False
MCH9057,Dayal Ltd,5942,True,Books & Stationery,Partnership,Jaipur,Rajasthan,2024-10-11 00:00:00,True,ACTIVE,728.46,False
MCH8746,Kari Inc,5912,False,Pharmacy & Medical,Partnership,Pune,Maharashtra,2024-10-11 07:16:00,True,ACTIVE,,False
MCH9820,"Rai, Saha and Lalla",7011,False,Hotel & Lodging,Individual,Amritsar,Punjab,2024-10-13 00:00:00,False,ACTIVE,3129.0,False
MCH7576,Ramanathan-Menon,7011,False,Hotel & Lodging,Partnership,Jalandhar,Punjab,2024-10-14 09:09:31,False,ACTIVE,757.61,False
MCH7195,Som and Sons,5999,False,Retail - Other,Sole Proprietorship,Chennai,Tamil Nadu,2024-10-15 14:41:16,False,ACTIVE,1440.74,False
MCH8203,lad-suresh,5999,True,Retail - Other,Partnership,Ludhiana,Punjab,2024-10-16 00:00:00,True,ACTIVE,937.0,False
MCH6667,Konda-Jain,5912,False,Pharmacy & Medical,Sole Proprietorship,Hyderabad,Telangana,2024-10-16 00:00:00,False,ACTIVE,2831.62,False
MCH4649,"Mand,DattaandSanghvi",7011,False,Hotel & Lodging,Partnership,Ludhiana,Punjab,2024-10-16 00:00:00,False,ACTIVE,666.8,False
MCH8051,"saxena, kamdar and kannan",5942,False,Books & Stationery,Partnership,Delhi,Delhi,2024-10-17 00:00:00,False,ACTIVE,598.72,False
MCH4305,Padmanabhan-Thaker,4131,False,Transportation & Travel,Individual,Ludhiana,Punjab,2024-10-17 00:00:00,False,ACTIVE,572.69,False
MCH3938,Acharya Group,7011,False,Hotel & Lodging,Sole Proprietorship,Kolkata,West Bengal,2024-10-17 00:00:00,False,ACTIVE,2349.37,False
MCH5883,Pillai Ltd,5942,True,Books & Stationery,Partnership,Pune,Maharashtra,2024-10-18 00:00:00,True,ACTIVE,2102.56,False
MCH3069,MAGAR INC,5699,False,Apparel & Fashion,Individual,Mumbai,Maharashtra,2024-10-18 00:00:00,False,ACTIVE,5346.85,False
MCH3387,Boase Ltd,4814,False,Telecom & Mobile,Sole Proprietorship,Chennai,Tamil Nadu,2024-10-20 00:00:00,False,ACTIVE,4926.8,False
MCH5038,"din, som and bahl",5912,True,Pharmacy & Medical,Partnership,Lucknow,Uttar Pradesh,2024-10-20 00:00:00,True,ACTIVE,1056.12,False
MCH1532,sarna-kota,5999,False,Retail - Other,Private Limited,Delhi,Delhi,2024-10-21 00:00:00,False,ACTIVE,4843.68,False
MCH2187,Balan and Sons,5999,False,Retail - Other,Sole Proprietorship,Bengaluru,Karnataka,2024-10-22 00:00:00,False,ACTIVE,1340.0,False
MCH9835,MANDA INC,5912,False,Pharmacy & Medical,Individual,Kolkata,West Bengal,2024-10-22 00:00:00,False,ACTIVE,293.75,False
MCH8659,sha ltd,7011,False,Hotel & Lodging,Partnership,Mumbai,Maharashtra,2024-10-23 00:00:00,True,ACTIVE,,False
MCH8980,"peri, karpe and saraf",5699,True,Apparel & Fashion,Sole Proprietorship,Jalandhar,Punjab,2024-10-24 00:00:00,True,ACTIVE,277.5,False
MCH2813,"Sha, Bhatia and Vig",5311,True,Department Store,Individual,Chennai,Tamil Nadu,2024-10-24 13:37:28,True,ACTIVE,3821.16,False
MCH7326,"Mandal, Behl and Bhattacharyya",7011,False,Hotel & Lodging,Sole Proprietorship,Chennai,Tamil Nadu,2024-10-26 07:07:51,False,ACTIVE,1119.05,False
MCH9952,Vig-Doctor,4131,True,Transportation & Travel,Private Limited,Lucknow,Uttar Pradesh,2024-10-27 00:00:00,True,ACTIVE,856.86,False
MCH4760,"Kalla, Mammen and Purohit",4814,False,Telecom & Mobile,Individual,Delhi,Delhi,2024-10-27 00:00:00,False,ACTIVE,964.0,False
MCH8039,"Kibe,BrahmbhattandJaggi",5699,False,Apparel & Fashion,Sole Proprietorship,Pune,Maharashtra,2024-10-28 00:00:00,False,ACTIVE,2282.53,False
MCH5093,Khatri-Kata,5411,False,Grocery,Partnership,Jaipur,Rajasthan,2024-10-28 00:00:00,False,INACTIVE,1344.37,False
MCH5861,MANNE-CHATTERJEE,5812,False,Restaurants & Food Service,Sole Proprietorship,Delhi,Delhi,2024-10-28 00:00:00,False,ACTIVE,174.45,False
MCH9728,"Dass, Sengupta and Halder",5411,False,Grocery,Sole Proprietorship,Chennai,Tamil Nadu,2024-10-29 12:12:00,False,ACTIVE,6287.55,False
MCH3797,"Dhaliwal, Parekh and Dey",7011,False,Hotel & Lodging,Partnership,Jalandhar,Punjab,2024-11-02 00:00:00,True,SUSPENDED,,False
MCH3267,"Dara, Rama and Ben",4814,False,Telecom & Mobile,Partnership,Ludhiana,Punjab,2024-11-02 02:35:26,False,ACTIVE,471.18,False
MCH7380,"Gour, Jani and Mital",5999,False,Retail - Other,Individual,Chennai,Tamil Nadu,2024-11-06 00:00:00,False,CLOSED,688.41,False
MCH8352,Tailor and Sons,7011,False,Hotel & Lodging,Sole Proprietorship,Lucknow,Uttar Pradesh,2024-11-06 00:00:00,False,ACTIVE,1393.59,False
MCH3771,Bumb Inc,5999,False,Retail - Other,Partnership,Lucknow,Uttar Pradesh,2024-11-06 00:00:00,False,ACTIVE,2602.75,False
MCH6172,Raja Inc,5812,False,Restaurants & Food Service,Sole Proprietorship,Hyderabad,Telangana,2024-11-09 00:00:00,False,ACTIVE,1050.0,False
MCH3940,Chad-Dara,5411,True,Grocery,Partnership,Chennai,Tamil Nadu,2024-11-09 00:00:00,True,ACTIVE,3610.64,True
MCH3607,Va1a-D0ra,5812,False,Restaurants & Food Service,Individual,Ludhiana,Punjab,2024-11-09 00:00:00,False,ACTIVE,1953.09,False
MCH3698,Khanna-Bail,5912,False,Pharmacy & Medical,Partnership,Lucknow,Uttar Pradesh,2024-11-10 00:00:00,False,ACTIVE,2901.24,False
MCH2231,"Goyal, Balakrishnan and Patla",7011,False,Hotel & Lodging,Private Limited,Bengaluru,Karnataka,2024-11-10 09:09:32,False,INACTIVE,1360.71,False
MCH2923,bahri plc,5912,False,Pharmacy & Medical,Sole Proprietorship,Bengaluru,Karnataka,2024-11-11 00:00:00,False,ACTIVE,1195.19,False
MCH3008,"Datta, Sarkar and Nori",5311,False,Department Store,Partnership,Ludhiana,Punjab,2024-11-11 00:00:00,False,ACTIVE,522.31,True
MCH8046,Muni LLC,5912,True,Pharmacy & Medical,Partnership,Mumbai,Maharashtra,2024-11-12 00:00:00,True,ACTIVE,401.9,False
MCH7648,"Trivedi, Ramachandran and Keer",5999,True,Retail - Other,Private Limited,Hyderabad,Telangana,2024-11-12 16:04:31,True,SUSPENDED,1840.11,False
MCH3726,Varughese PLC,4814,False,Telecom & Mobile,Individual,Lucknow,Uttar Pradesh,2024-11-13 08:40:19,False,ACTIVE,3572.06,False
MCH8581,"Sundaram, Sekhon and Andra",7011,False,Hotel & Lodging,Partnership,Jalandhar,Punjab,2024-11-14 00:00:00,False,ACTIVE,953.97,False
MCH4169,"Vaidya, Vasa and Palan",4814,False,Telecom & Mobile,Individual,Hyderabad,Telangana,2024-11-15 00:00:00,False,ACTIVE,1965.48,False
MCH3341,Ramesh Inc,5912,False,Pharmacy & Medical,Individual,Mumbai,Maharashtra,2024-11-15 02:33:00,False,ACTIVE,1745.15,False
MCH3268,Kadakia-Rajan,5699,False,Apparel & Fashion,Sole Proprietorship,Pune,Maharashtra,2024-11-16 14:24:23,False,ACTIVE,2055.32,False
MCH1010,Menon-Andra,5411,True,Grocery,Private Limited,Delhi,Delhi,2024-11-17 00:00:00,True,ACTIVE,678.36,False
MCH8363,Salvi Group,7011,False,Hotel & Lodging,Sole Proprietorship,Lucknow,Uttar Pradesh,2024-11-20 00:00:00,False,ACTIVE,833.32,False
MCH4971,"Gopal, Jayaraman and Narayan",5942,False,Books & Stationery,Individual,Lucknow,Uttar Pradesh,2024-11-20 07:33:00,False,ACTIVE,650.74,False
MCH9388,"mahajan, dixit and memon",7011,False,Hotel & Lodging,Partnership,Kolkata,West Bengal,2024-11-21 00:00:00,False,ACTIVE,1507.31,False
MCH4068,Balakrishnan Inc,4814,False,Telecom & Mobile,Individual,Jalandhar,Punjab,2024-11-23 00:00:00,False,ACTIVE,1322.89,False
MCH2533,Khatri-Devi,5411,True,Grocery,Sole Proprietorship,Jaipur,Rajasthan,2024-11-23 15:52:39,True,ACTIVE,3147.37,False
MCH6017,Hayer Group,5812,False,Restaurants & Food Service,Private Limited,Mumbai,Maharashtra,2024-11-24 00:00:00,False,ACTIVE,944.21,True
MCH3955,"Swamy, Dhingra and Sheth",5311,False,Department Store,Individual,Chennai,Tamil Nadu,2024-11-25 00:00:00,False,SUSPENDED,508.0,False
MCH8606,Prabhakar Ltd,5942,False,Books & Stationery,Partnership,Mumbai,Maharashtra,2024-11-25 22:32:00,False,ACTIVE,602.72,False
MCH1812,Om PLC,5812,False,Restaurants & Food Service,Sole Proprietorship,Amritsar,Punjab,2024-11-26 18:01:01,False,ACTIVE,2079.98,False
MCH3715,BANSAL INC,5942,False,Books & Stationery,Individual,Lucknow,Uttar Pradesh,2024-11-27 00:00:00,False,SUSPENDED,2025.81,False
MCH9683,Pillai Inc,5411,False,Grocery,Partnership,Bengaluru,Karnataka,2024-11-28 00:00:00,False,SUSPENDED,1862.68,False
MCH9152,KARA-PARIKH,4814,False,Telecom & Mobile,Sole Proprietorship,Lucknow,Uttar Pradesh,2024-12-01 00:00:00,False,ACTIVE,5009.29,False
MCH6785,rai llc,7011,False,Hotel & Lodging,Sole Proprietorship,Chennai,Tamil Nadu,2024-12-01 08:40:45,False,ACTIVE,2498.92,False
MCH3080,lad-soman,5411,False,Grocery,Sole Proprietorship,Jalandhar,Punjab,2024-12-01 13:22:52,False,ACTIVE,152.69,True
MCH4874,"chanda, bahl and kohli",5699,False,Apparel & Fashion,Sole Proprietorship,Mumbai,Maharashtra,2024-12-02 00:00:00,False,ACTIVE,709.03,False
MCH3119,CHANA-DESHMUKH,5311,False,Department Store,Private Limited,Hyderabad,Telangana,2024-12-02 00:00:00,False,ACTIVE,4993.0,False
MCH2299,Ahluwalia Inc,4131,False,Transportation & Travel,Partnership,Ludhiana,Punjab,2024-12-02 23:31:00,False,ACTIVE,2936.54,False
MCH5070,Rau-Nagar,5999,False,Retail - Other,Private Limited,Chennai,Tamil Nadu,2024-12-04 11:51:13,False,ACTIVE,11139.0,False
MCH6677,"DESHMUKH, CHOUDHRY AND LAD",5912,False,Pharmacy & Medical,Private Limited,Jalandhar,Punjab,2024-12-05 00:00:00,False,INACTIVE,2949.0,False
MCH4536,Gulati and Sons,5311,False,Retail - Other,Individual,Delhi,Delhi,2024-12-06 17:48:15,False,ACTIVE,951.8,False
MCH9130,Chhabra LLC,5812,False,Restaurants & Food Service,Private Limited,Jalandhar,Punjab,2024-12-09 00:00:00,False,ACTIVE,1786.29,False
MCH5133,sawhney group,5411,True,Grocery,Individual,Hyderabad,Telangana,2024-12-10 00:00:00,True,ACTIVE,1388.77,False
MCH1832,Mistry-Chaudhary,5999,False,Retail - Other,Individual,Hyderabad,Telangana,2024-12-11 00:06:45,False,INACTIVE,448.33,False
MCH9395,Bhagat-Chana,5699,False,Apparel & Fashion,Private Limited,Jaipur,Rajasthan,2024-12-12 00:00:00,False,ACTIVE,2768.73,False
MCH8054,"Kant, Gara and Grewal",4131,False,Transportation & Travel,Sole Proprietorship,Chennai,Tamil Nadu,2024-12-12 00:00:00,True,ACTIVE,,False
MCH7779,"Mane, Bassi and Samra",5699,False,Apparel & Fashion,Partnership,Lucknow,Uttar Pradesh,2024-12-12 19:16:00,True,ACTIVE,,False
MCH4383,"Sabharwal, Patla and Nagy",5812,False,Restaurants & Food Service,Individual,Jaipur,Rajasthan,2024-12-13 00:00:00,False,ACTIVE,4027.8,False
MCH3251,BALAN-KUNDA,5411,False,Grocery,Individual,Ludhiana,Punjab,2024-12-14 00:00:00,False,ACTIVE,3266.06,False
MCH5555,Prabhu Ltd,4131,False,Transportation & Travel,Private Limited,Bengaluru,Karnataka,2024-12-16 00:00:00,False,ACTIVE,1663.56,False
MCH3203,Randhawa-Pant,5311,False,Retail - Other,Partnership,Jaipur,Rajasthan,2024-12-16 07:20:41,True,ACTIVE,,False
MCH6907,Dhillon-Sama,5812,False,Restaurants & Food Service,Private Limited,Jalandhar,Punjab,2024-12-21 07:31:00,False,ACTIVE,4335.88,False
MCH2733,CHAUHAN LTD,5411,False,Grocery,Sole Proprietorship,Delhi,Delhi,2024-12-27 00:00:00,False,ACTIVE,872.28,False
MCH8753,"Bhandari, Trivedi and Bora",4131,False,Transportation & Travel,Partnership,Hyderabad,Telangana,2024-12-27 13:54:54,False,INACTIVE,718.79,False
MCH4073,Gopal PLC,5812,False,Restaurants & Food Service,Individual,Jaipur,Rajasthan,2024-12-27 20:52:16,True,ACTIVE,,False
MCH4693,Dhingra-Bava,7011,False,Hotel & Lodging,Private Limited,Mumbai,Maharashtra,2024-12-28 01:09:00,False,ACTIVE,3445.16,False
MCH4926,Shankar Ltd,5812,False,Restaurants & Food Service,Individual,Hyderabad,Telangana,2024-12-28 03:14:33,True,ACTIVE,,False
MCH8233,Patel Ltd,5411,False,Grocery,Partnership,Jalandhar,Punjab,2024-12-28 17:57:00,False,ACTIVE,1942.94,False
MCH8558,Dutt-Tailor,5311,False,Retail - Other,Sole Proprietorship,Amritsar,Punjab,2024-12-29 00:00:00,False,ACTIVE,857.14,False
MCH8769,Dara-Keer,5912,False,Pharmacy & Medical,Private Limited,Jaipur,Rajasthan,2024-12-29 11:46:00,False,ACTIVE,637.83,False
MCH2525,"Nath, Gaba and Viswanathan",5699,False,Apparel & Fashion,Individual,Mumbai,Maharashtra,2024-12-29 12:44:00,False,ACTIVE,518.76,False
MCH6433,Bhattacharyya Ltd,4814,False,Telecom & Mobile,Partnership,Bengaluru,Karnataka,2024-12-31 00:00:00,False,INACTIVE,1248.03,False
MCH7607,"vyas, ramakrishnan and narayanan",5942,True,Books & Stationery,Sole Proprietorship,Amritsar,Punjab,2025-01-02 19:37:48,True,ACTIVE,7039.03,False
MCH7875,Narasimhan PLC,5411,False,Grocery,Private Limited,Amritsar,Punjab,2025-01-03 00:00:00,False,ACTIVE,585.43,False
MCH7954,Sur Inc,7011,False,Hotel & Lodging,Private Limited,Hyderabad,Telangana,2025-01-04 22:07:00,False,ACTIVE,2803.0,False
MCH4246,Rama-Dasgupta,5311,False,Retail - Other,Individual,Amritsar,Punjab,2025-01-05 00:00:00,False,ACTIVE,2336.28,False
MCH8553,"Sane, Chaudhari and Rai",4814,False,Telecom & Mobile,Private Limited,Lucknow,Uttar Pradesh,2025-01-05 00:00:00,False,INACTIVE,375.66,False
MCH5000,Lad Group,5999,False,Retail - Other,Private Limited,Kolkata,West Bengal,2025-01-05 17:26:50,False,ACTIVE,341.11,True
MCH5698,Rana Ltd,5942,False,Books & Stationery,Private Limited,Chennai,Tamil Nadu,2025-01-07 00:00:00,False,ACTIVE,2808.27,False
MCH3610,"Deo, Krish and Lanka",5699,False,Apparel & Fashion,Private Limited,Chennai,Tamil Nadu,2025-01-07 11:18:09,True,ACTIVE,,False
MCH1984,"Lala, Wagle and Bal",5699,False,Apparel & Fashion,Partnership,Chennai,Tamil Nadu,2025-01-08 00:00:00,False,ACTIVE,5244.88,False
MCH1628,"rao, buch and kala",5912,False,Pharmacy & Medical,Individual,Lucknow,Uttar Pradesh,2025-01-08 16:04:25,False,ACTIVE,789.95,False
MCH6860,buch plc,5699,False,Apparel & Fashion,Private Limited,Kolkata,West Bengal,2025-01-09 00:00:00,False,ACTIVE,364.0,False
MCH8496,Sandhu PLC,5942,False,Books & Stationery,Partnership,Hyderabad,Telangana,2025-01-10 19:16:00,True,INACTIVE,,False
MCH1581,"Nayak, Verma and Sawhney",5311,False,Department Store,Partnership,Mumbai,Maharashtra,2025-01-11 00:00:00,False,ACTIVE,3655.93,False
MCH5712,Goda-Kashyap,5942,False,Books & Stationery,Private Limited,Amritsar,Punjab,2025-01-12 00:00:00,True,ACTIVE,,False
MCH5970,Babu and Sons,5699,False,Apparel & Fashion,Private Limited,Amritsar,Punjab,2025-01-14 00:00:00,False,INACTIVE,2060.67,False
MCH1657,"Kaur, Sandhu and Shanker",5699,False,Apparel & Fashion,Private Limited,Mumbai,Maharashtra,2025-01-14 15:44:00,False,ACTIVE,1224.96,False
MCH2135,"Singh, Talwar and Sur",5411,False,Grocery,Private Limited,Jalandhar,Punjab,2025-01-15 00:00:00,False,SUSPENDED,704.34,False
MCH4374,Venkatesh LLC,7011,False,Hotel & Lodging,Individual,Jalandhar,Punjab,2025-01-15 22:22:17,False,ACTIVE,418.37,False
MCH7270,Subramanian LLC,7011,False,Hotel & Lodging,Private Limited,Amritsar,Punjab,2025-01-15 22:39:15,False,ACTIVE,1469.96,False
MCH1193,"Padmanabhan, Sekhon and Dhawan",5812,False,Restaurants & Food Service,Partnership,Lucknow,Uttar Pradesh,2025-01-16 00:00:00,False,ACTIVE,1712.05,False
MCH1256,Vala Inc,5912,False,Pharmacy & Medical,Sole Proprietorship,Kolkata,West Bengal,2025-01-17 00:00:00,False,BLOCKED,1415.24,False
MCH8440,"Chacko, Natarajan and Menon",5999,False,Retail - Other,Individual,Mumbai,Maharashtra,2025-01-19 00:00:00,False,ACTIVE,775.41,False
MCH5715,"Bansal,AryaandBhat",5912,False,Pharmacy & Medical,Private Limited,Bengaluru,Karnataka,2025-01-20 00:00:00,False,ACTIVE,1290.0,False
MCH4371,Chahal-Chaudhari,4814,False,Telecom & Mobile,Sole Proprietorship,Ludhiana,Punjab,2025-01-20 00:00:00,False,SUSPENDED,219.82,False
MCH1144,Morar-Rattan,5699,False,Apparel & Fashion,Sole Proprietorship,Jaipur,Rajasthan,2025-01-20 00:00:00,False,ACTIVE,1182.28,False
MCH7750,"Rama, Garde and Ravi",4131,True,Transportation & Travel,Partnership,Bengaluru,Karnataka,2025-01-22 00:00:00,True,ACTIVE,1271.38,False
MCH7302,Murthy and Sons,5411,False,Grocery,Partnership,Bengaluru,Karnataka,2025-01-23 00:00:00,False,ACTIVE,3381.11,False
MCH7939,Mand LLC,5812,False,Restaurants & Food Service,Private Limited,Bengaluru,Karnataka,2025-01-23 00:00:00,False,ACTIVE,2096.4,False
MCH7675,Suresh-Tandon,4131,False,Retail - Other,Partnership,Pune,Maharashtra,2025-01-24 00:00:00,False,ACTIVE,1022.55,False
MCH9190,"Dugar, Babu and Ba1a",5812,False,Restaurants & Food Service,Individual,Chennai,Tamil Nadu,2025-01-24 00:00:00,False,ACTIVE,471.43,False
MCH9340,Mallick-Konda,5999,False,Retail - Other,Individual,Bengaluru,Karnataka,2025-01-24 13:55:00,False,INACTIVE,1550.33,False
MCH4889,Bhatti-Kapoor,5999,False,Retail - Other,Individual,Jalandhar,Punjab,2025-01-26 00:00:00,False,ACTIVE,2464.23,False
MCH6260,MITTAL PLC,5912,False,Pharmacy & Medical,Private Limited,Lucknow,Uttar Pradesh,2025-01-27 15:46:00,True,ACTIVE,,False
MCH4135,sunder ltd,5411,False,Grocery,Partnership,Ludhiana,Punjab,2025-01-28 00:00:00,False,ACTIVE,6745.05,False
MCH2470,Chadha LLC,5999,True,Retail - Other,Individual,Lucknow,Uttar Pradesh,2025-01-28 00:00:00,True,ACTIVE,144.47,False
MCH6445,Shere and Sons,5912,False,Pharmacy & Medical,Individual,Ludhiana,Punjab,2025-01-28 00:00:00,False,ACTIVE,766.0,False
MCH2350,Tata-Palla,5699,False,Apparel & Fashion,Private Limited,Jaipur,Rajasthan,2025-01-29 00:00:00,False,ACTIVE,1391.95,False
MCH5770,kari llc,5912,False,Pharmacy & Medical,Private Limited,Hyderabad,Telangana,2025-01-29 10:38:17,False,ACTIVE,573.41,False
MCH2970,GOLLA-VORA,5699,False,Apparel & Fashion,Individual,Kolkata,West Bengal,2025-02-01 00:00:00,False,ACTIVE,326.25,False
MCH7192,Nanda and Sons,7011,True,Hotel & Lodging,Private Limited,Bengaluru,Karnataka,2025-02-01 00:51:00,True,ACTIVE,650.92,False
MCH6299,Pathak-Mukherjee,5999,False,Retail - Other,Individual,Delhi,Delhi,2025-02-02 00:00:00,False,ACTIVE,256.83,False
MCH3547,RAMANATHAN-DADA,5812,False,Restaurants & Food Service,Private Limited,Delhi,Delhi,2025-02-03 00:00:00,False,ACTIVE,5262.6,False
MCH3663,Saini-Gaba,5699,False,Apparel & Fashion,Sole Proprietorship,Jaipur,Rajasthan,2025-02-03 00:00:00,False,ACTIVE,377.05,False
MCH1680,"Dube, Sekhon and Nagarajan",5699,False,Apparel & Fashion,Sole Proprietorship,Ludhiana,Punjab,2025-02-03 01:50:32,False,ACTIVE,855.0,False
MCH1543,Parmer Group,4131,False,Transportation & Travel,Individual,Hyderabad,Telangana,2025-02-04 20:13:00,False,ACTIVE,1064.76,False
MCH3382,"Patla, Thakur and Kaur",4131,False,Transportation & Travel,Private Limited,Pune,Maharashtra,2025-02-06 19:20:09,False,ACTIVE,470.22,False
MCH4587,Karnik and Sons,5311,False,Retail - Other,Partnership,Jaipur,Rajasthan,2025-02-07 00:00:00,False,ACTIVE,2493.1,False
MCH8035,"Munshi, Mani and Taneja",5999,False,Retail - Other,Individual,Mumbai,Maharashtra,2025-02-08 00:00:00,True,ACTIVE,,False
MCH4027,"Hegde, Ratti and Gera",5411,False,Grocery,Private Limited,Hyderabad,Telangana,2025-02-08 00:00:00,False,ACTIVE,659.89,True
MCH7137,Nanda-Nazareth,4814,False,Telecom & Mobile,Private Limited,Pune,Maharashtra,2025-02-09 00:00:00,False,ACTIVE,1165.18,False
MCH5511,"Pandya, Dugar and Dube",5999,False,Retail - Other,Individual,Delhi,Delhi,2025-02-09 08:12:00,False,ACTIVE,997.89,False
MCH9216,AMBLE-THAMAN,5912,True,Pharmacy & Medical,Partnership,Ludhiana,Punjab,2025-02-10 00:00:00,True,ACTIVE,2329.15,False
MCH6469,"Bahl, Barad and Dhillon",5311,False,Department Store,Private Limited,Chennai,Tamil Nadu,2025-02-10 00:00:00,False,ACTIVE,931.21,True
MCH7324,Grover-Murty,5942,False,Books & Stationery,Partnership,Jalandhar,Punjab,2025-02-12 00:00:00,False,SUSPENDED,1077.62,False
MCH7216,PILLAI AND SONS,4814,False,Telecom & Mobile,Individual,Amritsar,Punjab,2025-02-12 23:50:00,False,ACTIVE,356.0,False
MCH8306,"Wason, Saraf and Dube",7011,True,Hotel & Lodging,Partnership,Bengaluru,Karnataka,2025-02-15 00:00:00,True,ACTIVE,67.35,False
MCH7288,Sandhu Inc,5812,False,Restaurants & Food Service,Partnership,Bengaluru,Karnataka,2025-02-16 00:00:00,False,ACTIVE,1887.15,False
MCH4909,"Sharaf, Lalla and Rattan",5942,True,Books & Stationery,Sole Proprietorship,Kolkata,West Bengal,2025-02-16 20:04:00,True,BLOCKED,650.04,False
MCH3569,Choudhury-Prashad,5942,False,Books & Stationery,Sole Proprietorship,Lucknow,Uttar Pradesh,2025-02-17 00:00:00,False,ACTIVE,1411.0,False
MCH4289,singhal-dasgupta,5699,True,Apparel & Fashion,Partnership,Bengaluru,Karnataka,2025-02-17 00:00:00,True,ACTIVE,809.48,True
MCH1654,More PLC,5999,False,Retail - Other,Individual,Bengaluru,Karnataka,2025-02-18 00:00:00,False,ACTIVE,2598.19,False
MCH1484,"Uppal, Butala and Tata",7011,False,Hotel & Lodging,Individual,Bengaluru,Karnataka,2025-02-18 00:00:00,False,ACTIVE,3825.1,True
MCH2637,Joshi Group,5999,False,Retail - Other,Partnership,Chennai,Tamil Nadu,2025-02-20 00:00:00,False,ACTIVE,760.41,True
MCH9271,"Bera, Contractor and Trivedi",4131,False,Retail - Other,Sole Proprietorship,Delhi,Delhi,2025-02-20 00:00:00,True,ACTIVE,,False
MCH7720,"Gulati, Kothari and Mital",7011,False,Hotel & Lodging,Sole Proprietorship,Pune,Maharashtra,2025-02-21 00:00:00,False,ACTIVE,501.87,False
MCH4434,Andra and Sons,5999,False,Retail - Other,Private Limited,Ludhiana,Punjab,2025-02-21 00:35:17,False,ACTIVE,233.0,False
MCH9626,Gu1ati-Chhabra,4814,False,Telecom & Mobile,Partnership,Lucknow,Uttar Pradesh,2025-02-21 13:12:50,False,ACTIVE,880.0,False
MCH1053,"gera, grover and sehgal",4814,False,Telecom & Mobile,Individual,Amritsar,Punjab,2025-02-22 00:00:00,False,ACTIVE,708.11,True
MCH9403,"Bains,BanerjeeandBansal",7011,False,Hotel & Lodging,Partnership,Mumbai,Maharashtra,2025-02-22 16:11:00,False,INACTIVE,1838.83,False
MCH5080,"Shere, Jha and Sarma",5912,False,Pharmacy & Medical,Sole Proprietorship,Kolkata,West Bengal,2025-02-22 20:56:00,False,ACTIVE,2711.51,False
MCH5705,MUKHOPADHYAY AND SONS,5699,False,Apparel & Fashion,Sole Proprietorship,Jalandhar,Punjab,2025-02-25 00:00:00,False,ACTIVE,716.31,False
MCH8899,bedi and sons,5699,False,Apparel & Fashion,Private Limited,Kolkata,West Bengal,2025-02-25 00:00:00,True,SUSPENDED,,False
MCH3096,"Pradhan, Anne and Dhillon",5812,False,Restaurants & Food Service,Individual,Kolkata,West Bengal,2025-02-25 00:00:00,True,ACTIVE,,False
MCH1878,Narula Group,7011,False,Hotel & Lodging,Private Limited,Delhi,Delhi,2025-02-26 00:00:00,True,ACTIVE,,False
MCH2884,Malhotra-Sarin,5942,False,Books & Stationery,Sole Proprietorship,Pune,Maharashtra,2025-02-27 00:00:00,False,ACTIVE,683.54,False
MCH9192,gandhi llc,5912,False,Pharmacy & Medical,Individual,Jaipur,Rajasthan,2025-03-01 00:00:00,False,ACTIVE,1758.06,False
MCH1498,Deo-Mand,5999,False,Retail - Other,Sole Proprietorship,Chennai,Tamil Nadu,2025-03-01 00:00:00,False,ACTIVE,1460.33,False
MCH3470,CHOPRA-GARDE,4814,False,Telecom & Mobile,Individual,Bengaluru,Karnataka,2025-03-02 00:00:00,False,ACTIVE,509.62,False
MCH5283,"Ganesh, Parekh and Subramanian",5912,False,Pharmacy & Medical,Partnership,Hyderabad,Telangana,2025-03-02 00:00:00,False,ACTIVE,307.25,False
MCH1269,SHUKLA PLC,5699,False,Apparel & Fashion,Individual,Hyderabad,Telangana,2025-03-03 19:00:09,False,ACTIVE,1758.28,False
MCH3040,"Dhar, Kunda and Desai",5411,False,Grocery,Partnership,Jaipur,Rajasthan,2025-03-05 00:00:00,False,ACTIVE,267.0,False
MCH8640,"vasa, nanda and bhat",5311,False,Department Store,Sole Proprietorship,Pune,Maharashtra,2025-03-05 00:00:00,False,ACTIVE,347.11,False
MCH4977,ARORA-NAYAK,5999,False,Retail - Other,Individual,Ludhiana,Punjab,2025-03-05 00:00:00,False,ACTIVE,1505.38,False
MCH5395,"Dada, Jani and Kaul",5942,False,Books & Stationery,Partnership,Chennai,Tamil Nadu,2025-03-06 00:00:00,False,ACTIVE,698.53,True
MCH1096,Subramanian-Prasad,5699,False,Apparel & Fashion,Individual,Hyderabad,Telangana,2025-03-07 02:41:50,False,ACTIVE,8373.82,False
MCH3244,Murthy Group,5912,False,Pharmacy & Medical,Private Limited,Jalandhar,Punjab,2025-03-07 05:29:26,False,ACTIVE,3366.47,False
MCH9133,"Rai, Nadig and Karpe",4131,False,Transportation & Travel,Private Limited,Ludhiana,Punjab,2025-03-09 00:00:00,False,ACTIVE,268.65,True
MCH5249,Tak Inc,7011,False,Hotel & Lodging,Private Limited,Lucknow,Uttar Pradesh,2025-03-10 00:00:00,False,ACTIVE,1525.16,True
MCH2534,Shetty-Sundaram,5411,False,Grocery,Private Limited,Pune,Maharashtra,2025-03-10 16:30:29,False,ACTIVE,709.87,False
MCH1064,Mishra-Badami,5942,False,Books & Stationery,Sole Proprietorship,Lucknow,Uttar Pradesh,2025-03-12 00:00:00,False,ACTIVE,2393.66,False
MCH7359,Rajagopalan-Rattan,5912,False,Pharmacy & Medical,Sole Proprietorship,Kolkata,West Bengal,2025-03-13 00:00:00,False,ACTIVE,825.72,True
MCH8891,"Natt,ManeandPau",4814,True,Telecom & Mobile,Private Limited,Mumbai,Maharashtra,2025-03-13 09:17:17,True,ACTIVE,1140.0,False
MCH2078,Chada-Dubey,5311,False,Department Store,Individual,Bengaluru,Karnataka,2025-03-14 00:00:00,False,ACTIVE,1915.85,False
MCH4588,"Gole, Raval and Hans",5812,True,Restaurants & Food Service,Sole Proprietorship,Bengaluru,Karnataka,2025-03-14 00:00:00,True,ACTIVE,1061.34,False
MCH9149,Bandi Inc,5999,False,Retail - Other,Partnership,Jaipur,Rajasthan,2025-03-15 00:00:00,False,ACTIVE,2169.18,False
MCH3733,Ramakrishnan-Chaudhuri,7011,False,Hotel & Lodging,Sole Proprietorship,Amritsar,Punjab,2025-03-15 00:00:00,False,ACTIVE,1213.25,False
MCH5176,"Samra,SampathandChaudhuri",4131,False,Transportation & Travel,Individual,Jalandhar,Punjab,2025-03-18 00:00:00,False,ACTIVE,905.0,False
MCH3331,"Shukla, Kadakia and Kata",5699,False,Apparel & Fashion,Private Limited,Ludhiana,Punjab,2025-03-18 00:00:00,False,ACTIVE,1008.43,False
MCH8622,choudhry-krishna,7011,False,Hotel & Lodging,Partnership,Pune,Maharashtra,2025-03-18 00:00:00,False,ACTIVE,196.86,False
MCH4582,Pai-Shenoy,4814,True,Telecom & Mobile,Individual,Pune,Maharashtra,2025-03-18 00:00:00,True,ACTIVE,1857.0,False
MCH7093,Pai-Pau,7011,False,Hotel & Lodging,Individual,Mumbai,Maharashtra,2025-03-19 11:49:49,False,SUSPENDED,1636.89,False
MCH9739,"Gupta, Bhatia and Dhillon",4131,False,Transportation & Travel,Private Limited,Jaipur,Rajasthan,2025-03-20 00:00:00,False,ACTIVE,374.45,True
MCH6056,IYENGAR-HEGDE,4131,False,Transportation & Travel,Partnership,Amritsar,Punjab,2025-03-23 00:00:00,False,ACTIVE,1004.69,False
MCH9757,Venkataraman-Vig,5311,False,Department Store,Sole Proprietorship,Amritsar,Punjab,2025-03-26 02:02:24,False,ACTIVE,1622.73,True
MCH6514,Lalla-Palan,5812,False,Restaurants & Food Service,Individual,Kolkata,West Bengal,2025-03-26 09:22:56,True,ACTIVE,,False
MCH8525,Bah1-Mangat,7011,False,Hotel & Lodging,Individual,Mumbai,Maharashtra,2025-03-27 07:27:27,False,INACTIVE,444.54,False
MCH1533,Wason and Sons,5812,False,Restaurants & Food Service,Partnership,Amritsar,Punjab,2025-03-27 07:32:49,False,INACTIVE,419.64,False
MCH2131,Boase-Varghese,5699,False,Apparel & Fashion,Sole Proprietorship,Pune,Maharashtra,2025-03-29 00:00:00,False,ACTIVE,2157.11,False
MCH4958,Dara Inc,4814,False,Telecom & Mobile,Partnership,Pune,Maharashtra,2025-03-30 00:00:00,True,ACTIVE,,False
MCH3477,"Mangal, Comar and Krish",5311,False,Department Store,Sole Proprietorship,Mumbai,Maharashtra,2025-03-30 09:40:40,False,ACTIVE,13897.21,False
MCH7525,Char-Narayanan,5942,False,Books & Stationery,Individual,Lucknow,Uttar Pradesh,2025-03-31 00:00:00,False,ACTIVE,424.34,False
MCH4287,"Kuruvilla, Chanda and Sood",4131,False,Transportation & Travel,Individual,Jalandhar,Punjab,2025-04-01 00:00:00,False,ACTIVE,1244.04,False
MCH5529,"Ganguly, Mukherjee and Boase",5411,True,Grocery,Private Limited,Chennai,Tamil Nadu,2025-04-01 00:00:00,True,ACTIVE,879.0,False
MCH2859,"Doctor, Bir and Lanka",5411,False,Grocery,Private Limited,Hyderabad,Telangana,2025-04-03 00:00:00,False,ACTIVE,2296.45,False
MCH2546,Kant Group,5912,True,Pharmacy & Medical,Sole Proprietorship,Amritsar,Punjab,2025-04-04 00:00:00,True,ACTIVE,4120.12,False
MCH2761,Sabharwa1-Pati1,5999,False,Retail - Other,Private Limited,Hyderabad,Telangana,2025-04-04 00:00:00,False,CLOSED,2607.92,False
MCH6563,naik plc,4131,False,Transportation & Travel,Individual,Jalandhar,Punjab,2025-04-04 00:38:00,False,ACTIVE,1376.0,False
MCH1718,Wason-Vaidya,5311,False,Retail - Other,Private Limited,Jalandhar,Punjab,2025-04-04 17:19:00,False,ACTIVE,705.66,False
MCH5849,Balakrishnan Ltd,5699,False,Apparel & Fashion,Private Limited,Lucknow,Uttar Pradesh,2025-04-06 00:00:00,False,ACTIVE,6558.56,False
MCH7533,"Boase, Krishnan and Tiwari",5699,True,Apparel & Fashion,Partnership,Lucknow,Uttar Pradesh,2025-04-06 21:09:50,True,ACTIVE,1221.0,False
MCH9843,"Banerjee, Singh and Anne",5942,False,Books & Stationery,Individual,Chennai,Tamil Nadu,2025-04-07 00:00:00,False,ACTIVE,8077.21,False
MCH5328,Kaur Group,5699,False,Apparel & Fashion,Partnership,Lucknow,Uttar Pradesh,2025-04-07 20:09:14,False,ACTIVE,1594.0,False
MCH3247,Nagarajan-Shan,5912,True,Pharmacy & Medical,Individual,Chennai,Tamil Nadu,2025-04-07 21:55:00,True,INACTIVE,2666.23,False
MCH3452,"Tandon, Oza and Sharma",5411,False,Grocery,Sole Proprietorship,Pune,Maharashtra,2025-04-08 00:00:00,False,CLOSED,186.45,True
MCH5447,Chhabra-Bajaj,5411,True,Grocery,Sole Proprietorship,Hyderabad,Telangana,2025-04-08 02:41:21,True,ACTIVE,363.53,False
MCH5740,Dayal-Desai,5699,False,Apparel & Fashion,Sole Proprietorship,Chennai,Tamil Nadu,2025-04-10 00:00:00,False,ACTIVE,4887.0,False
MCH9881,Kalla-Tara,5411,False,Grocery,Private Limited,Delhi,Delhi,2025-04-10 00:00:00,False,ACTIVE,1174.86,False
MCH9547,Anne-Narasimhan,5311,False,Department Store,Individual,Delhi,Delhi,2025-04-11 00:00:00,False,ACTIVE,823.12,False
MCH9153,Amble and Sons,4131,False,Retail - Other,Sole Proprietorship,Amritsar,Punjab,2025-04-11 00:00:00,True,ACTIVE,,False
MCH5547,RAJU GROUP,5411,False,Grocery,Partnership,Bengaluru,Karnataka,2025-04-15 00:00:00,False,ACTIVE,915.94,False
MCH7969,"Karan,BalandKhurana",4131,False,Transportation & Travel,Individual,Lucknow,Uttar Pradesh,2025-04-16 00:00:00,False,ACTIVE,836.32,False
MCH6300,Kumar PLC,5699,False,Apparel & Fashion,Partnership,Jaipur,Rajasthan,2025-04-17 00:00:00,False,ACTIVE,1647.52,False
MCH2639,Sunder-Keer,5411,False,Grocery,Partnership,Jaipur,Rajasthan,2025-04-19 00:00:00,False,ACTIVE,853.1,True
MCH1087,"Mitter, Sawhney and Luthra",7011,False,Hotel & Lodging,Partnership,Chennai,Tamil Nadu,2025-04-19 00:00:00,False,SUSPENDED,2381.71,False
MCH8475,"Karpe, Iyer and Gole",5942,False,Books & Stationery,Private Limited,Bengaluru,Karnataka,2025-04-20 00:00:00,False,ACTIVE,2426.04,False
MCH2839,"brar, varughese and cherian",5411,False,Grocery,Partnership,Pune,Maharashtra,2025-04-21 03:59:43,False,ACTIVE,614.31,False
MCH2013,"Nanda, Saraf and Halder",5411,False,Grocery,Individual,Kolkata,West Bengal,2025-04-22 00:00:00,False,ACTIVE,1721.62,True
MCH3031,Morar and Sons,5411,False,Grocery,Individual,Pune,Maharashtra,2025-04-23 00:00:00,False,ACTIVE,4053.43,False
MCH7398,Bhavsar and Sons,5311,False,Department Store,Sole Proprietorship,Chennai,Tamil Nadu,2025-04-24 00:00:00,False,ACTIVE,6060.9,False
MCH4501,BARMAN AND SONS,5812,False,Restaurants & Food Service,Private Limited,Delhi,Delhi,2025-04-24 00:00:00,False,ACTIVE,523.04,False
MCH1093,"dubey, uppal and bhatt",5812,False,Restaurants & Food Service,Private Limited,Pune,Maharashtra,2025-04-26 00:00:00,False,CLOSED,4005.67,False
MCH5278,"Sarraf, Peri and Ratti",5999,False,Retail - Other,Private Limited,Kolkata,West Bengal,2025-04-27 00:00:00,False,ACTIVE,1446.64,False
MCH8782,SWAMY-KHURANA,5699,False,Apparel & Fashion,Sole Proprietorship,Amritsar,Punjab,2025-04-29 00:00:00,False,ACTIVE,1314.55,False
MCH7930,"Boase, Barman and Virk",5812,False,Restaurants & Food Service,Private Limited,Amritsar,Punjab,2025-05-02 00:00:00,False,ACTIVE,1076.5,False
MCH8332,"Sethi, Buch and Sachdeva",7011,False,Hotel & Lodging,Individual,Hyderabad,Telangana,2025-05-04 00:00:00,False,ACTIVE,1666.61,False
MCH6273,"Dubey, Narula and Jhaveri",5311,False,Department Store,Private Limited,Pune,Maharashtra,2025-05-06 00:00:00,False,ACTIVE,754.63,False
MCH8331,Yogi Inc,5999,False,Retail - Other,Sole Proprietorship,Bengaluru,Karnataka,2025-05-07 00:00:00,False,INACTIVE,1372.86,False
MCH5360,pillai and sons,5912,False,Pharmacy & Medical,Individual,Lucknow,Uttar Pradesh,2025-05-07 04:59:14,False,ACTIVE,745.28,False
MCH4517,"Madan, Gola and Srivastava",5812,False,Restaurants & Food Service,Sole Proprietorship,Kolkata,West Bengal,2025-05-07 14:26:04,False,ACTIVE,671.65,True
MCH3926,Master-Sarin,5999,False,Retail - Other,Individual,Hyderabad,Telangana,2025-05-08 00:00:00,False,ACTIVE,1913.5,False
MCH1458,Chatterjee-Saran,5311,True,Department Store,Sole Proprietorship,Jalandhar,Punjab,2025-05-09 00:00:00,True,INACTIVE,658.54,False
MCH1097,"Narayan, Datta and Chowdhury",5999,False,Retail - Other,Individual,Lucknow,Uttar Pradesh,2025-05-09 00:00:00,False,ACTIVE,343.8,False
MCH4691,"Deshmukh, Pant and Garg",7011,False,Hotel & Lodging,Sole Proprietorship,Bengaluru,Karnataka,2025-05-10 00:00:00,False,ACTIVE,2116.48,False
MCH6502,Mall PLC,5999,False,Retail - Other,Sole Proprietorship,Chennai,Tamil Nadu,2025-05-10 03:33:00,False,INACTIVE,1695.37,False
MCH2444,"Sachar, Das and Deo",4131,False,Retail - Other,Sole Proprietorship,Jalandhar,Punjab,2025-05-12 00:00:00,False,ACTIVE,563.27,False
MCH6628,Thakur-Kunda,4814,True,Telecom & Mobile,Private Limited,Delhi,Delhi,2025-05-13 14:37:00,True,ACTIVE,1718.0,False
MCH5451,Divan LLC,5411,False,Grocery,Partnership,Jaipur,Rajasthan,2025-05-14 00:00:00,False,ACTIVE,2492.35,False
MCH2189,"Mammen, Balakrishnan and Prakash",5311,False,Retail - Other,Sole Proprietorship,Jaipur,Rajasthan,2025-05-14 00:00:00,False,ACTIVE,2363.97,False
MCH6783,Raju Group,5812,False,Restaurants & Food Service,Individual,Mumbai,Maharashtra,2025-05-17 11:49:22,True,ACTIVE,,False
MCH8239,"Brahmbhatt, 0ak and Dhar",5411,False,Grocery,Partnership,Jaipur,Rajasthan,2025-05-19 21:53:30,False,ACTIVE,266.0,False
MCH5734,BALAN INC,5311,False,Department Store,Private Limited,Jalandhar,Punjab,2025-05-20 00:00:00,False,ACTIVE,2000.53,False
MCH7568,Kumer-Gandhi,7011,False,Hotel & Lodging,Sole Proprietorship,Mumbai,Maharashtra,2025-05-23 00:00:00,False,ACTIVE,1278.0,False
MCH1019,Iyer-Thaker,5699,False,Apparel & Fashion,Partnership,Kolkata,West Bengal,2025-05-23 00:00:00,True,ACTIVE,,False
MCH8032,Roy-Ramesh,5699,False,Apparel & Fashion,Partnership,Mumbai,Maharashtra,2025-05-24 00:00:00,False,ACTIVE,1773.07,False
MCH6780,"Bhatia, Dalal and Kapur",5999,False,Retail - Other,Private Limited,Jalandhar,Punjab,2025-05-24 00:31:32,False,ACTIVE,10952.74,True
MCH1204,Rana Group,5311,False,Department Store,Private Limited,Jaipur,Rajasthan,2025-05-24 15:30:29,False,ACTIVE,733.33,False
MCH5894,Borra-Tiwari,5311,False,Retail - Other,Partnership,Bengaluru,Karnataka,2025-05-24 19:29:00,False,ACTIVE,239.64,False
MCH6359,Pai-Dada,4131,True,Transportation & Travel,Individual,Jaipur,Rajasthan,2025-05-27 00:00:00,True,ACTIVE,484.0,False
MCH2870,"Loyal, Buch and Ghose",5812,False,Restaurants & Food Service,Sole Proprietorship,Delhi,Delhi,2025-05-27 02:11:43,False,ACTIVE,2213.61,False
MCH5632,Tandon Ltd,5311,False,Department Store,Sole Proprietorship,Bengaluru,Karnataka,2025-05-29 12:56:08,False,ACTIVE,270.52,False
MCH4278,Thakkar-Gupta,5311,False,Department Store,Private Limited,Amritsar,Punjab,2025-05-31 00:00:00,False,CLOSED,703.48,False
MCH2649,Pandya PLC,5411,True,Grocery,Individual,Pune,Maharashtra,2025-05-31 00:00:00,True,ACTIVE,6206.32,False
MCH5205,"Yogi, Minhas and Goda",5311,False,Department Store,Partnership,Ludhiana,Punjab,2025-06-01 00:00:00,False,INACTIVE,455.0,False
MCH1664,Karan Ltd,4131,False,Transportation & Travel,Partnership,Chennai,Tamil Nadu,2025-06-02 00:00:00,True,ACTIVE,,False
MCH5965,Wason LLC,4814,False,Telecom & Mobile,Partnership,Hyderabad,Telangana,2025-06-03 21:59:21,False,ACTIVE,2365.0,False
MCH5247,Nagi Ltd,4814,False,Telecom & Mobile,Partnership,Amritsar,Punjab,2025-06-06 00:00:00,False,SUSPENDED,632.92,False
MCH4081,Srinivasan-Bahri,4814,False,Telecom & Mobile,Sole Proprietorship,Delhi,Delhi,2025-06-07 00:00:00,False,ACTIVE,2928.84,False
MCH1736,Barman Inc,4131,False,Transportation & Travel,Partnership,Jaipur,Rajasthan,2025-06-08 20:56:00,False,ACTIVE,1937.05,False
MCH1133,Shere Ltd,5912,False,Pharmacy & Medical,Partnership,Bengaluru,Karnataka,2025-06-10 00:00:00,False,ACTIVE,11501.53,False
MCH5381,Jaggi and Sons,5311,False,Department Store,Private Limited,Delhi,Delhi,2025-06-11 00:00:00,False,ACTIVE,550.97,False
MCH3761,"Bal,MittalandPrabhakar",5999,False,Retail - Other,Private Limited,Pune,Maharashtra,2025-06-11 00:00:00,False,ACTIVE,6900.33,False
MCH2287,Baral Inc,5912,False,Pharmacy & Medical,Individual,Delhi,Delhi,2025-06-11 00:00:00,False,ACTIVE,920.82,False
MCH8873,"Pathak, Bath and Kant",4131,False,Transportation & Travel,Partnership,Pune,Maharashtra,2025-06-11 00:00:00,False,ACTIVE,2212.3,False
MCH1089,RANDHAWA-BARAD,5942,False,Books & Stationery,Individual,Jalandhar,Punjab,2025-06-12 00:00:00,False,ACTIVE,8714.78,False
MCH1243,"Buch, Atwal and Roy",5912,False,Pharmacy & Medical,Partnership,Ludhiana,Punjab,2025-06-12 08:43:00,False,ACTIVE,1323.94,False
MCH9081,Patil-Hans,4814,False,Telecom & Mobile,Individual,Mumbai,Maharashtra,2025-06-12 12:49:19,True,ACTIVE,,False
MCH4560,Shankar Ltd,4814,False,Telecom & Mobile,Individual,Bengaluru,Karnataka,2025-06-12 14:36:00,False,ACTIVE,1403.88,False
MCH3907,"Goswami, Chaudhary and Nanda",4814,False,Telecom & Mobile,Individual,Ludhiana,Punjab,2025-06-13 00:00:00,False,ACTIVE,552.22,False
MCH8698,"Boase, Bal and Mand",5311,False,Department Store,Private Limited,Kolkata,West Bengal,2025-06-13 00:00:00,False,ACTIVE,3054.52,False
MCH1280,"Ben, Madan and Dey",5942,False,Books & Stationery,Private Limited,Lucknow,Uttar Pradesh,2025-06-13 00:00:00,False,ACTIVE,1308.81,False
MCH7700,"Lanka, Setty and Muni",5812,False,Restaurants & Food Service,Partnership,Delhi,Delhi,2025-06-14 00:00:00,False,INACTIVE,4782.98,True
MCH4911,"Nigam, Mahajan and Misra",5411,False,Grocery,Individual,Bengaluru,Karnataka,2025-06-14 00:00:00,False,ACTIVE,689.3,False
MCH8911,Bava LLC,5942,False,Books & Stationery,Sole Proprietorship,Hyderabad,Telangana,2025-06-14 08:41:00,False,ACTIVE,3342.77,False
MCH1148,Deep-Manda,4131,False,Retail - Other,Individual,Amritsar,Punjab,2025-06-15 00:35:23,False,ACTIVE,3461.0,False
MCH2767,"Patel, Jhaveri and Dugar",4814,False,Telecom & Mobile,Private Limited,Jalandhar,Punjab,2025-06-16 00:00:00,False,ACTIVE,1222.94,False
MCH7967,Chandran Inc,5912,False,Pharmacy & Medical,Individual,Bengaluru,Karnataka,2025-06-19 00:00:00,False,ACTIVE,1630.08,True
MCH4526,"Mittal, Saha and Puri",5699,False,Apparel & Fashion,Sole Proprietorship,Bengaluru,Karnataka,2025-06-19 00:00:00,False,ACTIVE,893.38,False
MCH7768,Sahota-Walia,4131,False,Retail - Other,Partnership,Delhi,Delhi,2025-06-19 07:32:00,False,SUSPENDED,1097.55,False
MCH3742,"Mall, Sarma and Merchant",5999,False,Retail - Other,Partnership,Jalandhar,Punjab,2025-06-19 08:34:00,False,ACTIVE,330.87,False
MCH5204,Sibal-Kanda,5942,True,Books & Stationery,Private Limited,Ludhiana,Punjab,2025-06-20 00:00:00,True,ACTIVE,692.13,True
MCH6741,PARIKH-BHATT,7011,False,Hotel & Lodging,Partnership,Delhi,Delhi,2025-06-20 00:00:00,False,SUSPENDED,664.53,False
MCH7268,Mand-Char,5912,False,Pharmacy & Medical,Private Limited,Mumbai,Maharashtra,2025-06-20 02:06:05,False,ACTIVE,1359.5,False
MCH8473,"Tella, Dara and Krish",4814,False,Telecom & Mobile,Private Limited,Mumbai,Maharashtra,2025-06-21 06:51:14,False,ACTIVE,320.84,False
MCH9861,"Mukherjee, Murthy and Jani",4131,False,Transportation & Travel,Private Limited,Ludhiana,Punjab,2025-06-22 00:00:00,False,ACTIVE,719.77,False
MCH2220,Tailor and Sons,5311,False,Department Store,Sole Proprietorship,Mumbai,Maharashtra,2025-06-23 20:54:27,False,ACTIVE,940.64,False
MCH4243,"Ramesh, Venkatesh and Ravel",5311,False,Retail - Other,Sole Proprietorship,Amritsar,Punjab,2025-06-24 00:00:00,False,ACTIVE,133.28,False
MCH2422,SAMPATH-BALASUBRAMANIAN,4814,True,Telecom & Mobile,Private Limited,Bengaluru,Karnataka,2025-06-25 00:00:00,True,ACTIVE,2352.58,False
MCH2040,ATWAL-VARUGHESE,5311,False,Department Store,Individual,Bengaluru,Karnataka,2025-06-26 00:00:00,False,ACTIVE,2009.33,False
MCH9151,Ravi Ltd,4131,False,Transportation & Travel,Partnership,Jalandhar,Punjab,2025-06-26 08:37:00,False,INACTIVE,779.12,False
MCH1934,"Deol,DugarandParmer",5942,False,Books & Stationery,Private Limited,Chennai,Tamil Nadu,2025-06-26 13:50:54,False,ACTIVE,2520.96,False
MCH5716,nadig inc,4814,False,Telecom & Mobile,Individual,Chennai,Tamil Nadu,2025-06-26 14:09:58,False,ACTIVE,1811.84,False
MCH3511,"Konda, Venkatesh and Jha",5411,False,Grocery,Individual,Lucknow,Uttar Pradesh,2025-06-28 00:00:00,True,ACTIVE,,False
MCH6083,"Shah, Deep and Swaminathan",5411,False,Grocery,Partnership,Amritsar,Punjab,2025-06-28 00:00:00,False,ACTIVE,1417.0,False
MCH4248,"Bahl, Prashad and Reddy",5311,False,Department Store,Sole Proprietorship,Lucknow,Uttar Pradesh,2025-06-30 00:00:00,False,ACTIVE,4921.5,False
MCH8005,"Kumar, Ahluwalia and Thaman",4131,False,Transportation & Travel,Sole Proprietorship,Bengaluru,Karnataka,2025-06-30 00:00:00,False,ACTIVE,6211.56,True
MCH1841,Kadakia-Rao,7011,True,Hotel & Lodging,Sole Proprietorship,Kolkata,West Bengal,2025-07-01 00:00:00,True,ACTIVE,532.17,False
MCH7145,Ratti and Sons,5411,True,Grocery,Sole Proprietorship,Pune,Maharashtra,2025-07-01 00:00:00,True,ACTIVE,1161.56,False
MCH3063,Bansal Inc,4131,False,Transportation & Travel,Individual,Jaipur,Rajasthan,2025-07-02 00:00:00,False,INACTIVE,282.67,False
MCH9519,Shere-Banik,5699,False,Apparel & Fashion,Sole Proprietorship,Lucknow,Uttar Pradesh,2025-07-04 00:00:00,False,ACTIVE,889.4,False
MCH7902,deol inc,4131,False,Retail - Other,Partnership,Ludhiana,Punjab,2025-07-05 00:00:00,False,ACTIVE,2892.53,True
MCH6665,WadhwaInc,5311,False,Department Store,Private Limited,Delhi,Delhi,2025-07-05 00:00:00,False,ACTIVE,1714.72,False
MCH7463,CHAUDRY-NATARAJAN,5912,False,Pharmacy & Medical,Partnership,Chennai,Tamil Nadu,2025-07-05 14:13:00,True,ACTIVE,,False
MCH6254,MURTHY GROUP,4814,False,Telecom & Mobile,Partnership,Amritsar,Punjab,2025-07-05 23:34:00,True,INACTIVE,,False
MCH8545,Taneja and Sons,5411,False,Grocery,Private Limited,Jaipur,Rajasthan,2025-07-06 00:00:00,False,ACTIVE,1926.0,False
MCH4912,Devi Group,5411,True,Grocery,Sole Proprietorship,Kolkata,West Bengal,2025-07-07 01:25:23,True,ACTIVE,1738.86,False
MCH8417,Bhalla-Batta,5311,False,Department Store,Partnership,Bengaluru,Karnataka,2025-07-07 16:05:00,False,ACTIVE,544.37,False
MCH2536,Divan-Radhakrishnan,4131,False,Transportation & Travel,Private Limited,Pune,Maharashtra,2025-07-09 00:00:00,True,ACTIVE,,False
MCH8775,Bakshi-Shah,5699,False,Apparel & Fashion,Partnership,Delhi,Delhi,2025-07-09 07:17:12,False,ACTIVE,480.13,False
MCH8329,"Halder, Panchal and Pandit",5999,True,Retail - Other,Individual,Lucknow,Uttar Pradesh,2025-07-10 00:00:00,True,ACTIVE,422.0,False
MCH7767,Nadkarni-Pathak,7011,False,Hotel & Lodging,Individual,Chennai,Tamil Nadu,2025-07-10 07:50:00,False,ACTIVE,3595.48,False
MCH9261,Gupta-Manne,5812,False,Restaurants & Food Service,Individual,Jaipur,Rajasthan,2025-07-10 09:04:41,False,ACTIVE,2734.0,False
MCH8036,"Sarma, Madan and Pandey",5912,False,Pharmacy & Medical,Partnership,Mumbai,Maharashtra,2025-07-12 21:56:39,False,ACTIVE,2055.77,False
MCH4964,SARKAR-GODA,5311,False,Department Store,Private Limited,Pune,Maharashtra,2025-07-14 00:00:00,False,SUSPENDED,1517.0,False
MCH4414,"Manne, Arora and Goel",5411,False,Grocery,Private Limited,Hyderabad,Telangana,2025-07-15 00:00:00,False,ACTIVE,618.59,True
MCH6948,"Kala,LokeandSinghal",4814,False,Telecom & Mobile,Individual,Bengaluru,Karnataka,2025-07-16 00:00:00,False,ACTIVE,752.55,True
MCH6991,dani ltd,5999,True,Retail - Other,Partnership,Bengaluru,Karnataka,2025-07-16 00:00:00,True,ACTIVE,1831.13,True
MCH8296,GARA INC,5411,False,Grocery,Partnership,Jalandhar,Punjab,2025-07-16 16:55:50,True,ACTIVE,,False
MCH5765,Murty Inc,4131,False,Transportation & Travel,Partnership,Mumbai,Maharashtra,2025-07-18 00:00:00,False,ACTIVE,2715.83,False
MCH8644,M0re-L0ke,4131,False,Transportation & Travel,Individual,Ludhiana,Punjab,2025-07-20 00:00:00,False,ACTIVE,1294.91,False
MCH8527,"Varkey, Chacko and Sarraf",5411,False,Grocery,Private Limited,Delhi,Delhi,2025-07-20 12:37:01,False,ACTIVE,128.48,False
MCH8512,Luthra-Bhasin,4131,False,Transportation & Travel,Sole Proprietorship,Lucknow,Uttar Pradesh,2025-07-22 00:00:00,False,ACTIVE,2579.73,False
MCH8660,"Ben, Guha and Sabharwa1",5812,False,Restaurants & Food Service,Sole Proprietorship,Lucknow,Uttar Pradesh,2025-07-22 00:00:00,True,ACTIVE,,False
MCH2897,Bath Ltd,5999,False,Retail - Other,Private Limited,Hyderabad,Telangana,2025-07-23 05:48:07,False,ACTIVE,2239.12,False
MCH5253,Balakrishnan PLC,5912,False,Pharmacy & Medical,Sole Proprietorship,Mumbai,Maharashtra,2025-07-23 10:23:07,True,ACTIVE,,False
MCH4524,Tara Ltd,5999,False,Retail - Other,Private Limited,Hyderabad,Telangana,2025-07-23 17:42:29,False,ACTIVE,1296.94,False
MCH2024,"Ram, Manda and Chopra",4131,False,Transportation & Travel,Sole Proprietorship,Pune,Maharashtra,2025-07-24 00:00:00,False,ACTIVE,1122.98,True
MCH7121,"narasimhan, anand and gaba",5999,False,Retail - Other,Private Limited,Pune,Maharashtra,2025-07-25 21:18:00,False,ACTIVE,2139.0,False
MCH7933,BaradInc,5812,False,Restaurants & Food Service,Individual,Amritsar,Punjab,2025-07-26 00:00:00,False,INACTIVE,1177.0,False
MCH1479,"Mandal, Barad and Srinivasan",5942,False,Books & Stationery,Partnership,Kolkata,West Bengal,2025-07-27 00:00:00,True,ACTIVE,,False
MCH7817,Lata PLC,5812,False,Restaurants & Food Service,Private Limited,Chennai,Tamil Nadu,2025-07-27 00:00:00,False,INACTIVE,3090.66,False
MCH2403,Chana-Yohannan,5411,False,Grocery,Partnership,Kolkata,West Bengal,2025-07-28 00:00:00,False,ACTIVE,574.13,False
MCH4746,"Srivastava, Bhattacharyya and Morar",5999,False,Retail - Other,Sole Proprietorship,Chennai,Tamil Nadu,2025-07-29 00:00:00,False,CLOSED,402.85,False
MCH2896,Jayaraman-Nazareth,5912,False,Pharmacy & Medical,Private Limited,Kolkata,West Bengal,2025-07-30 12:10:42,False,ACTIVE,1312.79,False
MCH6675,Vora and Sons,5699,True,Apparel & Fashion,Partnership,Ludhiana,Punjab,2025-07-31 00:00:00,True,ACTIVE,769.28,False
MCH7597,Vohra-Mitter,5999,True,Retail - Other,Sole Proprietorship,Pune,Maharashtra,2025-07-31 00:00:00,True,ACTIVE,2111.86,False
MCH6676,Balakrishnan-Baral,4131,False,Transportation & Travel,Partnership,Chennai,Tamil Nadu,2025-08-02 10:17:51,False,ACTIVE,1126.87,False
MCH4306,"Narula, Hegde and Minhas",5411,False,Grocery,Private Limited,Bengaluru,Karnataka,2025-08-03 01:58:17,False,ACTIVE,2023.94,True
MCH7357,Varkey LLC,7011,False,Hotel & Lodging,Private Limited,Kolkata,West Bengal,2025-08-05 00:00:00,False,ACTIVE,665.88,False
MCH2064,date and sons,5812,False,Restaurants & Food Service,Private Limited,Delhi,Delhi,2025-08-05 00:00:00,False,ACTIVE,1715.0,False
MCH6430,prakash group,4814,False,Telecom & Mobile,Individual,Hyderabad,Telangana,2025-08-05 00:00:00,False,BLOCKED,5278.71,False
MCH4822,SAMA-KEER,4131,False,Transportation & Travel,Private Limited,Hyderabad,Telangana,2025-08-07 00:00:00,False,ACTIVE,736.6,False
MCH3696,"pandya, maharaj and sundaram",5942,False,Books & Stationery,Individual,Pune,Maharashtra,2025-08-07 00:00:00,False,SUSPENDED,416.04,False
MCH9180,RamaswamyPLC,5699,False,Apparel & Fashion,Individual,Pune,Maharashtra,2025-08-08 00:00:00,False,ACTIVE,1761.26,True
MCH5402,"MANDAL, CHADA AND DESHPANDE",5411,False,Grocery,Sole Proprietorship,Delhi,Delhi,2025-08-11 00:00:00,False,SUSPENDED,503.34,True
MCH3335,Choudhary Ltd,5699,False,Apparel & Fashion,Partnership,Lucknow,Uttar Pradesh,2025-08-11 00:00:00,False,ACTIVE,413.6,False
MCH5448,"Bala, Sha and Bera",5311,False,Department Store,Private Limited,Bengaluru,Karnataka,2025-08-12 00:00:00,False,ACTIVE,523.59,False
MCH9442,issac-batra,7011,False,Hotel & Lodging,Partnership,Delhi,Delhi,2025-08-12 00:00:00,False,ACTIVE,1049.17,False
MCH4732,"RAMANATHAN, KANDA AND KARNIK",5812,False,Restaurants & Food Service,Private Limited,Lucknow,Uttar Pradesh,2025-08-13 05:58:00,False,ACTIVE,3954.51,False
MCH6354,"Gulati, Khosla and Peri",5812,False,Restaurants & Food Service,Partnership,Lucknow,Uttar Pradesh,2025-08-14 00:00:00,False,ACTIVE,122.8,False
MCH4194,Srinivasan-Lala,4131,False,Transportation & Travel,Individual,Ludhiana,Punjab,2025-08-15 00:00:00,False,ACTIVE,2059.54,False
MCH7412,Chand-Bada1,5812,False,Restaurants & Food Service,Private Limited,Mumbai,Maharashtra,2025-08-15 00:00:00,False,INACTIVE,539.2,False
MCH9014,Konda-Ram,4814,False,Telecom & Mobile,Sole Proprietorship,Ludhiana,Punjab,2025-08-15 00:00:00,False,ACTIVE,485.94,False
MCH9176,Jayaraman PLC,5311,False,Department Store,Private Limited,Jalandhar,Punjab,2025-08-16 00:00:00,False,SUSPENDED,609.42,False
MCH5225,"Bera, Guha and Narayan",5942,False,Books & Stationery,Individual,Hyderabad,Telangana,2025-08-16 05:25:00,True,ACTIVE,,False
MCH9302,Savant-Dave,5311,False,Department Store,Partnership,Bengaluru,Karnataka,2025-08-17 00:00:00,False,ACTIVE,543.56,False
MCH6168,"raj, sharma and panchal",4131,False,Retail - Other,Private Limited,Ludhiana,Punjab,2025-08-19 00:00:00,False,ACTIVE,1123.84,False
MCH1363,Rattan-Shere,7011,False,Hotel & Lodging,Sole Proprietorship,Chennai,Tamil Nadu,2025-08-19 00:00:00,False,ACTIVE,926.5,False
MCH3688,"Nayak, Brar and Sahni",4814,False,Telecom & Mobile,Individual,Chennai,Tamil Nadu,2025-08-20 00:00:00,False,SUSPENDED,2787.88,False
MCH6492,PERI LLC,5912,False,Pharmacy & Medical,Individual,Mumbai,Maharashtra,2025-08-20 09:18:03,False,ACTIVE,3574.25,False
MCH5167,Bose and Sons,5942,False,Books & Stationery,Private Limited,Jalandhar,Punjab,2025-08-20 17:50:00,False,INACTIVE,1269.25,False
MCH5695,Divan Inc,5699,False,Apparel & Fashion,Individual,Hyderabad,Telangana,2025-08-20 19:03:23,True,ACTIVE,,False
MCH2596,Vasa PLC,4131,False,Transportation & Travel,Sole Proprietorship,Hyderabad,Telangana,2025-08-20 22:49:00,False,ACTIVE,2736.9,True
MCH2591,"Deol, Palla and Goel",5411,True,Grocery,Individual,Hyderabad,Telangana,2025-08-22 00:00:00,True,ACTIVE,468.59,False
MCH3824,Chand-Sarna,5812,False,Restaurants & Food Service,Sole Proprietorship,Kolkata,West Bengal,2025-08-24 00:00:00,False,ACTIVE,733.85,False
MCH4208,devi-mangal,5942,False,Books & Stationery,Sole Proprietorship,Ludhiana,Punjab,2025-08-27 16:16:44,False,ACTIVE,1564.41,False
MCH5050,Subramanian-Dua,5942,False,Books & Stationery,Partnership,Pune,Maharashtra,2025-08-28 14:42:57,False,ACTIVE,1506.0,False
MCH8057,Kalla Group,5912,False,Pharmacy & Medical,Sole Proprietorship,Mumbai,Maharashtra,2025-08-29 00:00:00,False,ACTIVE,437.01,False
MCH1177,"Mistry, Savant and Jha",4131,False,Transportation & Travel,Sole Proprietorship,Amritsar,Punjab,2025-08-29 18:32:00,False,ACTIVE,1663.99,False
MCH4593,dube-ravel,7011,False,Hotel & Lodging,Partnership,Hyderabad,Telangana,2025-08-30 00:00:00,False,ACTIVE,1285.0,False
MCH7266,Sule PLC,5812,False,Restaurants & Food Service,Partnership,Jaipur,Rajasthan,2025-08-30 12:28:51,True,ACTIVE,,False
MCH7001,Das LLC,4814,False,Telecom & Mobile,Private Limited,Kolkata,West Bengal,2025-09-02 00:00:00,False,ACTIVE,3255.38,False
MCH7076,Bava-Shroff,5999,False,Retail - Other,Sole Proprietorship,Chennai,Tamil Nadu,2025-09-03 01:54:16,False,ACTIVE,875.99,False
MCH6240,"Dutta, Aggarwal and Devan",5812,False,Restaurants & Food Service,Sole Proprietorship,Amritsar,Punjab,2025-09-04 19:02:29,False,ACTIVE,905.07,False
MCH2523,Sarma Inc,5999,False,Retail - Other,Individual,Kolkata,West Bengal,2025-09-05 00:00:00,False,ACTIVE,2146.62,False
MCH8399,"La11a, Wadhwa and Bhardwaj",5812,True,Restaurants & Food Service,Private Limited,Kolkata,West Bengal,2025-09-05 20:30:25,True,ACTIVE,1773.81,False
MCH8245,"Dhillon, Saran and Kalita",7011,False,Hotel & Lodging,Partnership,Ludhiana,Punjab,2025-09-06 00:00:00,False,ACTIVE,2778.0,False
MCH3030,"Sengupta, Bhagat and Kota",5942,False,Books & Stationery,Private Limited,Chennai,Tamil Nadu,2025-09-07 00:00:00,False,ACTIVE,194.19,False
MCH2310,Char-Singhal,5942,False,Books & Stationery,Individual,Jaipur,Rajasthan,2025-09-08 00:00:00,False,ACTIVE,1253.77,True
MCH8401,Pandey PLC,7011,True,Hotel & Lodging,Partnership,Chennai,Tamil Nadu,2025-09-09 00:00:00,True,INACTIVE,625.0,False
MCH6263,"Bahri, Bajaj and Mander",5942,False,Books & Stationery,Individual,Chennai,Tamil Nadu,2025-09-10 00:00:00,False,INACTIVE,667.85,False
MCH9995,ben-krish,5999,True,Retail - Other,Sole Proprietorship,Pune,Maharashtra,2025-09-11 20:22:00,True,ACTIVE,2919.94,False
MCH8934,Dubey and Sons,5411,False,Grocery,Sole Proprietorship,Bengaluru,Karnataka,2025-09-12 05:11:51,False,INACTIVE,1359.0,False
MCH5603,Saha-Sahota,5812,True,Restaurants & Food Service,Partnership,Mumbai,Maharashtra,2025-09-12 13:03:44,True,ACTIVE,1242.85,False
MCH2582,Lal PLC,5912,False,Pharmacy & Medical,Sole Proprietorship,Delhi,Delhi,2025-09-13 00:00:00,False,ACTIVE,1344.48,False
MCH6945,Barad LLC,5311,False,Retail - Other,Partnership,Ludhiana,Punjab,2025-09-13 06:55:00,False,ACTIVE,3350.77,False
MCH8715,"Raju,LokeandVora",5999,False,Retail - Other,Partnership,Hyderabad,Telangana,2025-09-14 00:00:00,False,ACTIVE,1332.26,False
MCH5119,Raghavan-Shere,5812,False,Restaurants & Food Service,Sole Proprietorship,Chennai,Tamil Nadu,2025-09-14 00:00:00,False,ACTIVE,1149.0,False
MCH7017,"Roy, Khosla and Oak",5999,True,Retail - Other,Sole Proprietorship,Lucknow,Uttar Pradesh,2025-09-14 00:00:00,True,ACTIVE,952.71,False
MCH9637,Handa-Basu,5699,False,Apparel & Fashion,Partnership,Pune,Maharashtra,2025-09-17 00:00:00,False,ACTIVE,515.71,False
MCH8808,"Kothari, Bansal and Gupta",5942,True,Books & Stationery,Individual,Bengaluru,Karnataka,2025-09-19 01:30:00,True,ACTIVE,380.0,False
MCH3277,Issac-Lata,4814,True,Telecom & Mobile,Partnership,Delhi,Delhi,2025-09-22 00:00:00,True,ACTIVE,1571.63,False
MCH3024,Kade-Bhatia,5812,False,Restaurants & Food Service,Partnership,Delhi,Delhi,2025-09-22 17:31:43,False,ACTIVE,2093.0,False
MCH5627,"SRIDHAR, YOGI AND PANCHAL",5411,False,Grocery,Sole Proprietorship,Jaipur,Rajasthan,2025-09-23 00:00:00,False,ACTIVE,483.0,False
MCH5166,Roy-Srinivasan,4814,False,Telecom & Mobile,Individual,Bengaluru,Karnataka,2025-09-24 00:00:00,False,CLOSED,1501.14,False
MCH1497,Lanka PLC,5912,False,Pharmacy & Medical,Private Limited,Amritsar,Punjab,2025-09-24 00:00:00,False,ACTIVE,1817.0,False
MCH9733,SATHE-HARI,4131,False,Transportation & Travel,Partnership,Bengaluru,Karnataka,2025-09-24 05:50:29,False,ACTIVE,1033.79,False
MCH9120,sood ltd,7011,False,Hotel & Lodging,Sole Proprietorship,Mumbai,Maharashtra,2025-09-24 21:17:00,False,ACTIVE,680.9,False
MCH4928,"NARANG, BEDI AND SACHAR",5699,False,Apparel & Fashion,Private Limited,Jalandhar,Punjab,2025-09-25 00:00:00,False,ACTIVE,3146.1,False
MCH5277,Kannan-Deshmukh,5942,False,Books & Stationery,Private Limited,Lucknow,Uttar Pradesh,2025-09-26 09:01:09,False,INACTIVE,4638.51,False
MCH5239,Saha Inc,5999,False,Retail - Other,Individual,Lucknow,Uttar Pradesh,2025-09-29 00:00:00,False,ACTIVE,6907.0,False
MCH4107,Pandey-Sastry,5699,False,Apparel & Fashion,Sole Proprietorship,Jalandhar,Punjab,2025-09-30 00:00:00,False,INACTIVE,319.0,False
MCH2060,Grover-Dugar,7011,True,Hotel & Lodging,Individual,Chennai,Tamil Nadu,2025-10-02 05:31:26,True,ACTIVE,540.0,False
MCH4220,GOPAL-DARA,5699,False,Apparel & Fashion,Individual,Bengaluru,Karnataka,2025-10-02 13:08:23,False,ACTIVE,532.47,False
MCH6308,Seshadri LLC,5699,False,Apparel & Fashion,Private Limited,Delhi,Delhi,2025-10-03 00:00:00,False,ACTIVE,422.55,False
MCH4087,"basak, lal and tailor",4814,False,Telecom & Mobile,Private Limited,Pune,Maharashtra,2025-10-03 00:37:00,False,ACTIVE,298.11,False
MCH2945,Agarwa1-Cherian,4814,True,Telecom & Mobile,Sole Proprietorship,Jalandhar,Punjab,2025-10-06 00:00:00,True,INACTIVE,1759.15,False
MCH3451,AMBLE-NAIR,5912,False,Pharmacy & Medical,Sole Proprietorship,Amritsar,Punjab,2025-10-06 00:00:00,True,SUSPENDED,,False
MCH4342,"bhavsar, mital and garde",4131,False,Transportation & Travel,Private Limited,Kolkata,West Bengal,2025-10-06 00:00:00,False,SUSPENDED,341.44,True
MCH2269,"dalal, samra and kala",7011,False,Hotel & Lodging,Sole Proprietorship,Pune,Maharashtra,2025-10-08 00:00:00,False,ACTIVE,356.96,True
MCH4288,KASHYAP-PUROHIT,5699,False,Apparel & Fashion,Private Limited,Jaipur,Rajasthan,2025-10-08 00:00:00,False,ACTIVE,262.02,False
MCH1982,"Behl, Jayaraman and Divan",5699,False,Apparel & Fashion,Sole Proprietorship,Mumbai,Maharashtra,2025-10-09 00:00:00,False,ACTIVE,298.94,False
MCH2063,Bhavsar Gr0up,4131,False,Transportation & Travel,Private Limited,Chennai,Tamil Nadu,2025-10-10 15:34:00,False,ACTIVE,2405.73,False
MCH5200,Saha PLC,4131,False,Retail - Other,Private Limited,Ludhiana,Punjab,2025-10-11 08:57:00,False,ACTIVE,913.24,False
MCH5156,"Bumb, Buch and R0ut",7011,False,Hotel & Lodging,Private Limited,Mumbai,Maharashtra,2025-10-11 21:13:00,False,ACTIVE,1483.33,False
MCH3804,"Pingle, Choudhry and Sastry",5942,False,Books & Stationery,Sole Proprietorship,Delhi,Delhi,2025-10-13 00:00:00,False,ACTIVE,729.5,False
MCH2585,ROY LLC,5411,True,Grocery,Sole Proprietorship,Jaipur,Rajasthan,2025-10-13 00:00:00,True,ACTIVE,2233.97,False
MCH6332,Varkey-Jha,5699,False,Apparel & Fashion,Sole Proprietorship,Amritsar,Punjab,2025-10-13 15:26:59,False,ACTIVE,304.48,True
MCH2801,"Khurana, Oza and Divan",4814,False,Telecom & Mobile,Private Limited,Delhi,Delhi,2025-10-14 00:00:00,False,ACTIVE,406.76,False
MCH3803,"Tara, Wali and Sachdev",5942,False,Books & Stationery,Individual,Lucknow,Uttar Pradesh,2025-10-14 23:06:00,False,ACTIVE,2461.72,False
MCH7759,"SANKARAN, PATEL AND NARAIN",5699,False,Apparel & Fashion,Sole Proprietorship,Kolkata,West Bengal,2025-10-15 13:32:26,True,ACTIVE,,False
MCH6819,"Krishnan, Pal and Nayar",5812,False,Restaurants & Food Service,Sole Proprietorship,Hyderabad,Telangana,2025-10-17 18:49:43,False,ACTIVE,499.0,False
MCH1954,"Kunda, Kata and Shetty",4814,True,Telecom & Mobile,Individual,Pune,Maharashtra,2025-10-19 00:00:00,True,ACTIVE,923.81,False
MCH1424,"GOEL, BALAY AND DUA",7011,False,Hotel & Lodging,Private Limited,Jalandhar,Punjab,2025-10-19 00:36:54,False,ACTIVE,5339.46,False
MCH6816,Muni-Bakshi,5942,True,Books & Stationery,Private Limited,Mumbai,Maharashtra,2025-10-19 19:36:20,True,SUSPENDED,1412.92,False
MCH6305,"Chakraborty,HansandSahota",4131,False,Transportation & Travel,Individual,Mumbai,Maharashtra,2025-10-20 00:00:00,False,ACTIVE,1075.82,False
MCH6004,Raval and Sons,5812,False,Restaurants & Food Service,Partnership,Bengaluru,Karnataka,2025-10-20 12:33:00,False,ACTIVE,477.72,False
MCH8391,Talwar-Bhasin,5699,True,Apparel & Fashion,Individual,Ludhiana,Punjab,2025-10-21 00:00:00,True,ACTIVE,2052.0,False
MCH8085,VERMA-RAMACHANDRAN,5942,False,Books & Stationery,Individual,Pune,Maharashtra,2025-10-22 00:00:00,True,ACTIVE,,False
MCH2224,luthra-nagy,5942,True,Books & Stationery,Individual,Jaipur,Rajasthan,2025-10-23 00:00:00,True,INACTIVE,890.7,False
MCH1800,Mall PLC,5311,False,Department Store,Private Limited,Hyderabad,Telangana,2025-10-24 00:00:00,False,ACTIVE,1030.0,False
MCH8975,"shanker, kothari and balasubramanian",4814,False,Telecom & Mobile,Individual,Mumbai,Maharashtra,2025-10-24 08:14:24,False,ACTIVE,1231.77,True
MCH9523,"Tank, Uppal and Malhotra",5912,False,Pharmacy & Medical,Partnership,Pune,Maharashtra,2025-10-25 00:00:00,False,ACTIVE,5060.01,False
MCH3941,Bassi-Deshmukh,4814,False,Telecom & Mobile,Individual,Amritsar,Punjab,2025-10-25 00:00:00,False,ACTIVE,979.98,False
MCH8719,kala llc,5311,False,Department Store,Individual,Kolkata,West Bengal,2025-10-25 00:00:00,False,ACTIVE,2779.32,False
MCH2832,Parmer Inc,5311,False,Retail - Other,Private Limited,Pune,Maharashtra,2025-10-26 00:00:00,False,ACTIVE,831.48,False
MCH1164,Goda PLC,4131,False,Transportation & Travel,Partnership,Ludhiana,Punjab,2025-10-27 00:00:00,False,ACTIVE,953.0,False
MCH7440,Rastogi-Manne,5699,False,Apparel & Fashion,Sole Proprietorship,Lucknow,Uttar Pradesh,2025-10-27 00:00:00,False,ACTIVE,2334.42,False
MCH1391,"Kale, Shroff and Barad",7011,False,Hotel & Lodging,Individual,Kolkata,West Bengal,2025-10-31 06:57:00,False,BLOCKED,2757.0,False
MCH4581,"Tailor, Ganesh and Menon",5812,False,Restaurants & Food Service,Partnership,Mumbai,Maharashtra,2025-11-02 00:00:00,False,INACTIVE,1137.0,False
MCH4157,Minhas-Saran,4814,False,Telecom & Mobile,Partnership,Mumbai,Maharashtra,2025-11-02 00:00:00,False,ACTIVE,2413.97,True
MCH4792,Agrawal-Prabhu,5812,False,Restaurants & Food Service,Sole Proprietorship,Chennai,Tamil Nadu,2025-11-02 16:37:14,False,INACTIVE,1844.0,False
MCH2188,"Sundaram, Prakash and Sheth",5699,False,Apparel & Fashion,Sole Proprietorship,Hyderabad,Telangana,2025-11-02 20:29:00,False,ACTIVE,778.36,True
MCH9675,Mand-Varkey,5912,False,Pharmacy & Medical,Individual,Jalandhar,Punjab,2025-11-05 00:00:00,False,INACTIVE,843.13,False
MCH6935,"Sagar,BadalandJha",5912,False,Pharmacy & Medical,Private Limited,Delhi,Delhi,2025-11-06 00:00:00,False,ACTIVE,319.7,False
MCH4153,Shroff Ltd,5999,False,Retail - Other,Sole Proprietorship,Kolkata,West Bengal,2025-11-07 00:00:00,False,ACTIVE,3578.7,False
MCH1885,mahal ltd,5999,False,Retail - Other,Private Limited,Hyderabad,Telangana,2025-11-07 18:42:57,False,ACTIVE,618.0,False
MCH3705,"Prakash, Korpal and Narasimhan",5812,False,Restaurants & Food Service,Sole Proprietorship,Jaipur,Rajasthan,2025-11-10 00:00:00,False,ACTIVE,753.96,False
MCH1072,Kalla-Khalsa,5812,False,Restaurants & Food Service,Private Limited,Mumbai,Maharashtra,2025-11-10 00:00:00,False,INACTIVE,422.23,False
MCH6504,"wagle, choudhry and patla",5942,False,Books & Stationery,Private Limited,Jalandhar,Punjab,2025-11-14 00:00:00,False,ACTIVE,1748.0,False
MCH1865,Chandra-Pandey,5942,False,Books & Stationery,Individual,Pune,Maharashtra,2025-11-15 00:00:00,False,ACTIVE,3847.74,False
MCH5160,subramanian inc,7011,False,Hotel & Lodging,Partnership,Amritsar,Punjab,2025-11-17 00:00:00,False,ACTIVE,1435.76,False
MCH6187,"Shanker, Sastry and Rattan",4131,False,Transportation & Travel,Individual,Delhi,Delhi,2025-11-17 00:00:00,False,ACTIVE,327.19,False
MCH5516,Muni LLC,5699,False,Apparel & Fashion,Individual,Kolkata,West Bengal,2025-11-17 13:15:12,False,ACTIVE,1139.0,False
MCH8569,Tara Ltd,5812,False,Restaurants & Food Service,Individual,Lucknow,Uttar Pradesh,2025-11-18 04:42:59,False,ACTIVE,1022.19,False
MCH5857,"VARUGHESE, VORA AND CHOKSHI",4814,False,Telecom & Mobile,Individual,Lucknow,Uttar Pradesh,2025-11-21 00:00:00,False,INACTIVE,687.33,False
MCH9905,Pate1-S00d,7011,False,Hotel & Lodging,Sole Proprietorship,Jaipur,Rajasthan,2025-11-21 00:00:00,True,ACTIVE,,False
MCH8994,Shukla-Manne,4814,True,Telecom & Mobile,Partnership,Kolkata,West Bengal,2025-11-22 15:26:14,True,ACTIVE,2951.22,False
MCH2186,Venkatesh and Sons,5912,False,Pharmacy & Medical,Sole Proprietorship,Lucknow,Uttar Pradesh,2025-11-23 00:00:00,False,ACTIVE,661.82,False
MCH3233,"Dada, Pingle and Date",5699,False,Apparel & Fashion,Individual,Pune,Maharashtra,2025-11-23 00:00:00,False,INACTIVE,5434.84,False
MCH3431,Ghosh and Sons,5812,True,Restaurants & Food Service,Sole Proprietorship,Mumbai,Maharashtra,2025-11-24 00:00:00,True,SUSPENDED,1904.92,False
MCH3642,Prabhu-Pai,5411,False,Grocery,Sole Proprietorship,Kolkata,West Bengal,2025-11-24 00:00:00,False,ACTIVE,3223.63,False
MCH9481,Kata LLC,4814,False,Telecom & Mobile,Partnership,Amritsar,Punjab,2025-11-25 00:00:00,False,ACTIVE,1054.88,False
MCH5973,Biswas-Dass,5699,False,Apparel & Fashion,Sole Proprietorship,Lucknow,Uttar Pradesh,2025-11-25 00:00:00,True,ACTIVE,,False
MCH2261,Gr0ver Inc,5812,False,Restaurants & Food Service,Sole Proprietorship,Mumbai,Maharashtra,2025-11-25 01:19:55,False,ACTIVE,1519.0,False
MCH8844,"Lad, Walia and Raj",5912,False,Pharmacy & Medical,Individual,Ludhiana,Punjab,2025-11-26 00:00:00,True,ACTIVE,,False
MCH1710,"talwar, goyal and dhillon",5812,False,Restaurants & Food Service,Partnership,Delhi,Delhi,2025-11-26 00:00:00,False,ACTIVE,542.31,False
MCH1676,"Palla, Gupta and Narain",4814,False,Telecom & Mobile,Sole Proprietorship,Jalandhar,Punjab,2025-11-27 17:23:23,False,ACTIVE,750.53,False
MCH9632,KADE-SHERE,5311,False,Department Store,Sole Proprietorship,Delhi,Delhi,2025-11-28 00:00:00,False,ACTIVE,895.55,False
MCH5570,"Sahni, Bala and Sharma",5999,False,Retail - Other,Individual,Delhi,Delhi,2025-11-28 06:01:37,False,BLOCKED,1506.33,False
MCH9865,Minhas PLC,5942,False,Books & Stationery,Private Limited,Delhi,Delhi,2025-11-29 00:00:00,False,ACTIVE,334.0,False
MCH2755,Chaudhuri and S0ns,5942,False,Books & Stationery,Individual,Mumbai,Maharashtra,2025-11-29 00:00:00,False,ACTIVE,440.0,False
MCH2986,Kade-Anne,4131,False,Transportation & Travel,Partnership,Amritsar,Punjab,2025-11-29 00:00:00,False,BLOCKED,736.81,False
MCH3178,GanesanGroup,5699,False,Apparel & Fashion,Individual,Delhi,Delhi,2025-12-01 00:00:00,False,ACTIVE,136.0,False
MCH5777,Dubey and Sons,5999,False,Retail - Other,Individual,Bengaluru,Karnataka,2025-12-01 19:34:00,False,INACTIVE,4320.83,False
MCH8680,Bhatt-Toor,5311,False,Department Store,Private Limited,Jaipur,Rajasthan,2025-12-02 00:00:00,False,ACTIVE,1399.6,False
MCH6067,Chaw1a-Gangu1y,7011,True,Hotel & Lodging,Sole Proprietorship,Mumbai,Maharashtra,2025-12-03 00:00:00,True,INACTIVE,700.95,False
MCH3523,"Khare, Radhakrishnan and Gala",5812,False,Restaurants & Food Service,Individual,Jaipur,Rajasthan,2025-12-04 00:00:00,False,ACTIVE,577.79,True
MCH2928,"Hans, Parmer and Buch",5812,False,Restaurants & Food Service,Private Limited,Ludhiana,Punjab,2025-12-04 00:00:00,False,CLOSED,1903.0,False
MCH7847,Ramakrishnan-Misra,5411,False,Grocery,Individual,Mumbai,Maharashtra,2025-12-04 00:00:00,False,ACTIVE,2108.0,False
MCH2376,"Lata, Krishnamurthy and Lal",5311,False,Retail - Other,Partnership,Jalandhar,Punjab,2025-12-05 00:00:00,False,ACTIVE,113.0,False
MCH1159,De Ltd,5942,False,Books & Stationery,Individual,Kolkata,West Bengal,2025-12-05 15:35:26,False,ACTIVE,1672.61,False
MCH3181,"Kothari, Sengupta and Sandal",4131,False,Retail - Other,Private Limited,Lucknow,Uttar Pradesh,2025-12-06 23:52:00,False,ACTIVE,9001.75,False
MCH9554,Kale Ltd,4814,False,Telecom & Mobile,Partnership,Kolkata,West Bengal,2025-12-07 00:00:00,False,SUSPENDED,696.0,False
MCH9095,Mital-Reddy,4814,False,Telecom & Mobile,Partnership,Lucknow,Uttar Pradesh,2025-12-07 00:00:00,False,SUSPENDED,1105.17,False
MCH1923,Barad-Devan,5699,False,Apparel & Fashion,Private Limited,Hyderabad,Telangana,2025-12-08 00:00:00,False,ACTIVE,300.28,False
MCH8145,Dhi110n LLC,7011,False,Hotel & Lodging,Private Limited,Chennai,Tamil Nadu,2025-12-10 00:00:00,False,ACTIVE,180.43,False
MCH5261,M0dy Gr0up,5942,False,Books & Stationery,Individual,Jaipur,Rajasthan,2025-12-11 00:00:00,False,ACTIVE,345.16,False
MCH9239,BALAKRISHNAN-DAS,5411,False,Grocery,Partnership,Bengaluru,Karnataka,2025-12-11 06:31:01,True,ACTIVE,,False
MCH4790,date plc,7011,True,Hotel & Lodging,Individual,Amritsar,Punjab,2025-12-11 10:11:45,True,SUSPENDED,199.0,False
MCH2229,Maharaj Group,5999,False,Retail - Other,Private Limited,Hyderabad,Telangana,2025-12-12 00:00:00,False,ACTIVE,289.57,False
MCH1442,Wadhwa-Walla,7011,False,Hotel & Lodging,Private Limited,Pune,Maharashtra,2025-12-13 00:00:00,False,ACTIVE,1483.74,False
MCH1726,RAJA AND SONS,4131,False,Transportation & Travel,Private Limited,Delhi,Delhi,2025-12-13 00:00:00,False,ACTIVE,639.24,False
MCH4326,Morar-Jani,7011,False,Hotel & Lodging,Partnership,Lucknow,Uttar Pradesh,2025-12-14 00:00:00,False,ACTIVE,9768.01,False
MCH7386,Tara PLC,5912,False,Pharmacy & Medical,Private Limited,Hyderabad,Telangana,2025-12-17 00:00:00,False,SUSPENDED,1062.8,False
MCH9187,MANE AND SONS,5812,False,Restaurants & Food Service,Individual,Hyderabad,Telangana,2025-12-18 00:00:00,False,ACTIVE,508.01,False
MCH9550,Chandra-Sangha,5942,False,Books & Stationery,Sole Proprietorship,Hyderabad,Telangana,2025-12-18 00:00:00,False,ACTIVE,674.9,False
MCH2392,Shetty and Sons,5411,True,Grocery,Individual,Amritsar,Punjab,2025-12-18 00:00:00,True,ACTIVE,655.01,False
MCH1152,Raman-Choudhury,5411,True,Grocery,Partnership,Chennai,Tamil Nadu,2025-12-19 00:00:00,True,ACTIVE,233.0,False
MCH1305,Ghose-Batta,4131,False,Transportation & Travel,Individual,Hyderabad,Telangana,2025-12-20 00:00:00,False,CLOSED,380.06,False
MCH7229,"Salvi, Kale and Sunder",4814,False,Telecom & Mobile,Private Limited,Pune,Maharashtra,2025-12-23 00:00:00,False,ACTIVE,606.62,False
MCH5391,Nagi-Pandya,5411,False,Grocery,Partnership,Kolkata,West Bengal,2025-12-24 00:00:00,False,SUSPENDED,1471.0,False
MCH1619,DIVAN-BHATTI,5912,False,Pharmacy & Medical,Sole Proprietorship,Delhi,Delhi,2025-12-24 00:00:00,False,ACTIVE,477.85,False
MCH6641,Sunder-Taneja,5411,False,Grocery,Individual,Kolkata,West Bengal,2025-12-24 23:48:00,False,ACTIVE,126.11,False
MCH6930,dhingra plc,4131,False,Transportation & Travel,Sole Proprietorship,Kolkata,West Bengal,2025-12-26 00:00:00,True,ACTIVE,,False
MCH5399,Agate-Wali,5999,False,Retail - Other,Private Limited,Chennai,Tamil Nadu,2025-12-26 00:00:00,False,ACTIVE,1379.64,False
MCH8445,CHAND INC,5999,False,Retail - Other,Partnership,Jaipur,Rajasthan,2025-12-27 10:31:00,False,ACTIVE,2873.41,False
MCH7063,"Garg, Bawa and Hans",4814,False,Telecom & Mobile,Private Limited,Lucknow,Uttar Pradesh,2025-12-28 00:00:00,False,ACTIVE,2717.9,False
MCH8864,Lala-Ben,5912,False,Pharmacy & Medical,Individual,Ludhiana,Punjab,2025-12-28 05:23:00,False,ACTIVE,869.2,False
MCH9729,Prabhakar Ltd,5812,False,Restaurants & Food Service,Individual,Bengaluru,Karnataka,2025-12-28 11:50:57,False,ACTIVE,1127.0,False
MCH6337,Chander LLC,5912,False,Pharmacy & Medical,Individual,Kolkata,West Bengal,2025-12-28 22:16:00,False,ACTIVE,1428.08,False
MCH3764,Tandon and Sons,5912,False,Pharmacy & Medical,Partnership,Mumbai,Maharashtra,2025-12-30 00:00:00,False,ACTIVE,3428.0,False
MCH9845,Misra-Varghese,5912,False,Pharmacy & Medical,Sole Proprietorship,Ludhiana,Punjab,2025-12-30 00:00:00,False,ACTIVE,186.59,False
MCH1488,"Chada, Gopal and Rajagopal",4814,False,Telecom & Mobile,Sole Proprietorship,Jaipur,Rajasthan,2026-01-02 00:00:00,False,ACTIVE,1905.0,False
MCH8566,Magar-Kota,4131,False,Transportation & Travel,Partnership,Amritsar,Punjab,2026-01-03 12:47:00,False,ACTIVE,1353.18,False
MCH9993,Chadha-Tailor,5942,False,Books & Stationery,Private Limited,Ludhiana,Punjab,2026-01-05 00:00:00,False,INACTIVE,2368.65,False
MCH5111,Ramachandran Group,5311,True,Department Store,Private Limited,Ludhiana,Punjab,2026-01-05 10:29:00,True,ACTIVE,541.94,False
MCH5897,Mutti-Doshi,5912,False,Pharmacy & Medical,Private Limited,Amritsar,Punjab,2026-01-06 00:00:00,False,ACTIVE,1302.0,False
MCH3455,Singhal LLC,5311,False,Department Store,Individual,Jalandhar,Punjab,2026-01-06 05:10:00,False,ACTIVE,11222.95,False
MCH7595,Subramaniam-Balasubramanian,5411,True,Grocery,Individual,Ludhiana,Punjab,2026-01-07 00:00:00,True,ACTIVE,3392.31,False
MCH2035,HORA-GROVER,4131,False,Transportation & Travel,Sole Proprietorship,Delhi,Delhi,2026-01-07 09:43:17,False,ACTIVE,212.97,False
MCH5551,Narain-Goda,5699,False,Apparel & Fashion,Private Limited,Mumbai,Maharashtra,2026-01-09 00:00:00,False,ACTIVE,817.05,False
MCH9567,"Dar, Gera and Sane",5812,False,Restaurants & Food Service,Private Limited,Delhi,Delhi,2026-01-09 00:00:00,False,ACTIVE,850.48,False
MCH4627,Barman-Kashyap,5699,False,Apparel & Fashion,Partnership,Pune,Maharashtra,2026-01-10 00:00:00,False,ACTIVE,1852.01,False
MCH4777,Babu-Choudhry,4814,False,Telecom & Mobile,Individual,Delhi,Delhi,2026-01-10 00:00:00,False,ACTIVE,373.4,False
MCH4681,"Sengupta,VenkataramanandKonda",5411,False,Grocery,Individual,Pune,Maharashtra,2026-01-10 08:52:00,False,ACTIVE,526.79,False
MCH4031,"Mitra, Bali and Rai",5942,False,Books & Stationery,Private Limited,Lucknow,Uttar Pradesh,2026-01-12 00:00:00,False,ACTIVE,9089.26,False
MCH8506,"HANDA, SAHNI AND SAWHNEY",4814,False,Telecom & Mobile,Partnership,Hyderabad,Telangana,2026-01-12 00:00:00,False,ACTIVE,339.0,False
MCH7408,Bala Group,5999,True,Retail - Other,Private Limited,Hyderabad,Telangana,2026-01-13 00:00:00,True,ACTIVE,1032.22,False
MCH2404,Mutti-Seshadri,5411,False,Grocery,Individual,Ludhiana,Punjab,2026-01-13 07:54:00,False,ACTIVE,233.4,False
MCH9591,BALI GROUP,5999,False,Retail - Other,Sole Proprietorship,Ludhiana,Punjab,2026-01-14 00:00:00,False,ACTIVE,3007.14,False
MCH6247,Dhar-Ram,4814,False,Telecom & Mobile,Individual,Jaipur,Rajasthan,2026-01-14 00:00:00,False,ACTIVE,468.52,False
MCH2241,Patla-Prabhakar,5942,False,Books & Stationery,Partnership,Kolkata,West Bengal,2026-01-15 00:00:00,False,ACTIVE,868.0,False
MCH2297,Mutti and Sons,5942,False,Books & Stationery,Partnership,Ludhiana,Punjab,2026-01-15 05:18:27,False,ACTIVE,1134.74,False
MCH6051,"Prashad, Date and Sodhi",5311,False,Department Store,Private Limited,Jalandhar,Punjab,2026-01-18 00:00:00,False,ACTIVE,212.27,True
MCH3778,"Bhagat, Sama and Murthy",4814,True,Telecom & Mobile,Individual,Amritsar,Punjab,2026-01-18 00:00:00,True,INACTIVE,2790.66,False
MCH1171,Sampath-Shroff,5912,False,Pharmacy & Medical,Partnership,Delhi,Delhi,2026-01-19 05:21:00,False,ACTIVE,393.94,False
MCH3822,Anne and Sons,5411,False,Grocery,Private Limited,Amritsar,Punjab,2026-01-21 20:10:57,False,ACTIVE,2115.91,False
MCH9770,jha-andra,4131,True,Transportation & Travel,Sole Proprietorship,Chennai,Tamil Nadu,2026-01-22 00:00:00,True,SUSPENDED,1847.23,False
MCH9638,"Dara, Badami and Sen",5699,False,Apparel & Fashion,Sole Proprietorship,Lucknow,Uttar Pradesh,2026-01-22 00:00:00,False,ACTIVE,3649.35,False
MCH3737,Raval-Kurian,5812,False,Restaurants & Food Service,Individual,Mumbai,Maharashtra,2026-01-23 00:00:00,False,ACTIVE,352.99,True
MCH7623,Pandya LLC,5942,True,Books & Stationery,Partnership,Mumbai,Maharashtra,2026-01-23 00:00:00,True,ACTIVE,701.06,False
MCH9022,"Kunda,DugarandKari",5699,False,Apparel & Fashion,Individual,Amritsar,Punjab,2026-01-24 00:00:00,False,ACTIVE,1439.0,False
MCH2353,sood-vasa,5411,False,Grocery,Sole Proprietorship,Mumbai,Maharashtra,2026-01-24 05:19:00,False,ACTIVE,2728.11,False
MCH6035,radhakrishnan-chad,5812,False,Restaurants & Food Service,Partnership,Delhi,Delhi,2026-01-25 00:00:00,False,ACTIVE,706.81,False
MCH6019,Chatterjee Ltd,5812,True,Restaurants & Food Service,Private Limited,Delhi,Delhi,2026-01-25 00:00:00,True,ACTIVE,100.27,False
MCH8014,Mukherjee Inc,5912,False,Pharmacy & Medical,Sole Proprietorship,Jaipur,Rajasthan,2026-01-25 00:00:00,False,ACTIVE,702.0,False
MCH1417,"sekhon, parsa and bandi",4814,False,Telecom & Mobile,Sole Proprietorship,Mumbai,Maharashtra,2026-01-26 00:00:00,False,ACTIVE,1501.66,False
MCH7821,Deshmukh Inc,5999,True,Retail - Other,Partnership,Bengaluru,Karnataka,2026-01-26 00:00:00,True,ACTIVE,1463.63,False
MCH1324,"EDWIN, SAVANT AND TANDON",7011,False,Hotel & Lodging,Partnership,Bengaluru,Karnataka,2026-01-26 00:00:00,False,ACTIVE,1192.31,False
MCH6998,Jani-Nayak,5311,False,Department Store,Individual,Delhi,Delhi,2026-01-27 00:00:00,False,ACTIVE,3349.13,False
MCH1966,Munshi-Bath,4131,False,Transportation & Travel,Private Limited,Bengaluru,Karnataka,2026-01-27 00:00:00,False,SUSPENDED,1858.12,False
MCH8708,"Mukherjee, Sami and Purohit",5999,False,Retail - Other,Sole Proprietorship,Hyderabad,Telangana,2026-01-28 00:00:00,False,SUSPENDED,2919.92,False
MCH2046,Konda-Garde,5411,False,Grocery,Sole Proprietorship,Lucknow,Uttar Pradesh,2026-01-28 00:00:00,False,ACTIVE,1405.98,False
MCH2382,Parsa-Mandal,4814,False,Telecom & Mobile,Individual,Jalandhar,Punjab,2026-01-30 05:50:43,False,SUSPENDED,16892.62,False
MCH9605,Chokshi LLC,5812,False,Restaurants & Food Service,Sole Proprietorship,Bengaluru,Karnataka,2026-01-31 00:00:00,False,ACTIVE,2523.0,False
MCH9489,Badal-Sankaran,4131,False,Transportation & Travel,Sole Proprietorship,Chennai,Tamil Nadu,2026-02-03 18:53:00,False,ACTIVE,1437.06,False
MCH4389,"Bobal, Chakrabarti and Dash",5912,False,Pharmacy & Medical,Sole Proprietorship,Pune,Maharashtra,2026-02-04 00:00:00,False,ACTIVE,445.95,False
MCH6404,Tailor Group,5999,False,Retail - Other,Private Limited,Jaipur,Rajasthan,2026-02-04 15:32:58,False,SUSPENDED,792.4,False
MCH8130,"Kale, Kumer and Chand",5311,True,Department Store,Partnership,Ludhiana,Punjab,2026-02-05 04:03:44,True,ACTIVE,419.61,False
MCH7744,NATH PLC,5311,False,Retail - Other,Individual,Amritsar,Punjab,2026-02-08 11:39:38,False,ACTIVE,283.48,True
MCH9919,"Ramaswamy,PallandBahri",5912,False,Pharmacy & Medical,Private Limited,Mumbai,Maharashtra,2026-02-09 00:00:00,False,ACTIVE,1346.24,False
MCH1068,Mall-Palan,5999,True,Retail - Other,Sole Proprietorship,Jaipur,Rajasthan,2026-02-09 09:23:00,True,ACTIVE,663.04,False
MCH7585,Rattan-Ratti,5699,False,Apparel & Fashion,Partnership,Pune,Maharashtra,2026-02-10 00:00:00,False,ACTIVE,3222.54,True
MCH1531,Savant and Sons,7011,False,Hotel & Lodging,Private Limited,Delhi,Delhi,2026-02-10 00:00:00,False,CLOSED,1019.94,False
MCH5595,"Menon, Ahluwalia and Mistry",7011,False,Hotel & Lodging,Sole Proprietorship,Jaipur,Rajasthan,2026-02-10 09:42:44,False,ACTIVE,376.55,False
MCH7199,MANDA AND SONS,5942,False,Books & Stationery,Sole Proprietorship,Delhi,Delhi,2026-02-10 11:11:00,False,ACTIVE,1077.86,False
MCH7057,"Lad, Kala and Bhagat",4814,False,Telecom & Mobile,Partnership,Jaipur,Rajasthan,2026-02-10 15:50:00,False,ACTIVE,1333.8,False
MCH9277,Pa1-R0ut,5942,False,Books & Stationery,Individual,Amritsar,Punjab,2026-02-10 18:58:24,False,ACTIVE,963.33,False
MCH6044,Narain-Srivastava,7011,False,Hotel & Lodging,Sole Proprietorship,Hyderabad,Telangana,2026-02-11 00:00:00,False,ACTIVE,141.65,False
MCH5233,Raghavan-Mall,4814,False,Telecom & Mobile,Partnership,Bengaluru,Karnataka,2026-02-11 05:56:00,False,ACTIVE,3087.5,False
MCH4695,Patel-Halder,5812,False,Restaurants & Food Service,Sole Proprietorship,Pune,Maharashtra,2026-02-11 16:57:07,False,ACTIVE,652.55,False
MCH1126,"Nayak, Dhaliwal and Soman",5411,False,Grocery,Partnership,Jalandhar,Punjab,2026-02-12 00:00:00,False,ACTIVE,564.83,False
MCH5528,"Bhagat, Sathe and Iyengar",5411,False,Grocery,Sole Proprietorship,Pune,Maharashtra,2026-02-13 11:24:00,False,ACTIVE,668.43,False
MCH7256,Arora-Raman,4131,False,Transportation & Travel,Sole Proprietorship,Lucknow,Uttar Pradesh,2026-02-14 00:00:00,False,ACTIVE,449.65,False
MCH1001,Anand-Kothari,5411,True,Grocery,Partnership,Pune,Maharashtra,2026-02-17 06:54:00,True,ACTIVE,332.55,False
MCH9398,"Soman, Murthy and Mangat",5411,False,Grocery,Partnership,Bengaluru,Karnataka,2026-02-21 00:00:00,False,ACTIVE,5429.9,False
MCH1763,Dhillon Ltd,5311,True,Department Store,Partnership,Jalandhar,Punjab,2026-02-22 00:00:00,True,ACTIVE,231.69,False
MCH9548,Raja PLC,4131,True,Transportation & Travel,Partnership,Jaipur,Rajasthan,2026-02-22 14:03:23,True,ACTIVE,1649.0,False
MCH5626,"Borah, Bedi and Khalsa",7011,False,Hotel & Lodging,Sole Proprietorship,Hyderabad,Telangana,2026-02-25 00:00:00,False,SUSPENDED,1422.38,False
MCH3362,Chander-Sangha,5411,False,Grocery,Private Limited,Amritsar,Punjab,2026-02-26 04:43:00,False,SUSPENDED,12795.59,False
MCH4857,Sethi-Soni,4131,False,Retail - Other,Individual,Ludhiana,Punjab,2026-02-28 06:57:59,False,ACTIVE,278.84,False
MCH4314,Deshmukh Ltd,5699,False,Apparel & Fashion,Private Limited,Jalandhar,Punjab,,True,INACTIVE,986.05,False
MCH2833,Kapoor-Shankar,7011,False,Hotel & Lodging,Sole Proprietorship,Jalandhar,Punjab,,True,ACTIVE,474.69,False
MCH4029,Kuruvilla and Sons,5411,False,Grocery,Private Limited,Pune,Maharashtra,,True,ACTIVE,55.43,False
MCH4025,Hegde-Sule,5311,False,Retail - Other,Individual,Hyderabad,Telangana,,True,INACTIVE,1108.29,False
MCH3401,chana llc,5411,False,Grocery,Individual,Chennai,Tamil Nadu,,True,ACTIVE,3703.23,False
MCH5923,"Banik, Yogi and Seth",4814,False,Telecom & Mobile,Individual,Delhi,Delhi,,True,INACTIVE,378.2,False
MCH5056,subramaniam plc,5411,False,Grocery,Partnership,Bengaluru,Karnataka,,True,BLOCKED,473.92,False
MCH3776,"Kapadia, Sathe and Shenoy",5311,False,Department Store,Partnership,Delhi,Delhi,,True,ACTIVE,1854.99,False
MCH5701,"Lad, Thakkar and Nazareth",4131,False,Retail - Other,Private Limited,Kolkata,West Bengal,,True,ACTIVE,1254.73,False
MCH6852,Swamy-Srinivas,4814,False,Telecom & Mobile,Private Limited,Chennai,Tamil Nadu,,True,ACTIVE,449.44,True
MCH2435,"BADAL, CHADA AND NARANG",5699,False,Apparel & Fashion,Private Limited,Ludhiana,Punjab,,True,ACTIVE,2576.23,False
MCH3548,"Bhakta, Dhaliwal and Comar",4814,False,Telecom & Mobile,Individual,Jaipur,Rajasthan,,True,ACTIVE,1931.09,False
MCH3611,"ratti, sunder and kapoor",4131,False,Transportation & Travel,Private Limited,Bengaluru,Karnataka,,True,ACTIVE,787.19,False
MCH1234,Comar-Kari,4131,False,Transportation & Travel,Sole Proprietorship,Jalandhar,Punjab,,True,ACTIVE,1120.89,False
MCH8726,Rast0gi-Saini,5999,False,Retail - Other,Partnership,Ludhiana,Punjab,,True,ACTIVE,4900.29,False
MCH4482,Sawhney-Raman,7011,False,Hotel & Lodging,Private Limited,Ludhiana,Punjab,,True,ACTIVE,246.88,False
MCH1474,"sami, sur and tank",4131,False,Transportation & Travel,Private Limited,Pune,Maharashtra,,True,ACTIVE,1645.61,False
MCH5425,"Bora, Kibe and Yadav",4814,False,Telecom & Mobile,Individual,Delhi,Delhi,,True,SUSPENDED,810.1,False
MCH2494,Sane Ltd,5699,False,Apparel & Fashion,Partnership,Amritsar,Punjab,,True,ACTIVE,582.0,False
MCH3501,Chandran-Tripathi,5999,False,Retail - Other,Private Limited,Mumbai,Maharashtra,,True,ACTIVE,1658.21,False
MCH5884,Raman and Sons,4131,False,Retail - Other,Individual,Chennai,Tamil Nadu,,True,ACTIVE,743.19,False
MCH3930,Kashyap-Rastogi,5699,False,Apparel & Fashion,Individual,Lucknow,Uttar Pradesh,,True,ACTIVE,510.04,False
MCH8221,Kala-Bajaj,5942,False,Books & Stationery,Sole Proprietorship,Bengaluru,Karnataka,,True,INACTIVE,1133.63,False
MCH6137,"Sidhu, Ahuja and Kumar",5812,False,Restaurants & Food Service,Partnership,Bengaluru,Karnataka,,True,ACTIVE,1574.67,False
MCH4980,Batra LLC,5411,False,Grocery,Individual,Pune,Maharashtra,,True,ACTIVE,2806.42,False
MCH9412,NAYAK-GUHA,4131,False,Transportation & Travel,Individual,Amritsar,Punjab,,True,ACTIVE,2887.33,False
MCH8949,"Srinivasan,SaxenaandKant",5942,False,Books & Stationery,Private Limited,Bengaluru,Karnataka,,True,INACTIVE,1726.82,False
MCH2183,Savant LLC,4131,False,Transportation & Travel,Sole Proprietorship,Delhi,Delhi,,True,ACTIVE,202.62,True
MCH6184,Peri-R0ut,4131,False,Retail - Other,Sole Proprietorship,Mumbai,Maharashtra,,True,ACTIVE,1637.73,False
MCH1653,Mitra Inc,7011,False,Hotel & Lodging,Sole Proprietorship,Chennai,Tamil Nadu,,True,ACTIVE,1669.53,False
MCH4230,Jha Group,5912,False,Pharmacy & Medical,Private Limited,Jaipur,Rajasthan,,True,ACTIVE,911.06,False
MCH4968,Choudhry Inc,4814,False,Telecom & Mobile,Partnership,Jaipur,Rajasthan,,True,ACTIVE,1122.44,False
MCH5850,Virk-Loke,5699,False,Apparel & Fashion,Partnership,Mumbai,Maharashtra,,True,ACTIVE,3558.0,False
MCH7279,das plc,5999,False,Retail - Other,Partnership,Jaipur,Rajasthan,,True,ACTIVE,1157.26,False
MCH7712,Sehgal Ltd,5411,False,Grocery,Partnership,Lucknow,Uttar Pradesh,,True,ACTIVE,2215.59,False
MCH5292,Nori-Dugal,5999,False,Retail - Other,Sole Proprietorship,Pune,Maharashtra,,True,INACTIVE,542.0,False
MCH9460,"Oza, Balakrishnan and Kapoor",5942,False,Books & Stationery,Individual,Chennai,Tamil Nadu,,True,ACTIVE,481.26,False
MCH9762,Kara LLC,5999,False,Retail - Other,Individual,Delhi,Delhi,,True,ACTIVE,413.17,False
MCH5660,Goda-Goda,5812,False,Restaurants & Food Service,Partnership,Ludhiana,Punjab,,True,ACTIVE,1213.87,True
MCH1323,DHAR AND SONS,5942,False,Books & Stationery,Partnership,Amritsar,Punjab,,True,ACTIVE,3792.9,True
MCH7047,BATTA-BHAVSAR,4814,False,Telecom & Mobile,Individual,Lucknow,Uttar Pradesh,,True,ACTIVE,691.03,False
MCH2197,Palan-Bhatti,5311,False,Department Store,Partnership,Delhi,Delhi,,True,ACTIVE,2800.25,False
MCH4548,"Butala, Som and Modi",4131,False,Transportation & Travel,Private Limited,Bengaluru,Karnataka,,True,SUSPENDED,568.11,False
MCH2394,RAJAGOPALAN LLC,5812,False,Restaurants & Food Service,Partnership,Kolkata,West Bengal,,True,ACTIVE,2001.35,False
MCH2965,shroff-prabhakar,5411,False,Grocery,Partnership,Amritsar,Punjab,,True,ACTIVE,2028.0,False
MCH8654,"Deshpande, Comar and Pandya",4814,False,Telecom & Mobile,Individual,Delhi,Delhi,,True,ACTIVE,898.0,False
MCH4164,Iyengar LLC,5999,False,Retail - Other,Sole Proprietorship,Jaipur,Rajasthan,,True,ACTIVE,440.0,False
MCH8865,Wali-Yogi,5942,False,Books & Stationery,Partnership,Pune,Maharashtra,,True,ACTIVE,1783.0,False
MCH3506,Peri Group,7011,False,Hotel & Lodging,Individual,Bengaluru,Karnataka,,True,ACTIVE,3808.09,False
MCH7615,"DAR, PAREKH AND DE",5812,False,Restaurants & Food Service,Sole Proprietorship,Lucknow,Uttar Pradesh,,True,INACTIVE,2530.9,False
MCH1993,DHALIWAL PLC,4814,False,Telecom & Mobile,Sole Proprietorship,Amritsar,Punjab,,True,ACTIVE,428.65,False
MCH3577,"Ratta, Mane and Kapadia",5812,False,Restaurants & Food Service,Individual,Amritsar,Punjab,,True,ACTIVE,1820.36,False
MCH3885,Thakur Inc,4131,False,Transportation & Travel,Private Limited,Chennai,Tamil Nadu,,True,ACTIVE,618.81,False
MCH2566,Oommen Inc,5999,False,Retail - Other,Private Limited,Delhi,Delhi,,True,ACTIVE,2200.23,False
MCH4460,BUMB PLC,5942,False,Books & Stationery,Private Limited,Chennai,Tamil Nadu,,True,ACTIVE,696.95,False
MCH3489,Bahl-Bhavsar,4131,False,Transportation & Travel,Partnership,Delhi,Delhi,,True,ACTIVE,908.03,False
MCH5335,shroff and sons,5311,False,Department Store,Sole Proprietorship,Chennai,Tamil Nadu,,True,INACTIVE,1166.0,False
MCH9476,Sama PLC,5812,False,Restaurants & Food Service,Private Limited,Hyderabad,Telangana,,True,ACTIVE,165.93,False
MCH4788,Chauhan-Kh0s1a,5699,False,Apparel & Fashion,Individual,Bengaluru,Karnataka,,True,ACTIVE,109.29,False
MCH9231,Kala-Dugar,4131,False,Transportation & Travel,Partnership,Pune,Maharashtra,,True,ACTIVE,228.82,False
MCH6775,La11 Gr0up,5999,False,Retail - Other,Private Limited,Chennai,Tamil Nadu,,True,INACTIVE,196.61,False
MCH4937,Mand and Sons,5912,False,Pharmacy & Medical,Partnership,Kolkata,West Bengal,,True,INACTIVE,2054.97,False
MCH4447,"sodhi, dalal and iyengar",5311,False,Department Store,Private Limited,Bengaluru,Karnataka,,True,ACTIVE,208.51,False
MCH4360,Khurana Ltd,5699,False,Apparel & Fashion,Partnership,Jaipur,Rajasthan,,True,ACTIVE,507.91,False
MCH4957,Natt Ltd,5699,False,Apparel & Fashion,Individual,Lucknow,Uttar Pradesh,,True,ACTIVE,1324.11,False
MCH2724,Aggarwal Group,5812,False,Restaurants & Food Service,Individual,Bengaluru,Karnataka,,True,ACTIVE,7977.75,True
MCH5459,Sachdev Ltd,5699,False,Apparel & Fashion,Sole Proprietorship,Bengaluru,Karnataka,,True,SUSPENDED,1804.28,False
MCH8481,"Dixit,GeraandGara",4131,False,Retail - Other,Sole Proprietorship,Jaipur,Rajasthan,,True,ACTIVE,1730.88,False
MCH9091,"Dewan, Hayre and Kala",4131,False,Transportation & Travel,Sole Proprietorship,Amritsar,Punjab,,True,CLOSED,4267.28,False
MCH3817,Subramanian Group,5311,False,Department Store,Sole Proprietorship,Ludhiana,Punjab,,True,ACTIVE,3916.72,False
MCH2658,"Parmar, Purohit and Bhasin",5812,False,Restaurants & Food Service,Sole Proprietorship,Bengaluru,Karnataka,,True,ACTIVE,548.82,False
MCH6420,Wadhwa and Sons,5912,False,Pharmacy & Medical,Partnership,Bengaluru,Karnataka,,True,ACTIVE,160.44,False
MCH6789,Sanghvi-Garg,5699,False,Apparel & Fashion,Individual,Kolkata,West Bengal,,True,ACTIVE,8043.93,False
MCH9440,Ratti LLC,5311,False,Retail - Other,Individual,Jalandhar,Punjab,,True,ACTIVE,186.6,False
MCH9220,"Agate,BoaseandKurian",4131,False,Transportation & Travel,Sole Proprietorship,Delhi,Delhi,,True,INACTIVE,728.01,True
MCH2094,Ratti Ltd,5411,False,Grocery,Sole Proprietorship,Bengaluru,Karnataka,,True,ACTIVE,4897.48,False
MCH9836,"Nori, Malhotra and Deep",7011,False,Hotel & Lodging,Sole Proprietorship,Chennai,Tamil Nadu,,True,ACTIVE,3007.0,False
MCH1830,shan llc,7011,False,Hotel & Lodging,Private Limited,Lucknow,Uttar Pradesh,,True,ACTIVE,405.35,False
MCH1610,Sodhi-Parekh,5411,False,Grocery,Partnership,Amritsar,Punjab,,True,ACTIVE,1488.13,False
MCH4952,"Anne,ChoudhryandBhattacharyya",5812,False,Restaurants & Food Service,Individual,Delhi,Delhi,,True,ACTIVE,4302.0,False
MCH5573,"GUHA, DAYAL AND MUTTI",5411,False,Grocery,Sole Proprietorship,Chennai,Tamil Nadu,,True,ACTIVE,2684.58,False
MCH9041,Kade-Sahota,4131,False,Transportation & Travel,Individual,Pune,Maharashtra,,True,ACTIVE,2738.21,False
MCH9045,"Kaul, Sethi and Vaidya",4814,False,Telecom & Mobile,Partnership,Bengaluru,Karnataka,,True,INACTIVE,1488.0,False
MCH8727,Vig-Mann,5999,False,Retail - Other,Partnership,Delhi,Delhi,,True,ACTIVE,157.65,False
MCH6758,"Kaul, Vyas and Bobal",5912,False,Pharmacy & Medical,Sole Proprietorship,Jaipur,Rajasthan,,True,ACTIVE,1560.09,False
MCH6280,Khanna-Kanda,5699,False,Apparel & Fashion,Sole Proprietorship,Pune,Maharashtra,,True,ACTIVE,243.27,False
MCH2390,Bandi-Sidhu,5311,False,Retail - Other,Sole Proprietorship,Jaipur,Rajasthan,,True,ACTIVE,1091.1,False
MCH4041,Salvi-Mishra,5812,False,Restaurants & Food Service,Sole Proprietorship,Amritsar,Punjab,,True,INACTIVE,1291.58,False
MCH3718,"S0m, Barman and Bhavsar",5411,False,Grocery,Sole Proprietorship,Pune,Maharashtra,,True,ACTIVE,312.19,False
MCH8909,"PALAN, WALI AND WAGLE",5999,False,Retail - Other,Individual,Delhi,Delhi,,True,ACTIVE,1366.3,False
MCH6071,nagy inc,5311,False,Department Store,Private Limited,Delhi,Delhi,,True,ACTIVE,2743.11,True
MCH8957,MADAN-KOTHARI,5699,False,Apparel & Fashion,Sole Proprietorship,Ludhiana,Punjab,,True,ACTIVE,934.34,False
MCH9482,"Vasa, Chada and Iyengar",5411,False,Grocery,Partnership,Hyderabad,Telangana,,True,ACTIVE,600.13,False
MCH3376,Sama-Gaba,5411,False,Grocery,Individual,Hyderabad,Telangana,,True,ACTIVE,732.24,False
MCH5307,"Balan, Varughese and Dave",5812,False,Restaurants & Food Service,Partnership,Pune,Maharashtra,,True,ACTIVE,204.07,False
MCH5257,Kara-Sibal,4814,False,Telecom & Mobile,Individual,Bengaluru,Karnataka,,True,ACTIVE,1601.92,False
MCH4197,Chaudry Group,5912,False,Pharmacy & Medical,Private Limited,Pune,Maharashtra,,True,ACTIVE,4814.44,False
MCH6827,Mangat and Sons,5912,False,Pharmacy & Medical,Sole Proprietorship,Jalandhar,Punjab,,True,ACTIVE,1859.4,False
MCH5687,"Prasad, Tank and Char",4131,False,Transportation & Travel,Individual,Ludhiana,Punjab,,True,ACTIVE,487.38,False
MCH7469,Dua LLC,5812,False,Restaurants & Food Service,Sole Proprietorship,Pune,Maharashtra,,True,INACTIVE,1848.0,False
MCH6815,"Borra, Talwar and Jha",4814,False,Telecom & Mobile,Partnership,Jalandhar,Punjab,,True,ACTIVE,750.82,False
MCH3079,"Bobal, Balay and Batra",7011,False,Hotel & Lodging,Private Limited,Bengaluru,Karnataka,,True,ACTIVE,486.3,False
MCH2268,"Verma, Aurora and De",5999,False,Retail - Other,Private Limited,Jalandhar,Punjab,,True,ACTIVE,995.42,False
MCH3156,"Bal, Deo and Kala",5999,False,Retail - Other,Partnership,Lucknow,Uttar Pradesh,,True,ACTIVE,2486.0,False
MCH4052,Bal-Choudhary,5812,False,Restaurants & Food Service,Partnership,Jalandhar,Punjab,,True,ACTIVE,2217.99,False
MCH8610,Pandey and Sons,5999,False,Retail - Other,Sole Proprietorship,Bengaluru,Karnataka,,True,ACTIVE,1014.0,False
MCH9571,buch inc,5812,False,Restaurants & Food Service,Individual,Hyderabad,Telangana,,True,ACTIVE,1270.83,False
MCH9158,"Sachdeva, Va1a and Bedi",5812,False,Restaurants & Food Service,Sole Proprietorship,Lucknow,Uttar Pradesh,,True,CLOSED,6181.65,False
MCH2129,Bhavsar-De,5912,False,Pharmacy & Medical,Sole Proprietorship,Hyderabad,Telangana,,True,ACTIVE,4898.0,False
MCH6623,Kakar and Sons,5912,False,Pharmacy & Medical,Individual,Pune,Maharashtra,,True,ACTIVE,1424.35,False
MCH4455,Iyer LLC,5411,False,Grocery,Individual,Bengaluru,Karnataka,,True,ACTIVE,586.02,False
MCH9379,Nazareth and Sons,5999,False,Retail - Other,Individual,Kolkata,West Bengal,,True,INACTIVE,242.0,False
MCH1082,Oommen Inc,7011,False,Hotel & Lodging,Partnership,Amritsar,Punjab,,True,ACTIVE,833.19,False
MCH3092,"Dutta, Vasa and Jayaraman",5999,False,Retail - Other,Private Limited,Amritsar,Punjab,,True,ACTIVE,1605.55,False
MCH1773,Prakash-Malhotra,5411,False,Grocery,Individual,Jalandhar,Punjab,,True,ACTIVE,1551.73,False
MCH4072,Singhal-Natarajan,5812,False,Restaurants & Food Service,Sole Proprietorship,Chennai,Tamil Nadu,,True,ACTIVE,2593.54,False
MCH8181,Mall-Chatterjee,4131,False,Transportation & Travel,Individual,Amritsar,Punjab,,True,ACTIVE,1624.73,True
MCH1277,Bhatnagar-Borah,5812,False,Restaurants & Food Service,Individual,Kolkata,West Bengal,,True,ACTIVE,3540.87,False
MCH5343,Sangha-Pillay,5411,False,Grocery,Individual,Lucknow,Uttar Pradesh,,True,INACTIVE,1724.67,False
MCH4640,Choudhary-Joshi,5699,False,Apparel & Fashion,Partnership,Jaipur,Rajasthan,,True,ACTIVE,857.62,False
MCH2283,"Dhawan, Pa11a and Krishnan",7011,False,Hotel & Lodging,Partnership,Hyderabad,Telangana,,True,ACTIVE,954.74,False
MCH3287,"dave, ganesan and biswas",5311,False,Retail - Other,Individual,Bengaluru,Karnataka,,True,ACTIVE,1007.0,False
MCH3221,Baria-Dube,7011,False,Hotel & Lodging,Sole Proprietorship,Kolkata,West Bengal,,True,INACTIVE,338.34,False
MCH6873,Dar and Sons,5311,False,Department Store,Sole Proprietorship,Jalandhar,Punjab,,True,ACTIVE,75.71,False
MCH4075,Sankar-Mandal,5812,False,Restaurants & Food Service,Partnership,Ludhiana,Punjab,,True,ACTIVE,1056.32,False
MCH3421,"Sandhu, Saxena and Talwar",5942,False,Books & Stationery,Sole Proprietorship,Delhi,Delhi,,True,SUSPENDED,1117.58,False
MCH6058,Loke LLC,5942,False,Books & Stationery,Sole Proprietorship,Amritsar,Punjab,,True,ACTIVE,317.07,False
MCH5197,AcharyaInc,4131,False,Transportation & Travel,Private Limited,Jalandhar,Punjab,,True,ACTIVE,699.94,False
MCH5256,GhoshLLC,4131,False,Transportation & Travel,Individual,Chennai,Tamil Nadu,,True,ACTIVE,429.35,False
MCH9805,Sha-Mitter,5311,False,Retail - Other,Partnership,Jalandhar,Punjab,,True,ACTIVE,1993.26,False
MCH2306,GOSWAMI INC,7011,False,Hotel & Lodging,Sole Proprietorship,Bengaluru,Karnataka,,True,ACTIVE,1562.95,False
MCH7187,Sandhu Inc,5812,False,Restaurants & Food Service,Individual,Amritsar,Punjab,,True,ACTIVE,4006.56,False
MCH9822,Thaman-Parsa,5311,False,Department Store,Private Limited,Bengaluru,Karnataka,,True,ACTIVE,534.71,False
MCH2574,Bala and Sons,5699,False,Apparel & Fashion,Individual,Delhi,Delhi,,True,SUSPENDED,197.23,False
MCH3391,Dass Inc,4131,False,Transportation & Travel,Partnership,Lucknow,Uttar Pradesh,,True,ACTIVE,1298.0,False
MCH1587,Srivastava-Saha,5912,False,Pharmacy & Medical,Private Limited,Kolkata,West Bengal,,True,ACTIVE,1502.0,False
MCH7343,Dixit Ltd,5912,False,Pharmacy & Medical,Partnership,Jaipur,Rajasthan,,True,ACTIVE,3142.0,False
MCH8411,Chopra Group,5812,True,Restaurants & Food Service,Private Limited,Jalandhar,Punjab,2023-01-01 00:00:00,False,INACTIVE,1067.4,False
MCH7032,"Mangat, Naik and Kakar",7011,False,Hotel & Lodging,Private Limited,Amritsar,Punjab,2023-01-09 00:00:00,False,ACTIVE,,False
MCH9516,"SULE, BORRA AND RATTAN",5812,True,Restaurants & Food Service,Partnership,Amritsar,Punjab,2023-01-19 00:01:38,False,ACTIVE,397.19,True
MCH6960,DAS-DHAWAN,5812,True,Restaurants & Food Service,Partnership,Jaipur,Rajasthan,2023-01-22 00:00:00,False,ACTIVE,1832.0,False
MCH2314,"Tank, Bera and Dash",5812,True,Restaurants & Food Service,Sole Proprietorship,Kolkata,West Bengal,2023-02-01 01:03:00,False,ACTIVE,2905.93,False
MCH8809,Narasimhan-Sem,4814,True,Telecom & Mobile,Individual,Jalandhar,Punjab,2023-02-05 00:00:00,False,INACTIVE,2118.31,False
MCH5966,"Bala, Tandon and Keer",5411,True,Grocery,Individual,Lucknow,Uttar Pradesh,2023-02-06 00:00:00,False,ACTIVE,255.77,False
MCH3853,Bhat-Dutt,5411,False,Grocery,Sole Proprietorship,Hyderabad,Telangana,2023-03-05 00:00:00,False,ACTIVE,,False
MCH9126,Anne-Chahal,5411,False,Grocery,Partnership,Hyderabad,Telangana,2023-03-05 00:00:00,False,ACTIVE,,False
MCH2919,Menon-Vaidya,5912,True,Pharmacy & Medical,Sole Proprietorship,Delhi,Delhi,2023-03-20 14:46:24,False,ACTIVE,3825.85,False
MCH8554,MANGAT PLC,5999,False,Retail - Other,Sole Proprietorship,Mumbai,Maharashtra,2023-04-03 00:00:00,False,INACTIVE,,False
MCH8384,"Tella, Batra and Baral",5311,False,Department Store,Individual,Jalandhar,Punjab,2023-04-08 00:00:00,False,ACTIVE,,False
MCH4713,Sura-Boase,5699,True,Apparel & Fashion,Sole Proprietorship,Amritsar,Punjab,2023-04-12 00:00:00,False,ACTIVE,1694.6,False
MCH7157,Bir Inc,4814,True,Telecom & Mobile,Private Limited,Lucknow,Uttar Pradesh,2023-04-16 00:00:00,False,ACTIVE,906.12,False
MCH8556,"Rout, Dhillon and Sinha",5942,False,Books & Stationery,Sole Proprietorship,Jaipur,Rajasthan,2023-05-04 17:49:00,False,ACTIVE,,False
MCH3512,"Bhatti, Khosla and Chhabra",4814,True,Telecom & Mobile,Private Limited,Amritsar,Punjab,2023-05-04 23:36:19,False,ACTIVE,1112.0,False
MCH7133,DinInc,5411,False,Grocery,Private Limited,Pune,Maharashtra,2023-05-05 02:26:09,False,INACTIVE,,False
MCH7060,"Nayak, Parmer and Anand",5912,True,Pharmacy & Medical,Private Limited,Kolkata,West Bengal,2023-05-26 00:00:00,False,ACTIVE,1299.1,False
MCH9367,Luthra and Sons,5942,True,Books & Stationery,Private Limited,Amritsar,Punjab,2023-05-31 17:55:00,False,ACTIVE,1752.0,False
MCH7837,Wali Group,5999,True,Retail - Other,Individual,Kolkata,West Bengal,2023-06-03 00:00:00,False,ACTIVE,803.03,False
MCH4112,Sodhi-Desai,5311,True,Department Store,Sole Proprietorship,Hyderabad,Telangana,2023-06-06 00:00:00,False,INACTIVE,3193.0,False
MCH4325,choudhry llc,7011,False,Hotel & Lodging,Private Limited,Jaipur,Rajasthan,2023-06-07 00:00:00,False,INACTIVE,,False
MCH7895,Pau PLC,5999,True,Retail - Other,Individual,Amritsar,Punjab,2023-06-08 09:45:00,False,ACTIVE,583.0,False
MCH8119,SubramanianandSons,5999,True,Retail - Other,Sole Proprietorship,Amritsar,Punjab,2023-06-14 00:00:00,False,ACTIVE,1285.93,False
MCH1823,"Patla, Bhasin and Parsa",7011,True,Hotel & Lodging,Partnership,Lucknow,Uttar Pradesh,2023-06-15 00:00:00,False,ACTIVE,3003.2,False
MCH8327,Men0n Ltd,5999,True,Retail - Other,Individual,Bengaluru,Karnataka,2023-06-18 18:05:34,False,INACTIVE,1670.04,False
MCH4767,Prasad Inc,4814,True,Telecom & Mobile,Private Limited,Pune,Maharashtra,2023-06-20 00:00:00,False,INACTIVE,789.87,False
MCH8154,Yohannan PLC,5999,True,Retail - Other,Sole Proprietorship,Jalandhar,Punjab,2023-06-26 00:00:00,False,SUSPENDED,998.6,False
MCH4211,Amb1e-Saha,5411,True,Grocery,Sole Proprietorship,Delhi,Delhi,2023-06-27 00:00:00,False,ACTIVE,525.0,False
MCH1268,Vyas Ltd,5311,False,Retail - Other,Individual,Amritsar,Punjab,2023-06-28 00:00:00,False,ACTIVE,,False
MCH2032,"Doshi, Sur and Sarna",5812,True,Restaurants & Food Service,Private Limited,Pune,Maharashtra,2023-07-15 00:00:00,False,ACTIVE,771.07,False
MCH4685,Mukhopadhyay-Cheema,5942,True,Books & Stationery,Private Limited,Chennai,Tamil Nadu,2023-07-22 11:31:48,True,SUSPENDED,,False
MCH4030,Nayar PLC,5942,True,Books & Stationery,Private Limited,Amritsar,Punjab,2023-08-02 19:27:00,False,ACTIVE,1079.32,False
MCH2516,Ben-Varghese,5411,True,Grocery,Sole Proprietorship,Chennai,Tamil Nadu,2023-08-04 21:20:00,False,SUSPENDED,398.68,False
MCH2612,Vala Ltd,7011,False,Hotel & Lodging,Sole Proprietorship,Lucknow,Uttar Pradesh,2023-08-11 00:00:00,False,ACTIVE,,False
MCH4509,"shanker, sem and varughese",4131,False,Retail - Other,Sole Proprietorship,Pune,Maharashtra,2023-08-16 00:00:00,False,ACTIVE,,False
MCH8552,"Manne, Manda and Toor",4131,False,Transportation & Travel,Sole Proprietorship,Pune,Maharashtra,2023-08-19 00:00:00,False,ACTIVE,,False
MCH1245,"Kumer, Varghese and Dhawan",5912,True,Pharmacy & Medical,Partnership,Pune,Maharashtra,2023-08-23 00:00:00,False,ACTIVE,725.32,False
MCH8879,Raju and Sons,5912,True,Pharmacy & Medical,Sole Proprietorship,Lucknow,Uttar Pradesh,2023-08-30 05:18:50,False,ACTIVE,906.0,False
MCH7184,Dara Inc,5411,True,Grocery,Sole Proprietorship,Mumbai,Maharashtra,2023-08-31 00:00:00,False,ACTIVE,1095.25,False
MCH1383,dubey group,5411,True,Grocery,Individual,Hyderabad,Telangana,2023-09-03 16:33:00,True,ACTIVE,,False
MCH7204,Thaman Ltd,5942,True,Books & Stationery,Individual,Jalandhar,Punjab,2023-09-05 00:00:00,False,ACTIVE,937.0,False
MCH5855,"Rajagopalan,MuniandPrasad",5699,True,Apparel & Fashion,Partnership,Jalandhar,Punjab,2023-09-08 00:00:00,False,ACTIVE,115.41,False
MCH7938,CHANDER LTD,4814,True,Telecom & Mobile,Sole Proprietorship,Bengaluru,Karnataka,2023-09-22 00:00:00,False,ACTIVE,639.19,True
MCH2222,"Mani, Ravel and Agrawal",5699,True,Apparel & Fashion,Sole Proprietorship,Lucknow,Uttar Pradesh,2023-10-01 00:00:00,False,ACTIVE,815.84,False
MCH7354,"CHATTERJEE, SARNA AND HANDA",5699,True,Apparel & Fashion,Sole Proprietorship,Bengaluru,Karnataka,2023-10-13 16:44:55,False,ACTIVE,728.0,False
MCH1079,Sharaf and Sons,4814,True,Telecom & Mobile,Sole Proprietorship,Pune,Maharashtra,2023-10-20 00:00:00,False,ACTIVE,455.39,False
MCH9706,"Mohan, Sahni and Doctor",5699,False,Apparel & Fashion,Partnership,Lucknow,Uttar Pradesh,2023-10-26 00:00:00,False,ACTIVE,,False
MCH9530,B0rah PLC,5812,True,Restaurants & Food Service,Individual,Hyderabad,Telangana,2023-11-01 00:00:00,False,SUSPENDED,999.86,False
MCH3497,"Gokhale, Parmer and Contractor",4131,True,Transportation & Travel,Individual,Jalandhar,Punjab,2023-11-03 21:39:51,False,ACTIVE,403.24,True
MCH3389,Korpal-Hegde,5912,True,Pharmacy & Medical,Individual,Ludhiana,Punjab,2023-11-04 00:37:00,False,ACTIVE,877.98,True
MCH5146,Wadhwa-Swamy,5311,False,Department Store,Partnership,Jalandhar,Punjab,2023-11-05 00:00:00,False,ACTIVE,,False
MCH1222,Dass-Dugar,5411,False,Grocery,Sole Proprietorship,Kolkata,West Bengal,2023-11-07 18:19:21,False,ACTIVE,,False
MCH9371,Mand-Oommen,5411,True,Grocery,Private Limited,Chennai,Tamil Nadu,2023-11-11 00:00:00,False,ACTIVE,284.42,False
MCH1086,Agrawal-Sule,5699,True,Apparel & Fashion,Individual,Ludhiana,Punjab,2023-11-13 00:00:00,False,ACTIVE,1355.59,False
MCH1855,Kala-Shan,5812,True,Restaurants & Food Service,Private Limited,Kolkata,West Bengal,2023-11-13 00:38:34,False,SUSPENDED,1474.0,False
MCH8470,"GARG, SURI AND SAGAR",5699,False,Apparel & Fashion,Individual,Ludhiana,Punjab,2023-11-19 00:00:00,False,ACTIVE,,False
MCH3269,Kara-Ramaswamy,5812,True,Restaurants & Food Service,Partnership,Pune,Maharashtra,2023-12-07 00:00:00,False,ACTIVE,1481.0,False
MCH8919,Parmar Ltd,4131,True,Transportation & Travel,Private Limited,Bengaluru,Karnataka,2023-12-24 00:00:00,False,ACTIVE,2228.63,False
MCH1226,"APTE, PINGLE AND PAL",7011,True,Hotel & Lodging,Private Limited,Hyderabad,Telangana,2024-01-03 00:00:00,False,ACTIVE,2290.0,False
MCH2122,"Bava, Bal and Mittal",5912,True,Pharmacy & Medical,Individual,Pune,Maharashtra,2024-01-04 00:00:00,False,ACTIVE,1119.03,False
MCH8641,Rai and Sons,4131,False,Transportation & Travel,Individual,Ludhiana,Punjab,2024-01-10 00:00:00,False,ACTIVE,,False
MCH6419,"Bhalla, Dubey and Salvi",5912,True,Pharmacy & Medical,Sole Proprietorship,Jaipur,Rajasthan,2024-01-15 01:23:00,False,ACTIVE,3881.01,False
MCH7556,Hayer-Saini,5942,False,Books & Stationery,Individual,Chennai,Tamil Nadu,2024-01-24 20:09:00,False,ACTIVE,,False
MCH8790,Thaman-Singh,5912,False,Pharmacy & Medical,Individual,Kolkata,West Bengal,2024-02-04 00:00:00,False,ACTIVE,,False
MCH3502,"Bail, Sawhney and Majumdar",5812,True,Restaurants & Food Service,Individual,Hyderabad,Telangana,2024-02-05 16:37:39,False,ACTIVE,4792.39,False
MCH6608,"puri, dar and mann",5411,True,Grocery,Private Limited,Delhi,Delhi,2024-02-10 07:57:42,False,ACTIVE,410.36,True
MCH4237,"Deshmukh, Ghose and Chhabra",5812,True,Restaurants & Food Service,Sole Proprietorship,Pune,Maharashtra,2024-02-12 12:00:50,False,BLOCKED,5905.65,False
MCH7321,"Krishna, Saraf and Pant",5999,True,Retail - Other,Partnership,Kolkata,West Bengal,2024-02-28 10:01:00,False,ACTIVE,954.48,False
MCH8845,Varkey-Jha,5999,True,Retail - Other,Partnership,Kolkata,West Bengal,2024-03-01 05:26:00,False,ACTIVE,5630.04,False
MCH8335,Bhatti-Keer,5999,True,Retail - Other,Sole Proprietorship,Hyderabad,Telangana,2024-03-06 00:00:00,False,INACTIVE,1335.83,False
MCH1611,Karan-Kibe,5411,True,Grocery,Sole Proprietorship,Jalandhar,Punjab,2024-03-06 00:00:00,False,ACTIVE,343.64,False
MCH9307,"Bajwa, Dhawan and Guha",5812,True,Restaurants & Food Service,Sole Proprietorship,Jalandhar,Punjab,2024-03-07 00:00:00,False,ACTIVE,468.19,False
MCH8863,Sastry PLC,4814,False,Telecom & Mobile,Individual,Pune,Maharashtra,2024-03-08 00:00:00,False,ACTIVE,,False
MCH5476,Buch Group,5912,True,Pharmacy & Medical,Private Limited,Delhi,Delhi,2024-03-08 00:00:00,False,ACTIVE,1311.87,False
MCH7228,SwaminathanLtd,4814,True,Telecom & Mobile,Partnership,Ludhiana,Punjab,2024-03-13 00:00:00,True,ACTIVE,,False
MCH4118,Upadhyay LLC,4131,False,Transportation & Travel,Private Limited,Kolkata,West Bengal,2024-03-16 00:00:00,False,ACTIVE,,False
MCH5458,"Korpal, Venkatesh and Choudhary",7011,False,Hotel & Lodging,Individual,Jaipur,Rajasthan,2024-03-17 02:49:02,False,ACTIVE,,False
MCH2041,"Sagar, Chakraborty and Kurian",4131,False,Transportation & Travel,Sole Proprietorship,Ludhiana,Punjab,2024-03-22 10:36:41,False,INACTIVE,,False
MCH8062,RANDHAWA-KATA,5999,True,Retail - Other,Individual,Mumbai,Maharashtra,2024-03-31 00:00:00,False,ACTIVE,1473.0,False
MCH2356,Baria PLC,5912,True,Pharmacy & Medical,Individual,Ludhiana,Punjab,2024-04-02 11:05:22,False,ACTIVE,2672.62,False
MCH8049,Balan-Shah,5699,False,Apparel & Fashion,Private Limited,Lucknow,Uttar Pradesh,2024-04-09 00:00:00,False,ACTIVE,,False
MCH3275,Sridhar and Sons,5699,False,Apparel & Fashion,Partnership,Delhi,Delhi,2024-04-15 07:33:51,False,SUSPENDED,,False
MCH7596,Bajwa-Luthra,4814,False,Telecom & Mobile,Private Limited,Hyderabad,Telangana,2024-04-20 00:00:00,False,SUSPENDED,,False
MCH1041,Pat1a-S0m,5699,True,Apparel & Fashion,Private Limited,Kolkata,West Bengal,2024-04-21 00:00:00,False,ACTIVE,3701.53,False
MCH3581,"Chadha, Sankaran and Pau",5699,False,Apparel & Fashion,Partnership,Kolkata,West Bengal,2024-05-07 00:00:00,False,ACTIVE,,False
MCH4914,BORA INC,5311,True,Department Store,Sole Proprietorship,Jaipur,Rajasthan,2024-05-12 00:00:00,False,ACTIVE,4227.85,False
MCH1941,Bath-Sunder,4814,False,Telecom & Mobile,Sole Proprietorship,Jaipur,Rajasthan,2024-05-22 00:00:00,False,SUSPENDED,,False
MCH4738,Jha PLC,5999,True,Retail - Other,Sole Proprietorship,Bengaluru,Karnataka,2024-05-24 22:20:53,False,INACTIVE,1636.42,False
MCH6403,"Sahni, Kapur and Ganesh",5699,True,Apparel & Fashion,Private Limited,Chennai,Tamil Nadu,2024-05-30 00:00:00,False,ACTIVE,344.49,False
MCH7986,Pathak Inc,5999,True,Retail - Other,Individual,Chennai,Tamil Nadu,2024-05-30 00:00:00,False,INACTIVE,1602.91,False
MCH4008,"deep, rajagopal and tandon",4814,True,Telecom & Mobile,Private Limited,Hyderabad,Telangana,2024-06-02 00:03:04,False,ACTIVE,1196.0,False
MCH2579,More Inc,5942,True,Books & Stationery,Partnership,Jaipur,Rajasthan,2024-06-05 00:00:00,False,ACTIVE,4068.74,False
MCH2841,"Memon, Samra and Rajagopal",5942,False,Books & Stationery,Sole Proprietorship,Mumbai,Maharashtra,2024-06-13 00:00:00,False,ACTIVE,,False
MCH6468,Golla-Murty,4131,False,Transportation & Travel,Partnership,Hyderabad,Telangana,2024-06-20 00:00:00,False,ACTIVE,,False
MCH3895,Wable-Sarna,7011,True,Hotel & Lodging,Private Limited,Jaipur,Rajasthan,2024-06-20 00:00:00,False,CLOSED,797.39,False
MCH8540,Tiwari Ltd,5999,False,Retail - Other,Sole Proprietorship,Jaipur,Rajasthan,2024-06-27 07:54:00,False,ACTIVE,,False
MCH4903,Khatri Gr0up,5311,False,Department Store,Individual,Delhi,Delhi,2024-07-07 00:00:00,False,ACTIVE,,False
MCH8852,Bali-Hora,5912,True,Pharmacy & Medical,Individual,Delhi,Delhi,2024-07-09 00:00:00,False,ACTIVE,2821.74,False
MCH8718,Chaudhari-Bhalla,5812,False,Restaurants & Food Service,Individual,Pune,Maharashtra,2024-07-23 04:38:30,False,ACTIVE,,False
MCH9363,Mannan Group,4131,False,Transportation & Travel,Private Limited,Mumbai,Maharashtra,2024-07-29 00:00:00,False,ACTIVE,,False
MCH6809,Reddy-Bhatt,5699,True,Apparel & Fashion,Partnership,Bengaluru,Karnataka,2024-08-05 00:00:00,False,ACTIVE,2382.0,False
MCH7478,"Sami, Brahmbhatt and Khurana",5699,False,Apparel & Fashion,Private Limited,Mumbai,Maharashtra,2024-08-19 11:01:33,False,CLOSED,,False
MCH1359,Palan-Minhas,5699,True,Apparel & Fashion,Individual,Chennai,Tamil Nadu,2024-08-24 00:00:00,False,ACTIVE,1891.91,False
MCH2691,PATHAK AND SONS,7011,True,Hotel & Lodging,Private Limited,Lucknow,Uttar Pradesh,2024-09-06 00:00:00,False,ACTIVE,5340.32,False
MCH5450,"Karnik, Karan and Boase",5942,True,Books & Stationery,Partnership,Kolkata,West Bengal,2024-09-09 00:00:00,False,ACTIVE,852.07,False
MCH9625,tripathi plc,4814,False,Telecom & Mobile,Private Limited,Amritsar,Punjab,2024-09-11 21:48:18,False,ACTIVE,,False
MCH1107,Sen-Das,4814,True,Telecom & Mobile,Private Limited,Chennai,Tamil Nadu,2024-09-16 00:00:00,True,ACTIVE,,False
MCH4963,AtwalLtd,5912,False,Pharmacy & Medical,Sole Proprietorship,Hyderabad,Telangana,2024-09-17 15:34:47,False,ACTIVE,,False
MCH1843,Edwin and Sons,5999,False,Retail - Other,Sole Proprietorship,Delhi,Delhi,2024-09-19 00:00:00,False,ACTIVE,,False
MCH7574,"Saini, Dubey and Bava",5311,True,Department Store,Private Limited,Pune,Maharashtra,2024-09-28 01:58:00,False,ACTIVE,1109.44,False
MCH8328,Raman-Dass,5411,True,Grocery,Partnership,Jalandhar,Punjab,2024-09-29 00:00:00,False,ACTIVE,2484.83,False
MCH6953,Khurana-Prabhakar,5942,True,Books & Stationery,Partnership,Hyderabad,Telangana,2024-10-03 00:00:00,False,ACTIVE,2749.21,True
MCH7702,Ahuja-Nayar,5411,False,Grocery,Private Limited,Ludhiana,Punjab,2024-10-04 00:00:00,False,SUSPENDED,,False
MCH3530,DUGAR PLC,5699,False,Apparel & Fashion,Individual,Ludhiana,Punjab,2024-10-08 01:53:00,False,ACTIVE,,False
MCH8044,"Sant, Nadkarni and Rajan",5311,True,Department Store,Individual,Bengaluru,Karnataka,2024-10-13 07:30:00,False,ACTIVE,794.78,True
MCH5148,"Bose, Ranganathan and Bose",5411,False,Grocery,Individual,Amritsar,Punjab,2024-10-20 00:00:00,False,ACTIVE,,False
MCH8536,Boase PLC,4814,True,Telecom & Mobile,Partnership,Mumbai,Maharashtra,2024-10-23 00:00:00,False,ACTIVE,3149.45,False
MCH3012,Sathe LLC,5411,True,Grocery,Private Limited,Chennai,Tamil Nadu,2024-10-23 02:09:00,False,SUSPENDED,448.76,False
MCH4397,Tailor-Pandey,5912,False,Pharmacy & Medical,Private Limited,Pune,Maharashtra,2024-10-24 00:00:00,False,ACTIVE,,False
MCH5295,"Goda, Prashad and Narain",5912,True,Pharmacy & Medical,Individual,Lucknow,Uttar Pradesh,2024-10-27 00:00:00,False,ACTIVE,888.39,False
MCH7844,Singh-Mane,5411,True,Grocery,Sole Proprietorship,Ludhiana,Punjab,2024-10-31 00:00:00,False,ACTIVE,1309.0,False
MCH9052,ramaswamy-chhabra,5942,True,Books & Stationery,Partnership,Mumbai,Maharashtra,2024-11-10 00:00:00,False,ACTIVE,534.11,True
MCH1788,"Dass, Rajagopal and Madan",4814,True,Telecom & Mobile,Private Limited,Pune,Maharashtra,2024-11-12 00:00:00,False,SUSPENDED,1479.46,False
MCH6488,"cheema, dubey and kala",5699,True,Apparel & Fashion,Private Limited,Mumbai,Maharashtra,2024-11-14 00:00:00,False,ACTIVE,1180.07,False
MCH6095,"Sahota, Misra and Kata",5942,True,Books & Stationery,Partnership,Hyderabad,Telangana,2024-11-29 00:00:00,False,ACTIVE,665.0,False
MCH9484,"bail, sen and bava",5912,True,Pharmacy & Medical,Sole Proprietorship,Jalandhar,Punjab,2024-11-30 00:00:00,False,ACTIVE,1401.0,False
MCH5263,"Narang, Kata and Pillai",5311,False,Department Store,Private Limited,Ludhiana,Punjab,2024-12-08 00:00:00,False,ACTIVE,,False
MCH6267,Mandal-Badal,4814,False,Telecom & Mobile,Partnership,Mumbai,Maharashtra,2024-12-10 00:00:00,False,ACTIVE,,False
MCH4253,MANDER-SAGAR,5999,True,Retail - Other,Individual,Ludhiana,Punjab,2024-12-12 00:00:00,False,ACTIVE,348.43,False
MCH7237,Reddy-Majumdar,5812,True,Restaurants & Food Service,Partnership,Delhi,Delhi,2024-12-13 00:00:00,False,ACTIVE,987.48,False
MCH5538,Barad-Nigam,4814,True,Telecom & Mobile,Partnership,Pune,Maharashtra,2025-01-10 00:00:00,False,ACTIVE,2223.97,False
MCH6512,"Sagar, Deep and Rao",4814,True,Telecom & Mobile,Sole Proprietorship,Hyderabad,Telangana,2025-01-11 00:00:00,True,ACTIVE,,False
MCH4804,Swamy PLC,5699,True,Apparel & Fashion,Partnership,Lucknow,Uttar Pradesh,2025-01-12 09:37:41,False,BLOCKED,207.24,False
MCH9803,Rastogi Ltd,5942,True,Books & Stationery,Partnership,Jaipur,Rajasthan,2025-01-29 05:08:38,False,ACTIVE,3135.89,False
MCH2212,Parmar Group,5999,True,Retail - Other,Private Limited,Jalandhar,Punjab,2025-02-01 07:40:00,False,ACTIVE,4432.56,False
MCH4641,KarnikLLC,5311,False,Retail - Other,Sole Proprietorship,Ludhiana,Punjab,2025-02-02 00:00:00,False,ACTIVE,,False
MCH6386,Mahajan Inc,5311,False,Retail - Other,Individual,Amritsar,Punjab,2025-02-03 00:00:00,False,ACTIVE,,False
MCH3460,CHAND-BORA,5411,False,Grocery,Individual,Kolkata,West Bengal,2025-02-05 10:51:56,False,ACTIVE,,False
MCH9404,BARAL AND SONS,4131,False,Transportation & Travel,Private Limited,Kolkata,West Bengal,2025-02-10 00:00:00,False,ACTIVE,,False
MCH6258,"Mitra, Nori and Venkataraman",5912,True,Pharmacy & Medical,Private Limited,Hyderabad,Telangana,2025-02-10 18:46:00,False,ACTIVE,353.34,False
MCH2335,GaneshLtd,5999,False,Retail - Other,Private Limited,Pune,Maharashtra,2025-03-03 00:00:00,False,ACTIVE,,False
MCH4223,"Bajwa, Khurana and Sinha",5999,True,Retail - Other,Sole Proprietorship,Bengaluru,Karnataka,2025-03-15 00:00:00,False,ACTIVE,585.1,False
MCH3468,Aurora-Ben,7011,True,Hotel & Lodging,Private Limited,Hyderabad,Telangana,2025-03-16 00:00:00,False,ACTIVE,199.0,False
MCH2104,Iyengar PLC,5699,True,Apparel & Fashion,Private Limited,Lucknow,Uttar Pradesh,2025-03-20 13:20:17,False,SUSPENDED,1344.05,False
MCH8850,"Sachdev, Nayar and Arora",5411,False,Grocery,Partnership,Ludhiana,Punjab,2025-04-07 03:43:08,False,SUSPENDED,,False
MCH6493,"SUBRAMANIAM, PRASHAD AND PARMER",5999,True,Retail - Other,Sole Proprietorship,Mumbai,Maharashtra,2025-04-13 00:00:00,True,INACTIVE,,False
MCH1509,"Rajan, Dash and Bora",4131,True,Transportation & Travel,Private Limited,Amritsar,Punjab,2025-04-26 00:00:00,False,INACTIVE,806.0,False
MCH8918,Solanki and Sons,5699,True,Apparel & Fashion,Private Limited,Bengaluru,Karnataka,2025-05-17 00:00:00,True,ACTIVE,,False
MCH3491,"Chawla, Tella and Madan",4814,True,Telecom & Mobile,Sole Proprietorship,Lucknow,Uttar Pradesh,2025-05-23 00:00:00,False,ACTIVE,1044.7,False
MCH6680,Vaidya-Agrawal,5999,False,Retail - Other,Partnership,Delhi,Delhi,2025-05-28 00:00:00,False,ACTIVE,,False
MCH8616,RATTI-JHA,5699,False,Apparel & Fashion,Sole Proprietorship,Pune,Maharashtra,2025-05-30 00:00:00,False,ACTIVE,,False
MCH8324,Golla-Chaudhuri,7011,False,Hotel & Lodging,Private Limited,Jalandhar,Punjab,2025-06-04 00:00:00,False,ACTIVE,,False
MCH5308,Shukla-Trivedi,5812,True,Restaurants & Food Service,Individual,Jaipur,Rajasthan,2025-06-11 00:00:00,True,ACTIVE,,False
MCH8163,"Sama, Pant and Tara",5942,True,Books & Stationery,Private Limited,Lucknow,Uttar Pradesh,2025-06-13 00:00:00,False,ACTIVE,1638.28,True
MCH2336,Narasimhan Inc,5411,True,Grocery,Sole Proprietorship,Jalandhar,Punjab,2025-06-18 00:00:00,False,INACTIVE,791.05,False
MCH3732,"Bhat, Sarin and Wag1e",7011,True,Hotel & Lodging,Sole Proprietorship,Lucknow,Uttar Pradesh,2025-06-23 19:32:43,False,ACTIVE,604.0,False
MCH4930,Dasgupta-Dua,5812,True,Restaurants & Food Service,Partnership,Jaipur,Rajasthan,2025-06-25 14:06:00,False,ACTIVE,1023.36,True
MCH9338,D’Alia-Mitter,5942,True,Books & Stationery,Partnership,Mumbai,Maharashtra,2025-07-01 00:00:00,False,ACTIVE,604.36,False
MCH9541,"Grover, Bhatia and Tandon",5812,True,Restaurants & Food Service,Partnership,Lucknow,Uttar Pradesh,2025-07-02 05:37:38,False,ACTIVE,2401.33,False
MCH7780,Jain PLC,5912,False,Pharmacy & Medical,Sole Proprietorship,Lucknow,Uttar Pradesh,2025-07-19 13:23:49,False,INACTIVE,,False
MCH9697,Walla Ltd,4814,True,Telecom & Mobile,Individual,Bengaluru,Karnataka,2025-07-21 00:00:00,False,ACTIVE,1081.86,False
MCH3898,Wadhwa-Sahni,5699,False,Apparel & Fashion,Private Limited,Ludhiana,Punjab,2025-08-05 00:00:00,False,ACTIVE,,False
MCH4099,"Dewan, Rastogi and Jayaraman",5999,True,Retail - Other,Individual,Ludhiana,Punjab,2025-08-06 12:15:48,False,ACTIVE,1926.0,False
MCH9164,MITAL AND SONS,5699,True,Apparel & Fashion,Private Limited,Delhi,Delhi,2025-08-12 00:00:00,False,ACTIVE,4681.79,False
MCH1259,"Wagle, Verma and Ramanathan",5912,True,Pharmacy & Medical,Private Limited,Jaipur,Rajasthan,2025-08-12 00:00:00,False,ACTIVE,548.2,False
MCH8996,Bala-Bhalla,5999,True,Retail - Other,Private Limited,Lucknow,Uttar Pradesh,2025-08-18 00:00:00,False,ACTIVE,1146.92,False
MCH6926,Bhattacharyya and S0ns,5912,True,Pharmacy & Medical,Private Limited,Jaipur,Rajasthan,2025-08-28 10:51:00,False,ACTIVE,3997.27,False
MCH5954,"Chand, Dora and Dey",5812,True,Restaurants & Food Service,Private Limited,Chennai,Tamil Nadu,2025-08-28 14:38:01,False,ACTIVE,1159.45,False
MCH5044,Mahajan-Narasimhan,5942,True,Books & Stationery,Individual,Chennai,Tamil Nadu,2025-09-04 00:00:00,False,ACTIVE,1148.0,False
MCH4476,Parikh Group,5912,False,Pharmacy & Medical,Partnership,Kolkata,West Bengal,2025-09-10 00:24:37,False,ACTIVE,,False
MCH8885,"Dhawan,DevanandChokshi",5699,False,Apparel & Fashion,Individual,Delhi,Delhi,2025-09-12 04:35:13,False,ACTIVE,,False
MCH5045,More-Doctor,5311,True,Department Store,Individual,Bengaluru,Karnataka,2025-09-15 22:04:19,False,SUSPENDED,145.75,False
MCH3321,Barad-Trivedi,4131,True,Transportation & Travel,Sole Proprietorship,Amritsar,Punjab,2025-09-19 04:50:00,False,ACTIVE,2096.6,False
MCH9580,"murthy, virk and lad",5311,True,Department Store,Partnership,Ludhiana,Punjab,2025-09-20 00:00:00,False,ACTIVE,1520.62,False
MCH7458,"hans, som and krish",5812,True,Restaurants & Food Service,Sole Proprietorship,Bengaluru,Karnataka,2025-09-20 20:06:00,False,ACTIVE,8448.66,False
MCH1899,Subramaniam-Bedi,5942,True,Books & Stationery,Private Limited,Ludhiana,Punjab,2025-09-27 00:00:00,True,ACTIVE,,False
MCH9229,Anne-Parikh,5942,True,Books & Stationery,Private Limited,Jaipur,Rajasthan,2025-10-23 00:00:00,False,INACTIVE,173.81,False
MCH2117,Lal Group,7011,True,Hotel & Lodging,Partnership,Jaipur,Rajasthan,2025-10-28 00:00:00,False,ACTIVE,2615.21,False
MCH1456,Madan-Ganesh,5699,False,Apparel & Fashion,Individual,Amritsar,Punjab,2025-11-01 00:00:00,False,ACTIVE,,False
MCH9029,Hayre and Sons,5311,False,Retail - Other,Individual,Amritsar,Punjab,2025-11-19 00:00:00,False,ACTIVE,,False
MCH4395,Ramakrishnan-Rastogi,5999,False,Retail - Other,Private Limited,Chennai,Tamil Nadu,2025-11-19 00:00:00,False,ACTIVE,,False
MCH1179,Suresh-Chand,5942,False,Books & Stationery,Partnership,Chennai,Tamil Nadu,2025-11-19 00:00:00,False,ACTIVE,,False
MCH8588,"Kala, Kant and Gola",5999,True,Retail - Other,Individual,Chennai,Tamil Nadu,2025-11-24 00:00:00,True,ACTIVE,,False
MCH6213,Sangha LLC,5999,True,Retail - Other,Private Limited,Delhi,Delhi,2025-12-03 12:46:00,False,ACTIVE,722.0,False
MCH4839,Sura-Mall,4131,True,Transportation & Travel,Private Limited,Ludhiana,Punjab,2025-12-08 00:00:00,False,ACTIVE,682.13,False
MCH3279,"Zachariah, Gill and Palla",5812,False,Restaurants & Food Service,Individual,Pune,Maharashtra,2025-12-25 00:00:00,False,ACTIVE,,False
MCH8828,RANGANATHAN AND SONS,4131,False,Transportation & Travel,Individual,Amritsar,Punjab,2026-01-02 04:46:18,False,ACTIVE,,False
MCH3869,HEGDE LTD,5311,True,Department Store,Partnership,Pune,Maharashtra,2026-01-28 22:35:06,False,ACTIVE,342.59,True
MCH3145,Chaudry and Sons,5311,False,Department Store,Individual,Bengaluru,Karnataka,2026-01-29 00:00:00,False,ACTIVE,,False
MCH9988,"Johal, Padmanabhan and Sagar",5912,True,Pharmacy & Medical,Individual,Delhi,Delhi,2026-02-02 00:00:00,False,ACTIVE,1620.14,False
MCH5856,"WASON, SAVANT AND BAHL",5999,True,Retail - Other,Individual,Mumbai,Maharashtra,2026-02-11 00:00:00,False,ACTIVE,944.06,False
MCH3890,Tata-Bal,5912,True,Pharmacy & Medical,Individual,Pune,Maharashtra,2026-02-22 00:00:00,False,ACTIVE,668.0,False
MCH4296,Varty-Varma,5999,False,Retail - Other,Private Limited,Amritsar,Punjab,2026-02-24 00:00:00,False,ACTIVE,,False
MCH5657,Natt-Goel,5999,False,Retail - Other,Individual,Delhi,Delhi,,False,ACTIVE,1355.0,False
MCH2432,Parmar-Parmer,4131,False,Transportation & Travel,Individual,Kolkata,West Bengal,,False,ACTIVE,2557.63,False
MCH2408,"Kumar, Din and Sule",5999,False,Retail - Other,Sole Proprietorship,Bengaluru,Karnataka,,False,ACTIVE,2001.55,True
MCH8019,Chaudhry-Naidu,5942,False,Books & Stationery,Private Limited,Jaipur,Rajasthan,,False,ACTIVE,888.78,False
MCH6039,Padmanabhan-Bora,4814,False,Telecom & Mobile,Sole Proprietorship,Lucknow,Uttar Pradesh,,False,ACTIVE,6727.69,False
MCH4026,NAGY LTD,5812,False,Restaurants & Food Service,Private Limited,Kolkata,West Bengal,,False,ACTIVE,1027.0,False
MCH6770,CHAUDHARI-DEWAN,5942,False,Books & Stationery,Sole Proprietorship,Jaipur,Rajasthan,,False,ACTIVE,1139.41,False
MCH6635,Sehgal Inc,5812,False,Restaurants & Food Service,Private Limited,Bengaluru,Karnataka,,False,ACTIVE,1810.23,False
MCH6425,Pall-Kanda,5942,False,Books & Stationery,Sole Proprietorship,Delhi,Delhi,,False,ACTIVE,1143.39,True
MCH8530,Chopra-Khanna,5311,False,Department Store,Partnership,Hyderabad,Telangana,,False,ACTIVE,442.28,False
MCH7030,Shan Ltd,5311,False,Department Store,Individual,Ludhiana,Punjab,,False,SUSPENDED,466.83,False
MCH9859,Mukherjee-Agate,5999,False,Retail - Other,Sole Proprietorship,Jalandhar,Punjab,,False,ACTIVE,158.0,False
MCH5303,walla inc,5311,False,Department Store,Private Limited,Chennai,Tamil Nadu,,False,ACTIVE,1019.0,False
MCH8713,"Shere, Loke and Butala",4814,False,Telecom & Mobile,Private Limited,Delhi,Delhi,,False,INACTIVE,1029.16,True
MCH4221,"Rastogi, Goda and Naidu",5999,False,Retail - Other,Individual,Jalandhar,Punjab,,False,ACTIVE,745.75,False
MCH1553,basu-varma,5942,False,Books & Stationery,Sole Proprietorship,Kolkata,West Bengal,,False,ACTIVE,1630.0,False
MCH6009,"Nagar, Chowdhury and Raghavan",5942,True,Books & Stationery,Private Limited,Pune,Maharashtra,,True,ACTIVE,1266.03,False
MCH8861,Prashad and Sons,5999,False,Retail - Other,Individual,Chennai,Tamil Nadu,,True,ACTIVE,,False
MCH8851,"Kanda, Kohli and Thaman",5812,False,Restaurants & Food Service,Sole Proprietorship,Jalandhar,Punjab,,False,BLOCKED,5573.07,False
MCH9390,"Minhas,PauandNarayanan",4131,False,Transportation & Travel,Individual,Ludhiana,Punjab,,False,ACTIVE,2246.12,False
MCH1641,bali llc,5999,False,Retail - Other,Sole Proprietorship,Delhi,Delhi,,False,ACTIVE,3239.36,True
MCH8817,SawhneyLtd,7011,False,Hotel & Lodging,Individual,Pune,Maharashtra,,False,INACTIVE,495.07,False
MCH5674,"Chhabra, Samra and Ghosh",4131,False,Transportation & Travel,Partnership,Mumbai,Maharashtra,,False,ACTIVE,1727.77,False
MCH3847,Nair PLC,5311,False,Retail - Other,Sole Proprietorship,Pune,Maharashtra,,False,ACTIVE,660.47,False
MCH6296,"Goyal, Vora and Loke",5411,False,Grocery,Private Limited,Lucknow,Uttar Pradesh,,False,ACTIVE,538.0,False
MCH7411,"Bhasin, Soman and Savant",4814,False,Telecom & Mobile,Sole Proprietorship,Chennai,Tamil Nadu,,False,ACTIVE,2298.88,False
MCH9290,"Gole, Viswanathan and Brahmbhatt",7011,False,Hotel & Lodging,Partnership,Ludhiana,Punjab,,False,INACTIVE,1704.51,False
MCH5872,Sandal Ltd,5411,False,Grocery,Private Limited,Bengaluru,Karnataka,,False,ACTIVE,2434.63,False
MCH8548,Karpe Ltd,5812,False,Restaurants & Food Service,Partnership,Delhi,Delhi,,False,ACTIVE,699.0,False
MCH1003,"Nayar, Batta and Barad",5699,False,Apparel & Fashion,Private Limited,Chennai,Tamil Nadu,,False,ACTIVE,792.91,False
MCH3671,"VALA, DHAR AND WASON",5912,False,Pharmacy & Medical,Individual,Chennai,Tamil Nadu,,False,ACTIVE,2167.0,False
MCH3484,Sidhu LLC,5999,False,Retail - Other,Individual,Ludhiana,Punjab,,False,ACTIVE,876.31,True
MCH9134,Edwin-Viswanathan,5699,False,Apparel & Fashion,Sole Proprietorship,Jalandhar,Punjab,,False,ACTIVE,1602.69,False
MCH8107,Ramachandran Ltd,5999,False,Retail - Other,Partnership,Jaipur,Rajasthan,,True,ACTIVE,,False
MCH6418,Doctor Ltd,7011,False,Hotel & Lodging,Sole Proprietorship,Jalandhar,Punjab,,False,ACTIVE,1362.45,False
MCH9882,Joshi PLC,4814,False,Telecom & Mobile,Sole Proprietorship,Jaipur,Rajasthan,,False,ACTIVE,320.23,False
MCH5588,Divan-Yohannan,4131,False,Transportation & Travel,Individual,Hyderabad,Telangana,,False,ACTIVE,203.0,False
MCH2447,anand llc,4131,False,Transportation & Travel,Sole Proprietorship,Jaipur,Rajasthan,,False,CLOSED,1803.52,False
MCH4672,Sandhu LLC,5942,False,Books & Stationery,Partnership,Bengaluru,Karnataka,,False,ACTIVE,456.49,False
MCH4111,Brahmbhatt LLC,5999,False,Retail - Other,Partnership,Lucknow,Uttar Pradesh,,False,SUSPENDED,682.69,False
MCH3250,Bose-Kalita,5311,False,Department Store,Sole Proprietorship,Mumbai,Maharashtra,,False,INACTIVE,1514.47,False
MCH2407,CHAUDHRY PLC,5912,True,Pharmacy & Medical,Private Limited,Pune,Maharashtra,,True,ACTIVE,5215.07,False
MCH7950,Om-Andra,5411,False,Grocery,Individual,Ludhiana,Punjab,,False,ACTIVE,3471.68,False
MCH2789,Peri-Panchal,5311,False,Department Store,Partnership,Jalandhar,Punjab,,False,ACTIVE,1044.19,False
MCH6657,Atwal-Sarraf,5411,False,Grocery,Partnership,Hyderabad,Telangana,,False,ACTIVE,804.0,False
MCH2180,Chaudry-Sidhu,5699,True,Apparel & Fashion,Private Limited,Pune,Maharashtra,,True,ACTIVE,3354.42,False
MCH1267,master-tiwari,4814,False,Telecom & Mobile,Private Limited,Lucknow,Uttar Pradesh,,False,INACTIVE,1213.17,False
MCH6293,Bora-Nigam,5311,False,Department Store,Partnership,Jalandhar,Punjab,,False,ACTIVE,4957.97,True
MCH6198,Rana-Sabharwal,5311,False,Retail - Other,Individual,Mumbai,Maharashtra,,False,ACTIVE,410.5,False
MCH7560,Chakraborty and Sons,5311,True,Department Store,Partnership,Pune,Maharashtra,,True,ACTIVE,2097.03,False
MCH8176,Bala PLC,5311,False,Department Store,Sole Proprietorship,Hyderabad,Telangana,,False,ACTIVE,3488.0,False
MCH2514,"Dua, Peri and Sani",4814,True,Telecom & Mobile,Sole Proprietorship,Kolkata,West Bengal,,True,ACTIVE,937.87,False
MCH7449,"Brahmbhatt, Nagarajan and Kaul",5311,False,Department Store,Sole Proprietorship,Amritsar,Punjab,,False,ACTIVE,397.32,False
MCH5813,Nair Inc,4814,False,Telecom & Mobile,Sole Proprietorship,Chennai,Tamil Nadu,,False,ACTIVE,1408.29,False
MCH6114,"Khurana, Chowdhury and Chaudhary",4814,True,Telecom & Mobile,Private Limited,Chennai,Tamil Nadu,,True,ACTIVE,1212.0,False
MCH4990,"Ramakrishnan, Dey and Thakkar",5411,False,Grocery,Private Limited,Mumbai,Maharashtra,,True,ACTIVE,,False
MCH4700,"rajan, garg and ray",5699,True,Apparel & Fashion,Individual,Chennai,Tamil Nadu,,True,ACTIVE,805.94,False
MCH7194,Shan and S0ns,4131,False,Transportation & Travel,Individual,Ludhiana,Punjab,,False,ACTIVE,983.19,False
MCH4260,"Kalla, Banerjee and Choudhary",4814,False,Telecom & Mobile,Partnership,Ludhiana,Punjab,,False,ACTIVE,389.14,False
MCH5333,Rajagopal-Agate,4814,False,Telecom & Mobile,Sole Proprietorship,Amritsar,Punjab,,False,INACTIVE,15510.71,False
MCH6630,"Kalla, Vyas and Lanka",5942,False,Books & Stationery,Sole Proprietorship,Jaipur,Rajasthan,,False,ACTIVE,257.87,False
MCH4340,"Nadig, Kothari and Khalsa",7011,False,Hotel & Lodging,Partnership,Mumbai,Maharashtra,,False,ACTIVE,1756.35,False
MCH9797,"Basu, Kota and Hora",7011,False,Hotel & Lodging,Individual,Jaipur,Rajasthan,,False,ACTIVE,3455.43,False
MCH4674,Sachar-Loke,5699,False,Apparel & Fashion,Private Limited,Jalandhar,Punjab,,False,ACTIVE,1222.52,False
MCH4677,"Sethi, Bora and Karpe",5942,False,Books & Stationery,Individual,Pune,Maharashtra,,False,INACTIVE,5089.5,False
MCH8762,Dani-Saha,4131,False,Transportation & Travel,Partnership,Kolkata,West Bengal,,False,ACTIVE,778.15,False
MCH9930,Kale LLC,5699,False,Apparel & Fashion,Sole Proprietorship,Jaipur,Rajasthan,,False,ACTIVE,1917.92,False
MCH3469,Ha1der-Bains,4814,True,Telecom & Mobile,Private Limited,Ludhiana,Punjab,,True,ACTIVE,943.76,False
MCH3242,"upadhyay, dash and vaidya",5999,False,Retail - Other,Partnership,Jaipur,Rajasthan,,False,ACTIVE,1731.73,False
MCH5597,"Shankar, Pandey and Sridhar",5812,False,Restaurants & Food Service,Private Limited,Lucknow,Uttar Pradesh,,False,ACTIVE,380.65,False
MCH5388,Mann-Oza,5942,False,Books & Stationery,Private Limited,Hyderabad,Telangana,,False,ACTIVE,1696.0,False
MCH9713,"Toor, Nayak and Varma",5699,False,Apparel & Fashion,Individual,Jalandhar,Punjab,,False,ACTIVE,297.05,True
MCH3859,"mall, bassi and seshadri",5411,False,Grocery,Partnership,Mumbai,Maharashtra,,False,ACTIVE,610.0,False
MCH9722,"KRISHNA, SAXENA AND AURORA",4814,False,Telecom & Mobile,Individual,Lucknow,Uttar Pradesh,,True,ACTIVE,,False
MCH2100,"Jani, Bobal and Singhal",7011,False,Hotel & Lodging,Individual,Bengaluru,Karnataka,,False,ACTIVE,1281.0,False
MCH7654,Chakraborty Inc,5699,False,Apparel & Fashion,Sole Proprietorship,Lucknow,Uttar Pradesh,,False,ACTIVE,1250.0,False
MCH3913,Tank-Pathak,5311,False,Department Store,Individual,Jalandhar,Punjab,,False,ACTIVE,2215.86,False
MCH5298,Keer and Sons,5999,False,Retail - Other,Partnership,Bengaluru,Karnataka,,False,INACTIVE,600.45,False
MCH3498,AGATE AND SONS,4814,False,Telecom & Mobile,Individual,Chennai,Tamil Nadu,,False,ACTIVE,1499.04,False
MCH1318,GUPTA LLC,4814,False,Telecom & Mobile,Private Limited,Jaipur,Rajasthan,,True,ACTIVE,,False
MCH1767,Bhatnagar-Ka1a,4814,True,Telecom & Mobile,Individual,Jalandhar,Punjab,,True,ACTIVE,314.16,False
MCH6345,Mani Group,5999,False,Retail - Other,Partnership,Ludhiana,Punjab,,False,ACTIVE,1339.21,False
MCH6700,RAVI LTD,4814,False,Telecom & Mobile,Partnership,Pune,Maharashtra,,False,ACTIVE,219.11,False
MCH3231,Gokhale Group,5411,False,Grocery,Individual,Jalandhar,Punjab,,False,ACTIVE,205.0,False
MCH8149,"Chandran, Mander and Parmar",5812,False,Restaurants & Food Service,Partnership,Kolkata,West Bengal,,False,ACTIVE,1378.0,False
MCH8101,"Jani, Varghese and Barman",5699,True,Apparel & Fashion,Sole Proprietorship,Delhi,Delhi,,True,INACTIVE,734.89,False
MCH2387,Dar-Dass,5912,False,Pharmacy & Medical,Partnership,Lucknow,Uttar Pradesh,,False,ACTIVE,1022.15,False
MCH2694,Misra PLC,5699,False,Apparel & Fashion,Individual,Pune,Maharashtra,,False,INACTIVE,2669.29,False
MCH7664,Datta Ltd,4131,True,Transportation & Travel,Partnership,Kolkata,West Bengal,,True,ACTIVE,990.98,False
MCH4357,Som and Sons,5311,False,Retail - Other,Individual,Ludhiana,Punjab,,True,ACTIVE,,False
MCH9793,Brar Ltd,5699,True,Apparel & Fashion,Private Limited,Bengaluru,Karnataka,,True,ACTIVE,198.68,False
MCH1882,kamdar-banik,5812,False,Restaurants & Food Service,Partnership,Ludhiana,Punjab,,False,INACTIVE,427.5,False
MCH9786,"Pai, Thakkar and Krish",5311,False,Department Store,Private Limited,Hyderabad,Telangana,,False,ACTIVE,1876.06,False
MCH6410,Dua-Kara,5699,False,Apparel & Fashion,Individual,Delhi,Delhi,,False,ACTIVE,1003.3,False
MCH6313,Ramanathan PLC,5411,True,Grocery,Sole Proprietorship,Mumbai,Maharashtra,,True,ACTIVE,3430.73,False
MCH9452,Kapoor-Kara,5999,False,Retail - Other,Private Limited,Kolkata,West Bengal,,True,INACTIVE,,False
MCH3811,"bhat, anand and bakshi",7011,True,Hotel & Lodging,Individual,Bengaluru,Karnataka,,True,ACTIVE,563.14,False
MCH1210,"Dua, Buch and Kaul",5942,True,Books & Stationery,Private Limited,Mumbai,Maharashtra,,True,SUSPENDED,1903.0,False
MCH1552,uppal plc,4131,False,Transportation & Travel,Sole Proprietorship,Hyderabad,Telangana,,False,ACTIVE,1136.0,False
MCH4285,Bhatnagar-Atwal,5942,False,Books & Stationery,Partnership,Jalandhar,Punjab,,False,CLOSED,988.9,False
MCH3144,raval-korpal,7011,False,Hotel & Lodging,Partnership,Delhi,Delhi,,False,ACTIVE,1879.74,False
MCH2185,wagle inc,5912,True,Pharmacy & Medical,Private Limited,Pune,Maharashtra,,True,SUSPENDED,828.0,False
MCH8279,Lala PLC,5411,False,Grocery,Sole Proprietorship,Chennai,Tamil Nadu,,False,ACTIVE,416.0,False
MCH3703,Khatri-Shuk1a,5812,False,Restaurants & Food Service,Private Limited,Jalandhar,Punjab,,False,SUSPENDED,3523.05,False
MCH6321,Chander Ltd,5999,False,Retail - Other,Private Limited,Jaipur,Rajasthan,,False,ACTIVE,380.1,False
MCH8492,Narayan Gr0up,4814,False,Telecom & Mobile,Individual,Kolkata,West Bengal,,True,INACTIVE,,False
MCH7991,Rastogi PLC,5942,False,Books & Stationery,Partnership,Mumbai,Maharashtra,,False,ACTIVE,1076.7,False
MCH4497,Padmanabhan Group,5812,False,Restaurants & Food Service,Individual,Mumbai,Maharashtra,,False,ACTIVE,2142.62,False
MCH3818,Gopal-Khalsa,4814,False,Telecom & Mobile,Partnership,Amritsar,Punjab,,False,ACTIVE,200.35,False
MCH8472,Guha-Sandhu,4814,False,Telecom & Mobile,Partnership,Amritsar,Punjab,,False,ACTIVE,1828.57,False
MCH9428,"Dyal, Varma and Sachdeva",5999,False,Retail - Other,Private Limited,Lucknow,Uttar Pradesh,,False,ACTIVE,1955.23,False
MCH5384,Sibal Inc,5411,False,Grocery,Private Limited,Jaipur,Rajasthan,,False,ACTIVE,951.53,False
MCH1115,Nadkarni LLC,4131,False,Transportation & Travel,Partnership,Jalandhar,Punjab,,False,ACTIVE,6943.0,False
MCH9853,Dhar-Raval,5912,False,Pharmacy & Medical,Sole Proprietorship,Kolkata,West Bengal,,False,ACTIVE,795.17,False
MCH9117,"KALE, KOHLI AND CHHABRA",5942,False,Books & Stationery,Sole Proprietorship,Jalandhar,Punjab,,False,SUSPENDED,206.51,False
MCH4675,"MINHAS, NARAYAN AND BANDI",5942,True,Books & Stationery,Sole Proprietorship,Jalandhar,Punjab,2023-06-15 10:04:37,False,ACTIVE,,False
MCH8884,"Dubey, Srinivasan and Pillai",5942,True,Books & Stationery,Sole Proprietorship,Chennai,Tamil Nadu,2023-07-03 00:00:00,False,ACTIVE,,False
MCH2743,Joshi PLC,5912,True,Pharmacy & Medical,Private Limited,Kolkata,West Bengal,2024-12-02 17:56:14,False,ACTIVE,,False
MCH2791,"Rastogi, Mannan and Sabharwal",5912,True,Pharmacy & Medical,Sole Proprietorship,Delhi,Delhi,2025-08-21 00:00:00,False,ACTIVE,,False
MCH3684,Chahal-Reddy,5411,True,Grocery,Partnership,Delhi,Delhi,,False,ACTIVE,629.48,False
MCH1473,Lata-Khurana,5912,True,Pharmacy & Medical,Partnership,Hyderabad,Telangana,,False,INACTIVE,326.76,False
MCH8661,Kapoor and Sons,4131,True,Transportation & Travel,Partnership,Mumbai,Maharashtra,,False,ACTIVE,1762.47,False
MCH8400,Banerjee Inc,5812,False,Restaurants & Food Service,Sole Proprietorship,Lucknow,Uttar Pradesh,,False,ACTIVE,,False
MCH4451,Bansal-Tak,7011,False,Hotel & Lodging,Individual,Amritsar,Punjab,,False,ACTIVE,,False
MCH3393,"PANCHAL, MISTRY AND SAWHNEY",5411,True,Grocery,Sole Proprietorship,Amritsar,Punjab,,False,ACTIVE,612.0,False
MCH3652,Varghese PLC,5999,True,Retail - Other,Partnership,Ludhiana,Punjab,,False,ACTIVE,2254.0,False
MCH9478,"desai, borah and dugar",5999,True,Retail - Other,Private Limited,Kolkata,West Bengal,,False,BLOCKED,1333.54,False
MCH8096,Srinivas-Verma,4814,True,Telecom & Mobile,Partnership,Mumbai,Maharashtra,,False,ACTIVE,2241.14,False
MCH4457,"Chanda, Parikh and Hayre",5999,False,Retail - Other,Private Limited,Amritsar,Punjab,,False,ACTIVE,,False
MCH1922,"DEO, SARAF AND KALE",5942,True,Books & Stationery,Sole Proprietorship,Lucknow,Uttar Pradesh,,False,ACTIVE,2507.85,False
MCH1022,Ramesh-Bhat,5999,True,Retail - Other,Private Limited,Hyderabad,Telangana,,False,ACTIVE,3026.17,False
MCH3111,Cherian-G0swami,4814,True,Telecom & Mobile,Private Limited,Bengaluru,Karnataka,,False,ACTIVE,1311.29,False
MCH1480,Bala-Magar,5999,False,Retail - Other,Individual,Hyderabad,Telangana,,False,ACTIVE,,False
MCH2344,"Purohit, Rege and Patil",5699,True,Apparel & Fashion,Private Limited,Jaipur,Rajasthan,,False,ACTIVE,,False
