complaint_id,txn_id,txn_id_valid_fk,user_id,user_id_valid_fk,merchant_id,merchant_id_valid_fk,transaction_timestamp,reported_timestamp,bank_response_timestamp,timestamps_logically_valid,reporting_delay_days,disputed_amount,disputed_amount_was_negative,disputed_amount_missing,reason_code,reason_code_raw,complaint_text,resolution_status,severity,channel
CBK0002082,TXN00004325,True,USR97580,True,MCH1127,False,2026-01-28 00:00:00,2026-02-01 00:00:00,2026-02-10 03:19:10,True,4.0,,False,True,SERVICE_NOT_DELIVERED,Merchant Not Delivered,Customer says amount was debited twice.,CLOSED,CRITICAL,IVR
CBK0001941,TXN00003720,True,USR54113,False,MCH3835,True,2026-02-25 10:24:00,2026-03-05 06:24:15,2026-03-12 06:24:00,True,7.0,414.69,False,False,ACCOUNT_TAKEOVER,login compromised,User reports money deducted but merchant denies receiving payment.,IN_PROGRESS,HIGH,CALL_CENTER
CBK0001799,TXN00012539,True,USR17980,False,MCH3700,True,2026-02-04 00:00:00,2026-02-05 00:00:00,2026-03-06 00:00:00,True,1.0,7039.0,False,False,GENERAL_DISPUTE,customer issue,merchant service was not delivered after payment.,OPEN,LOW,IVR
CBK0002465,TXN00017802,True,USR76148,False,MCH4534,True,2026-03-30 00:00:00,2026-04-01 00:00:00,2026-04-07 00:00:00,True,2.0,1303.05,False,False,GENERAL_DISPUTE,no service,Suspicious high-value payment disputed by customer. pls check asap,REJECTED,HIGH,IVR
CBK0001870,TXN00015944,True,USR24660,False,MCH1686,True,2026-01-09 00:00:00,2026-01-14 21:01:41,2026-01-26 00:00:00,True,5.0,1459.42,False,False,SERVICE_NOT_DELIVERED,merchant service issue,Merchant service was not delivered after payment.,IN_PROGRESS,LOW,APP
CBK0002663,TXN00009741,True,USR40631,False,MCH9584,True,2026-02-05 00:00:00,2026-02-06 00:00:00,2026-02-23 00:00:00,True,1.0,548.0,False,False,SERVICE_NOT_DELIVERED,service failed,Complaint received after multiple failed attempts. urgent,CLOSED,LOW,BRANCH
CBK0000782,TXN00015086,True,USR58789,True,MCH6008,False,2026-02-05 00:00:00,2026-02-10 00:00:00,2026-03-03 00:00:00,True,5.0,1949.6,False,False,AMOUNT_MISMATCH,extra amount deducted,User says UPI PIN was not entered by them.,IN_PROGRESS,MEDIUM,CHATBOT
CBK0001838,TXN00014426,True,USR30157,False,MCH4526,True,2026-03-26 10:17:08,2026-04-06 04:17:08,2026-04-18 00:00:00,True,10.0,4193.52,False,False,SERVICE_NOT_DELIVERED,Service Not Provided,Merchant service was not delivered after payment. details missing,OPEN,MEDIUM,CHATBOT
CBK0001095,TXN00015316,True,USR86750,False,MCH5980,True,2026-01-12 00:00:00,2026-01-13 00:00:00,2026-01-14 00:00:00,True,1.0,930.83,False,False,GENERAL_DISPUTE,dispute raised,Customer complaint text unclear due to poor call center notes.,OPEN,HIGH,BRANCH
CBK0002541,TXN00002822,True,USR11987,True,MCH3992,False,2026-03-18 10:04:06,2026-03-23 00:00:00,2026-03-30 00:00:00,True,4.0,,False,True,UNAUTHORIZED_TRANSACTION,UNAUTHORISED,User claims account was compromised before transaction.,OPEN,HIGH,IVR
CBK0001147,TXN00002456,True,USR89588,False,MCH2614,False,2026-02-10 03:16:00,2026-02-12 00:00:00,2026-03-12 14:16:00,True,1.0,1805.23,False,False,DUPLICATE_DEBIT,double debit,customer says amount was debited twice.,IN_PROGRESS,LOW,CHATBOT
CBK0001137,TXN00015627,True,USR35882,False,MCH8913,False,2026-01-21 01:07:00,2026-01-21 00:00:00,2026-02-06 08:07:54,False,,4853.7,False,False,GENERAL_DISPUTE,dispute raised,Customer says amount was debited twice.,RESOLVED,MEDIUM,CHATBOT
CBK0002213,TXN00009870,True,USR79046,True,MCH8457,False,2026-01-02 00:00:00,2026-02-17 00:00:00,,True,46.0,12334.0,False,False,SERVICE_NOT_DELIVERED,Merchant Not Delivered,Merchant service was not delivered after payment.,IN_PROGRESS,MEDIUM,IVR
CBK0000946,TXN00013141,True,USR22644,True,MCH9193,True,2026-01-26 00:00:00,2026-01-31 14:01:41,,True,5.0,7638.7,False,False,FRAUD_SUSPECTED,Fraud Suspected,MERCHANT SERVICE WAS NOT DELIVERED AFTER PAYMENT.,IN_PROGRESS,CRITICAL,EMAIL
CBK0002366,TXN00012165,True,USR98915,False,MCH6399,False,2026-02-20 00:00:00,2026-02-20 00:00:00,2026-02-23 21:48:00,True,0.0,,False,True,FRAUD_SUSPECTED,fraud,Customer says transaction was not authorized.,IN_PROGRESS,LOW,CALL_CENTER
CBK0002026,TXN00019737,True,USR27262,True,MCH4852,False,2026-01-13 00:00:00,2026-01-23 00:00:00,2026-02-11 19:25:13,True,10.0,174.11,False,False,DUPLICATE_DEBIT,charged twice,Merchant service was not delivered after payment.,RESOLVED,MEDIUM,IVR
CBK0001099,TXN00011289,True,USR94570,False,MCH4545,False,2026-01-30 04:49:00,2026-02-04 00:00:00,2026-02-28 00:00:00,True,4.0,305.0,False,False,ACCOUNT_TAKEOVER,Account Takeover,Payment made to unknown merchant as per customer statement.,CLOSED,CRITICAL,IVR
CBK0001197,TXN00006253,True,USR19220,False,MCH7286,False,2026-01-08 00:00:00,2026-01-10 00:00:00,2026-01-20 14:43:26,True,2.0,4952.0,False,False,GENERAL_DISPUTE,dispute raised,Complaint received after multiple failed attempts.,REJECTED,MEDIUM,CHATBOT
CBK0002347,TXN00010961,True,USR55439,True,MCH7581,True,2026-02-13 00:00:00,2026-03-15 00:00:00,,True,30.0,1126.18,False,False,AMOUNT_MISMATCH,Wrong Amount,Customer says transaction was not authorized.,REJECTED,LOW,BRANCH
CBK0000289,TXN00005764,True,USR38028,True,MCH6758,True,2026-03-12 23:03:00,,,True,,513.84,False,False,FRAUD_SUSPECTED,Fraud Suspected,User claims account was compromised before transaction.,REJECTED,MEDIUM,CHATBOT
CBK0002002,TXN00010298,True,USR97772,True,MCH5269,True,2026-01-03 00:00:00,2026-01-08 00:00:00,2026-02-03 23:32:04,True,5.0,534.44,False,False,SERVICE_NOT_DELIVERED,service failed,Merchant service was not delivered after payment. urgent,IN_PROGRESS,CRITICAL,CHATBOT
CBK0000512,TXN00014054,True,USR27947,True,MCH7667,True,2026-01-21 00:00:00,2026-01-26 00:00:00,2026-01-30 00:00:00,True,5.0,4010.97,False,False,UNAUTHORIZED_TRANSACTION,Unauthorized Transaction,Customer says amount was debited twice.,CLOSED,LOW,CHATBOT
CBK0001155,TXN00010146,True,USR94690,True,MCH3957,False,2026-02-09 19:16:42,,2026-02-23 06:16:42,True,,2637.93,False,False,UNAUTHORIZED_TRANSACTION,unauthorized_transaction,Payment made to unknown merchant as per customer statement.,IN_PROGRESS,MEDIUM,IVR
CBK0001330,TXN00005940,True,USR67471,False,MCH8738,False,2026-03-14 00:34:00,2026-03-15 12:34:00,2026-03-27 00:00:00,True,1.0,1360.01,False,False,GENERAL_DISPUTE,DUP_DEBIT,Suspicious high-value payment disputed by customer.,PENDING_BANK,MEDIUM,CHATBOT
CBK0000259,TXN00017504,True,USR24872,True,MCH9291,True,2026-01-22 00:00:00,2026-01-30 09:27:00,2026-02-13 00:00:00,True,8.0,12647.35,False,False,UNAUTHORIZED_TRANSACTION,unauthorized_transaction,merchant service was not delivered after payment.,IN_PROGRESS,LOW,CHATBOT
CBK0000164,TXN00010786,True,USR79443,False,MCH3729,False,2026-01-08 02:00:24,2026-01-18 00:00:00,2026-01-23 04:00:24,True,9.0,,False,True,DUPLICATE_DEBIT,charged twice,Payment made to unknown merchant as per customer statement.,CLOSED,MEDIUM,IVR
CBK0000681,TXN00006290,True,USR89588,False,MCH9105,False,2026-01-28 00:00:00,2026-02-02 00:00:00,2026-02-28 00:00:00,True,5.0,,False,True,AMOUNT_MISMATCH,extra amount deducted,Merchant service was not delivered after payment.,REJECTED,LOW,IVR
CBK0002683,TXN00004094,True,USR73891,False,MCH8154,True,2026-01-08 00:00:00,2026-01-06 00:00:00,2026-01-21 00:00:00,False,,2519.45,False,False,AMOUNT_MISMATCH,incorrect amount,suspicious high-value payment disputed by customer.,IN_PROGRESS,HIGH,IVR
CBK0002792,TXN00005061,True,USR22154,True,MCH9022,True,2026-02-28 13:16:03,2026-03-02 00:00:00,2026-03-30 00:00:00,True,1.0,1535.65,False,False,ACCOUNT_TAKEOVER,account hacked,Customer says amount was debited twice.,REJECTED,HIGH,CHATBOT
CBK0000594,TXN00065742,False,USR32980,False,MCH7020,True,2026-02-19 00:00:00,,2026-02-24 00:00:00,True,,470.0,False,False,SERVICE_NOT_DELIVERED,Merchant Not Delivered,suspicious high-value payment disputed by customer.,CLOSED,MEDIUM,EMAIL
CBK0001247,TXN00003165,True,USR41524,False,MCH2342,False,2026-01-04 00:00:00,2026-01-09 00:00:00,2026-02-03 00:00:00,True,5.0,2714.54,False,False,FRAUD_SUSPECTED,scam,Suspicious high-value payment disputed by customer.,RESOLVED,MEDIUM,CALL_CENTER
CBK0000566,TXN00000086,True,USR11727,False,MCH4948,True,2026-02-23 00:00:00,2026-02-24 02:13:00,2026-03-15 00:00:00,True,1.0,411.83,False,False,UNAUTHORIZED_TRANSACTION,unauth txn,User says UPI PIN was not entered by them.,REJECTED,HIGH,CHATBOT
CBK0002764,TXN00014418,True,USR71468,True,MCH6403,True,2026-03-03 00:00:00,2026-03-05 00:00:00,,True,2.0,1393.43,False,False,SERVICE_NOT_DELIVERED,Service Not Provided,customer complaint text unclear due to poor call center notes.,PENDING_BANK,MEDIUM,EMAIL
CBK0000023,TXN00001464,True,USR92751,False,MCH2757,True,2026-03-14 00:00:00,2026-04-13 00:00:00,2026-04-16 00:00:00,True,30.0,1112.83,False,False,SERVICE_NOT_DELIVERED,Merchant Not Delivered,MERCHANT SERVICE WAS NOT DELIVERED AFTER PAYMENT.,RESOLVED,MEDIUM,IVR
CBK0000361,TXN00012527,True,USR24926,True,MCH7438,False,2026-02-14 00:00:00,2026-02-16 18:13:57,,True,2.0,2311.0,False,False,DUPLICATE_DEBIT,Duplicate Debit,User claims account was compromised before transaction.,CLOSED,LOW,IVR
CBK0002544,TXN00018727,True,USR27888,False,MCH5076,False,2026-03-20 01:26:11,2026-03-25 00:00:00,2026-04-24 20:26:11,True,4.0,10161.06,False,False,SERVICE_NOT_DELIVERED,delivery issue,merchant service was not delivered after payment.,OPEN,HIGH,CHATBOT
CBK0000430,TXN00018881,True,USR47299,True,MCH3382,True,2026-02-11 03:20:31,2026-02-26 00:00:00,2026-03-23 06:20:31,True,14.0,2108.9,False,False,FRAUD_SUSPECTED,fraud,Merchant service was not delivered after payment. urgent,IN_PROGRESS,HIGH,IVR
CBK0001264,TXN00008143,True,USR92737,True,MCH4183,False,2026-03-22 17:21:29,2026-03-25 22:21:00,,True,3.0,240.64,False,False,UNAUTHORIZED_TRANSACTION,unauth txn,Merchant service was not delivered after payment.,OPEN,LOW,IVR
CBK0001919,TXN00005826,True,USR72795,True,MCH2259,False,2026-01-31 00:00:00,2026-02-04 14:03:00,2026-02-08 00:00:00,True,4.0,1770.58,False,False,ACCOUNT_TAKEOVER,login compromised,Merchant service was not delivered after payment.,REJECTED,CRITICAL,IVR
CBK0000069,TXN00002744,True,USR21384,False,MCH4252,False,2026-01-15 01:24:40,,2026-02-11 00:00:00,True,,840.07,False,False,SERVICE_NOT_DELIVERED,delivery issue,USER CLAIMS ACCOUNT WAS COMPROMISED BEFORE TRANSACTION.,IN_PROGRESS,CRITICAL,EMAIL
CBK0001760,TXN00017025,True,USR79110,False,MCH1320,True,,2026-03-24 23:17:18,,True,,,False,True,FRAUD_SUSPECTED,FRAUD,user says upi pin was not entered by them.,RESOLVED,LOW,IVR
CBK0002232,TXN00009269,True,USR99886,True,MCH1941,True,2026-01-26 19:24:45,2026-01-29 17:24:45,,True,2.0,385.53,False,False,SERVICE_NOT_DELIVERED,Merchant Not Delivered,Payment made to unknown merchant as per customer statement.,CLOSED,MEDIUM,CHATBOT
CBK0002798,TXN00066039,False,USR24087,False,MCH6965,True,2026-01-14 00:00:00,2026-01-22 06:27:51,2026-02-09 00:00:00,True,8.0,1372.0,False,False,SERVICE_NOT_DELIVERED,Service Not Provided,User reports money deducted but merchant denies receiving payment.,RESOLVED,LOW,CHATBOT
CBK0000080,TXN00007630,True,USR70905,False,MCH7833,True,2026-01-11 19:35:00,2026-01-12 06:35:00,2026-01-24 00:00:00,True,0.0,963.14,False,False,DUPLICATE_DEBIT,Duplicate Debit,user claims account was compromised before transaction.,IN_PROGRESS,LOW,BRANCH
CBK0000789,TXN00006632,True,USR56899,False,MCH7296,False,2026-03-28 00:00:00,2026-04-03 00:00:00,,True,6.0,4124.85,False,False,FRAUD_SUSPECTED,fraud,Merchant service was not delivered after payment.,IN_PROGRESS,LOW,EMAIL
CBK0002564,TXN00013473,True,USR78994,True,MCH2383,True,2026-02-16 02:17:00,2026-02-26 00:00:00,2026-03-04 00:00:00,True,9.0,2485.28,False,False,GENERAL_DISPUTE,Customer Dispute,Customer says amount was debited twice.,PENDING_BANK,MEDIUM,CHATBOT
CBK0000359,TXN00014970,True,USR35935,False,MCH3100,False,,2026-02-20 00:00:00,2026-03-12 18:19:47,True,,3336.7,False,False,ACCOUNT_TAKEOVER,Account Takeover,user reports money deducted but merchant denies receiving payment.,IN_PROGRESS,MEDIUM,CHATBOT
CBK0002003,TXN00015085,True,USR71636,True,MCH4256,False,2026-01-16 00:00:00,2026-01-18 06:11:00,2026-02-09 00:00:00,True,2.0,956.46,True,False,SERVICE_NOT_DELIVERED,Merchant Not Delivered,suspicious high-value payment disputed by customer.,IN_PROGRESS,MEDIUM,APP
CBK0002463,TXN00014364,True,USR87498,False,MCH4089,True,2026-01-19 00:00:00,2026-01-21 17:18:16,2026-02-11 00:00:00,True,2.0,2489.04,False,False,FRAUD_SUSPECTED,suspicious transaction,Customer says amount was debited twice.,RESOLVED,LOW,CHATBOT
CBK0001171,TXN00006955,True,USR26685,False,MCH3901,False,,2026-02-16 16:57:27,2026-02-19 00:00:00,True,,1336.86,False,False,ACCOUNT_TAKEOVER,ATO,payment made to unknown merchant as per customer statement.,OPEN,LOW,CHATBOT
CBK0002716,TXN00003119,True,USR34955,False,MCH8691,False,,2026-02-24 21:58:58,,True,,1198.29,False,False,FRAUD_SUSPECTED,suspicious transaction,Payment made to unknown merchant as per customer statement.,CLOSED,LOW,EMAIL
CBK0001839,TXN00004638,True,USR67862,False,MCH8953,True,2026-02-12 09:49:00,2026-02-12 11:49:00,2026-02-17 00:00:00,True,0.0,1651.94,False,False,AMOUNT_MISMATCH,extra amount deducted,User reports money deducted but merchant denies receiving payment.,IN_PROGRESS,HIGH,EMAIL
CBK0002314,TXN00014145,True,USR21162,False,MCH2383,True,2026-03-09 00:00:00,2026-03-10 21:03:16,2026-04-07 00:00:00,True,1.0,3888.0,False,False,FRAUD_SUSPECTED,suspicious transaction,Complaint received after multiple failed attempts.,CLOSED,LOW,IVR
CBK0000406,TXN00007974,True,USR33394,False,MCH3064,False,,2026-03-11 00:00:00,2026-03-20 06:27:39,True,,4101.89,False,False,AMOUNT_MISMATCH,Wrong Amount,user claims account was compromised before transaction.,OPEN,LOW,IVR
CBK0002718,TXN00013934,True,USR84084,False,MCH7370,True,2026-02-20 00:00:00,2026-03-22 23:15:17,2026-04-04 00:00:00,True,30.0,7727.87,False,False,ACCOUNT_TAKEOVER,Account Takeover,User claims account was compromised before transaction.,OPEN,LOW,IVR
CBK0002400,TXN00015733,True,USR87357,False,MCH9878,False,2026-01-22 00:00:00,2026-01-25 00:00:00,2026-02-22 00:00:00,True,3.0,2313.86,False,False,UNAUTHORIZED_TRANSACTION,UNAUTHORISED,customer complaint text unclear due to poor call center notes.,CLOSED,MEDIUM,IVR
CBK0002758,,False,USR60667,True,MCH2383,True,2026-03-23 06:19:08,2026-03-25 00:00:00,2026-04-13 00:00:00,True,1.0,1225.29,False,False,FRAUD_SUSPECTED,fraud,payment made to unknown merchant as per customer statement.,IN_PROGRESS,MEDIUM,BRANCH
CBK0002250,TXN00008645,True,USR60783,False,MCH8613,True,2026-01-12 12:57:11,2026-01-19 00:00:00,,True,6.0,5443.5,False,False,UNAUTHORIZED_TRANSACTION,Unauthorized Transaction,PAYMENT MADE TO UNKNOWN MERCHANT AS PER CUSTOMER STATEMENT.,CLOSED,HIGH,CALL_CENTER
CBK0000661,TXN00012553,True,USR87727,False,MCH8876,True,2026-01-21 17:03:00,2026-01-23 00:00:00,2026-02-15 06:03:00,True,1.0,901.62,False,False,GENERAL_DISPUTE,no service,User claims account was compromised before transaction.,RESOLVED,LOW,IVR
CBK0001020,TXN00084758,False,USR36590,False,MCH1368,False,2026-02-23 00:00:00,2026-02-26 00:00:00,2026-03-15 00:00:00,True,3.0,,False,True,SERVICE_NOT_DELIVERED,Service Not Provided,User says UPI PIN was not entered by them.,OPEN,HIGH,IVR
CBK0002104,TXN00006293,True,USR48479,False,MCH8779,True,2026-01-08 00:00:00,2026-01-19 00:00:00,,True,11.0,2214.27,False,False,GENERAL_DISPUTE,DUP_DEBIT,Complaint received after multiple failed attempts.,REJECTED,LOW,BRANCH
CBK0002572,TXN00002760,True,USR49176,True,MCH2925,False,2026-01-15 14:26:16,2026-01-30 00:00:00,2026-02-09 00:00:00,True,14.0,1345.79,False,False,UNAUTHORIZED_TRANSACTION,unauth txn,User says UPI PIN was not entered by them.,RESOLVED,LOW,IVR
CBK0000929,TXN00014710,True,USR38547,True,MCH5541,True,2026-01-23 13:11:04,2026-02-03 12:11:04,2026-02-04 12:11:00,True,10.0,3089.13,False,False,UNAUTHORIZED_TRANSACTION,Unauthorized Transaction,Merchant service was not delivered after payment.,OPEN,MEDIUM,IVR
CBK0002608,TXN00012654,True,USR13367,False,MCH8076,True,2026-03-29 04:01:37,,2026-04-24 19:01:00,True,,326.32,False,False,ACCOUNT_TAKEOVER,account hacked,User claims account was compromised before transaction.,RESOLVED,LOW,APP
CBK0002430,TXN00019681,True,USR37650,True,MCH5655,False,2026-01-29 00:00:00,2026-02-04 00:00:00,2026-02-15 00:00:00,True,6.0,9661.7,False,False,SERVICE_NOT_DELIVERED,not delivered,Customer says amount was debited twice.,RESOLVED,HIGH,IVR
CBK0002156,TXN00013206,True,USR11987,True,MCH6665,True,2026-01-24 09:52:00,2026-01-25 04:52:00,,True,0.0,26477.69,False,False,GENERAL_DISPUTE,Customer Dispute,Complaint received after multiple failed attempts.,IN_PROGRESS,HIGH,EMAIL
CBK0000366,TXN00002078,True,USR73403,False,MCH5076,False,2026-03-02 18:29:32,2026-03-04 00:00:00,,True,1.0,6907.46,False,False,AMOUNT_MISMATCH,extra amount deducted,Customer says transaction was not authorized.,CLOSED,LOW,CALL_CENTER
CBK0000432,TXN00094213,False,USR96958,False,MCH7286,False,2026-01-29 00:00:00,2026-02-01 00:00:00,2026-02-02 00:00:00,True,3.0,1411.26,True,False,UNAUTHORIZED_TRANSACTION,unauth txn,User reports money deducted but merchant denies receiving payment.,RESOLVED,HIGH,EMAIL
CBK0001972,TXN00001376,True,USR12133,False,MCH6555,True,2026-02-01 02:24:08,2026-02-06 04:24:08,,True,5.0,1261.15,False,False,SERVICE_NOT_DELIVERED,item not received,Merchant service was not delivered after payment.,CLOSED,MEDIUM,CHATBOT
CBK0001250,TXN00015587,True,USR11697,False,MCH8741,True,2026-02-02 00:00:00,2026-02-05 00:00:00,,True,3.0,11364.57,False,False,GENERAL_DISPUTE,no service,Complaint received after multiple failed attempts.,PENDING_BANK,LOW,APP
CBK0001283,TXN00002013,True,USR31545,False,MCH5974,True,,2026-03-04 02:59:29,2026-03-28 00:00:00,True,,439.0,False,False,UNAUTHORIZED_TRANSACTION,unauth txn,Suspicious high-value payment disputed by customer.,REJECTED,MEDIUM,CALL_CENTER
CBK0000973,TXN00016040,True,USR25345,False,MCH3851,False,2026-02-04 00:00:00,2026-02-06 00:00:00,2026-03-07 00:00:00,True,2.0,3127.0,False,False,UNAUTHORIZED_TRANSACTION,unauth txn,Complaint received after multiple failed attempts.,PENDING_BANK,LOW,IVR
CBK0000578,TXN00006468,True,USR71457,True,MCH6810,False,2026-01-09 11:52:43,2026-01-11 20:52:43,2026-01-13 00:00:00,True,2.0,7884.04,False,False,UNAUTHORIZED_TRANSACTION,UNAUTHORISED,Suspicious high-value payment disputed by customer.,IN_PROGRESS,LOW,IVR
CBK0001696,TXN00019601,True,USR19556,False,MCH5844,False,2026-03-08 00:00:00,2026-03-09 13:14:00,2026-04-03 00:00:00,True,1.0,9956.85,False,False,ACCOUNT_TAKEOVER,ATO,Suspicious high-value payment disputed by customer.,CLOSED,HIGH,CHATBOT
CBK0002333,TXN00002832,True,USR10042,False,MCH1611,True,2026-03-02 13:26:00,2026-03-05 00:00:00,2026-04-04 00:00:00,True,2.0,8214.17,False,False,ACCOUNT_TAKEOVER,Account Takeover,Merchant service was not delivered after payment.,REJECTED,MEDIUM,IVR
CBK0001122,TXN00015275,True,USR61052,False,MCH8979,False,2026-03-07 00:00:00,2026-03-13 16:27:48,2026-04-11 16:27:48,True,6.0,320.53,False,False,SERVICE_NOT_DELIVERED,not delivered,Complaint received after multiple failed attempts.,REJECTED,MEDIUM,IVR
CBK0000959,TXN00011129,True,USR50320,False,MCH6319,False,2026-02-07 00:00:00,2026-03-09 11:52:00,,True,30.0,4888.42,False,False,UNAUTHORIZED_TRANSACTION,unauth txn,User reports money deducted but merchant denies receiving payment.,CLOSED,MEDIUM,EMAIL
CBK0001968,,False,USR46599,False,MCH1320,True,2026-03-21 00:00:00,2026-03-23 00:00:00,2026-04-13 03:36:00,True,2.0,2799.09,False,False,GENERAL_DISPUTE,dispute raised,Customer says amount was debited twice.,PENDING_BANK,MEDIUM,EMAIL
CBK0001828,TXN00016623,True,USR59679,False,MCH8755,True,2026-01-05 00:00:00,2026-01-15 08:21:37,2026-02-03 08:21:37,True,10.0,818.66,False,False,ACCOUNT_TAKEOVER,account hacked,Customer says amount was debited twice. pls check asap,PENDING_BANK,HIGH,BRANCH
CBK0001654,TXN00012039,True,USR76792,False,MCH6492,True,2026-02-05 00:00:00,2026-02-07 05:28:28,2026-02-22 05:28:00,True,2.0,966.0,False,False,AMOUNT_MISMATCH,extra amount deducted,User reports money deducted but merchant denies receiving payment.,IN_PROGRESS,HIGH,CALL_CENTER
CBK0002440,TXN00014010,True,USR71922,True,MCH6703,False,2026-01-31 08:39:15,2026-02-01 08:39:00,,True,0.0,1883.55,False,False,UNAUTHORIZED_TRANSACTION,unauth txn,complaint received after multiple failed attempts.,IN_PROGRESS,HIGH,IVR
CBK0001278,TXN00008385,True,USR17657,False,MCH3542,False,2026-02-20 00:00:00,2026-04-06 00:00:00,,True,45.0,1944.27,False,False,GENERAL_DISPUTE,dispute raised,PAYMENT MADE TO UNKNOWN MERCHANT AS PER CUSTOMER STATEMENT.,RESOLVED,LOW,CHATBOT
CBK0002370,TXN00001816,True,USR24664,False,MCH3992,False,2026-03-25 00:00:00,2026-03-26 19:41:41,2026-04-13 00:00:00,True,1.0,6501.45,False,False,GENERAL_DISPUTE,DUP_DEBIT,Payment made to unknown merchant as per customer statement.,PENDING_BANK,LOW,CALL_CENTER
CBK0001105,TXN00019695,True,USR34180,False,MCH6310,False,2026-03-04 00:00:00,,,True,,1782.96,False,False,DUPLICATE_DEBIT,Duplicate Debit,User reports money deducted but merchant denies receiving payment.,OPEN,MEDIUM,CHATBOT
CBK0000180,TXN00019503,True,USR70812,True,MCH3936,True,2026-01-18 00:00:00,2026-01-22 00:00:00,2026-02-02 00:00:00,True,4.0,1537.27,False,False,SERVICE_NOT_DELIVERED,not delivered,user claims account was compromised before transaction.,IN_PROGRESS,LOW,BRANCH
CBK0000369,TXN00008758,True,USR86274,False,MCH3418,True,2026-03-18 04:15:38,2026-03-20 15:15:38,,True,2.0,11352.0,False,False,UNAUTHORIZED_TRANSACTION,UNAUTHORISED,User says UPI PIN was not entered by them.,IN_PROGRESS,MEDIUM,IVR
CBK0002303,TXN00016593,True,USR96415,True,MCH1320,True,2026-01-11 00:00:00,2026-01-13 00:00:00,2026-01-22 01:23:48,True,2.0,6511.97,False,False,UNAUTHORIZED_TRANSACTION,Unauthorized Transaction,Customer complaint text unclear due to poor call center notes.,RESOLVED,MEDIUM,IVR
CBK0001525,TXN00004103,True,USR18453,False,MCH7793,False,,2026-01-28 00:00:00,2026-02-01 00:00:00,True,,4864.83,False,False,ACCOUNT_TAKEOVER,ATO,User claims account was compromised before transaction.,CLOSED,MEDIUM,EMAIL
CBK0000316,TXN00016400,True,USR40842,False,MCH3815,False,2026-03-18 00:00:00,2026-04-18 00:00:00,2026-05-03 00:00:00,True,31.0,1616.81,False,False,AMOUNT_MISMATCH,Wrong Amount,COMPLAINT RECEIVED AFTER MULTIPLE FAILED ATTEMPTS.,RESOLVED,MEDIUM,CHATBOT
CBK0001238,TXN00006193,True,USR35817,True,MCH7061,True,2026-03-12 00:00:00,2026-03-13 00:00:00,2026-04-10 00:00:00,True,1.0,26207.56,False,False,FRAUD_SUSPECTED,FRAUD,Customer says amount was debited twice.,IN_PROGRESS,LOW,APP
CBK0002585,TXN00018187,True,USR23937,True,MCH4560,True,2026-03-24 00:00:00,2026-03-27 00:00:00,2026-04-14 14:38:55,True,3.0,,False,True,ACCOUNT_TAKEOVER,ATO,Customer complaint text unclear due to poor call center notes.,RESOLVED,MEDIUM,CHATBOT
CBK0001427,TXN00019824,True,USR76289,True,MCH5563,True,2026-01-06 00:00:00,2026-02-05 00:00:00,2026-03-03 08:07:00,True,30.0,755.08,False,False,GENERAL_DISPUTE,no service,Suspicious high-value payment disputed by customer.,REJECTED,CRITICAL,EMAIL
CBK0002514,TXN00001801,True,USR99493,False,MCH3992,False,2026-03-12 14:53:38,,2026-03-19 00:00:00,True,,4455.8,False,False,SERVICE_NOT_DELIVERED,not delivered,Customer says transaction was not authorized.,PENDING_BANK,LOW,BRANCH
CBK0001680,TXN00009645,True,USR11085,False,MCH7073,False,2026-01-31 16:31:00,2026-02-02 00:00:00,,True,1.0,3937.19,False,False,SERVICE_NOT_DELIVERED,not delivered,Complaint received after multiple failed attempts.,OPEN,MEDIUM,CHATBOT
CBK0002041,TXN00015934,True,USR69637,True,MCH2240,True,,2026-03-24 00:00:00,2026-04-17 00:00:00,True,,1508.23,False,False,GENERAL_DISPUTE,complaint,Customer complaint text unclear due to poor call center notes.,CLOSED,HIGH,CHATBOT
CBK0002780,TXN00040959,False,USR75376,False,MCH4293,False,2026-02-26 00:00:00,2026-03-13 00:00:00,,True,15.0,823.15,False,False,SERVICE_NOT_DELIVERED,item not received,User says UPI PIN was not entered by them.,IN_PROGRESS,HIGH,CHATBOT
CBK0000294,TXN00019876,True,USR55690,False,MCH6739,False,,,2026-03-20 23:37:00,True,,2134.32,False,False,DUPLICATE_DEBIT,Duplicate Debit,CUSTOMER COMPLAINT TEXT UNCLEAR DUE TO POOR CALL CENTER NOTES.,PENDING_BANK,LOW,IVR
CBK0002617,TXN00016671,True,USR60544,False,MCH7838,True,2026-02-09 00:00:00,2026-02-24 00:00:00,2026-03-17 23:17:16,True,15.0,1587.1,False,False,GENERAL_DISPUTE,Customer Dispute,User claims account was compromised before transaction.,REJECTED,LOW,CALL_CENTER
CBK0001175,TXN00061071,False,USR22543,False,MCH3116,False,2026-02-04 15:43:17,2026-02-10 00:00:00,2026-02-22 11:43:00,True,5.0,,False,True,GENERAL_DISPUTE,customer issue,customer says amount was debited twice.,IN_PROGRESS,CRITICAL,CHATBOT
CBK0001087,TXN00014733,True,USR20889,False,MCH5264,False,2026-02-06 00:00:00,2026-02-06 00:00:00,,True,0.0,1558.23,False,False,SERVICE_NOT_DELIVERED,merchant service issue,Suspicious high-value payment disputed by customer.,IN_PROGRESS,HIGH,CALL_CENTER
CBK0002077,TXN00005419,True,USR55970,False,MCH9128,True,2026-01-22 00:00:00,2026-01-30 00:00:00,2026-02-25 00:00:00,True,8.0,8383.0,False,False,FRAUD_SUSPECTED,Fraud Suspected,Payment made to unknown merchant as per customer statement.,REJECTED,LOW,CALL_CENTER
CBK0001820,TXN00007866,True,USR51854,False,MCH1450,True,2026-02-21 00:00:00,2026-02-22 00:00:00,2026-03-23 19:57:00,True,1.0,2477.45,True,False,AMOUNT_MISMATCH,incorrect amount,complaint received after multiple failed attempts.,REJECTED,LOW,EMAIL
CBK0001018,TXN00018348,True,USR13510,False,MCH1320,True,2026-01-28 00:00:00,2026-02-13 05:26:28,2026-02-17 00:00:00,True,16.0,1207.49,False,False,UNAUTHORIZED_TRANSACTION,Unauthorized Transaction,Complaint received after multiple failed attempts.,RESOLVED,LOW,APP
CBK0001949,TXN00000319,True,USR60096,True,MCH4998,True,2026-02-19 00:00:00,2026-02-24 00:00:00,2026-03-21 00:00:00,True,5.0,2189.0,False,False,GENERAL_DISPUTE,customer issue,Customer says amount was debited twice.,PENDING_BANK,MEDIUM,EMAIL
CBK0000860,TXN00007296,True,USR97580,True,MCH3701,True,2026-02-04 00:00:00,,,True,,1425.61,False,False,SERVICE_NOT_DELIVERED,delivery issue,Suspicious high-value payment disputed by customer.,PENDING_BANK,MEDIUM,CHATBOT
CBK0000879,TXN00018041,True,USR59366,False,MCH6145,False,2026-03-14 00:00:00,2026-03-24 00:00:00,2026-03-25 00:00:00,True,10.0,479.19,False,False,FRAUD_SUSPECTED,scam,Customer complaint text unclear due to poor call center notes.,PENDING_BANK,LOW,IVR
CBK0001383,TXN00005315,True,USR50648,False,MCH2822,False,2026-03-06 00:00:00,2026-03-12 00:00:00,2026-03-27 05:23:46,True,6.0,819.89,False,False,GENERAL_DISPUTE,Customer Dispute,User reports money deducted but merchant denies receiving payment.,OPEN,LOW,CHATBOT
CBK0001532,,False,USR52450,False,MCH6244,True,,2026-03-12 00:00:00,2026-03-30 00:00:00,True,,3174.58,False,False,GENERAL_DISPUTE,complaint,User reports money deducted but merchant denies receiving payment.,REJECTED,LOW,IVR
CBK0000448,TXN00013063,True,USR62513,False,MCH8391,True,2026-02-14 00:00:00,,2026-02-17 10:59:00,True,,395.16,False,False,SERVICE_NOT_DELIVERED,merchant service issue,Suspicious high-value payment disputed by customer.,REJECTED,MEDIUM,EMAIL
CBK0002336,TXN00014456,True,USR56287,False,MCH4473,False,,2026-01-10 09:07:37,2026-02-05 00:00:00,True,,4534.17,False,False,SERVICE_NOT_DELIVERED,merchant service issue,Merchant service was not delivered after payment.,PENDING_BANK,LOW,EMAIL
CBK0001121,TXN00005396,True,USR14769,False,MCH8455,True,2026-01-23 08:19:00,,,True,,2926.18,False,False,FRAUD_SUSPECTED,scam,Customer says transaction was not authorized.,OPEN,MEDIUM,EMAIL
CBK0001266,TXN00017098,True,USR19427,False,MCH5980,True,2026-01-30 00:00:00,2026-02-02 14:20:47,2026-02-03 00:00:00,True,3.0,1358.37,False,False,GENERAL_DISPUTE,DUP_DEBIT,Complaint received after multiple failed attempts.,REJECTED,MEDIUM,CHATBOT
CBK0001732,TXN00007456,True,USR17657,False,MCH3806,True,2026-03-17 00:00:00,2026-03-17 00:00:00,,True,0.0,2655.0,False,False,FRAUD_SUSPECTED,Fraud Suspected,User claims account was compromised before transaction.,CLOSED,CRITICAL,BRANCH
CBK0000575,TXN00009966,True,USR40897,False,MCH9575,False,2026-02-23 00:00:00,2026-02-23 00:00:00,,True,0.0,606.33,False,False,SERVICE_NOT_DELIVERED,item not received,merchant service was not delivered after payment.,REJECTED,CRITICAL,EMAIL
CBK0002268,TXN00008063,True,USR89588,False,MCH1457,True,2026-03-08 00:00:00,2026-03-19 00:00:00,2026-03-28 00:00:00,True,11.0,2296.42,False,False,GENERAL_DISPUTE,complaint,User says UPI PIN was not entered by them.,OPEN,HIGH,BRANCH
CBK0001126,TXN00007982,True,USR35882,False,MCH4473,False,2026-03-28 21:42:00,,,True,,3415.3,True,False,UNAUTHORIZED_TRANSACTION,unauthorized_transaction,Merchant service was not delivered after payment.,CLOSED,HIGH,EMAIL
CBK0002517,TXN00011567,True,USR30157,False,MCH1130,True,2026-01-26 00:00:00,2026-01-26 22:31:00,2026-01-30 22:31:46,True,0.0,7727.83,True,False,GENERAL_DISPUTE,complaint,Customer says transaction was not authorized. urgent,CLOSED,MEDIUM,CALL_CENTER
CBK0001815,TXN00017040,True,USR53591,True,MCH4590,False,2026-03-11 16:43:08,,2026-04-05 00:00:00,True,,2935.06,False,False,SERVICE_NOT_DELIVERED,item not received,Payment made to unknown merchant as per customer statement.,IN_PROGRESS,MEDIUM,IVR
CBK0000752,TXN00012584,True,USR47668,True,MCH3678,True,2026-01-17 00:00:00,2026-02-16 00:00:00,,True,30.0,397.91,False,False,GENERAL_DISPUTE,Customer Dispute,COMPLAINT RECEIVED AFTER MULTIPLE FAILED ATTEMPTS.,CLOSED,LOW,APP
CBK0000688,TXN00018235,True,USR63160,False,MCH6399,False,2026-02-17 08:49:47,2026-02-19 00:00:00,2026-03-18 00:00:00,True,1.0,5681.16,False,False,GENERAL_DISPUTE,Customer Dispute,User says UPI PIN was not entered by them.,REJECTED,HIGH,APP
CBK0001827,TXN00003656,True,USR60742,False,MCH3472,False,2026-03-26 00:00:00,2026-04-11 00:00:00,,True,16.0,1011.36,False,False,GENERAL_DISPUTE,dispute raised,complaint received after multiple failed attempts.,REJECTED,LOW,BRANCH
CBK0001798,TXN00017706,True,USR24802,False,MCH9650,False,2026-01-22 20:39:26,2026-01-24 00:00:00,2026-02-18 20:39:00,True,1.0,1159.44,False,False,ACCOUNT_TAKEOVER,Account Takeover,User says UPI PIN was not entered by them.,CLOSED,LOW,BRANCH
CBK0001588,TXN00006200,True,USR71373,False,MCH4370,True,2026-01-25 00:00:00,2026-01-28 00:00:00,,True,3.0,5233.09,False,False,SERVICE_NOT_DELIVERED,not delivered,Customer says transaction was not authorized.,IN_PROGRESS,HIGH,EMAIL
CBK0001960,TXN00008459,True,USR48339,False,MCH3765,True,2026-01-07 05:57:00,2026-01-12 00:00:00,2026-02-09 00:00:00,True,4.0,3145.24,False,False,ACCOUNT_TAKEOVER,Account Takeover,Customer complaint text unclear due to poor call center notes.,IN_PROGRESS,MEDIUM,CALL_CENTER
CBK0000227,TXN00013273,True,USR34180,False,MCH1485,False,2026-02-07 00:00:00,2026-02-09 08:37:14,,True,2.0,465.76,False,False,ACCOUNT_TAKEOVER,login compromised,User claims account was compromised before transaction.,PENDING_BANK,HIGH,EMAIL
CBK0001487,TXN00015922,True,USR41135,True,MCH5982,False,2026-02-23 00:00:00,2026-02-25 00:00:00,2026-03-16 00:00:00,True,2.0,759.33,True,False,GENERAL_DISPUTE,dispute raised,Complaint received after multiple failed attempts.,IN_PROGRESS,HIGH,IVR
CBK0002403,TXN00000926,True,USR32749,False,MCH6945,True,2026-03-17 00:00:00,2026-03-19 13:26:00,2026-04-17 13:26:01,True,2.0,486.0,False,False,GENERAL_DISPUTE,no service,SUSPICIOUS HIGH-VALUE PAYMENT DISPUTED BY CUSTOMER.,IN_PROGRESS,MEDIUM,CHATBOT
CBK0001606,TXN00006400,True,USR91446,True,MCH8696,False,2026-01-29 00:00:00,2026-02-01 00:00:00,2026-02-13 00:00:00,True,3.0,3582.55,False,False,UNAUTHORIZED_TRANSACTION,UNAUTHORISED,Suspicious high-value payment disputed by customer. call dropped,IN_PROGRESS,HIGH,EMAIL
CBK0002158,TXN00015104,True,USR76750,False,MCH6228,True,2026-01-19 00:00:00,2026-01-25 00:00:00,2026-01-30 00:00:00,True,6.0,2517.56,False,False,GENERAL_DISPUTE,Customer Dispute,User claims account was compromised before transaction.,REJECTED,LOW,BRANCH
CBK0000247,TXN00019340,True,USR75302,True,MCH7286,False,2026-01-04 20:29:59,2026-01-04 00:00:00,2026-01-18 00:00:00,False,,1486.0,False,False,SERVICE_NOT_DELIVERED,service failed,Customer says transaction was not authorized.,RESOLVED,HIGH,CALL_CENTER
CBK0002588,TXN00008732,True,USR22039,False,MCH2374,False,2026-03-22 00:00:00,2026-04-01 00:00:00,,True,10.0,3491.72,False,False,DUPLICATE_DEBIT,charged twice,User says UPI PIN was not entered by them.,CLOSED,HIGH,CHATBOT
CBK0001636,TXN00012003,True,USR66224,False,MCH3992,False,2026-02-20 00:00:00,2026-02-27 00:00:00,,True,7.0,1641.33,False,False,AMOUNT_MISMATCH,extra amount deducted,SUSPICIOUS HIGH-VALUE PAYMENT DISPUTED BY CUSTOMER.,IN_PROGRESS,MEDIUM,APP
CBK0001542,TXN00007849,True,USR68559,True,MCH4064,True,2026-01-21 03:43:00,2026-01-23 03:43:00,2026-02-15 03:43:00,True,2.0,1413.0,False,False,SERVICE_NOT_DELIVERED,Service Not Provided,Complaint received after multiple failed attempts.,PENDING_BANK,MEDIUM,BRANCH
CBK0000088,TXN00002716,True,USR62830,True,MCH4381,False,2026-01-22 00:00:00,2026-01-25 00:00:00,2026-02-15 00:00:00,True,3.0,8825.16,False,False,AMOUNT_MISMATCH,incorrect amount,merchant service was not delivered after payment.,REJECTED,MEDIUM,CALL_CENTER
CBK0002664,TXN00008946,True,USR84093,True,MCH1298,True,2026-01-06 13:57:53,2026-01-09 07:57:53,2026-02-08 07:57:00,True,2.0,815.57,False,False,UNAUTHORIZED_TRANSACTION,unauth txn,Suspicious high-value payment disputed by customer. details missing,REJECTED,MEDIUM,IVR
CBK0001415,TXN00018932,True,USR90778,False,MCH1764,True,2026-03-29 04:23:47,2026-03-31 10:23:00,2026-04-15 10:23:47,True,2.0,1825.0,False,False,UNAUTHORIZED_TRANSACTION,not done by me,complaint received after multiple failed attempts.,OPEN,HIGH,IVR
CBK0000390,TXN00006356,True,USR12919,False,MCH6810,False,2026-03-23 00:00:00,2026-05-07 00:00:00,2026-06-03 00:00:00,True,45.0,344.33,True,False,GENERAL_DISPUTE,customer issue,User says UPI PIN was not entered by them.,RESOLVED,LOW,CALL_CENTER
CBK0000693,TXN00018137,True,USR29306,False,MCH7744,True,2026-02-15 00:00:00,2026-02-18 00:00:00,2026-02-18 00:00:00,True,3.0,7022.75,False,False,AMOUNT_MISMATCH,extra amount deducted,Customer says txn was not authorized.,IN_PROGRESS,MEDIUM,IVR
CBK0002485,TXN00010063,True,USR21384,False,MCH6470,False,2026-03-03 00:00:00,2026-03-05 00:00:00,,True,2.0,1603.64,True,False,SERVICE_NOT_DELIVERED,Service Not Provided,complaint received after multiple failed attempts.,IN_PROGRESS,MEDIUM,BRANCH
CBK0002258,TXN00014019,True,USR41320,True,MCH3992,False,2026-03-09 00:00:00,2026-03-11 00:00:00,2026-03-31 00:00:00,True,2.0,1550.0,False,False,ACCOUNT_TAKEOVER,ATO,User claims account was compromised before transaction.,RESOLVED,LOW,EMAIL
CBK0002045,TXN00002711,True,USR57231,True,MCH4181,False,2026-01-23 00:00:00,2026-01-31 00:00:00,2026-02-12 00:00:00,True,8.0,3969.0,False,False,SERVICE_NOT_DELIVERED,Service Not Provided,Customer complaint text unclear due to poor call center notes.,CLOSED,LOW,CHATBOT
CBK0000122,TXN00015011,True,USR79150,False,MCH7474,False,2026-02-25 00:00:00,2026-03-07 00:00:00,2026-03-18 00:00:00,True,10.0,1339.61,False,False,UNAUTHORIZED_TRANSACTION,UNAUTHORISED,User reports money deducted but merchant denies receiving payment.,IN_PROGRESS,LOW,EMAIL
CBK0002239,TXN00004673,True,USR82373,True,MCH4473,False,2026-02-13 09:50:18,2026-02-19 00:00:00,2026-02-26 04:50:18,True,5.0,1272.25,False,False,GENERAL_DISPUTE,Customer Dispute,Customer says amount was debited twice.,RESOLVED,LOW,CHATBOT
CBK0001382,,False,USR57424,False,MCH4684,False,2026-01-02 00:00:00,2026-01-03 00:00:00,2026-02-01 00:00:00,True,1.0,678.56,False,False,UNAUTHORIZED_TRANSACTION,unauth txn,Customer complaint text unclear due to poor call center notes.,PENDING_BANK,LOW,IVR
CBK0002315,TXN00012331,True,USR91192,True,MCH2718,True,,2026-02-14 00:00:00,,True,,1246.25,False,False,FRAUD_SUSPECTED,FRAUD,Customer complaint text unclear due to poor call center notes.,PENDING_BANK,MEDIUM,BRANCH
CBK0001978,TXN00012089,True,USR83284,False,MCH4334,True,2026-03-31 04:45:00,2026-04-04 00:00:00,2026-04-28 00:00:00,True,3.0,1931.29,False,False,UNAUTHORIZED_TRANSACTION,UNAUTHORISED,User reports money deducted but merchant denies receiving payment.,OPEN,LOW,IVR
CBK0001151,TXN00002195,True,USR98362,False,MCH1468,False,2026-03-30 22:38:33,2026-04-05 01:38:00,,True,5.0,4960.35,False,False,UNAUTHORIZED_TRANSACTION,Unauthorized Transaction,Complaint received after multiple failed attempts.,REJECTED,LOW,APP
CBK0000424,TXN00095161,False,USR40061,True,MCH1589,False,2026-03-22 09:02:49,2026-03-24 00:00:00,2026-04-20 00:00:00,True,1.0,4157.35,False,False,AMOUNT_MISMATCH,Wrong Amount,Payment made to unknown merchant as per customer statement.,OPEN,LOW,IVR
CBK0002543,TXN00001628,True,USR11727,False,MCH7286,False,2026-02-09 00:00:00,,2026-02-20 00:00:00,True,,,False,True,AMOUNT_MISMATCH,amount mismatch,Payment made to unknown merchant as per customer statement.,PENDING_BANK,MEDIUM,IVR
CBK0000371,TXN00002374,True,USR58639,False,MCH5954,True,2026-03-31 00:00:00,2026-04-03 04:13:08,,True,3.0,1428.93,False,False,UNAUTHORIZED_TRANSACTION,unauth txn,Customer complaint text unclear due to poor call center notes.,RESOLVED,HIGH,APP
CBK0001586,TXN00001182,True,USR80241,True,MCH7734,False,2026-03-30 00:00:00,2026-04-04 00:00:00,,True,5.0,261.51,False,False,SERVICE_NOT_DELIVERED,service failed,User says UPI PIN was not entered by them. pls check asap,PENDING_BANK,MEDIUM,BRANCH
CBK0002553,TXN00012590,True,USR41260,False,MCH4089,True,2026-03-16 00:00:00,2026-03-31 00:00:00,2026-04-17 00:00:00,True,15.0,8645.0,False,False,GENERAL_DISPUTE,dispute raised,COMPLAINT RECEIVED AFTER MULTIPLE FAILED ATTEMPTS.,CLOSED,CRITICAL,IVR
CBK0002432,TXN00013381,True,USR11036,False,MCH9344,False,2026-03-31 00:00:00,2026-04-02 05:19:00,2026-04-15 00:00:00,True,2.0,738.73,False,False,AMOUNT_MISMATCH,extra amount deducted,User claims account was compromised before transaction.,PENDING_BANK,MEDIUM,IVR
CBK0001998,TXN00000406,True,USR93650,True,MCH2266,True,2026-01-31 22:47:03,2026-02-01 00:00:00,2026-02-06 01:47:00,True,0.0,2066.08,False,False,FRAUD_SUSPECTED,Fraud Suspected,Customer says amount was debited twice.,IN_PROGRESS,HIGH,CHATBOT
CBK0002566,TXN00000405,True,USR64878,True,MCH8953,True,2026-03-13 09:18:13,2026-03-24 00:00:00,2026-04-08 00:00:00,True,10.0,3060.38,False,False,SERVICE_NOT_DELIVERED,not delivered,suspicious high-value payment disputed by customer.,IN_PROGRESS,LOW,APP
CBK0001756,TXN00005028,True,USR40684,False,MCH7978,True,2026-02-22 00:00:00,,2026-03-10 00:00:00,True,,1800.13,False,False,ACCOUNT_TAKEOVER,login compromised,User reports money deducted but merchant denies receiving payment.,PENDING_BANK,HIGH,CHATBOT
CBK0002645,TXN00004392,True,USR43033,False,MCH3019,False,2026-02-18 00:00:00,2026-02-21 12:13:00,2026-03-09 12:13:05,True,3.0,272.46,False,False,SERVICE_NOT_DELIVERED,merchant service issue,User claims account was compromised before transaction.,REJECTED,LOW,CHATBOT
CBK0002230,TXN00009287,True,USR50434,True,MCH1683,True,2026-01-10 00:00:00,2026-01-13 00:00:00,2026-02-03 00:00:00,True,3.0,1407.0,False,False,FRAUD_SUSPECTED,fraud,Merchant service was not delivered after payment.,IN_PROGRESS,MEDIUM,CHATBOT
CBK0000526,TXN00006600,True,USR65622,False,MCH3129,True,2026-01-28 00:00:00,2026-01-31 21:13:00,2026-02-05 00:00:00,True,3.0,,False,True,SERVICE_NOT_DELIVERED,item not received,Customer complaint text unclear due to poor call center notes.,OPEN,MEDIUM,APP
CBK0001449,TXN00008116,True,USR21449,False,MCH7397,False,2026-03-27 00:00:00,2026-03-29 15:23:00,2026-03-29 00:00:00,False,,19544.3,False,False,ACCOUNT_TAKEOVER,login compromised,Customer says amount was debited twice.,RESOLVED,MEDIUM,EMAIL
CBK0002686,TXN00017656,True,USR69648,True,MCH9430,True,,2026-01-03 03:37:00,2026-01-08 00:00:00,True,,447.83,True,False,UNAUTHORIZED_TRANSACTION,unauth txn,Customer complaint text unclear due to poor call center notes.,RESOLVED,MEDIUM,CHATBOT
CBK0000533,TXN00001047,True,USR30500,False,MCH9291,True,2026-01-19 06:20:45,2026-01-21 00:00:00,,True,1.0,518.0,False,False,SERVICE_NOT_DELIVERED,item not received,suspicious high-value payment disputed by customer.,RESOLVED,LOW,CHATBOT
CBK0001709,TXN00014343,True,USR26622,False,MCH8668,False,2026-02-04 00:00:00,2026-02-02 00:00:00,2026-02-17 00:00:00,False,,2893.0,False,False,SERVICE_NOT_DELIVERED,Service Not Provided,User says UPI PIN was not entered by them.,OPEN,MEDIUM,BRANCH
CBK0001509,TXN00011866,True,USR37594,False,MCH9858,True,2026-02-16 12:27:00,2026-02-27 00:00:00,,True,10.0,628.55,False,False,SERVICE_NOT_DELIVERED,service failed,Customer says transaction was not authorized.,RESOLVED,LOW,CHATBOT
CBK0000303,TXN00015469,True,USR54853,False,MCH2556,True,2026-01-11 14:40:00,2026-02-26 00:00:00,,True,45.0,,False,True,GENERAL_DISPUTE,DUP_DEBIT,Customer complaint text unclear due to poor call center notes.,IN_PROGRESS,MEDIUM,CHATBOT
CBK0001911,TXN00009220,True,USR30497,False,MCH8391,True,2026-02-23 14:29:24,2026-02-27 00:00:00,2026-03-14 00:00:00,True,3.0,914.0,False,False,GENERAL_DISPUTE,no service,User says UPI PIN was not entered by them.,OPEN,MEDIUM,APP
CBK0000626,TXN00018979,True,USR61349,False,MCH5687,True,2026-02-02 04:41:35,,2026-02-28 00:00:00,True,,2995.87,False,False,FRAUD_SUSPECTED,scam,Customer says transaction was not authorized.,IN_PROGRESS,MEDIUM,CHATBOT
CBK0000415,TXN00009182,True,USR26627,False,MCH9291,True,2026-03-28 00:00:00,2026-03-29 12:42:00,2026-04-16 12:42:25,True,1.0,4153.73,True,False,AMOUNT_MISMATCH,incorrect amount,user claims account was compromised before transaction.,REJECTED,MEDIUM,IVR
CBK0002793,TXN00005174,True,USR39885,False,MCH8673,True,2026-02-06 00:00:00,2026-02-12 00:00:00,2026-02-12 00:00:00,True,6.0,1679.19,False,False,UNAUTHORIZED_TRANSACTION,unauth txn,user reports money deducted but merchant denies receiving payment.,RESOLVED,HIGH,CHATBOT
CBK0001629,TXN00012665,True,USR52097,False,MCH2757,True,2026-03-16 00:00:00,2026-03-19 00:00:00,,True,3.0,3223.69,False,False,SERVICE_NOT_DELIVERED,delivery issue,Complaint received after multiple failed attempts.,IN_PROGRESS,CRITICAL,EMAIL
CBK0001065,TXN00018250,True,USR21407,False,MCH5172,False,2026-01-11 00:00:00,2026-01-14 23:22:45,2026-01-19 00:00:00,True,3.0,4835.58,False,False,UNAUTHORIZED_TRANSACTION,not done by me,Customer complaint text unclear due to poor call center notes.,CLOSED,LOW,IVR
CBK0002087,TXN00011160,True,USR29051,False,MCH4590,False,2026-03-17 00:00:00,2026-03-18 00:00:00,2026-04-03 09:26:00,True,1.0,1773.89,False,False,GENERAL_DISPUTE,no service,Customer says amount was debited twice.,REJECTED,LOW,BRANCH
CBK0001063,TXN00000271,True,USR23350,False,MCH6258,True,2026-03-17 03:29:28,2026-03-18 00:00:00,,True,0.0,16937.48,False,False,ACCOUNT_TAKEOVER,Account Takeover,Customer says amount was debited twice.,PENDING_BANK,MEDIUM,IVR
CBK0002348,TXN00012938,True,USR62273,False,MCH3100,False,2026-03-09 00:00:00,2026-03-19 00:00:00,2026-03-20 00:00:00,True,10.0,3749.0,False,False,ACCOUNT_TAKEOVER,account hacked,User claims account was compromised before transaction.,OPEN,LOW,APP
CBK0002447,TXN00012629,True,USR35956,True,MCH8605,False,2026-02-13 00:00:00,2026-03-16 00:00:00,2026-04-04 00:00:00,True,31.0,3056.74,False,False,SERVICE_NOT_DELIVERED,item not received,Customer says transaction was not authorized. NA,OPEN,MEDIUM,CALL_CENTER
CBK0001531,TXN00018893,True,USR98962,True,MCH8250,False,2026-02-28 21:20:00,2026-03-01 00:00:00,,True,0.0,3450.22,False,False,DUPLICATE_DEBIT,Duplicate Debit,User claims account was compromised before transaction. pls check asap,PENDING_BANK,MEDIUM,EMAIL
CBK0000921,TXN00009757,True,USR21384,False,MCH6474,True,2026-02-12 02:48:37,2026-02-17 09:48:37,2026-03-06 00:00:00,True,5.0,,False,True,AMOUNT_MISMATCH,incorrect amount,Merchant service was not delivered after payment.,REJECTED,LOW,BRANCH
CBK0002660,TXN00015268,True,USR84844,True,MCH9709,False,2026-03-23 00:00:00,2026-03-25 00:00:00,2026-04-20 10:49:25,True,2.0,4086.0,False,False,SERVICE_NOT_DELIVERED,delivery issue,Suspicious high-value payment disputed by customer.,OPEN,MEDIUM,EMAIL
CBK0000513,TXN00003962,True,USR43455,True,MCH5580,True,2026-02-16 00:00:00,2026-02-21 00:00:00,2026-03-16 12:04:00,True,5.0,12077.97,False,False,AMOUNT_MISMATCH,Wrong Amount,Complaint received after multiple failed attempts. urgent,RESOLVED,CRITICAL,CHATBOT
CBK0000969,TXN00014162,True,USR45011,False,MCH6383,True,2026-02-18 00:00:00,2026-03-06 00:00:00,2026-03-19 11:52:22,True,16.0,4363.63,False,False,SERVICE_NOT_DELIVERED,not delivered,payment made to unknown merchant as per customer statement.,IN_PROGRESS,LOW,BRANCH
CBK0000468,TXN00004108,True,USR22727,True,MCH3160,False,2026-02-25 00:00:00,2026-03-01 01:25:00,2026-03-18 00:00:00,True,4.0,5763.03,False,False,FRAUD_SUSPECTED,Fraud Suspected,User says UPI PIN was not entered by them.,RESOLVED,HIGH,CHATBOT
CBK0002014,TXN00016742,True,USR94725,False,MCH8212,True,2026-01-24 00:00:00,,,True,,1163.64,False,False,FRAUD_SUSPECTED,Fraud Suspected,Complaint received after multiple failed attempts.,OPEN,LOW,EMAIL
CBK0000951,TXN00000025,True,USR43827,False,MCH5400,False,,2026-03-28 00:00:00,2026-04-10 00:00:00,True,,1302.18,False,False,SERVICE_NOT_DELIVERED,delivery issue,Suspicious high-value payment disputed by customer. details missing,CLOSED,LOW,APP
CBK0001507,TXN00014680,True,USR38336,False,MCH1475,True,2026-01-29 00:00:00,2026-02-28 00:00:00,2026-03-25 00:00:00,True,30.0,6017.37,False,False,AMOUNT_MISMATCH,Wrong Amount,Payment made to unknown merchant as per customer statement.,REJECTED,LOW,CHATBOT
CBK0000470,TXN00016736,True,USR95074,False,MCH2822,False,2026-02-08 00:00:00,2026-02-10 17:51:46,2026-03-12 00:00:00,True,2.0,15548.64,False,False,FRAUD_SUSPECTED,Fraud Suspected,User claims account was compromised before transaction.,REJECTED,MEDIUM,CHATBOT
CBK0000453,TXN00008829,True,USR76027,False,MCH5301,False,2026-03-25 17:00:00,2026-03-29 00:00:00,2026-04-13 13:00:00,True,3.0,19778.02,False,False,SERVICE_NOT_DELIVERED,Merchant Not Delivered,CUSTOMER COMPLAINT TEXT UNCLEAR DUE TO POOR CALL CENTER NOTES.,IN_PROGRESS,CRITICAL,BRANCH
CBK0000183,TXN00018275,True,USR61083,True,MCH2383,True,2026-03-29 06:16:45,2026-04-08 07:16:00,2026-04-29 00:00:00,True,10.0,894.24,False,False,AMOUNT_MISMATCH,Wrong Amount,Suspicious high-value payment disputed by customer.,REJECTED,LOW,CALL_CENTER
CBK0000309,TXN00008361,True,USR59660,True,MCH3485,False,2026-02-12 00:00:00,2026-02-23 00:00:00,2026-03-12 00:00:00,True,11.0,5163.82,False,False,GENERAL_DISPUTE,customer issue,User claims account was compromised before transaction.,OPEN,LOW,EMAIL
CBK0001243,TXN00018079,True,USR63150,False,MCH6850,False,2026-03-25 00:00:00,2026-03-29 00:00:00,2026-04-07 02:25:00,True,4.0,8988.28,False,False,DUPLICATE_DEBIT,Duplicate Debit,Complaint received after multiple failed attempts.,RESOLVED,MEDIUM,CHATBOT
CBK0000692,TXN00005181,True,USR70317,False,MCH3740,False,2026-03-01 13:57:00,2026-03-05 00:00:00,2026-03-15 00:57:00,True,3.0,1107.86,False,False,GENERAL_DISPUTE,no service,Merchant service was not delivered after payment.,OPEN,LOW,CHATBOT
CBK0000685,TXN00011648,True,USR24719,False,MCH5852,False,2026-02-08 00:00:00,2026-02-11 00:00:00,,True,3.0,2218.94,False,False,DUPLICATE_DEBIT,charged twice,User claims account was compromised before transaction.,REJECTED,MEDIUM,EMAIL
CBK0000550,TXN00015783,True,USR50831,False,MCH8921,True,2026-03-27 00:00:00,,2026-04-07 00:00:00,True,,2852.68,False,False,ACCOUNT_TAKEOVER,account hacked,Customer complaint text unclear due to poor call center notes.,IN_PROGRESS,HIGH,IVR
CBK0000201,TXN00011466,True,USR99920,False,MCH9344,False,2026-02-06 00:00:00,2026-02-09 00:00:00,2026-03-04 00:00:00,True,3.0,860.0,False,False,UNAUTHORIZED_TRANSACTION,UNAUTHORISED,User reports money deducted but merchant denies receiving payment.,IN_PROGRESS,HIGH,EMAIL
CBK0001657,TXN00002770,True,USR79332,False,MCH7033,True,2026-03-19 00:00:00,2026-03-22 00:00:00,2026-03-28 17:25:00,True,3.0,1004.64,False,False,ACCOUNT_TAKEOVER,ATO,Customer says transaction was not authorized.,OPEN,MEDIUM,EMAIL
CBK0002790,TXN00005364,True,USR44424,False,MCH3678,True,2026-02-03 00:00:00,2026-02-05 00:00:00,2026-03-04 00:00:00,True,2.0,,False,True,SERVICE_NOT_DELIVERED,not delivered,PAYMENT MADE TO UNKNOWN MERCHANT AS PER CUSTOMER STATEMENT.,CLOSED,CRITICAL,EMAIL
CBK0001692,TXN00054083,False,USR37452,False,MCH4658,True,2026-02-02 00:00:00,2026-02-05 00:00:00,2026-02-12 08:27:52,True,3.0,664.5,False,False,UNAUTHORIZED_TRANSACTION,unauth txn,customer says transaction was not authorized.,REJECTED,MEDIUM,CALL_CENTER
CBK0000389,TXN00015997,True,USR38082,False,MCH5891,False,,2026-02-27 01:44:30,2026-03-04 01:44:00,True,,1370.91,False,False,UNAUTHORIZED_TRANSACTION,not done by me,Customer says amount was debited twice.,PENDING_BANK,LOW,IVR
CBK0001599,TXN00018048,True,USR45408,False,MCH4590,False,2026-02-03 07:57:00,2026-02-05 16:57:00,,True,2.0,2467.08,False,False,SERVICE_NOT_DELIVERED,Service Not Provided,Customer complaint text unclear due to poor call center notes.,PENDING_BANK,HIGH,CHATBOT
CBK0000152,TXN00056695,False,USR13925,True,MCH6810,False,2026-03-24 11:00:00,2026-03-19 11:00:00,2026-04-13 11:00:46,False,,3475.46,True,False,UNAUTHORIZED_TRANSACTION,UNAUTHORISED,Suspicious high-value payment disputed by customer.,OPEN,CRITICAL,EMAIL
CBK0001688,TXN00015571,True,USR42338,True,MCH6498,True,2026-02-03 00:00:00,2026-02-07 00:00:00,2026-02-15 13:16:00,True,4.0,722.56,False,False,ACCOUNT_TAKEOVER,login compromised,Merchant service was not delivered after payment.,CLOSED,MEDIUM,CALL_CENTER
CBK0002187,TXN00007012,True,USR73010,False,MCH4473,False,2026-01-01 00:00:00,,2026-01-25 00:00:00,True,,1064.0,False,False,GENERAL_DISPUTE,customer issue,Payment made to unknown merchant as per customer statement.,CLOSED,HIGH,APP
CBK0001704,TXN00005100,True,USR11419,False,MCH1320,True,2026-03-11 00:00:00,2026-03-19 18:04:00,2026-03-22 18:04:40,True,8.0,3671.61,True,False,ACCOUNT_TAKEOVER,account hacked,User reports money deducted but merchant denies receiving payment.,IN_PROGRESS,LOW,CHATBOT
CBK0002113,TXN00002480,True,USR12658,True,MCH3815,False,2026-03-27 00:00:00,2026-04-02 00:00:00,2026-04-13 15:09:41,True,6.0,5722.09,False,False,FRAUD_SUSPECTED,fraud,Merchant service was not delivered after payment.,REJECTED,HIGH,CHATBOT
CBK0001594,TXN00004839,True,USR23350,False,MCH9444,True,2026-03-25 14:10:57,2026-04-24 00:00:00,2026-04-24 21:10:57,True,29.0,955.91,False,False,SERVICE_NOT_DELIVERED,Merchant Not Delivered,customer says amount was debited twice.,CLOSED,HIGH,CHATBOT
CBK0000893,TXN00017214,True,USR89151,False,MCH7710,False,2026-03-06 00:00:00,2026-03-08 00:00:00,2026-03-21 00:00:00,True,2.0,1267.1,True,False,FRAUD_SUSPECTED,FRAUD,User reports money deducted but merchant denies receiving payment.,PENDING_BANK,MEDIUM,EMAIL
CBK0002372,TXN00037348,False,USR79864,False,MCH6026,True,2026-01-04 00:00:00,2026-01-05 18:15:09,,True,1.0,2069.0,False,False,AMOUNT_MISMATCH,extra amount deducted,Customer says transaction was not authorized.,OPEN,MEDIUM,CHATBOT
CBK0002491,TXN00019091,True,USR41955,False,MCH3954,False,2026-02-20 18:20:01,2026-02-24 00:00:00,2026-03-15 00:00:00,True,3.0,11124.0,False,False,GENERAL_DISPUTE,no service,User reports money deducted but merchant denies receiving payment.,IN_PROGRESS,MEDIUM,EMAIL
CBK0000133,TXN00011403,True,USR18453,False,MCH9291,True,2026-01-14 00:00:00,2026-01-19 00:00:00,2026-02-17 16:25:35,True,5.0,3000.84,False,False,GENERAL_DISPUTE,customer issue,Suspicious high-value payment disputed by customer.,OPEN,HIGH,CALL_CENTER
CBK0002280,TXN00002173,True,USR47525,False,MCH1015,True,2026-03-05 03:02:00,2026-03-06 00:00:00,2026-03-15 22:02:04,True,0.0,856.42,False,False,AMOUNT_MISMATCH,Wrong Amount,Merchant service was not delivered after payment.,PENDING_BANK,LOW,BRANCH
CBK0002322,TXN00009493,True,USR71348,False,MCH1425,False,2026-02-26 00:00:00,2026-03-13 11:10:29,,True,15.0,270.77,False,False,GENERAL_DISPUTE,no service,user claims account was compromised before transaction.,RESOLVED,MEDIUM,IVR
CBK0002139,TXN00012172,True,USR85655,False,MCH2375,False,2026-01-01 00:00:00,2026-01-02 15:32:47,2026-01-24 00:00:00,True,1.0,,False,True,FRAUD_SUSPECTED,Fraud Suspected,CUSTOMER SAYS TRANSACTION WAS NOT AUTHORIZED.,REJECTED,LOW,APP
CBK0001864,,False,USR51310,True,MCH8220,True,2026-03-17 12:10:45,2026-03-23 00:00:00,2026-04-07 00:00:00,True,5.0,464.81,False,False,FRAUD_SUSPECTED,scam,Merchant service was not delivered after payment.,CLOSED,LOW,CHATBOT
CBK0002285,TXN00005474,True,USR53527,False,MCH4473,False,2026-01-29 00:00:00,2026-01-30 00:00:00,,True,1.0,271.69,False,False,GENERAL_DISPUTE,customer issue,User claims account was compromised before transaction.,CLOSED,MEDIUM,IVR
CBK0000840,TXN00018717,True,USR16257,True,MCH3019,False,2026-02-20 08:58:00,2026-03-02 15:58:44,2026-03-13 00:00:00,True,10.0,4563.14,False,False,SERVICE_NOT_DELIVERED,Service Not Provided,User claims account was compromised before transaction.,PENDING_BANK,LOW,IVR
CBK0000783,,False,USR96677,False,MCH2556,True,2026-02-23 00:00:00,2026-02-23 00:00:00,,True,0.0,4726.95,False,False,ACCOUNT_TAKEOVER,Account Takeover,User says UPI PIN was not entered by them.,CLOSED,MEDIUM,CHATBOT
CBK0002629,TXN00010196,True,USR41172,True,MCH4588,True,2026-02-21 00:00:00,2026-02-18 02:42:14,,False,,852.0,False,False,FRAUD_SUSPECTED,Fraud Suspected,User says UPI PIN was not entered by them.,REJECTED,HIGH,IVR
CBK0001589,TXN00088540,False,USR96555,False,MCH2757,True,2026-01-30 00:47:43,2026-01-31 00:00:00,2026-02-24 20:47:43,True,0.0,221.01,False,False,FRAUD_SUSPECTED,scam,Merchant service was not delivered after payment.,REJECTED,HIGH,IVR
CBK0000809,TXN00013144,True,USR51720,False,MCH9790,True,2026-03-09 00:00:00,2026-03-19 23:09:00,,True,10.0,688.92,False,False,UNAUTHORIZED_TRANSACTION,unauth txn,CUSTOMER SAYS TRANSACTION WAS NOT AUTHORIZED.,PENDING_BANK,HIGH,CALL_CENTER
CBK0000654,TXN00013810,True,USR50022,False,MCH5980,True,2026-03-07 00:00:00,2026-03-08 07:44:45,,True,1.0,4552.67,False,False,ACCOUNT_TAKEOVER,ATO,complaint received after multiple failed attempts.,CLOSED,LOW,IVR
CBK0001614,TXN00017424,True,USR36509,False,MCH1316,False,2026-02-18 00:00:00,2026-02-19 00:00:00,2026-03-21 00:00:00,True,1.0,9374.52,False,False,SERVICE_NOT_DELIVERED,merchant service issue,customer says transaction was not authorized.,PENDING_BANK,MEDIUM,CHATBOT
CBK0000291,TXN00003485,True,USR79977,False,MCH3900,True,2026-02-10 00:00:00,,,True,,485.1,False,False,SERVICE_NOT_DELIVERED,item not received,User reports money deducted but merchant denies receiving payment.,OPEN,LOW,BRANCH
CBK0002114,TXN00004014,True,USR25900,True,MCH4717,True,2026-03-12 00:00:00,2026-03-19 00:00:00,2026-04-17 22:25:36,True,7.0,4940.23,False,False,SERVICE_NOT_DELIVERED,item not received,Customer complaint text unclear due to poor call center notes. urgent,RESOLVED,HIGH,CHATBOT
CBK0000739,TXN00017315,True,USR29561,True,MCH5980,True,2026-01-04 00:00:00,,2026-01-24 06:45:30,True,,704.73,False,False,ACCOUNT_TAKEOVER,login compromised,User says UPI PIN was not entered by them.,IN_PROGRESS,HIGH,IVR
CBK0002251,TXN00017472,True,USR79175,False,MCH4488,False,2026-02-23 08:37:00,2026-03-10 13:37:56,2026-04-01 00:00:00,True,15.0,14012.62,False,False,GENERAL_DISPUTE,Customer Dispute,Suspicious high-value payment disputed by customer.,RESOLVED,CRITICAL,IVR
CBK0001438,TXN00008449,True,USR22964,False,MCH2194,False,2026-03-22 00:00:00,2026-03-26 00:00:00,2026-04-07 00:00:00,True,4.0,653.0,False,False,GENERAL_DISPUTE,customer issue,Complaint received after multiple failed attempts. urgent,RESOLVED,MEDIUM,APP
CBK0001884,TXN00019164,True,USR22644,True,MCH9648,False,2026-02-08 00:00:00,2026-02-12 07:08:18,2026-02-14 00:00:00,True,4.0,1364.5,False,False,FRAUD_SUSPECTED,suspicious transaction,suspicious high-value payment disputed by customer.,IN_PROGRESS,LOW,CHATBOT
CBK0001771,TXN00011619,True,USR17315,True,MCH2722,False,2026-01-25 21:15:13,2026-01-26 00:00:00,,True,0.0,893.52,True,False,SERVICE_NOT_DELIVERED,service failed,Merchant service was not delivered after payment. call dropped,IN_PROGRESS,LOW,EMAIL
CBK0001406,TXN00010864,True,USR66856,True,MCH7459,True,,2026-03-23 04:34:25,2026-04-20 04:34:25,True,,2891.42,False,False,UNAUTHORIZED_TRANSACTION,Unauthorized Transaction,Customer complaint text unclear due to poor call center notes. pls check asap,OPEN,CRITICAL,CHATBOT
CBK0001268,TXN00004622,True,USR97580,True,MCH1348,False,2026-01-24 00:00:00,2026-01-24 17:29:00,2026-01-31 00:00:00,True,0.0,1330.95,False,False,SERVICE_NOT_DELIVERED,item not received,Merchant service was not delivered after payment.,REJECTED,MEDIUM,IVR
CBK0001693,TXN00009578,True,USR55777,False,MCH8533,False,2026-02-01 00:00:00,2026-02-04 17:25:23,2026-03-01 17:25:00,True,3.0,5287.35,False,False,AMOUNT_MISMATCH,incorrect amount,complaint received after multiple failed attempts.,CLOSED,MEDIUM,APP
CBK0002368,TXN00004923,True,USR50207,False,MCH8391,True,2026-01-27 00:00:00,,,True,,1673.05,False,False,AMOUNT_MISMATCH,extra amount deducted,Merchant service was not delivered after payment.,CLOSED,LOW,IVR
CBK0000452,TXN00002107,True,USR52224,False,MCH4529,True,2026-02-28 04:18:55,2026-03-10 00:00:00,2026-03-27 12:18:55,True,9.0,6251.19,False,False,SERVICE_NOT_DELIVERED,service failed,MERCHANT SERVICE WAS NOT DELIVERED AFTER PAYMENT.,REJECTED,HIGH,IVR
CBK0001628,TXN00008857,True,USR61151,False,MCH4796,False,2026-03-19 00:00:00,2026-03-22 09:53:18,2026-04-04 09:53:18,True,3.0,5937.26,False,False,DUPLICATE_DEBIT,Duplicate Debit,Payment made to unknown merchant as per cust statement.,REJECTED,LOW,CALL_CENTER
CBK0000543,TXN00001593,True,USR30157,False,MCH9787,True,2026-03-27 00:00:00,2026-03-28 00:00:00,2026-04-01 00:00:00,True,1.0,759.56,False,False,SERVICE_NOT_DELIVERED,not delivered,User claims account was compromised before transaction.,PENDING_BANK,HIGH,CALL_CENTER
CBK0002740,TXN00013424,True,USR71939,True,MCH4819,False,2026-02-13 22:58:37,2026-02-16 00:00:00,2026-03-04 13:58:00,True,2.0,3989.1,False,False,SERVICE_NOT_DELIVERED,item not received,User reports money deducted but merchant denies receiving payment.,PENDING_BANK,LOW,CHATBOT
CBK0001471,TXN00003290,True,USR25087,False,MCH3815,False,2026-03-08 00:00:00,2026-03-09 00:00:00,2026-03-20 00:00:00,True,1.0,991.51,False,False,SERVICE_NOT_DELIVERED,not delivered,Customer complaint text unclear due to poor call center notes. NA,CLOSED,HIGH,EMAIL
CBK0001808,TXN00004140,True,USR30844,False,MCH8779,True,,2026-02-14 00:00:00,2026-03-04 00:00:00,True,,378.0,False,False,GENERAL_DISPUTE,complaint,User says UPI PIN was not entered by them.,IN_PROGRESS,CRITICAL,BRANCH
CBK0002225,TXN00011962,True,USR12961,True,MCH8953,True,2026-03-02 02:36:15,2026-03-03 23:36:15,,True,1.0,6403.5,False,False,UNAUTHORIZED_TRANSACTION,unauth txn,Payment made to unknown merchant as per customer statement.,CLOSED,LOW,IVR
CBK0000353,TXN00017372,True,USR56234,False,MCH7986,True,2026-02-02 18:14:36,2026-02-05 01:14:36,2026-02-25 00:00:00,True,2.0,1275.74,False,False,UNAUTHORIZED_TRANSACTION,not done by me,Customer complaint text unclear due to poor call center notes.,REJECTED,HIGH,IVR
CBK0002065,TXN00010646,True,USR10669,False,MCH3100,False,2026-01-27 00:00:00,2026-01-29 00:00:00,2026-02-10 00:00:00,True,2.0,5027.32,True,False,AMOUNT_MISMATCH,Wrong Amount,Customer says transaction was not authorized. NA,IN_PROGRESS,CRITICAL,IVR
CBK0000833,TXN00007902,True,USR66726,False,MCH6087,False,2026-02-26 00:00:00,2026-03-09 00:00:00,2026-03-28 04:34:00,True,11.0,5099.0,False,False,GENERAL_DISPUTE,DUP_DEBIT,Merchant service was not delivered after payment. NA,IN_PROGRESS,HIGH,IVR
CBK0002388,TXN00018528,True,USR77072,False,MCH5954,True,,2026-03-14 00:00:00,2026-03-21 00:00:00,True,,3336.11,False,False,ACCOUNT_TAKEOVER,account hacked,Complaint received after multiple failed attempts.,RESOLVED,MEDIUM,IVR
CBK0001420,TXN00010436,True,USR26201,False,MCH9908,False,2026-03-16 06:56:10,2026-03-21 13:56:00,2026-04-16 00:00:00,True,5.0,509.15,False,False,SERVICE_NOT_DELIVERED,delivery issue,User says UPI PIN was not entered by them.,REJECTED,MEDIUM,IVR
CBK0001795,TXN00017402,True,USR78513,True,MCH4226,False,2026-01-23 04:47:03,2026-01-31 00:47:03,2026-02-11 00:47:03,True,7.0,2837.81,False,False,ACCOUNT_TAKEOVER,login compromised,Complaint received after multiple failed attempts.,REJECTED,LOW,IVR
CBK0001315,TXN00005438,True,USR68023,False,MCH5877,False,2026-02-16 00:00:00,2026-02-22 07:46:00,,True,6.0,1581.74,False,False,AMOUNT_MISMATCH,extra amount deducted,Merchant service was not delivered after payment. urgent,OPEN,HIGH,BRANCH
CBK0000115,TXN00000541,True,USR20121,False,MCH8779,True,2026-02-20 00:00:00,2026-03-23 03:31:09,2026-04-05 00:00:00,True,31.0,1346.0,False,False,GENERAL_DISPUTE,complaint,Customer says amount was debited twice.,RESOLVED,LOW,EMAIL
CBK0000627,TXN00003619,True,USR39542,False,MCH7650,False,2026-03-22 00:00:00,2026-03-22 00:00:00,,True,0.0,4189.62,True,False,AMOUNT_MISMATCH,amount mismatch,suspicious high-value payment disputed by customer.,OPEN,MEDIUM,CALL_CENTER
CBK0000510,TXN00007774,True,USR73010,False,MCH1407,False,2026-03-07 00:00:00,2026-03-09 00:00:00,2026-04-04 00:00:00,True,2.0,1443.57,False,False,UNAUTHORIZED_TRANSACTION,unauthorized_transaction,User claims account was compromised before txn.,REJECTED,MEDIUM,IVR
CBK0001979,TXN00007772,True,USR77274,False,MCH7833,True,2026-03-24 00:00:00,2026-03-31 00:00:00,2026-04-17 10:47:26,True,7.0,1320.83,False,False,AMOUNT_MISMATCH,incorrect amount,Customer complaint text unclear due to poor call center notes.,PENDING_BANK,CRITICAL,IVR
CBK0001738,TXN00010457,True,USR59679,False,MCH9291,True,2026-03-05 00:00:00,2026-03-06 00:00:00,2026-03-17 18:20:16,True,1.0,2161.39,False,False,FRAUD_SUSPECTED,fraud,Merchant service was not delivered after payment.,OPEN,CRITICAL,CALL_CENTER
CBK0002680,TXN00009041,True,USR82433,False,MCH4594,False,2026-02-07 00:00:00,2026-02-10 00:00:00,2026-02-16 00:00:00,True,3.0,865.19,False,False,DUPLICATE_DEBIT,charged twice,User says UPI PIN was not entered by them.,OPEN,LOW,EMAIL
CBK0001521,TXN00010065,True,USR51069,True,MCH8953,True,2026-02-14 00:00:00,2026-03-17 18:07:42,2026-04-10 00:00:00,True,31.0,4146.46,False,False,SERVICE_NOT_DELIVERED,Merchant Not Delivered,user reports money deducted but merchant denies receiving payment.,CLOSED,LOW,CHATBOT
CBK0000013,TXN00019943,True,USR42818,False,MCH6838,True,2026-01-02 14:58:54,2026-01-05 00:00:00,,True,2.0,728.13,False,False,GENERAL_DISPUTE,customer issue,User says UPI PIN was not entered by them. call dropped,IN_PROGRESS,LOW,APP
CBK0002262,TXN00088490,False,USR30627,False,MCH2594,False,,2026-03-17 00:00:00,,True,,4274.13,False,False,SERVICE_NOT_DELIVERED,merchant service issue,User reports money deducted but merchant denies receiving payment. NA,IN_PROGRESS,HIGH,CHATBOT
CBK0000718,TXN00011539,True,USR60803,True,MCH7874,False,2026-03-09 18:51:51,2026-03-10 00:00:00,2026-03-31 00:00:00,True,0.0,1528.98,False,False,UNAUTHORIZED_TRANSACTION,unauthorized_transaction,customer complaint text unclear due to poor call center notes.,IN_PROGRESS,HIGH,CHATBOT
CBK0000446,TXN00010750,True,USR17864,False,MCH4002,True,2026-01-12 00:00:00,2026-01-15 00:00:00,2026-01-31 20:48:17,True,3.0,2928.89,False,False,SERVICE_NOT_DELIVERED,delivery issue,Payment made to unknown merchant as per customer statement.,REJECTED,MEDIUM,CALL_CENTER
CBK0000258,TXN00017642,True,USR41056,False,MCH9394,True,2026-02-26 00:19:00,2026-03-01 00:00:00,2026-03-24 00:00:00,True,2.0,1505.96,False,False,GENERAL_DISPUTE,customer issue,Customer says amount was debited twice.,RESOLVED,HIGH,CHATBOT
CBK0000449,TXN00007492,True,USR66286,False,MCH2383,True,2026-02-19 00:00:00,2026-02-20 00:00:00,2026-02-25 00:00:00,True,1.0,2062.69,False,False,GENERAL_DISPUTE,complaint,Merchant service was not delivered after payment.,OPEN,LOW,APP
CBK0000486,TXN00002729,True,USR58335,False,MCH6810,False,,2026-01-14 19:40:25,2026-01-30 19:40:00,True,,1526.62,False,False,AMOUNT_MISMATCH,Wrong Amount,Payment made to unknown merchant as per customer statement.,IN_PROGRESS,LOW,CALL_CENTER
CBK0000888,TXN00015372,True,USR10047,True,MCH6850,False,2026-02-12 00:00:00,2026-02-14 00:00:00,2026-03-02 00:00:00,True,2.0,1341.86,False,False,AMOUNT_MISMATCH,amount mismatch,PAYMENT MADE TO UNKNOWN MERCHANT AS PER CUSTOMER STATEMENT.,PENDING_BANK,CRITICAL,CHATBOT
CBK0000711,TXN00015632,True,USR47206,False,MCH3217,False,2026-03-05 00:00:00,2026-03-06 00:00:00,2026-04-01 23:17:35,True,1.0,386.01,False,False,GENERAL_DISPUTE,complaint,User says UPI PIN was not entered by them.,IN_PROGRESS,LOW,BRANCH
CBK0001690,TXN00011230,True,USR60327,False,MCH9976,False,2026-02-15 00:00:00,,2026-03-13 00:00:00,True,,2395.8,True,False,GENERAL_DISPUTE,complaint,Complaint received after multiple failed attempts.,IN_PROGRESS,LOW,CHATBOT
CBK0001395,TXN00016017,True,USR47363,False,MCH9787,True,2026-02-23 00:00:00,2026-02-27 00:00:00,2026-03-24 05:41:00,True,4.0,849.31,True,False,GENERAL_DISPUTE,dispute raised,User claims account was compromised before transaction.,OPEN,HIGH,CHATBOT
CBK0002728,TXN00014794,True,USR60133,False,MCH9291,True,2026-03-03 15:24:00,2026-03-04 11:24:00,2026-03-12 00:00:00,True,0.0,975.44,False,False,GENERAL_DISPUTE,Customer Dispute,Payment made to unknown merchant as per customer statement.,IN_PROGRESS,MEDIUM,CHATBOT
CBK0001237,TXN00015341,True,USR87558,False,MCH4264,False,2026-01-10 19:48:33,2026-01-12 14:48:33,,True,1.0,6901.63,False,False,SERVICE_NOT_DELIVERED,item not received,Complaint received after multiple failed attempts.,PENDING_BANK,CRITICAL,IVR
CBK0002749,TXN00019208,True,USR22131,False,MCH6084,True,2026-03-08 00:00:00,2026-03-10 01:16:17,2026-03-12 00:00:00,True,2.0,1146.96,False,False,GENERAL_DISPUTE,Customer Dispute,Suspicious high-value payment disputed by customer.,REJECTED,MEDIUM,CHATBOT
CBK0001101,TXN00002219,True,USR11618,False,MCH1518,True,2026-03-15 00:00:00,2026-03-17 00:00:00,2026-04-12 00:00:00,True,2.0,3127.19,False,False,SERVICE_NOT_DELIVERED,item not received,COMPLAINT RECEIVED AFTER MULTIPLE FAILED ATTEMPTS.,OPEN,HIGH,CHATBOT
CBK0000963,TXN00003306,True,USR42884,False,MCH8953,True,2026-01-04 00:00:00,,2026-02-01 00:48:55,True,,2280.54,False,False,DUPLICATE_DEBIT,Duplicate Debit,Payment made to unknown merchant as per customer statement.,IN_PROGRESS,MEDIUM,EMAIL
CBK0000772,TXN00010034,True,USR25196,True,MCH1320,True,2026-01-06 00:00:00,2026-01-08 09:22:06,2026-02-05 00:00:00,True,2.0,305.0,False,False,GENERAL_DISPUTE,dispute raised,Customer says amount was debited twice.,OPEN,CRITICAL,CHATBOT
CBK0002005,,False,USR66391,False,MCH8391,True,2026-03-16 13:33:00,2026-03-24 00:00:00,2026-04-16 00:00:00,True,7.0,1171.4,False,False,GENERAL_DISPUTE,no service,customer says amount was debited twice.,RESOLVED,LOW,CHATBOT
CBK0000345,TXN00007052,True,USR24877,False,MCH7863,True,2026-03-07 06:24:54,2026-03-09 00:00:00,2026-03-22 22:24:54,True,1.0,,False,True,GENERAL_DISPUTE,dispute raised,Payment made to unknown merchant as per customer statement.,PENDING_BANK,LOW,CHATBOT
CBK0000194,TXN00009105,True,USR80813,False,MCH3548,True,2026-03-10 07:37:00,2026-03-12 03:37:00,2026-03-25 00:00:00,True,1.0,,False,True,SERVICE_NOT_DELIVERED,delivery issue,Customer complaint text unclear due to poor call center notes.,REJECTED,LOW,APP
CBK0002591,TXN00004763,True,USR40127,False,MCH4473,False,2026-03-10 00:00:00,2026-03-12 23:20:31,2026-03-19 23:20:31,True,2.0,2865.75,False,False,DUPLICATE_DEBIT,double debit,Customer says transaction was not authorized.,PENDING_BANK,MEDIUM,CHATBOT
CBK0001957,TXN00009699,True,USR64159,False,MCH2134,False,2026-02-03 10:47:22,2026-02-06 00:00:00,2026-03-03 00:00:00,True,2.0,3917.9,False,False,DUPLICATE_DEBIT,Duplicate Debit,MERCHANT SERVICE WAS NOT DELIVERED AFTER PAYMENT.,IN_PROGRESS,HIGH,CHATBOT
CBK0000922,TXN00018185,True,USR61372,True,MCH8331,True,2026-02-27 00:00:00,2026-02-28 00:00:00,,True,1.0,660.0,False,False,SERVICE_NOT_DELIVERED,Service Not Provided,user reports money deducted but merchant denies receiving payment.,OPEN,CRITICAL,EMAIL
CBK0000118,TXN00008970,True,USR64312,False,MCH2858,False,2026-01-26 00:00:00,,,True,,450.63,False,False,FRAUD_SUSPECTED,suspicious transaction,Payment made to unknown merchant as per customer statement.,CLOSED,LOW,IVR
CBK0002416,TXN00007831,True,USR38240,False,MCH6533,False,2026-01-06 01:46:00,2026-01-07 00:00:00,2026-01-28 08:46:41,True,0.0,905.66,False,False,ACCOUNT_TAKEOVER,account hacked,Suspicious high-value payment disputed by customer.,OPEN,LOW,EMAIL
CBK0000075,TXN00014086,True,USR84007,False,MCH8154,True,2026-03-18 00:00:00,2026-03-25 00:00:00,2026-03-26 00:00:00,True,7.0,1493.94,False,False,FRAUD_SUSPECTED,scam,User reports money deducted but merchant denies receiving payment.,RESOLVED,MEDIUM,APP
CBK0001584,TXN00016151,True,USR53727,True,MCH3815,False,2026-02-03 00:00:00,2026-02-04 08:28:07,2026-03-06 00:00:00,True,1.0,1236.73,False,False,ACCOUNT_TAKEOVER,login compromised,Merchant service was not delivered after payment.,IN_PROGRESS,LOW,CALL_CENTER
CBK0001958,TXN00018222,True,USR46902,True,MCH5561,False,2026-03-08 00:00:00,2026-03-10 18:32:00,,True,2.0,1611.0,False,False,SERVICE_NOT_DELIVERED,merchant service issue,Customer complaint text unclear due to poor call center notes.,CLOSED,LOW,BRANCH
CBK0001192,,False,USR17450,True,MCH6659,False,2026-03-24 09:19:34,2026-03-31 00:00:00,2026-04-30 20:19:34,True,6.0,4315.76,False,False,FRAUD_SUSPECTED,fraud,CUSTOMER SAYS AMOUNT WAS DEBITED TWICE.,REJECTED,LOW,IVR
CBK0002096,TXN00008557,True,USR89656,True,MCH4345,False,2026-03-14 00:00:00,2026-03-20 00:00:00,,True,6.0,752.0,False,False,FRAUD_SUSPECTED,FRAUD,Payment made to unknown merchant as per customer statement.,REJECTED,HIGH,CHATBOT
CBK0000989,TXN00012972,True,USR33348,True,MCH5173,False,2026-03-03 18:36:37,2026-03-14 13:36:37,2026-03-20 00:00:00,True,10.0,1647.57,False,False,UNAUTHORIZED_TRANSACTION,unauth txn,Customer says amount was debited twice.,RESOLVED,CRITICAL,IVR
CBK0002306,TXN00008650,True,USR32641,True,MCH1565,False,2026-02-18 00:00:00,2026-02-19 00:00:00,2026-03-12 00:00:00,True,1.0,1166.57,False,False,SERVICE_NOT_DELIVERED,not delivered,user claims account was compromised before transaction.,OPEN,MEDIUM,CHATBOT
CBK0001387,TXN00008870,True,USR26871,False,MCH3687,False,2026-01-20 19:35:20,2026-01-23 00:00:00,,True,2.0,4628.47,False,False,UNAUTHORIZED_TRANSACTION,unauthorized_transaction,Suspicious high-value payment disputed by customer.,REJECTED,MEDIUM,CHATBOT
CBK0000996,TXN00000021,True,USR22644,True,MCH4473,False,2026-01-07 00:00:00,2026-01-17 19:42:38,2026-02-11 00:00:00,True,10.0,1284.05,False,False,GENERAL_DISPUTE,dispute raised,Complaint received after multiple failed attempts. pls check asap,REJECTED,LOW,CHATBOT
CBK0001421,TXN00015594,True,USR50434,True,MCH6889,True,2026-01-26 00:00:00,2026-01-30 00:00:00,2026-02-17 10:08:54,True,4.0,1421.26,False,False,ACCOUNT_TAKEOVER,Account Takeover,Customer complaint text unclear due to poor call center notes.,OPEN,LOW,EMAIL
CBK0000238,TXN00008222,True,USR40061,True,MCH2274,True,2026-02-19 00:00:00,2026-02-22 00:00:00,,True,3.0,4360.22,False,False,GENERAL_DISPUTE,dispute raised,User reports money deducted but merchant denies receiving payment.,IN_PROGRESS,LOW,APP
CBK0001241,TXN00019245,True,USR99206,False,MCH4590,False,2026-03-11 00:00:00,2026-03-12 00:00:00,2026-04-06 00:00:00,True,1.0,2987.16,False,False,FRAUD_SUSPECTED,suspicious transaction,Customer complaint text unclear due to poor call center notes.,CLOSED,MEDIUM,BRANCH
CBK0000558,TXN00006037,True,USR26658,False,MCH7509,True,2026-02-13 00:00:00,2026-02-14 00:00:00,2026-02-22 03:45:00,True,1.0,739.74,False,False,GENERAL_DISPUTE,dispute raised,user reports money deducted but merchant denies receiving payment.,CLOSED,LOW,EMAIL
CBK0001977,TXN00000225,True,USR94159,False,MCH5655,False,2026-03-07 00:00:00,2026-03-07 22:21:00,,True,0.0,666.0,False,False,GENERAL_DISPUTE,complaint,Payment made to unknown merchant as per customer statement.,RESOLVED,HIGH,BRANCH
CBK0000076,TXN00001158,True,USR27355,False,MCH5963,True,2026-01-04 00:00:00,2026-01-05 22:59:45,2026-01-09 22:59:00,True,1.0,461.85,False,False,GENERAL_DISPUTE,no service,CUSTOMER SAYS TRANSACTION WAS NOT AUTHORIZED.,REJECTED,LOW,IVR
CBK0002083,TXN00014640,True,USR17657,False,MCH2822,False,2026-03-25 00:00:00,2026-03-27 00:00:00,2026-04-03 14:05:27,True,2.0,5247.0,False,False,GENERAL_DISPUTE,no service,Suspicious high-value payment disputed by customer. NA,CLOSED,LOW,EMAIL
CBK0001948,TXN00014225,True,USR73728,False,MCH8953,True,2026-02-17 00:00:00,2026-02-18 00:00:00,,True,1.0,,False,True,UNAUTHORIZED_TRANSACTION,UNAUTHORISED,Payment made to unknown merchant as per customer statement.,OPEN,MEDIUM,CALL_CENTER
CBK0002583,TXN00016902,True,USR33856,False,MCH4131,True,2026-01-15 15:10:59,2026-01-17 22:10:59,2026-02-10 00:00:00,True,2.0,1595.05,False,False,UNAUTHORIZED_TRANSACTION,unauthorized_transaction,Customer says amount was debited twice.,PENDING_BANK,LOW,BRANCH
CBK0002069,TXN00019571,True,USR23992,True,MCH5315,False,,2026-03-05 00:00:00,2026-04-04 21:12:20,True,,475.0,False,False,UNAUTHORIZED_TRANSACTION,unauthorized_transaction,User claims account was compromised before transaction.,OPEN,MEDIUM,BRANCH
CBK0000924,TXN00003076,True,USR28031,False,MCH8603,True,2026-01-01 00:00:00,,2026-01-24 01:31:00,True,,342.0,False,False,GENERAL_DISPUTE,customer issue,User says UPI PIN was not entered by them.,PENDING_BANK,MEDIUM,APP
CBK0002449,TXN00010509,True,USR57946,False,MCH4966,False,2026-02-26 06:53:00,2026-02-28 00:00:00,2026-03-25 00:00:00,True,1.0,1835.21,False,False,SERVICE_NOT_DELIVERED,service failed,Suspicious high-value payment disputed by customer.,OPEN,MEDIUM,IVR
CBK0000169,TXN00084777,False,USR83541,True,MCH9196,True,2026-03-02 00:00:00,,2026-03-22 00:00:00,True,,1091.87,True,False,FRAUD_SUSPECTED,FRAUD,Payment made to unknown merchant as per customer statement.,OPEN,MEDIUM,APP
CBK0001675,TXN00007698,True,USR30500,False,MCH1290,False,2026-03-25 00:00:00,2026-03-27 00:00:00,2026-04-10 05:50:27,True,2.0,1746.55,False,False,GENERAL_DISPUTE,DUP_DEBIT,Merchant service was not delivered after payment.,RESOLVED,MEDIUM,BRANCH
CBK0002129,TXN00005777,True,USR99787,False,MCH8779,True,2026-03-05 00:00:00,2026-03-21 00:00:00,2026-04-02 00:00:00,True,16.0,891.95,False,False,FRAUD_SUSPECTED,FRAUD,Customer says amount was debited twice.,OPEN,HIGH,CALL_CENTER
CBK0000286,TXN00017361,True,USR62049,False,MCH6810,False,2026-02-01 02:57:51,2026-02-11 00:00:00,2026-02-28 00:00:00,True,9.0,1755.45,False,False,UNAUTHORIZED_TRANSACTION,Unauthorized Transaction,user claims account was compromised before transaction.,IN_PROGRESS,LOW,IVR
CBK0002438,TXN00006364,True,USR79500,False,MCH2963,False,2026-02-17 00:00:00,2026-02-18 21:05:00,2026-03-16 00:00:00,True,1.0,2678.39,False,False,SERVICE_NOT_DELIVERED,Merchant Not Delivered,Complaint received after multiple failed attempts.,CLOSED,LOW,EMAIL
CBK0002365,TXN00000567,True,USR77716,False,MCH2387,True,2026-03-15 16:57:45,2026-03-19 00:00:00,2026-04-12 05:57:00,True,3.0,1015.09,False,False,FRAUD_SUSPECTED,scam,suspicious high-value payment disputed by customer.,OPEN,LOW,CHATBOT
CBK0002224,TXN00008421,True,USR39089,True,MCH2822,False,2026-01-06 00:00:00,2026-01-11 00:00:00,2026-01-17 00:00:00,True,5.0,964.56,False,False,UNAUTHORIZED_TRANSACTION,Unauthorized Transaction,User claims account was compromised before transaction.,CLOSED,LOW,CALL_CENTER
CBK0000686,TXN00000850,True,USR54783,True,MCH8420,False,2026-01-23 00:00:00,2026-01-20 00:00:00,,False,,1203.18,False,False,UNAUTHORIZED_TRANSACTION,UNAUTHORISED,Customer says txn was not authorized.,PENDING_BANK,MEDIUM,BRANCH
CBK0002291,TXN00000916,True,USR59058,False,MCH4473,False,2026-01-01 00:19:40,2026-01-03 00:00:00,,True,1.0,577.0,False,False,UNAUTHORIZED_TRANSACTION,unauthorized_transaction,Merchant service was not delivered after payment. details missing,OPEN,HIGH,IVR
CBK0000999,TXN00009812,True,USR25934,False,MCH4473,False,2026-03-11 14:54:18,2026-03-15 00:00:00,2026-04-01 00:00:00,True,3.0,2069.51,False,False,GENERAL_DISPUTE,dispute raised,User reports money deducted but merchant denies receiving payment. details missing,OPEN,LOW,CALL_CENTER
CBK0002761,TXN00017387,True,USR73413,True,MCH2266,True,2026-03-09 00:00:00,2026-03-12 11:20:23,2026-03-30 00:00:00,True,3.0,303.26,False,False,UNAUTHORIZED_TRANSACTION,not done by me,User says UPI PIN was not entered by them.,OPEN,MEDIUM,APP
CBK0002125,TXN00011157,True,USR38625,False,MCH3327,True,2026-01-26 03:53:00,2026-02-10 00:00:00,2026-02-16 06:53:00,True,14.0,2138.06,True,False,GENERAL_DISPUTE,Customer Dispute,Customer says transaction was not authorized. urgent,PENDING_BANK,MEDIUM,IVR
CBK0002511,TXN00014471,True,USR91311,False,MCH8100,False,2026-02-21 00:00:00,2026-02-27 00:00:00,,True,6.0,2509.27,False,False,ACCOUNT_TAKEOVER,Account Takeover,COMPLAINT RECEIVED AFTER MULTIPLE FAILED ATTEMPTS.,OPEN,HIGH,IVR
CBK0002548,TXN00003431,True,USR51725,False,MCH1320,True,2026-01-01 00:00:00,2026-01-09 00:00:00,2026-01-09 00:08:00,True,8.0,3242.15,False,False,SERVICE_NOT_DELIVERED,merchant service issue,User reports money deducted but merchant denies receiving payment.,OPEN,MEDIUM,CHATBOT
CBK0002220,TXN00018020,True,USR89284,False,MCH2757,True,2026-03-15 13:36:00,2026-03-18 00:00:00,2026-04-10 01:36:14,True,2.0,1238.72,False,False,SERVICE_NOT_DELIVERED,Service Not Provided,Payment made to unknown merchant as per customer statement.,CLOSED,LOW,CALL_CENTER
CBK0000131,,False,USR16031,True,MCH4997,False,2026-02-21 20:10:28,2026-02-23 00:00:00,2026-03-21 00:00:00,True,1.0,1424.0,False,False,UNAUTHORIZED_TRANSACTION,Unauthorized Transaction,Customer complaint text unclear due to poor call center notes.,IN_PROGRESS,HIGH,CALL_CENTER
CBK0001441,TXN00017441,True,USR80479,False,MCH2733,True,2026-01-12 00:00:00,2026-01-15 00:00:00,,True,3.0,766.94,False,False,UNAUTHORIZED_TRANSACTION,unauthorized_transaction,Customer says amount was debited twice.,IN_PROGRESS,HIGH,CALL_CENTER
CBK0001641,TXN00012030,True,USR59679,False,MCH5954,True,2026-03-30 18:54:00,,2026-04-23 00:00:00,True,,,False,True,SERVICE_NOT_DELIVERED,service failed,Customer complaint text unclear due to poor call center notes.,REJECTED,LOW,CALL_CENTER
CBK0002766,TXN00011236,True,USR61715,False,MCH4062,True,2026-02-17 00:00:00,2026-02-19 00:00:00,2026-02-26 00:00:00,True,2.0,,False,True,FRAUD_SUSPECTED,Fraud Suspected,Customer says amount was debited twice.,RESOLVED,LOW,IVR
CBK0001084,TXN00017437,True,USR13933,False,MCH2265,True,2026-01-17 10:41:08,2026-01-18 00:00:00,2026-02-09 00:00:00,True,0.0,1311.0,False,False,GENERAL_DISPUTE,customer issue,Customer complaint text unclear due to poor call center notes.,PENDING_BANK,MEDIUM,CHATBOT
CBK0001109,TXN00008405,True,USR77137,False,MCH8779,True,2026-02-18 00:00:00,2026-02-20 00:00:00,2026-02-28 01:12:00,True,2.0,1327.89,True,False,GENERAL_DISPUTE,DUP_DEBIT,Suspicious high-value payment disputed by customer.,CLOSED,MEDIUM,APP
CBK0001142,TXN00013418,True,USR55881,False,MCH1320,True,2026-01-13 19:02:00,2026-01-15 00:00:00,,True,1.0,6925.85,False,False,SERVICE_NOT_DELIVERED,Merchant Not Delivered,User claims account was compromised before transaction.,CLOSED,MEDIUM,IVR
CBK0000777,,False,USR41853,False,MCH3327,True,2026-03-01 00:00:00,,,True,,7674.18,False,False,UNAUTHORIZED_TRANSACTION,Unauthorized Transaction,Customer says amount was debited twice.,IN_PROGRESS,LOW,CHATBOT
CBK0002610,TXN00011255,True,USR62673,False,MCH3100,False,2026-01-06 00:00:00,2026-01-21 17:51:37,2026-01-25 17:51:37,True,15.0,2068.22,False,False,ACCOUNT_TAKEOVER,account hacked,Merchant service was not delivered after payment.,OPEN,LOW,CALL_CENTER
CBK0000938,TXN00011273,True,USR80424,False,MCH1874,True,2026-02-16 00:00:00,2026-02-21 00:00:00,2026-02-28 00:00:00,True,5.0,1062.27,False,False,SERVICE_NOT_DELIVERED,not delivered,Customer says amount was debited twice.,RESOLVED,CRITICAL,BRANCH
CBK0000720,TXN00009292,True,USR62461,False,MCH8044,True,2026-01-16 00:00:00,2026-01-21 00:00:00,,True,5.0,2299.02,False,False,FRAUD_SUSPECTED,scam,Payment made to unknown merchant as per cust statement.,IN_PROGRESS,LOW,CHATBOT
CBK0000534,TXN00009187,True,USR89514,False,MCH5319,False,2026-01-18 00:00:00,2026-01-19 00:00:00,2026-02-07 00:00:00,True,1.0,3008.39,False,False,SERVICE_NOT_DELIVERED,item not received,User says UPI PIN was not entered by them. details missing,CLOSED,LOW,EMAIL
CBK0001713,TXN00019900,True,USR24117,False,MCH3622,False,2026-01-19 00:00:00,2026-01-27 00:00:00,,True,8.0,4072.76,False,False,GENERAL_DISPUTE,no service,Complaint received after multiple failed attempts. call dropped,IN_PROGRESS,MEDIUM,BRANCH
CBK0002694,TXN00017451,True,USR11727,False,MCH6810,False,2026-03-04 00:00:00,2026-03-06 17:47:56,2026-03-25 00:00:00,True,2.0,1007.69,False,False,GENERAL_DISPUTE,no service,Customer says transaction was not authorized.,PENDING_BANK,LOW,IVR
CBK0002018,TXN00005542,True,USR80304,False,MCH8953,True,2026-01-31 00:00:00,2026-02-01 10:25:53,,True,1.0,236.16,False,False,GENERAL_DISPUTE,DUP_DEBIT,Complaint received after multiple failed attempts.,IN_PROGRESS,MEDIUM,APP
CBK0002775,TXN00018203,True,USR60939,False,MCH9570,False,,2026-02-12 08:26:59,2026-02-15 08:26:00,True,,1403.54,False,False,UNAUTHORIZED_TRANSACTION,Unauthorized Transaction,Complaint received after multiple failed attempts.,CLOSED,LOW,APP
CBK0002030,TXN00019111,True,USR11036,False,MCH5122,True,2026-01-15 00:00:00,2026-01-19 03:25:00,2026-01-22 00:00:00,True,4.0,1094.0,False,False,UNAUTHORIZED_TRANSACTION,UNAUTHORISED,Payment made to unknown merchant as per customer statement.,REJECTED,HIGH,EMAIL
CBK0002007,TXN00018681,True,USR53356,True,MCH5076,False,2026-03-06 00:00:00,2026-03-06 00:00:00,,True,0.0,5525.44,False,False,AMOUNT_MISMATCH,amount mismatch,merchant service was not delivered after payment.,PENDING_BANK,MEDIUM,CHATBOT
CBK0001825,TXN00000995,True,USR60939,False,MCH9788,False,,2026-02-22 00:00:00,2026-03-06 00:00:00,True,,,False,True,FRAUD_SUSPECTED,scam,customer says amount was debited twice.,IN_PROGRESS,MEDIUM,APP
CBK0000191,TXN00016165,True,USR22024,True,MCH5684,True,2026-02-10 00:00:00,2026-02-16 00:00:00,2026-02-19 00:00:00,True,6.0,4335.54,False,False,SERVICE_NOT_DELIVERED,merchant service issue,Merchant service was not delivered after payment. urgent,CLOSED,HIGH,BRANCH
CBK0001412,TXN00007645,True,USR75440,False,MCH4862,False,2026-02-23 00:00:00,2026-02-23 00:00:00,2026-03-21 10:58:05,True,0.0,1667.95,True,False,SERVICE_NOT_DELIVERED,not delivered,Customer says transaction was not authorized.,IN_PROGRESS,CRITICAL,EMAIL
CBK0000015,TXN00003408,True,USR88037,True,MCH7845,True,,,2026-04-01 14:30:26,True,,895.1,False,False,GENERAL_DISPUTE,no service,Suspicious high-value payment disputed by cust.,IN_PROGRESS,MEDIUM,IVR
CBK0001722,TXN00001041,True,USR72483,False,MCH9013,False,2026-01-06 00:00:00,2026-01-08 00:00:00,2026-01-18 00:00:00,True,2.0,1977.08,False,False,AMOUNT_MISMATCH,extra amount deducted,customer says amount was debited twice.,PENDING_BANK,LOW,BRANCH
CBK0000826,TXN00002919,True,USR50535,False,MCH2014,True,2026-01-11 00:00:00,2026-01-13 00:00:00,,True,2.0,4331.37,False,False,FRAUD_SUSPECTED,scam,customer says amount was debited twice.,PENDING_BANK,HIGH,IVR
CBK0001912,TXN00004776,True,USR25848,False,MCH1193,True,2026-01-17 01:51:00,2026-01-22 00:00:00,2026-01-30 21:51:51,True,4.0,2319.55,False,False,SERVICE_NOT_DELIVERED,not delivered,Complaint received after multiple failed attempts.,REJECTED,HIGH,CHATBOT
CBK0002561,TXN00002204,True,USR14039,False,MCH6810,False,2026-03-04 00:00:00,2026-03-08 00:00:00,2026-03-11 00:00:00,True,4.0,455.59,False,False,UNAUTHORIZED_TRANSACTION,Unauthorized Transaction,User says UPI PIN was not entered by them.,IN_PROGRESS,HIGH,IVR
CBK0000224,TXN00019488,True,USR33856,False,MCH7833,True,,2026-01-11 04:59:00,,True,,6544.91,False,False,UNAUTHORIZED_TRANSACTION,not done by me,User says UPI PIN was not entered by them. urgent,CLOSED,MEDIUM,CHATBOT
CBK0000554,TXN00016199,True,USR58457,False,MCH2818,True,2026-03-03 00:00:00,2026-03-13 00:00:00,2026-03-20 00:00:00,True,10.0,4366.91,False,False,ACCOUNT_TAKEOVER,account hacked,Payment made to unknown merchant as per customer statement.,IN_PROGRESS,HIGH,CHATBOT
CBK0001687,TXN00003168,True,USR79935,False,MCH8154,True,2026-02-26 00:00:00,2026-03-01 00:00:00,2026-03-11 03:30:00,True,3.0,2132.64,False,False,FRAUD_SUSPECTED,Fraud Suspected,merchant service was not delivered after payment.,PENDING_BANK,MEDIUM,CHATBOT
CBK0001186,TXN00018221,True,USR54313,False,MCH9511,False,2026-01-30 00:00:00,2026-03-17 00:00:00,2026-04-03 00:00:00,True,46.0,119.0,False,False,AMOUNT_MISMATCH,Wrong Amount,User claims account was compromised before transaction. pls check asap,OPEN,LOW,BRANCH
CBK0000923,TXN00094657,False,USR35229,False,MCH1505,False,2026-03-23 00:00:00,2026-04-23 00:00:00,2026-04-26 00:00:00,True,31.0,2556.0,False,False,AMOUNT_MISMATCH,Wrong Amount,Merchant service was not delivered after payment.,CLOSED,HIGH,BRANCH
CBK0000322,TXN00019719,True,USR68594,False,MCH8391,True,2026-03-23 00:00:00,2026-04-02 20:20:18,2026-04-18 20:20:18,True,10.0,4373.83,False,False,SERVICE_NOT_DELIVERED,delivery issue,merchant service was not delivered after payment.,CLOSED,HIGH,BRANCH
CBK0000056,TXN00002715,True,USR49193,False,MCH9467,True,2026-01-23 00:00:00,2026-02-03 08:44:00,,True,11.0,,False,True,SERVICE_NOT_DELIVERED,service failed,Merchant service was not delivered after payment.,REJECTED,HIGH,CHATBOT
CBK0000778,TXN00004797,True,USR73637,True,MCH1026,False,2026-01-12 03:41:00,2026-02-27 00:00:00,,True,45.0,3784.33,False,False,UNAUTHORIZED_TRANSACTION,UNAUTHORISED,customer says transaction was not authorized.,RESOLVED,MEDIUM,CALL_CENTER
CBK0001904,TXN00006057,True,USR27947,True,MCH5098,False,2026-01-23 08:43:00,2026-01-26 00:00:00,2026-02-15 09:43:00,True,2.0,378.18,False,False,AMOUNT_MISMATCH,amount mismatch,Merchant service was not delivered after payment.,PENDING_BANK,HIGH,CALL_CENTER
CBK0001858,TXN00019309,True,USR57601,False,MCH7194,True,2026-01-10 00:00:00,2026-01-11 00:00:00,,True,1.0,6862.58,False,False,GENERAL_DISPUTE,complaint,User claims account was compromised before transaction.,IN_PROGRESS,HIGH,APP
CBK0001327,TXN00010704,True,USR57352,False,MCH9854,False,2026-01-15 20:40:00,2026-01-21 00:00:00,,True,5.0,2880.65,False,False,FRAUD_SUSPECTED,FRAUD,Complaint received after multiple failed attempts.,IN_PROGRESS,LOW,BRANCH
CBK0000612,TXN00008353,True,USR59073,False,MCH2016,True,2026-03-04 00:00:00,2026-03-06 18:57:42,2026-03-11 18:57:00,True,2.0,1208.71,False,False,FRAUD_SUSPECTED,fraud,customer says transaction was not authorized.,REJECTED,MEDIUM,BRANCH
CBK0001251,TXN00007334,True,USR34180,False,MCH8904,False,2026-03-05 00:00:00,2026-03-08 00:00:00,2026-03-19 00:00:00,True,3.0,903.47,False,False,SERVICE_NOT_DELIVERED,service failed,PAYMENT MADE TO UNKNOWN MERCHANT AS PER CUSTOMER STATEMENT.,CLOSED,LOW,CHATBOT
CBK0000036,TXN00007642,True,USR23143,True,MCH2032,True,2026-01-14 00:00:00,2026-01-17 16:21:03,2026-02-05 16:21:03,True,3.0,1258.0,False,False,GENERAL_DISPUTE,complaint,Customer says transaction was not authorized. NA,REJECTED,CRITICAL,EMAIL
CBK0001074,TXN00016035,True,USR30137,False,MCH4252,False,2026-03-18 00:00:00,2026-03-20 00:00:00,,True,2.0,2162.74,False,False,DUPLICATE_DEBIT,charged twice,Customer complaint text unclear due to poor call center notes.,OPEN,MEDIUM,BRANCH
CBK0000045,TXN00018877,True,USR30701,False,MCH8391,True,,2026-03-10 00:00:00,,True,,2653.61,False,False,SERVICE_NOT_DELIVERED,service failed,Payment made to unknown merchant as per customer statement.,OPEN,CRITICAL,CHATBOT
CBK0002044,TXN00012234,True,USR38814,True,MCH2495,True,2026-02-25 00:00:00,2026-04-11 00:00:00,2026-04-17 00:00:00,True,45.0,1786.57,False,False,UNAUTHORIZED_TRANSACTION,UNAUTHORISED,Customer says amount was debited twice.,PENDING_BANK,CRITICAL,IVR
CBK0002390,TXN00008564,True,USR53527,False,MCH1450,True,2026-03-14 00:00:00,2026-03-20 12:52:19,2026-04-18 00:00:00,True,6.0,7520.47,False,False,SERVICE_NOT_DELIVERED,delivery issue,USER CLAIMS ACCOUNT WAS COMPROMISED BEFORE TRANSACTION.,RESOLVED,MEDIUM,CHATBOT
CBK0000991,TXN00016978,True,USR85967,False,MCH9642,True,2026-03-28 06:01:00,2026-04-12 20:01:14,2026-04-12 00:00:00,False,,3895.0,False,False,FRAUD_SUSPECTED,suspicious transaction,Customer says amount was debited twice.,CLOSED,MEDIUM,IVR
CBK0001740,TXN00009712,True,USR32707,True,MCH4181,False,2026-01-28 00:00:00,2026-01-29 00:00:00,2026-02-28 00:00:00,True,1.0,803.59,False,False,GENERAL_DISPUTE,Customer Dispute,User reports money deducted but merchant denies receiving payment.,CLOSED,MEDIUM,APP
CBK0000182,TXN00013078,True,USR91108,False,MCH4931,False,2026-02-06 21:01:00,2026-02-06 00:00:00,2026-03-01 00:00:00,False,,3943.46,False,False,SERVICE_NOT_DELIVERED,merchant service issue,Suspicious high-value payment disputed by customer.,OPEN,CRITICAL,APP
CBK0002641,TXN00005655,True,USR10307,False,MCH4859,True,2026-02-27 00:00:00,2026-03-03 00:00:00,,True,4.0,5976.8,False,False,AMOUNT_MISMATCH,incorrect amount,Merchant service was not delivered after payment.,OPEN,HIGH,CHATBOT
CBK0001106,TXN00081951,False,USR84942,False,MCH2073,False,2026-02-12 01:12:00,,2026-03-12 00:00:00,True,,3816.43,False,False,ACCOUNT_TAKEOVER,login compromised,Customer says transaction was not authorized. call dropped,PENDING_BANK,MEDIUM,BRANCH
CBK0002466,TXN00013029,True,USR16995,False,MCH7040,True,2026-01-13 05:39:00,2026-01-15 19:39:00,2026-01-25 19:39:06,True,2.0,1491.88,False,False,SERVICE_NOT_DELIVERED,merchant service issue,Customer says transaction was not authorized.,REJECTED,MEDIUM,EMAIL
CBK0001305,TXN00017826,True,USR89617,False,MCH5076,False,2026-01-18 23:38:00,2026-02-03 00:00:00,2026-02-24 00:00:00,True,15.0,5617.04,False,False,ACCOUNT_TAKEOVER,Account Takeover,Payment made to unknown merchant as per customer statement.,IN_PROGRESS,LOW,IVR
CBK0002675,TXN00007158,True,USR38065,True,MCH6195,False,2026-02-10 00:00:00,2026-02-25 18:38:29,2026-02-25 00:00:00,False,,1520.53,True,False,SERVICE_NOT_DELIVERED,delivery issue,User reports money deducted but merchant denies receiving payment.,IN_PROGRESS,HIGH,IVR
CBK0002337,TXN00008947,True,USR74187,True,MCH2877,False,2026-01-05 00:00:00,2026-01-08 00:00:00,2026-01-14 00:00:00,True,3.0,4079.0,False,False,GENERAL_DISPUTE,dispute raised,Customer says amount was debited twice.,RESOLVED,LOW,IVR
CBK0000211,TXN00019098,True,USR76655,True,MCH2383,True,2026-02-12 00:00:00,2026-02-27 00:00:00,2026-03-14 00:00:00,True,15.0,536.94,False,False,ACCOUNT_TAKEOVER,login compromised,Complaint received after multiple failed attempts.,PENDING_BANK,MEDIUM,EMAIL
CBK0000042,TXN00001246,True,USR48537,False,MCH2700,False,2026-02-08 00:00:00,,2026-02-25 00:00:00,True,,702.0,False,False,GENERAL_DISPUTE,complaint,customer says transaction was not authorized.,CLOSED,HIGH,IVR
CBK0002778,TXN00034155,False,USR63286,False,MCH5795,True,2026-03-31 00:00:00,2026-05-15 00:00:00,,True,45.0,736.99,False,False,SERVICE_NOT_DELIVERED,delivery issue,Suspicious high-value payment disputed by customer.,PENDING_BANK,MEDIUM,CHATBOT
CBK0002652,TXN00008454,True,USR79705,True,MCH2757,True,,2026-02-27 00:00:00,2026-03-14 00:00:00,True,,268.0,False,False,ACCOUNT_TAKEOVER,login compromised,Suspicious high-value payment disputed by customer.,PENDING_BANK,MEDIUM,CHATBOT
CBK0000226,TXN00015815,True,USR35149,False,MCH8971,False,2026-02-11 01:43:00,2026-02-26 00:00:00,,True,14.0,458.03,False,False,GENERAL_DISPUTE,customer issue,Customer complaint text unclear due to poor call center notes.,IN_PROGRESS,LOW,EMAIL
CBK0001226,TXN00014655,True,USR64776,False,MCH4837,False,2026-01-19 00:00:00,2026-01-29 00:00:00,2026-02-08 00:00:00,True,10.0,290.31,False,False,DUPLICATE_DEBIT,double debit,customer complaint text unclear due to poor call center notes.,PENDING_BANK,HIGH,CHATBOT
CBK0001961,TXN00004780,True,USR62254,True,MCH9817,False,2026-02-05 00:00:00,2026-02-06 00:00:00,,True,1.0,673.13,True,False,FRAUD_SUSPECTED,scam,Customer says transaction was not authorized.,PENDING_BANK,HIGH,IVR
CBK0001650,TXN00007842,True,USR43371,False,MCH9291,True,2026-03-24 00:00:00,2026-03-27 00:00:00,2026-04-21 00:00:00,True,3.0,5443.0,False,False,AMOUNT_MISMATCH,amount mismatch,Customer says amount was debited twice.,IN_PROGRESS,LOW,IVR
CBK0002294,TXN00004771,True,USR12753,True,MCH9267,False,2026-02-03 00:00:00,2026-02-19 00:00:00,,True,16.0,5005.08,False,False,GENERAL_DISPUTE,Customer Dispute,Complaint received after multiple failed attempts.,PENDING_BANK,CRITICAL,CHATBOT
CBK0000256,TXN00001617,True,USR63778,False,MCH6614,False,2026-01-29 00:00:00,2026-01-30 00:00:00,2026-02-17 00:00:00,True,1.0,14278.2,False,False,SERVICE_NOT_DELIVERED,delivery issue,User reports money deducted but merchant denies receiving payment.,IN_PROGRESS,LOW,IVR
CBK0000634,TXN00003160,True,USR20310,True,MCH5168,False,2026-03-14 00:00:00,2026-03-14 07:16:00,,True,0.0,11376.0,False,False,AMOUNT_MISMATCH,amount mismatch,USER SAYS UPI PIN WAS NOT ENTERED BY THEM.,REJECTED,LOW,EMAIL
CBK0001898,TXN00012370,True,USR72048,False,MCH5535,False,2026-03-29 00:00:00,2026-04-02 00:00:00,,True,4.0,9690.23,True,False,GENERAL_DISPUTE,DUP_DEBIT,User claims account was compromised before transaction.,OPEN,MEDIUM,CALL_CENTER
CBK0001953,TXN00002867,True,USR48061,False,MCH8600,True,2026-01-15 00:00:00,2026-01-16 10:12:56,2026-01-24 00:00:00,True,1.0,4361.29,False,False,GENERAL_DISPUTE,dispute raised,Suspicious high-value payment disputed by customer.,PENDING_BANK,LOW,EMAIL
CBK0000414,TXN00071282,False,USR51465,False,MCH8403,False,2026-03-05 00:00:00,2026-03-21 02:45:00,2026-03-30 02:45:00,True,16.0,4105.21,False,False,ACCOUNT_TAKEOVER,ATO,USER CLAIMS ACCOUNT WAS COMPROMISED BEFORE TRANSACTION.,IN_PROGRESS,CRITICAL,CALL_CENTER
CBK0000229,TXN00011498,True,USR25152,False,MCH5516,True,2026-03-10 08:33:00,2026-03-13 00:00:00,2026-03-18 16:33:39,True,2.0,1209.77,False,False,FRAUD_SUSPECTED,Fraud Suspected,User says UPI PIN was not entered by them.,IN_PROGRESS,LOW,CHATBOT
CBK0002621,TXN00013196,True,USR25302,False,MCH2285,False,2026-01-05 00:00:00,2026-01-08 00:00:00,2026-02-06 00:00:00,True,3.0,4814.0,False,False,SERVICE_NOT_DELIVERED,Merchant Not Delivered,Merchant service was not delivered after payment.,PENDING_BANK,MEDIUM,BRANCH
CBK0002599,TXN00015427,True,USR46465,True,MCH3243,False,2026-03-04 00:00:00,2026-04-04 00:00:00,2026-04-18 00:00:00,True,31.0,1089.6,False,False,FRAUD_SUSPECTED,fraud,Customer says transaction was not authorized. NA,OPEN,MEDIUM,CHATBOT
CBK0001385,TXN00015532,True,USR43241,True,MCH2822,False,2026-02-02 21:47:00,2026-02-03 00:00:00,2026-02-15 00:00:00,True,0.0,90.26,False,False,ACCOUNT_TAKEOVER,Account Takeover,Customer says transaction was not authorized.,PENDING_BANK,CRITICAL,APP
CBK0001645,TXN00004849,True,USR87914,False,MCH2065,False,2026-03-31 15:04:00,2026-04-03 00:00:00,2026-04-04 09:04:41,True,2.0,1212.0,False,False,GENERAL_DISPUTE,no service,Payment made to unknown merchant as per customer statement.,IN_PROGRESS,MEDIUM,BRANCH
CBK0000995,TXN00005999,True,USR40639,False,MCH1381,False,2026-01-11 20:47:00,2026-01-13 00:00:00,,True,1.0,3530.1,True,False,SERVICE_NOT_DELIVERED,not delivered,COMPLAINT RECEIVED AFTER MULTIPLE FAILED ATTEMPTS.,IN_PROGRESS,LOW,CHATBOT
CBK0000553,TXN00001388,True,USR38124,True,MCH8462,False,2026-03-07 00:00:00,2026-03-09 16:59:00,2026-03-18 00:00:00,True,2.0,5809.0,True,False,SERVICE_NOT_DELIVERED,merchant service issue,merchant service was not delivered after payment.,CLOSED,HIGH,EMAIL
CBK0000812,TXN00003721,True,USR76959,False,MCH8190,False,,2026-03-05 00:00:00,,True,,3807.76,True,False,FRAUD_SUSPECTED,scam,User says UPI PIN was not entered by them.,CLOSED,HIGH,BRANCH
CBK0000841,TXN00007967,True,USR49028,False,MCH7643,False,2026-03-31 00:00:00,2026-04-11 00:00:00,2026-04-12 01:44:00,True,11.0,,False,True,SERVICE_NOT_DELIVERED,item not received,Customer says transaction was not authorized. call dropped,REJECTED,HIGH,IVR
CBK0000266,TXN00006755,True,USR13301,False,MCH5226,True,2026-01-07 00:00:00,2026-01-07 00:00:00,2026-02-02 18:44:26,True,0.0,1874.0,False,False,AMOUNT_MISMATCH,amount mismatch,Customer complaint text unclear due to poor call center notes. call dropped,CLOSED,MEDIUM,CALL_CENTER
CBK0002431,TXN00015350,True,USR95800,False,MCH4448,True,2026-03-26 01:08:15,2026-03-28 03:08:15,2026-04-10 03:08:00,True,2.0,676.77,False,False,ACCOUNT_TAKEOVER,account hacked,Customer complaint text unclear due to poor call center notes.,IN_PROGRESS,LOW,CALL_CENTER
CBK0000907,TXN00018961,True,USR73332,True,MCH5096,False,2026-03-24 00:00:00,,,True,,409.0,False,False,ACCOUNT_TAKEOVER,account hacked,Merchant service was not delivered after payment.,RESOLVED,LOW,IVR
CBK0000568,TXN00005915,True,USR19528,True,MCH9192,True,,2026-02-24 00:00:00,,True,,215.32,False,False,FRAUD_SUSPECTED,Fraud Suspected,Customer says transaction was not authorized. urgent,PENDING_BANK,MEDIUM,CHATBOT
CBK0002248,TXN00018611,True,USR80560,False,MCH1043,False,2026-02-11 00:00:00,2026-02-13 00:00:00,2026-02-28 00:00:00,True,2.0,1143.89,False,False,GENERAL_DISPUTE,DUP_DEBIT,Customer says amount was debited twice.,OPEN,MEDIUM,BRANCH
CBK0001578,TXN00008775,True,USR61019,False,MCH8496,True,2026-03-30 13:32:00,2026-03-31 00:00:00,2026-04-22 00:00:00,True,0.0,8304.41,False,False,ACCOUNT_TAKEOVER,ATO,Customer says amount was debited twice.,RESOLVED,LOW,EMAIL
CBK0001548,TXN00000463,True,USR79013,False,MCH7615,True,,2026-01-05 20:53:00,2026-01-10 00:00:00,True,,,False,True,SERVICE_NOT_DELIVERED,Service Not Provided,User says UPI PIN was not entered by them.,RESOLVED,HIGH,BRANCH
CBK0002013,TXN00007063,True,USR45520,False,MCH1320,True,2026-03-01 06:39:21,2026-03-02 00:00:00,2026-03-17 00:00:00,True,0.0,370.32,False,False,ACCOUNT_TAKEOVER,login compromised,User says UPI PIN was not entered by them.,IN_PROGRESS,LOW,CHATBOT
CBK0001094,TXN00017457,True,USR13306,False,MCH4473,False,2026-03-07 08:44:00,2026-03-10 00:00:00,,True,2.0,,False,True,DUPLICATE_DEBIT,Duplicate Debit,Merchant service was not delivered after payment. NA,PENDING_BANK,LOW,CALL_CENTER
CBK0001077,TXN00009149,True,USR88897,True,MCH5127,True,2026-02-02 00:00:00,2026-02-04 00:00:00,,True,2.0,2970.62,True,False,FRAUD_SUSPECTED,FRAUD,Payment made to unknown merchant as per cust statement.,REJECTED,CRITICAL,EMAIL
CBK0001003,TXN00006075,True,USR31466,False,MCH8516,False,2026-02-07 03:40:00,2026-02-12 09:40:00,,True,5.0,1413.0,False,False,GENERAL_DISPUTE,no service,User claims account was compromised before transaction.,IN_PROGRESS,CRITICAL,EMAIL
CBK0002093,TXN00017223,True,USR95193,False,MCH2383,True,2026-03-25 00:00:00,2026-03-20 21:23:30,2026-04-14 00:00:00,False,,711.68,True,False,ACCOUNT_TAKEOVER,ATO,CUSTOMER SAYS TRANSACTION WAS NOT AUTHORIZED.,CLOSED,LOW,CALL_CENTER
CBK0001520,TXN00005376,True,USR68623,False,MCH8701,False,2026-03-31 00:00:00,2026-04-03 00:00:00,2026-04-18 00:00:00,True,3.0,6375.04,False,False,SERVICE_NOT_DELIVERED,not delivered,User claims account was compromised before transaction.,PENDING_BANK,MEDIUM,APP
CBK0002269,TXN00002609,True,USR70968,False,MCH6810,False,2026-03-06 00:00:00,2026-04-05 00:00:00,2026-04-22 00:00:00,True,30.0,3155.0,False,False,AMOUNT_MISMATCH,extra amount deducted,MERCHANT SERVICE WAS NOT DELIVERED AFTER PAYMENT.,IN_PROGRESS,MEDIUM,EMAIL
CBK0001060,TXN00004377,True,USR65291,True,MCH5076,False,2026-01-08 00:00:00,2026-01-12 13:45:00,2026-02-06 00:00:00,True,4.0,6954.75,False,False,GENERAL_DISPUTE,customer issue,Payment made to unknown merchant as per customer statement.,IN_PROGRESS,LOW,CHATBOT
CBK0000878,TXN00017227,True,USR23617,False,MCH9290,True,2026-02-28 16:25:00,2026-03-08 13:25:00,2026-03-09 00:00:00,True,7.0,2799.72,False,False,DUPLICATE_DEBIT,charged twice,User claims account was compromised before transaction. urgent,IN_PROGRESS,HIGH,CHATBOT
CBK0002419,TXN00008154,True,USR61213,False,MCH1320,True,2026-02-25 14:30:00,2026-04-12 00:00:00,,True,45.0,1654.89,False,False,SERVICE_NOT_DELIVERED,delivery issue,suspicious high-value payment disputed by customer.,OPEN,MEDIUM,APP
CBK0000142,TXN00017373,True,USR22644,True,MCH2266,True,,2026-03-17 00:00:00,2026-04-15 15:50:00,True,,4758.01,False,False,FRAUD_SUSPECTED,Fraud Suspected,Merchant service was not delivered after payment.,IN_PROGRESS,MEDIUM,EMAIL
CBK0000028,TXN00005785,True,USR15008,False,MCH4604,True,2026-02-03 15:28:00,2026-03-06 00:28:00,2026-03-28 00:00:00,True,30.0,222.95,False,False,DUPLICATE_DEBIT,charged twice,Payment made to unknown merchant as per cust statement.,CLOSED,MEDIUM,IVR
CBK0000090,TXN00018546,True,USR70795,False,MCH3992,False,2026-02-26 00:00:00,2026-02-23 00:00:00,2026-03-03 00:00:00,False,,7492.62,False,False,SERVICE_NOT_DELIVERED,item not received,MERCHANT SERVICE WAS NOT DELIVERED AFTER PAYMENT.,CLOSED,HIGH,IVR
CBK0000644,TXN00007288,True,USR97139,False,MCH2822,False,2026-02-03 00:00:00,2026-02-06 00:00:00,2026-02-12 15:55:43,True,3.0,320.6,False,False,UNAUTHORIZED_TRANSACTION,not done by me,Suspicious high-value payment disputed by customer.,OPEN,LOW,BRANCH
CBK0000171,TXN00003032,True,USR85839,False,MCH4965,True,2026-02-02 06:26:00,2026-03-04 00:00:00,,True,29.0,988.93,False,False,SERVICE_NOT_DELIVERED,not delivered,User says UPI PIN was not entered by them.,REJECTED,HIGH,CHATBOT
CBK0002288,TXN00001620,True,USR79613,False,MCH2822,False,2026-03-07 00:00:00,2026-03-07 00:00:00,,True,0.0,650.47,False,False,DUPLICATE_DEBIT,Duplicate Debit,User reports money deducted but merchant denies receiving payment.,CLOSED,HIGH,CHATBOT
CBK0000236,TXN00015982,True,USR78462,True,MCH5980,True,2026-02-19 02:15:55,2026-03-21 00:00:00,2026-04-14 00:00:00,True,29.0,3445.69,False,False,GENERAL_DISPUTE,dispute raised,Suspicious high-value payment disputed by customer.,OPEN,LOW,IVR
CBK0001256,TXN00012543,True,USR97472,True,MCH2266,True,2026-03-26 00:00:00,2026-03-29 00:00:00,2026-04-12 01:21:00,True,3.0,5621.9,True,False,DUPLICATE_DEBIT,Duplicate Debit,Payment made to unknown merchant as per customer statement. NA,CLOSED,LOW,CHATBOT
CBK0002263,TXN00017565,True,USR25091,False,MCH2757,True,2026-03-25 00:00:00,,2026-04-08 00:00:00,True,,3265.92,False,False,SERVICE_NOT_DELIVERED,not delivered,User claims account was compromised before transaction.,OPEN,MEDIUM,APP
CBK0000491,TXN00012981,True,USR53356,True,MCH3100,False,2026-02-28 00:00:00,2026-03-01 00:00:00,2026-03-09 00:00:00,True,1.0,1168.0,False,False,GENERAL_DISPUTE,no service,MERCHANT SERVICE WAS NOT DELIVERED AFTER PAYMENT.,PENDING_BANK,HIGH,IVR
CBK0000790,TXN00010376,True,USR31294,True,MCH2721,False,2026-02-21 00:00:00,2026-02-21 00:00:00,,True,0.0,3789.0,False,False,AMOUNT_MISMATCH,Wrong Amount,suspicious high-value payment disputed by customer.,PENDING_BANK,MEDIUM,APP
CBK0002734,TXN00086247,False,USR30500,False,MCH9900,False,2026-01-02 00:00:00,2026-01-04 00:00:00,,True,2.0,1425.14,False,False,UNAUTHORIZED_TRANSACTION,Unauthorized Transaction,SUSPICIOUS HIGH-VALUE PAYMENT DISPUTED BY CUSTOMER.,OPEN,HIGH,CHATBOT
CBK0000108,TXN00012720,True,USR63044,True,MCH3342,False,2026-01-03 07:04:00,2026-01-05 00:00:00,2026-01-05 00:00:00,True,1.0,1297.0,False,False,UNAUTHORIZED_TRANSACTION,UNAUTHORISED,User reports money deducted but merchant denies receiving payment.,RESOLVED,LOW,CHATBOT
CBK0000228,TXN00001207,True,USR43461,True,MCH2457,False,2026-02-10 00:00:00,2026-02-06 21:57:00,2026-02-17 21:57:00,False,,5779.34,False,False,ACCOUNT_TAKEOVER,ATO,Complaint received after multiple failed attempts.,REJECTED,MEDIUM,IVR
CBK0002532,TXN00014807,True,USR72152,False,MCH4189,False,2026-03-26 00:00:00,2026-03-30 00:00:00,2026-04-25 00:00:00,True,4.0,,False,True,FRAUD_SUSPECTED,Fraud Suspected,Customer says amount was debited twice.,IN_PROGRESS,CRITICAL,CHATBOT
CBK0000489,TXN00009790,True,USR14874,True,MCH3965,False,2026-02-24 00:00:00,2026-02-25 23:38:39,,True,1.0,1114.59,False,False,SERVICE_NOT_DELIVERED,merchant service issue,Customer says txn was not authorized.,RESOLVED,MEDIUM,CHATBOT
CBK0001085,TXN00007125,True,USR27848,False,MCH8555,True,2026-03-14 00:00:00,2026-03-16 00:00:00,,True,2.0,1467.82,False,False,GENERAL_DISPUTE,no service,user reports money deducted but merchant denies receiving payment.,IN_PROGRESS,CRITICAL,CHATBOT
CBK0002462,TXN00017340,True,USR67399,False,MCH8154,True,2026-02-10 00:00:00,2026-03-28 00:00:00,2026-04-17 00:00:00,True,46.0,1945.77,False,False,UNAUTHORIZED_TRANSACTION,unauthorized_transaction,PAYMENT MADE TO UNKNOWN MERCHANT AS PER CUSTOMER STATEMENT.,PENDING_BANK,LOW,IVR
CBK0002197,TXN00006372,True,USR66647,True,MCH5779,False,2026-02-17 13:16:55,2026-02-21 00:00:00,,True,3.0,5763.76,False,False,UNAUTHORIZED_TRANSACTION,unauth txn,user reports money deducted but merchant denies receiving payment.,IN_PROGRESS,MEDIUM,CHATBOT
CBK0000814,TXN00017418,True,USR91623,True,MCH6810,False,,2026-01-03 02:57:39,2026-01-29 00:00:00,True,,1350.91,False,False,DUPLICATE_DEBIT,charged twice,Merchant service was not delivered after payment.,PENDING_BANK,LOW,EMAIL
CBK0001792,TXN00002522,True,USR78192,False,MCH5237,True,2026-01-23 04:37:11,2026-01-24 00:00:00,,True,0.0,877.59,False,False,SERVICE_NOT_DELIVERED,not delivered,User reports money deducted but merchant denies receiving payment. pls check asap,CLOSED,MEDIUM,IVR
CBK0001103,TXN00006537,True,USR64942,False,MCH8349,False,2026-02-25 00:00:00,2026-03-12 23:58:49,2026-03-21 23:58:00,True,15.0,418.0,False,False,GENERAL_DISPUTE,customer issue,User says UPI PIN was not entered by them.,PENDING_BANK,MEDIUM,IVR
CBK0000208,TXN00011412,True,USR90908,False,MCH1460,False,2026-01-05 00:00:00,,2026-02-04 00:00:00,True,,1142.95,False,False,SERVICE_NOT_DELIVERED,not delivered,User says UPI PIN was not entered by them.,REJECTED,LOW,IVR
CBK0002160,TXN00003789,True,USR91387,False,MCH3992,False,2026-03-09 00:00:00,2026-03-13 00:02:43,2026-03-31 00:00:00,True,4.0,1061.09,False,False,GENERAL_DISPUTE,complaint,COMPLAINT RECEIVED AFTER MULTIPLE FAILED ATTEMPTS.,PENDING_BANK,MEDIUM,CALL_CENTER
CBK0002355,TXN00010287,True,USR83793,False,MCH2036,False,2026-02-28 07:09:59,2026-03-03 00:00:00,,True,2.0,852.14,False,False,SERVICE_NOT_DELIVERED,item not received,USER SAYS UPI PIN WAS NOT ENTERED BY THEM.,RESOLVED,CRITICAL,CHATBOT
CBK0001555,TXN00010998,True,USR55626,False,MCH3270,True,2026-03-23 00:00:00,2026-03-23 23:29:00,2026-04-03 00:00:00,True,0.0,1074.0,False,False,UNAUTHORIZED_TRANSACTION,unauth txn,Merchant service was not delivered after payment. NA,CLOSED,CRITICAL,CALL_CENTER
CBK0000947,TXN00013726,True,USR83095,True,MCH5410,True,2026-03-28 00:00:00,2026-03-29 11:05:48,,True,1.0,6019.31,False,False,DUPLICATE_DEBIT,double debit,suspicious high-value payment disputed by customer.,IN_PROGRESS,HIGH,BRANCH
CBK0002261,TXN00000527,True,USR82246,False,MCH6318,False,2026-01-18 00:00:00,2026-01-20 00:00:00,2026-01-29 03:15:21,True,2.0,3784.42,False,False,DUPLICATE_DEBIT,charged twice,Customer complaint text unclear due to poor call center notes.,IN_PROGRESS,LOW,BRANCH
CBK0001921,TXN00018097,True,USR29054,False,MCH8796,False,,2026-02-27 00:00:00,2026-03-03 02:06:00,True,,2522.66,False,False,SERVICE_NOT_DELIVERED,delivery issue,Complaint received after multiple failed attempts.,CLOSED,HIGH,IVR
CBK0000150,TXN00004153,True,USR21449,False,MCH8072,False,2026-03-21 00:00:00,2026-03-22 00:00:00,2026-03-24 09:18:00,True,1.0,3630.27,False,False,FRAUD_SUSPECTED,FRAUD,Suspicious high-value payment disputed by customer.,IN_PROGRESS,HIGH,APP
CBK0001255,,False,USR63146,False,MCH9614,False,2026-02-21 00:00:00,2026-02-27 00:00:00,2026-02-27 00:00:00,True,6.0,1677.54,False,False,SERVICE_NOT_DELIVERED,Merchant Not Delivered,Customer says transaction was not authorized.,IN_PROGRESS,LOW,CHATBOT
CBK0002165,TXN00011788,True,USR69706,True,MCH3368,False,2026-01-04 00:00:00,2026-01-07 00:00:00,2026-01-16 00:00:00,True,3.0,4428.67,False,False,DUPLICATE_DEBIT,Duplicate Debit,Customer says amount was debited twice. details missing,REJECTED,LOW,IVR
CBK0001143,TXN00010812,True,USR29995,False,MCH2068,False,2026-02-11 00:00:00,2026-02-13 00:00:00,2026-03-14 00:00:00,True,2.0,752.91,True,False,DUPLICATE_DEBIT,Duplicate Debit,User says UPI PIN was not entered by them.,PENDING_BANK,LOW,CHATBOT
CBK0001369,TXN00016708,True,USR40818,True,MCH6534,False,,,2026-02-27 00:00:00,True,,2567.69,False,False,FRAUD_SUSPECTED,Fraud Suspected,Customer says amount was debited twice.,PENDING_BANK,MEDIUM,IVR
CBK0001216,TXN00002147,True,USR51748,False,MCH7793,False,2026-01-25 00:00:00,2026-01-28 00:00:00,,True,3.0,1064.06,False,False,UNAUTHORIZED_TRANSACTION,Unauthorized Transaction,Complaint received after multiple failed attempts.,REJECTED,HIGH,BRANCH
CBK0000495,TXN00010199,True,USR31808,False,MCH4590,False,2026-01-17 00:00:00,2026-01-27 00:00:00,2026-02-07 00:00:00,True,10.0,3450.0,False,False,GENERAL_DISPUTE,no service,Customer says transaction was not authorized.,IN_PROGRESS,HIGH,IVR
CBK0002274,TXN00008466,True,USR84517,True,MCH6508,True,2026-01-21 00:00:00,2026-01-23 00:00:00,,True,2.0,494.63,False,False,FRAUD_SUSPECTED,suspicious transaction,user claims account was compromised before transaction.,PENDING_BANK,MEDIUM,IVR
CBK0000001,TXN00000797,True,USR85565,True,MCH8779,True,2026-02-04 20:55:03,2026-02-03 00:00:00,2026-02-13 00:00:00,False,,1020.66,False,False,SERVICE_NOT_DELIVERED,service failed,Suspicious high-value payment disputed by customer. details missing,RESOLVED,LOW,EMAIL
CBK0000101,TXN00010812,True,USR81116,True,MCH4055,True,,2026-04-04 00:00:00,2026-04-05 00:00:00,True,,3506.0,False,False,DUPLICATE_DEBIT,double debit,payment made to unknown merchant as per customer statement.,IN_PROGRESS,LOW,CHATBOT
CBK0001075,TXN00013358,True,USR12571,False,MCH7477,False,,2026-02-27 00:00:00,2026-03-16 00:00:00,True,,2097.39,False,False,SERVICE_NOT_DELIVERED,item not received,Customer says transaction was not authorized.,REJECTED,LOW,CHATBOT
CBK0000412,TXN00007488,True,USR50260,True,MCH1591,True,2026-01-14 05:30:00,2026-02-13 00:00:00,2026-02-19 00:00:00,True,29.0,384.26,False,False,AMOUNT_MISMATCH,Wrong Amount,USER REPORTS MONEY DEDUCTED BUT MERCHANT DENIES RECEIVING PAYMENT.,PENDING_BANK,HIGH,IVR
CBK0001587,TXN00016352,True,USR29556,True,MCH9289,True,2026-01-14 00:00:00,2026-01-18 00:00:00,2026-01-18 00:00:00,True,4.0,6616.61,False,False,GENERAL_DISPUTE,no service,Complaint received after multiple failed attempts.,OPEN,MEDIUM,CHATBOT
CBK0001232,TXN00009374,True,USR51626,False,MCH6929,False,2026-01-03 00:00:00,2026-01-06 09:58:50,2026-01-28 00:00:00,True,3.0,,False,True,DUPLICATE_DEBIT,double debit,User says UPI PIN was not entered by them.,REJECTED,LOW,IVR
CBK0000381,TXN00014178,True,USR27107,True,MCH3113,False,2026-01-05 17:14:00,2026-01-11 00:00:00,2026-01-27 00:00:00,True,5.0,431.5,False,False,DUPLICATE_DEBIT,charged twice,customer says transaction was not authorized.,REJECTED,LOW,IVR
CBK0002726,TXN00003733,True,USR34851,True,MCH8714,True,2026-01-10 00:00:00,2026-01-12 06:21:00,2026-02-09 00:00:00,True,2.0,,False,True,FRAUD_SUSPECTED,fraud,Customer says amount was debited twice.,REJECTED,LOW,CHATBOT
CBK0000805,TXN00009314,True,USR13620,False,MCH3239,False,2026-01-21 00:00:00,2026-01-24 00:00:00,,True,3.0,766.0,False,False,GENERAL_DISPUTE,Customer Dispute,User says UPI PIN was not entered by them.,IN_PROGRESS,LOW,EMAIL
CBK0000901,TXN00012155,True,USR12240,False,MCH4226,False,2026-02-27 00:00:00,2026-03-04 15:39:00,2026-03-12 15:39:05,True,5.0,348.42,False,False,GENERAL_DISPUTE,complaint,Customer says amount was debited twice.,IN_PROGRESS,MEDIUM,APP
CBK0002226,TXN00005923,True,USR15487,True,MCH2547,False,2026-01-26 00:00:00,2026-02-06 03:51:00,2026-02-20 00:00:00,True,11.0,1759.97,False,False,UNAUTHORIZED_TRANSACTION,not done by me,Customer says transaction was not authorized.,RESOLVED,MEDIUM,EMAIL
CBK0000630,TXN00019233,True,USR41212,True,MCH3129,True,2026-03-01 00:00:00,2026-03-08 15:33:27,2026-03-28 00:00:00,True,7.0,1007.91,False,False,FRAUD_SUSPECTED,FRAUD,User reports money deducted but merchant denies receiving payment.,REJECTED,LOW,EMAIL
CBK0000965,TXN00009897,True,USR16439,False,MCH2212,True,2026-01-11 00:00:00,2026-01-12 00:00:00,2026-01-14 00:00:00,True,1.0,1827.19,False,False,AMOUNT_MISMATCH,amount mismatch,User claims account was compromised before transaction.,REJECTED,HIGH,CALL_CENTER
CBK0001952,TXN00013367,True,USR59329,False,MCH3526,False,2026-01-08 00:00:00,2026-01-11 00:00:00,2026-01-20 01:50:10,True,3.0,18514.67,False,False,FRAUD_SUSPECTED,FRAUD,User claims account was compromised before transaction.,IN_PROGRESS,LOW,EMAIL
CBK0001962,TXN00008141,True,USR88930,False,MCH5655,False,2026-01-21 00:00:00,2026-01-27 00:00:00,2026-02-06 06:00:00,True,6.0,4306.86,False,False,FRAUD_SUSPECTED,FRAUD,Customer complaint text unclear due to poor call center notes.,PENDING_BANK,MEDIUM,APP
CBK0000785,TXN00012403,True,USR98061,False,MCH9923,False,2026-03-24 00:00:00,2026-03-29 08:53:42,2026-03-29 00:00:00,False,,,False,True,GENERAL_DISPUTE,complaint,User claims account was compromised before transaction. details missing,PENDING_BANK,CRITICAL,BRANCH
CBK0000492,TXN00008504,True,USR51736,True,MCH8181,True,2026-01-12 00:00:00,2026-01-15 03:05:53,,True,3.0,303.99,False,False,DUPLICATE_DEBIT,double debit,Customer complaint text unclear due to poor call center notes.,IN_PROGRESS,LOW,IVR
CBK0001072,TXN00006554,True,USR20930,True,MCH7833,True,2026-01-11 00:00:00,2026-02-11 00:00:00,2026-03-04 00:59:16,True,31.0,4172.97,False,False,SERVICE_NOT_DELIVERED,Service Not Provided,merchant service was not delivered after payment.,IN_PROGRESS,MEDIUM,EMAIL
CBK0002427,TXN00003973,True,USR79707,True,MCH2266,True,,2026-03-23 01:55:27,2026-04-14 01:55:27,True,,2121.87,False,False,AMOUNT_MISMATCH,amount mismatch,USER REPORTS MONEY DEDUCTED BUT MERCHANT DENIES RECEIVING PAYMENT.,PENDING_BANK,LOW,EMAIL
CBK0000433,TXN00046623,False,USR96958,False,MCH2105,True,2026-03-03 11:55:57,2026-03-05 12:55:00,,True,2.0,6432.0,False,False,FRAUD_SUSPECTED,suspicious transaction,User claims account was compromised before transaction.,OPEN,HIGH,CHATBOT
CBK0001685,TXN00009635,True,USR26009,False,MCH8203,True,2026-01-29 11:05:25,2026-02-13 00:00:00,2026-02-13 00:00:00,True,14.0,1538.91,False,False,DUPLICATE_DEBIT,double debit,USER REPORTS MONEY DEDUCTED BUT MERCHANT DENIES RECEIVING PAYMENT.,PENDING_BANK,LOW,CHATBOT
CBK0001581,TXN00096928,False,USR33856,False,MCH8779,True,2026-01-06 00:00:00,2026-01-08 02:03:43,2026-01-20 00:00:00,True,2.0,2456.94,False,False,GENERAL_DISPUTE,dispute raised,Payment made to unknown merchant as per customer statement.,IN_PROGRESS,LOW,CALL_CENTER
CBK0002730,TXN00004070,True,USR84719,True,MCH4590,False,2026-02-15 00:00:00,2026-02-16 00:00:00,2026-02-26 00:00:00,True,1.0,3047.23,False,False,ACCOUNT_TAKEOVER,Account Takeover,Complaint received after multiple failed attempts.,PENDING_BANK,MEDIUM,CHATBOT
CBK0000523,TXN00014885,True,USR52281,False,MCH1833,True,2026-01-16 00:00:00,2026-01-26 00:00:00,2026-02-10 00:00:00,True,10.0,573.0,False,False,GENERAL_DISPUTE,dispute raised,Complaint received after multiple failed attempts.,IN_PROGRESS,HIGH,CHATBOT
CBK0000301,TXN00016908,True,USR68915,False,MCH4590,False,,2026-03-26 00:00:00,2026-03-29 02:20:18,True,,2938.45,False,False,ACCOUNT_TAKEOVER,Account Takeover,Payment made to unknown merchant as per customer statement.,IN_PROGRESS,LOW,APP
CBK0000742,TXN00007076,True,USR36630,True,MCH5264,False,2026-02-26 00:00:00,2026-02-28 00:00:00,2026-03-23 11:58:36,True,2.0,533.33,False,False,SERVICE_NOT_DELIVERED,service failed,Customer complaint text unclear due to poor call center notes.,PENDING_BANK,MEDIUM,APP
CBK0002215,TXN00007143,True,USR62254,True,MCH6359,True,,2026-01-29 00:00:00,2026-02-28 00:00:00,True,,2415.01,True,False,GENERAL_DISPUTE,dispute raised,Customer complaint text unclear due to poor call center notes.,PENDING_BANK,MEDIUM,APP
CBK0000062,TXN00012210,True,USR39698,False,MCH5302,False,2026-01-22 10:10:40,2026-01-25 00:00:00,,True,2.0,1467.32,False,False,AMOUNT_MISMATCH,extra amount deducted,Customer says amount was debited twice.,CLOSED,HIGH,IVR
CBK0002222,TXN00017740,True,USR92520,False,MCH5264,False,2026-02-18 17:42:00,2026-02-19 04:42:00,2026-02-20 04:42:36,True,0.0,2328.0,False,False,SERVICE_NOT_DELIVERED,service failed,User claims account was compromised before transaction.,IN_PROGRESS,MEDIUM,CHATBOT
CBK0001068,TXN00011141,True,USR85237,False,MCH9377,True,2026-01-13 20:39:53,2026-01-14 00:00:00,2026-01-26 00:00:00,True,0.0,1466.29,False,False,SERVICE_NOT_DELIVERED,Merchant Not Delivered,user says upi pin was not entered by them.,CLOSED,MEDIUM,IVR
CBK0000903,TXN00009145,True,USR87189,True,MCH8391,True,2026-01-14 00:00:00,2026-01-14 00:00:00,2026-01-19 18:38:44,True,0.0,1922.11,False,False,UNAUTHORIZED_TRANSACTION,Unauthorized Transaction,Customer says transaction was not authorized.,IN_PROGRESS,LOW,IVR
CBK0001360,TXN00018073,True,USR38459,True,MCH1267,True,2026-01-17 05:43:30,2026-01-18 00:00:00,2026-01-30 00:00:00,True,0.0,171.37,False,False,SERVICE_NOT_DELIVERED,Service Not Provided,User claims account was compromised before transaction.,PENDING_BANK,LOW,CALL_CENTER
CBK0002773,TXN00003172,True,USR63475,False,MCH3441,True,2026-02-09 00:00:00,2026-02-11 00:00:00,2026-03-03 00:00:00,True,2.0,3809.65,True,False,AMOUNT_MISMATCH,Wrong Amount,User reports money deducted but merchant denies receiving payment.,OPEN,LOW,CHATBOT
CBK0001595,TXN00019657,True,USR11057,False,MCH7114,False,2026-03-10 01:00:24,2026-03-20 14:00:00,2026-04-13 00:00:00,True,10.0,18735.0,False,False,GENERAL_DISPUTE,customer issue,Merchant service was not delivered after payment.,CLOSED,MEDIUM,APP
CBK0001556,TXN00003293,True,USR34180,False,MCH4663,False,2026-03-09 21:48:00,,2026-03-22 00:00:00,True,,2045.0,False,False,DUPLICATE_DEBIT,Duplicate Debit,User reports money deducted but merchant denies receiving payment.,RESOLVED,MEDIUM,EMAIL
CBK0001298,TXN00007668,True,USR64776,False,MCH6492,True,2026-02-13 00:00:00,2026-02-16 00:00:00,2026-03-02 00:00:00,True,3.0,872.83,False,False,ACCOUNT_TAKEOVER,account hacked,Complaint received after multiple failed attempts.,REJECTED,LOW,IVR
CBK0002671,TXN00018559,True,USR95364,False,MCH3979,False,2026-02-16 00:00:00,2026-02-17 02:27:10,2026-03-14 02:27:10,True,1.0,9404.0,False,False,ACCOUNT_TAKEOVER,ATO,User says UPI PIN was not entered by them.,REJECTED,LOW,CALL_CENTER
CBK0000319,,False,USR75218,True,MCH7937,False,2026-03-23 19:09:00,2026-03-25 00:00:00,2026-04-01 00:00:00,True,1.0,659.11,True,False,AMOUNT_MISMATCH,Wrong Amount,USER REPORTS MONEY DEDUCTED BUT MERCHANT DENIES RECEIVING PAYMENT.,REJECTED,LOW,IVR
CBK0000794,TXN00013962,True,USR28913,False,MCH9984,True,2026-01-12 10:51:00,2026-01-28 00:00:00,,True,15.0,1826.0,False,False,SERVICE_NOT_DELIVERED,not delivered,User claims account was compromised before transaction.,CLOSED,MEDIUM,EMAIL
CBK0000484,TXN00005084,True,USR96003,False,MCH8682,False,2026-03-06 05:20:24,2026-03-08 00:00:00,2026-03-30 23:20:24,True,1.0,12351.07,False,False,SERVICE_NOT_DELIVERED,merchant service issue,Customer says amount was debited twice.,PENDING_BANK,LOW,IVR
CBK0002284,TXN00019560,True,USR71503,True,MCH7874,False,2026-01-17 12:10:09,2026-01-19 00:00:00,2026-02-05 00:00:00,True,1.0,4923.1,False,False,SERVICE_NOT_DELIVERED,not delivered,Complaint received after multiple failed attempts.,IN_PROGRESS,CRITICAL,APP
CBK0001920,TXN00011275,True,USR18736,False,MCH4473,False,2026-02-21 00:00:00,2026-02-17 00:00:00,2026-02-23 12:13:00,False,,10469.69,False,False,ACCOUNT_TAKEOVER,ATO,User claims account was compromised before txn.,IN_PROGRESS,HIGH,APP
CBK0000338,TXN00014545,True,USR52948,False,MCH4069,False,2026-02-28 00:00:00,2026-03-06 00:00:00,,True,6.0,1623.27,False,False,GENERAL_DISPUTE,customer issue,CUSTOMER SAYS AMOUNT WAS DEBITED TWICE.,CLOSED,CRITICAL,CHATBOT
CBK0002530,TXN00008558,True,USR71564,False,MCH4848,True,2026-01-29 00:00:00,2026-02-01 06:28:44,2026-02-17 06:28:44,True,3.0,1053.3,False,False,UNAUTHORIZED_TRANSACTION,unauthorized_transaction,User says UPI PIN was not entered by them. call dropped,CLOSED,HIGH,IVR
CBK0002211,TXN00013107,True,USR37685,True,MCH8309,False,2026-01-17 04:52:50,2026-01-18 00:00:00,2026-01-24 00:00:00,True,0.0,2345.09,False,False,GENERAL_DISPUTE,DUP_DEBIT,Customer complaint text unclear due to poor call center notes.,IN_PROGRESS,HIGH,IVR
CBK0000646,TXN00018578,True,USR49324,False,MCH3174,False,2026-03-01 01:31:22,2026-03-02 00:00:00,2026-03-11 00:00:00,True,0.0,4970.0,False,False,ACCOUNT_TAKEOVER,ATO,User says UPI PIN was not entered by them.,IN_PROGRESS,MEDIUM,CHATBOT
CBK0002328,TXN00016836,True,USR20310,True,MCH6341,False,2026-02-12 16:33:00,2026-02-14 00:00:00,,True,1.0,,False,True,DUPLICATE_DEBIT,Duplicate Debit,Customer says transaction was not authorized.,IN_PROGRESS,MEDIUM,APP
CBK0001817,TXN00010816,True,USR54649,True,MCH5999,True,2026-01-20 00:00:00,2026-01-21 00:00:00,2026-01-27 00:00:00,True,1.0,1622.49,False,False,GENERAL_DISPUTE,dispute raised,Customer complaint text unclear due to poor call center notes.,IN_PROGRESS,CRITICAL,CHATBOT
CBK0000700,TXN00001244,True,USR88147,False,MCH2972,False,2026-02-13 00:00:00,2026-03-31 00:00:00,2026-04-04 00:00:00,True,46.0,1404.94,False,False,SERVICE_NOT_DELIVERED,service failed,User claims account was compromised before transaction.,IN_PROGRESS,MEDIUM,CHATBOT
CBK0000223,TXN00005582,True,USR74418,False,MCH4130,False,2026-02-19 15:03:20,,2026-02-25 03:03:20,True,,16352.81,False,False,FRAUD_SUSPECTED,scam,User claims account was compromised before transaction.,RESOLVED,HIGH,CALL_CENTER
CBK0000775,TXN00004439,True,USR27107,True,MCH7732,False,2026-01-21 00:00:00,2026-01-24 00:00:00,,True,3.0,1706.04,False,False,SERVICE_NOT_DELIVERED,Merchant Not Delivered,Merchant service was not delivered after payment.,REJECTED,HIGH,IVR
CBK0000625,TXN00000101,True,USR93581,False,MCH5578,False,2026-02-16 00:00:00,2026-02-19 00:00:00,,True,3.0,703.07,False,False,SERVICE_NOT_DELIVERED,Merchant Not Delivered,Customer says transaction was not authorized.,RESOLVED,CRITICAL,APP
CBK0001883,TXN00014046,True,USR51538,False,MCH5600,False,2026-03-18 00:00:00,2026-03-20 13:07:18,2026-03-25 00:00:00,True,2.0,4405.58,False,False,SERVICE_NOT_DELIVERED,merchant service issue,User says UPI PIN was not entered by them.,PENDING_BANK,LOW,APP
CBK0000292,,False,USR21921,False,MCH4375,True,2026-03-15 21:06:18,2026-03-21 00:00:00,2026-03-27 00:00:00,True,5.0,,False,True,AMOUNT_MISMATCH,incorrect amount,Complaint received after multiple failed attempts. details missing,IN_PROGRESS,LOW,BRANCH
CBK0001167,TXN00007185,True,USR30821,False,MCH4473,False,2026-03-14 00:00:00,2026-03-15 00:00:00,2026-03-28 06:08:16,True,1.0,,False,True,UNAUTHORIZED_TRANSACTION,unauthorized_transaction,Customer says amount was debited twice.,CLOSED,MEDIUM,IVR
CBK0001821,TXN00015418,True,USR40538,False,MCH3027,False,2026-02-09 00:00:00,2026-02-07 19:59:09,,False,,2520.29,True,False,AMOUNT_MISMATCH,extra amount deducted,Payment made to unknown merchant as per customer statement.,PENDING_BANK,MEDIUM,IVR
CBK0001959,TXN00011213,True,USR97266,False,MCH6311,False,2026-03-23 11:07:04,,,True,,1071.93,False,False,ACCOUNT_TAKEOVER,Account Takeover,Customer complaint text unclear due to poor call center notes.,RESOLVED,LOW,EMAIL
CBK0001011,TXN00016394,True,USR71985,True,MCH8514,False,2026-02-24 05:25:21,2026-03-11 17:25:21,,True,15.0,,False,True,GENERAL_DISPUTE,no service,User reports money deducted but merchant denies receiving payment.,OPEN,HIGH,CHATBOT
CBK0001468,TXN00016367,True,USR57411,True,MCH5305,True,2026-03-12 10:03:31,2026-03-11 00:00:00,,False,,6490.82,False,False,GENERAL_DISPUTE,Customer Dispute,Payment made to unknown merchant as per customer statement.,IN_PROGRESS,MEDIUM,EMAIL
CBK0002451,TXN00008228,True,USR86411,False,MCH8154,True,2026-01-13 05:23:00,2026-01-18 00:00:00,2026-01-29 09:23:00,True,4.0,443.81,True,False,UNAUTHORIZED_TRANSACTION,unauth txn,customer complaint text unclear due to poor call center notes.,RESOLVED,LOW,EMAIL
CBK0000026,TXN00001919,True,USR39089,True,MCH5042,True,2026-03-03 00:00:00,2026-03-05 00:00:00,2026-03-27 22:56:15,True,2.0,1859.77,False,False,GENERAL_DISPUTE,no service,Complaint received after multiple failed attempts.,REJECTED,LOW,IVR
CBK0002558,TXN00011898,True,USR64312,False,MCH7218,True,2026-01-14 19:22:13,2026-01-18 00:00:00,2026-02-04 00:00:00,True,3.0,2771.91,False,False,GENERAL_DISPUTE,DUP_DEBIT,Customer complaint text unclear due to poor call center notes.,REJECTED,LOW,BRANCH
CBK0001307,TXN00008095,True,USR42956,True,MCH9637,True,2026-03-11 05:18:57,2026-03-15 03:18:57,2026-03-26 00:00:00,True,3.0,,False,True,GENERAL_DISPUTE,customer issue,User claims account was compromised before transaction.,IN_PROGRESS,HIGH,BRANCH
CBK0001225,TXN00015094,True,USR34566,False,MCH5674,True,2026-03-03 00:00:00,2026-03-05 00:00:00,,True,2.0,12640.85,False,False,DUPLICATE_DEBIT,double debit,Customer complaint text unclear due to poor call center notes.,PENDING_BANK,LOW,APP
CBK0000822,TXN00005564,True,USR76792,False,MCH6388,True,2026-03-15 00:00:00,2026-03-16 02:35:00,2026-04-08 02:35:00,True,1.0,1858.07,False,False,SERVICE_NOT_DELIVERED,not delivered,Customer says amount was debited twice.,PENDING_BANK,MEDIUM,IVR
CBK0000596,TXN00006654,True,USR37722,False,MCH4208,True,2026-01-02 00:00:00,2026-01-08 17:27:00,,True,6.0,2733.0,False,False,UNAUTHORIZED_TRANSACTION,UNAUTHORISED,User reports money deducted but merchant denies receiving payment.,CLOSED,LOW,CHATBOT
CBK0001259,TXN00012199,True,USR39404,True,MCH2849,True,2026-03-30 00:00:00,2026-04-06 00:00:00,2026-04-13 00:00:00,True,7.0,879.0,False,False,GENERAL_DISPUTE,dispute raised,User claims account was compromised before transaction.,OPEN,LOW,CHATBOT
CBK0001764,TXN00007180,True,USR97480,False,MCH8142,True,2026-01-31 00:00:00,2026-02-01 00:00:00,2026-02-10 00:00:00,True,1.0,671.37,False,False,SERVICE_NOT_DELIVERED,service failed,User reports money deducted but merchant denies receiving payment.,PENDING_BANK,HIGH,EMAIL
CBK0002513,TXN00003753,True,USR11110,False,MCH5076,False,2026-01-03 00:00:00,2026-01-06 09:06:26,2026-01-29 09:06:00,True,3.0,691.4,False,False,GENERAL_DISPUTE,Customer Dispute,Suspicious high-value payment disputed by customer.,PENDING_BANK,MEDIUM,CALL_CENTER
CBK0001370,TXN00017169,True,USR14813,True,MCH6201,False,2026-03-05 07:45:00,2026-03-12 00:00:00,2026-03-14 07:45:00,True,6.0,696.63,False,False,AMOUNT_MISMATCH,amount mismatch,Complaint received after multiple failed attempts.,REJECTED,LOW,BRANCH
CBK0002247,TXN00013006,True,USR65627,False,MCH4411,True,2026-02-19 23:35:31,2026-02-21 00:00:00,2026-03-21 00:00:00,True,1.0,1637.49,True,False,FRAUD_SUSPECTED,FRAUD,User says UPI PIN was not entered by them.,RESOLVED,MEDIUM,APP
CBK0000563,TXN00011206,True,USR97772,True,MCH7503,True,2026-02-17 00:00:00,2026-02-19 20:32:51,2026-02-28 00:00:00,True,2.0,,False,True,DUPLICATE_DEBIT,charged twice,complaint received after multiple failed attempts.,REJECTED,LOW,CHATBOT
CBK0000347,TXN00015951,True,USR35882,False,MCH6839,True,2026-03-01 00:00:00,2026-03-02 22:57:12,2026-03-10 00:00:00,True,1.0,607.62,False,False,FRAUD_SUSPECTED,suspicious transaction,CUSTOMER SAYS AMOUNT WAS DEBITED TWICE.,PENDING_BANK,MEDIUM,CALL_CENTER
CBK0002509,TXN00002022,True,USR85958,False,MCH7739,False,,2026-02-22 16:14:00,2026-03-15 00:00:00,True,,7834.45,False,False,UNAUTHORIZED_TRANSACTION,not done by me,Merchant service was not delivered after payment.,RESOLVED,HIGH,CALL_CENTER
CBK0002177,TXN00018087,True,USR50619,False,MCH1160,False,2026-01-07 00:00:00,2026-01-15 00:00:00,2026-01-22 00:00:00,True,8.0,2152.04,False,False,SERVICE_NOT_DELIVERED,Service Not Provided,CUSTOMER SAYS TRANSACTION WAS NOT AUTHORIZED.,REJECTED,LOW,CALL_CENTER
CBK0001158,TXN00016429,True,USR80809,False,MCH9349,True,2026-01-10 00:00:00,2026-01-12 05:11:00,2026-01-17 05:11:04,True,2.0,276.59,False,False,SERVICE_NOT_DELIVERED,Service Not Provided,Payment made to unknown merchant as per customer statement.,RESOLVED,MEDIUM,BRANCH
CBK0000277,TXN00013423,True,USR88037,True,MCH4048,True,2026-01-11 00:00:00,2026-01-14 07:32:19,,True,3.0,498.7,False,False,SERVICE_NOT_DELIVERED,Service Not Provided,Customer says amount was debited twice.,PENDING_BANK,MEDIUM,APP
CBK0001620,TXN00013592,True,USR47384,True,MCH9347,False,,2026-02-08 00:00:00,2026-02-27 09:15:00,True,,1528.43,False,False,GENERAL_DISPUTE,no service,User says UPI PIN was not entered by them.,CLOSED,LOW,APP
CBK0000264,TXN00012389,True,USR77084,True,MCH4475,True,2026-01-23 11:24:20,2026-01-28 00:00:00,,True,4.0,1247.52,False,False,GENERAL_DISPUTE,DUP_DEBIT,Customer complaint text unclear due to poor call center notes. call dropped,IN_PROGRESS,LOW,EMAIL
CBK0000105,TXN00004321,True,USR86889,False,MCH1166,False,,2026-03-27 00:00:00,2026-04-01 06:28:32,True,,2032.79,False,False,SERVICE_NOT_DELIVERED,not delivered,Customer complaint text unclear due to poor call center notes.,OPEN,LOW,APP
CBK0001461,,False,USR21469,False,MCH3425,False,2026-02-26 00:00:00,2026-02-28 21:04:00,2026-03-24 00:00:00,True,2.0,1041.71,False,False,ACCOUNT_TAKEOVER,Account Takeover,User reports money deducted but merchant denies receiving payment.,IN_PROGRESS,LOW,BRANCH
CBK0000459,TXN00018065,True,USR75856,True,MCH6850,False,2026-02-11 19:04:00,2026-02-14 14:04:54,2026-03-01 14:04:00,True,2.0,4568.57,False,False,FRAUD_SUSPECTED,FRAUD,merchant service was not delivered after payment.,OPEN,LOW,IVR
CBK0001462,TXN00002045,True,USR58805,False,MCH2842,True,2026-03-02 00:00:00,2026-03-01 00:00:00,2026-03-21 12:45:23,False,,3144.27,False,False,UNAUTHORIZED_TRANSACTION,UNAUTHORISED,Suspicious high-value payment disputed by customer.,IN_PROGRESS,MEDIUM,EMAIL
CBK0002257,TXN00041888,False,USR36095,False,MCH2102,True,2026-02-17 00:00:00,,2026-03-15 00:00:00,True,,3064.59,False,False,SERVICE_NOT_DELIVERED,delivery issue,Customer says transaction was not authorized.,REJECTED,HIGH,BRANCH
CBK0002657,TXN00017047,True,USR97927,False,MCH9426,True,2026-01-26 00:00:00,2026-02-05 00:00:00,2026-03-04 00:00:00,True,10.0,1731.53,False,False,FRAUD_SUSPECTED,FRAUD,Complaint received after multiple failed attempts.,IN_PROGRESS,LOW,CALL_CENTER
CBK0000483,,False,USR36499,False,MCH5954,True,2026-03-28 16:40:00,2026-03-31 00:00:00,2026-04-19 15:40:00,True,2.0,2047.0,False,False,SERVICE_NOT_DELIVERED,item not received,User reports money deducted but merchant denies receiving payment.,PENDING_BANK,LOW,APP
CBK0001914,TXN00009715,True,USR93782,False,MCH5614,False,2026-02-12 00:00:00,2026-02-13 03:25:21,2026-02-24 00:00:00,True,1.0,1483.0,False,False,FRAUD_SUSPECTED,Fraud Suspected,Suspicious high-value payment disputed by customer.,OPEN,CRITICAL,APP
CBK0002052,TXN00019589,True,USR55253,True,MCH4612,False,2026-03-16 00:00:00,2026-03-17 00:00:00,,True,1.0,2150.0,False,False,GENERAL_DISPUTE,customer issue,user says upi pin was not entered by them.,RESOLVED,HIGH,EMAIL
CBK0002592,TXN00003766,True,USR79094,False,MCH8315,False,2026-01-17 13:54:40,2026-01-21 00:00:00,2026-01-28 00:00:00,True,3.0,587.08,False,False,ACCOUNT_TAKEOVER,login compromised,Suspicious high-value payment disputed by customer.,PENDING_BANK,MEDIUM,EMAIL
CBK0001281,TXN00018888,True,USR76747,True,MCH3704,False,,2026-04-17 00:00:00,2026-05-04 06:27:57,True,,,False,True,AMOUNT_MISMATCH,amount mismatch,User reports money deducted but merchant denies receiving payment.,REJECTED,MEDIUM,IVR
CBK0001484,TXN00014252,True,USR18345,False,MCH7982,True,2026-03-15 00:00:00,2026-03-10 00:00:00,,False,,5943.18,True,False,GENERAL_DISPUTE,customer issue,Payment made to unknown merchant as per customer statement.,OPEN,CRITICAL,APP
CBK0001969,TXN00002091,True,USR88037,True,MCH7819,False,2026-03-21 00:00:00,2026-03-29 07:59:18,,True,8.0,497.48,False,False,ACCOUNT_TAKEOVER,login compromised,Payment made to unknown merchant as per customer statement.,REJECTED,HIGH,IVR
CBK0000333,TXN00009429,True,USR43447,False,MCH6659,False,2026-03-06 05:06:00,2026-03-13 17:06:24,2026-03-30 00:00:00,True,7.0,1275.75,False,False,SERVICE_NOT_DELIVERED,merchant service issue,Complaint received after multiple failed attempts.,IN_PROGRESS,LOW,APP
CBK0001285,TXN00011614,True,USR22620,False,MCH8730,True,2026-01-25 15:04:08,2026-01-26 00:00:00,2026-02-13 00:00:00,True,0.0,459.43,False,False,DUPLICATE_DEBIT,double debit,Customer says amount was debited twice.,RESOLVED,MEDIUM,CHATBOT
CBK0001834,TXN00009538,True,USR93486,True,MCH1097,True,2026-03-25 23:42:00,2026-03-28 00:00:00,2026-04-12 00:00:00,True,2.0,1124.0,False,False,FRAUD_SUSPECTED,scam,Merchant service was not delivered after payment. call dropped,CLOSED,MEDIUM,EMAIL
CBK0000834,TXN00006801,True,USR60701,False,MCH8625,False,2026-01-04 16:40:24,2026-01-19 00:00:00,,True,14.0,1623.25,True,False,GENERAL_DISPUTE,DUP_DEBIT,CUSTOMER SAYS AMOUNT WAS DEBITED TWICE.,CLOSED,HIGH,IVR
CBK0001644,TXN00015953,True,USR99110,False,MCH2723,True,,2026-03-20 00:00:00,2026-03-31 12:00:12,True,,,False,True,SERVICE_NOT_DELIVERED,Merchant Not Delivered,Merchant service was not delivered after payment.,REJECTED,LOW,CHATBOT
CBK0002357,TXN00009106,True,USR64172,False,MCH7722,False,2026-03-05 00:00:00,2026-03-09 07:38:31,2026-04-05 07:38:31,True,4.0,1104.0,False,False,ACCOUNT_TAKEOVER,ATO,Merchant service was not delivered after payment.,REJECTED,MEDIUM,CHATBOT
CBK0001454,TXN00011270,True,USR25463,False,MCH7713,False,2026-01-12 23:29:29,2026-02-12 00:00:00,2026-03-14 00:00:00,True,30.0,2315.0,False,False,ACCOUNT_TAKEOVER,account hacked,Complaint received after multiple failed attempts.,PENDING_BANK,MEDIUM,IVR
CBK0002467,TXN00018324,True,USR12011,True,MCH6969,False,2026-03-09 02:28:51,2026-03-11 00:00:00,,True,1.0,1624.65,False,False,AMOUNT_MISMATCH,amount mismatch,Customer says amount was debited twice.,IN_PROGRESS,LOW,CALL_CENTER
CBK0001570,TXN00015345,True,USR50434,True,MCH4720,True,2026-03-14 05:36:46,2026-03-21 13:36:00,,True,7.0,891.13,False,False,UNAUTHORIZED_TRANSACTION,not done by me,Payment made to unknown merchant as per customer statement.,RESOLVED,LOW,BRANCH
CBK0000899,TXN00019564,True,USR29187,True,MCH8779,True,2026-03-19 00:00:00,2026-03-20 00:00:00,2026-04-04 08:18:37,True,1.0,17075.88,False,False,DUPLICATE_DEBIT,charged twice,user reports money deducted but merchant denies receiving payment.,IN_PROGRESS,LOW,EMAIL
CBK0001181,TXN00009419,True,USR39500,False,MCH9291,True,2026-03-06 15:17:00,2026-04-21 00:00:00,,True,45.0,16164.46,False,False,SERVICE_NOT_DELIVERED,item not received,Complaint received after multiple failed attempts.,IN_PROGRESS,LOW,IVR
CBK0002788,TXN00007182,True,USR38163,False,MCH5980,True,2026-03-11 00:00:00,2026-03-13 01:58:00,2026-03-24 00:00:00,True,2.0,7942.83,False,False,GENERAL_DISPUTE,complaint,Customer says transaction was not authorized.,IN_PROGRESS,LOW,BRANCH
CBK0000419,TXN00018842,True,USR61484,True,MCH8719,True,2026-03-13 16:46:00,2026-03-29 08:46:00,,True,15.0,1397.32,False,False,AMOUNT_MISMATCH,Wrong Amount,Payment made to unknown merchant as per customer statement.,CLOSED,MEDIUM,EMAIL
CBK0001389,TXN00013530,True,USR54156,False,MCH6601,False,2026-01-09 13:45:32,2026-01-15 00:00:00,,True,5.0,11913.51,False,False,DUPLICATE_DEBIT,Duplicate Debit,Customer says transaction was not authorized.,IN_PROGRESS,LOW,IVR
CBK0000747,TXN00015384,True,USR91399,True,MCH3815,False,2026-02-21 00:00:00,2026-03-04 07:27:02,,True,11.0,452.46,False,False,GENERAL_DISPUTE,dispute raised,user claims account was compromised before transaction.,CLOSED,LOW,CHATBOT
CBK0002757,TXN00002386,True,USR65855,False,MCH2446,False,2026-01-07 14:37:01,2026-01-03 14:37:01,,False,,4215.68,False,False,SERVICE_NOT_DELIVERED,service failed,Customer says amount was debited twice.,PENDING_BANK,LOW,CALL_CENTER
CBK0000332,TXN00005378,True,USR88270,False,MCH4590,False,2026-03-31 00:00:00,2026-05-16 14:52:28,2026-05-16 14:52:28,True,46.0,1274.1,False,False,SERVICE_NOT_DELIVERED,Service Not Provided,Complaint received after multiple failed attempts.,OPEN,MEDIUM,CALL_CENTER
CBK0002051,TXN00008348,True,USR53527,False,MCH2721,False,,2026-01-25 00:00:00,2026-02-23 23:19:00,True,,7413.72,False,False,DUPLICATE_DEBIT,Duplicate Debit,User claims account was compromised before transaction.,REJECTED,CRITICAL,EMAIL
CBK0002634,TXN00017469,True,USR67399,False,MCH4047,True,2026-02-04 00:00:00,2026-02-05 00:00:00,2026-02-20 00:00:00,True,1.0,1016.01,False,False,AMOUNT_MISMATCH,amount mismatch,User reports money deducted but merchant denies receiving payment.,REJECTED,LOW,IVR
CBK0000497,TXN00001489,True,USR78501,False,MCH8779,True,2026-03-22 14:52:27,2026-05-07 01:52:00,2026-05-19 00:00:00,True,45.0,6345.72,False,False,SERVICE_NOT_DELIVERED,not delivered,Merchant service was not delivered after payment.,RESOLVED,HIGH,APP
CBK0001504,TXN00058280,False,USR46847,True,MCH9988,True,,2026-01-31 00:00:00,2026-02-09 22:09:00,True,,834.87,False,False,DUPLICATE_DEBIT,charged twice,User says UPI PIN was not entered by them.,OPEN,MEDIUM,BRANCH
CBK0000746,TXN00006761,True,USR27533,True,MCH9632,True,2026-01-09 00:00:00,2026-01-16 00:00:00,2026-01-25 23:15:33,True,7.0,1870.83,False,False,GENERAL_DISPUTE,DUP_DEBIT,CUSTOMER COMPLAINT TEXT UNCLEAR DUE TO POOR CALL CENTER NOTES.,OPEN,MEDIUM,CHATBOT
CBK0000073,TXN00007186,True,USR55692,False,MCH9079,False,2026-02-14 01:49:22,2026-02-21 00:00:00,2026-02-21 00:00:00,True,6.0,7193.48,False,False,AMOUNT_MISMATCH,incorrect amount,Customer says amount was debited twice.,REJECTED,MEDIUM,EMAIL
CBK0001239,,False,USR43165,False,MCH9882,True,,2026-02-28 00:00:00,2026-02-28 00:00:00,True,,8059.65,False,False,AMOUNT_MISMATCH,extra amount deducted,Customer says amount was debited twice.,REJECTED,MEDIUM,APP
CBK0000454,TXN00010362,True,USR13559,False,MCH3717,False,2026-02-01 00:00:00,2026-02-04 00:00:00,2026-02-10 00:00:00,True,3.0,721.17,False,False,GENERAL_DISPUTE,DUP_DEBIT,Payment made to unknown merchant as per customer statement.,OPEN,MEDIUM,CHATBOT
CBK0000202,TXN00003879,True,USR22628,False,MCH4977,True,2026-01-14 00:00:00,2026-01-20 00:00:00,2026-02-05 00:00:00,True,6.0,2999.94,True,False,DUPLICATE_DEBIT,double debit,CUSTOMER SAYS TRANSACTION WAS NOT AUTHORIZED.,PENDING_BANK,LOW,IVR
CBK0000384,TXN00007704,True,USR74500,False,MCH5267,True,2026-02-07 00:00:00,2026-02-09 00:00:00,,True,2.0,1568.0,False,False,AMOUNT_MISMATCH,amount mismatch,Customer says amount was debited twice.,CLOSED,LOW,CHATBOT
CBK0002015,TXN00003845,True,USR71348,False,MCH6074,False,2026-01-20 00:00:00,2026-01-23 00:00:00,2026-02-18 00:40:34,True,3.0,2182.0,False,False,ACCOUNT_TAKEOVER,account hacked,Customer says amount was debited twice.,RESOLVED,HIGH,CHATBOT
CBK0002359,TXN00004169,True,USR59679,False,MCH4473,False,2026-01-03 08:56:00,2026-01-08 00:00:00,2026-01-16 14:56:06,True,4.0,13744.99,False,False,FRAUD_SUSPECTED,fraud,Customer complaint text unclear due to poor call center notes.,CLOSED,CRITICAL,EMAIL
CBK0001364,TXN00018217,True,USR92659,True,MCH6674,False,,,2026-01-06 00:00:00,True,,1300.73,False,False,GENERAL_DISPUTE,Customer Dispute,User claims account was compromised before transaction.,PENDING_BANK,HIGH,CHATBOT
CBK0002379,TXN00008645,True,USR61509,True,MCH1914,False,2026-03-27 00:00:00,2026-03-29 00:00:00,,True,2.0,3501.28,True,False,ACCOUNT_TAKEOVER,account hacked,Complaint received after multiple failed attempts.,REJECTED,MEDIUM,IVR
CBK0000039,TXN00010340,True,USR89475,True,MCH2478,True,2026-01-07 12:28:00,2026-01-12 00:00:00,2026-01-31 00:00:00,True,4.0,8382.0,False,False,UNAUTHORIZED_TRANSACTION,not done by me,Payment made to unknown merchant as per customer statement.,IN_PROGRESS,MEDIUM,CHATBOT
CBK0002254,TXN00016982,True,USR48692,True,MCH4326,True,2026-01-08 00:00:00,2026-01-10 00:00:00,2026-01-27 22:58:49,True,2.0,662.25,False,False,FRAUD_SUSPECTED,suspicious transaction,User says UPI PIN was not entered by them.,OPEN,MEDIUM,APP
CBK0000443,TXN00003234,True,USR48070,False,MCH7286,False,2026-02-25 00:00:00,2026-02-26 00:00:00,2026-03-21 00:00:00,True,1.0,8014.91,False,False,FRAUD_SUSPECTED,scam,Suspicious high-value payment disputed by customer.,REJECTED,HIGH,IVR
CBK0001214,TXN00084117,False,USR58335,False,MCH8999,True,2026-02-06 00:00:00,2026-02-11 21:36:27,2026-02-27 00:00:00,True,5.0,3956.74,False,False,SERVICE_NOT_DELIVERED,delivery issue,user reports money deducted but merchant denies receiving payment.,CLOSED,HIGH,BRANCH
CBK0002038,TXN00005021,True,USR23918,False,MCH2822,False,2026-02-15 01:06:00,2026-02-17 05:06:57,2026-03-01 00:00:00,True,2.0,7640.62,False,False,SERVICE_NOT_DELIVERED,not delivered,Customer says transaction was not authorized.,RESOLVED,LOW,EMAIL
CBK0000298,TXN00003788,True,USR83977,False,MCH4437,False,2026-02-03 23:13:39,2026-02-05 03:13:00,2026-02-24 00:00:00,True,1.0,5092.34,False,False,SERVICE_NOT_DELIVERED,merchant service issue,Merchant service was not delivered after payment.,PENDING_BANK,LOW,CHATBOT
CBK0001464,TXN00032619,False,USR22277,False,MCH4473,False,2026-01-02 00:00:00,2026-01-05 19:21:00,2026-01-30 00:00:00,True,3.0,2826.04,False,False,SERVICE_NOT_DELIVERED,item not received,User claims account was compromised before transaction.,RESOLVED,MEDIUM,EMAIL
CBK0001736,TXN00006569,True,USR82594,False,MCH5200,True,2026-03-07 00:00:00,2026-03-09 00:00:00,,True,2.0,3352.04,False,False,SERVICE_NOT_DELIVERED,merchant service issue,Merchant service was not delivered after payment. details missing,RESOLVED,HIGH,APP
CBK0000761,TXN00001654,True,USR73010,False,MCH6154,False,2026-02-05 00:00:00,2026-02-08 03:55:59,2026-02-10 00:00:00,True,3.0,11920.81,False,False,FRAUD_SUSPECTED,fraud,Suspicious high-value payment disputed by cust.,PENDING_BANK,LOW,IVR
CBK0002190,TXN00074121,False,USR68897,True,MCH4316,False,2026-03-13 12:21:29,2026-03-19 00:00:00,2026-03-26 00:00:00,True,5.0,1678.99,False,False,UNAUTHORIZED_TRANSACTION,not done by me,Customer says transaction was not authorized.,PENDING_BANK,MEDIUM,CHATBOT
CBK0001234,TXN00011425,True,USR22130,True,MCH7915,False,2026-02-07 06:14:00,2026-02-07 00:00:00,2026-03-01 00:00:00,False,,3369.42,True,False,FRAUD_SUSPECTED,FRAUD,customer says transaction was not authorized.,OPEN,MEDIUM,IVR
CBK0000307,TXN00010177,True,USR34955,False,MCH8749,True,2026-02-22 00:00:00,2026-02-23 16:33:27,2026-03-23 16:33:27,True,1.0,690.45,False,False,AMOUNT_MISMATCH,Wrong Amount,customer complaint text unclear due to poor call center notes.,OPEN,HIGH,IVR
CBK0000368,TXN00005138,True,USR72854,False,MCH3135,False,2026-03-03 00:00:00,2026-03-08 18:14:00,2026-03-19 18:14:00,True,5.0,1597.23,False,False,SERVICE_NOT_DELIVERED,service failed,Customer says amount was debited twice.,PENDING_BANK,MEDIUM,CHATBOT
CBK0001276,TXN00003403,True,USR85655,False,MCH1234,True,2026-03-14 00:00:00,2026-03-13 00:00:00,,False,,,False,True,GENERAL_DISPUTE,Customer Dispute,Merchant service was not delivered after payment.,OPEN,MEDIUM,CALL_CENTER
CBK0002659,TXN00003213,True,USR61306,True,MCH7286,False,2026-03-25 00:00:00,2026-03-28 00:00:00,2026-04-13 00:00:00,True,3.0,1246.38,False,False,AMOUNT_MISMATCH,amount mismatch,Customer says transaction was not authorized.,OPEN,HIGH,IVR
CBK0000061,TXN00010949,True,USR32546,True,MCH9169,False,2026-01-06 00:00:00,2026-01-07 06:45:00,2026-01-12 00:00:00,True,1.0,2673.31,False,False,GENERAL_DISPUTE,no service,User says UPI PIN was not entered by them. call dropped,CLOSED,MEDIUM,APP
CBK0000987,TXN00003201,True,USR35236,False,MCH3555,True,2026-02-03 15:38:55,2026-03-05 23:38:00,,True,30.0,993.95,False,False,UNAUTHORIZED_TRANSACTION,Unauthorized Transaction,Suspicious high-value payment disputed by customer. pls check asap,REJECTED,LOW,CHATBOT
CBK0001927,TXN00011359,True,USR71316,True,MCH5954,True,2026-03-14 00:00:00,2026-03-22 14:50:33,2026-04-09 14:50:33,True,8.0,6170.83,False,False,ACCOUNT_TAKEOVER,ATO,Customer says amount was debited twice.,CLOSED,MEDIUM,CHATBOT
CBK0001093,,False,USR43765,False,MCH9369,True,2026-02-20 06:25:08,2026-02-21 00:00:00,2026-03-19 00:00:00,True,0.0,1407.25,False,False,AMOUNT_MISMATCH,Wrong Amount,Customer says transaction was not authorized.,OPEN,MEDIUM,IVR
CBK0000217,TXN00010428,True,USR35582,True,MCH8391,True,,2026-03-17 00:00:00,,True,,2580.03,False,False,FRAUD_SUSPECTED,suspicious transaction,User claims account was compromised before transaction.,PENDING_BANK,HIGH,EMAIL
CBK0000902,TXN00019180,True,USR18416,False,MCH3100,False,2026-02-28 00:00:00,2026-03-04 08:02:37,,True,4.0,163.0,False,False,SERVICE_NOT_DELIVERED,Service Not Provided,Complaint received after multiple failed attempts.,PENDING_BANK,HIGH,BRANCH
CBK0000652,TXN00015166,True,USR42412,True,MCH2811,False,2026-01-06 00:00:00,2026-01-09 00:00:00,2026-01-26 00:00:00,True,3.0,732.38,False,False,SERVICE_NOT_DELIVERED,service failed,USER SAYS UPI PIN WAS NOT ENTERED BY THEM.,OPEN,HIGH,IVR
CBK0001358,TXN00013107,True,USR31479,False,MCH2757,True,2026-01-20 00:15:51,,2026-02-26 00:00:00,True,,1035.74,False,False,ACCOUNT_TAKEOVER,login compromised,Payment made to unknown merchant as per customer statement.,CLOSED,LOW,IVR
CBK0001023,TXN00007154,True,USR60699,False,MCH6910,False,2026-01-24 02:08:45,2026-01-29 13:08:00,,True,5.0,3092.99,False,False,GENERAL_DISPUTE,DUP_DEBIT,User claims account was compromised before transaction.,REJECTED,LOW,CHATBOT
CBK0001630,TXN00011150,True,USR97781,True,MCH4684,False,2026-03-04 21:59:00,2026-03-07 00:00:00,,True,2.0,3344.0,False,False,DUPLICATE_DEBIT,Duplicate Debit,Customer says transaction was not authorized.,RESOLVED,MEDIUM,CALL_CENTER
CBK0002123,TXN00015926,True,USR65059,False,MCH5703,False,,2026-03-12 14:21:21,2026-04-07 00:00:00,True,,851.0,False,False,SERVICE_NOT_DELIVERED,Merchant Not Delivered,User claims account was compromised before transaction.,IN_PROGRESS,MEDIUM,CHATBOT
CBK0000421,TXN00010803,True,USR72422,False,MCH2757,True,2026-02-24 00:00:00,2026-02-27 00:00:00,,True,3.0,7913.77,False,False,FRAUD_SUSPECTED,suspicious transaction,Payment made to unknown merchant as per customer statement.,IN_PROGRESS,MEDIUM,BRANCH
CBK0002771,TXN00003740,True,USR43341,True,MCH4181,False,2026-02-07 00:00:00,2026-02-08 09:22:00,2026-03-08 00:00:00,True,1.0,6434.35,False,False,GENERAL_DISPUTE,Customer Dispute,user says upi pin was not entered by them.,IN_PROGRESS,LOW,BRANCH
CBK0002424,TXN00002184,True,USR26661,True,MCH1213,True,2026-01-02 15:21:00,,2026-01-24 00:00:00,True,,3019.75,False,False,FRAUD_SUSPECTED,fraud,Payment made to unknown merchant as per customer statement.,CLOSED,MEDIUM,EMAIL
CBK0000631,TXN00004185,True,USR21843,False,MCH5007,False,2026-01-16 00:00:00,,2026-01-26 00:00:00,True,,7433.73,False,False,AMOUNT_MISMATCH,extra amount deducted,USER REPORTS MONEY DEDUCTED BUT MERCHANT DENIES RECEIVING PAYMENT.,OPEN,LOW,CHATBOT
CBK0001390,TXN00017748,True,USR66250,True,MCH1711,True,2026-03-04 16:20:03,2026-03-19 19:20:03,2026-03-20 00:00:00,True,15.0,8160.0,False,False,ACCOUNT_TAKEOVER,Account Takeover,User says UPI PIN was not entered by them.,RESOLVED,LOW,APP
CBK0002141,TXN00009768,True,USR20378,True,MCH9291,True,2026-03-20 00:00:00,2026-03-30 17:28:30,2026-04-03 00:00:00,True,10.0,2335.0,False,False,UNAUTHORIZED_TRANSACTION,unauth txn,User says UPI PIN was not entered by them.,OPEN,MEDIUM,APP
CBK0002126,TXN00010837,True,USR17697,True,MCH6219,True,2026-03-15 07:18:08,2026-03-16 11:18:08,,True,1.0,3555.94,False,False,AMOUNT_MISMATCH,Wrong Amount,User reports money deducted but merchant denies receiving payment.,RESOLVED,LOW,CHATBOT
CBK0000494,TXN00017891,True,USR29919,False,MCH9291,True,2026-01-01 08:32:31,2026-01-12 00:00:00,2026-01-31 00:00:00,True,10.0,3343.99,False,False,SERVICE_NOT_DELIVERED,Merchant Not Delivered,Merchant service was not delivered after payment.,REJECTED,CRITICAL,APP
CBK0000727,TXN00008469,True,USR71348,False,MCH9319,True,2026-01-03 19:11:00,2026-01-11 00:00:00,2026-02-04 00:00:00,True,7.0,604.81,True,False,GENERAL_DISPUTE,DUP_DEBIT,User says UPI PIN was not entered by them.,REJECTED,MEDIUM,APP
CBK0000531,TXN00014058,True,USR49275,True,MCH9836,True,2026-01-24 00:00:00,2026-01-30 00:00:07,2026-02-20 00:00:00,True,6.0,1009.36,False,False,AMOUNT_MISMATCH,incorrect amount,User claims account was compromised before transaction.,PENDING_BANK,CRITICAL,IVR
CBK0001139,TXN00009825,True,USR93426,False,MCH6856,True,2026-03-03 00:00:00,2026-03-06 14:42:00,2026-03-23 14:42:18,True,3.0,6446.22,True,False,DUPLICATE_DEBIT,Duplicate Debit,Customer says amount was debited twice. urgent,IN_PROGRESS,CRITICAL,APP
CBK0001402,TXN00004276,True,USR93581,False,MCH2383,True,2026-01-22 09:19:32,2026-01-28 05:19:32,2026-02-22 00:00:00,True,5.0,3192.45,True,False,FRAUD_SUSPECTED,Fraud Suspected,User reports money deducted but merchant denies receiving payment.,OPEN,MEDIUM,IVR
CBK0002461,TXN00017240,True,USR28613,True,MCH1420,True,2026-02-12 06:09:18,2026-02-18 00:00:00,2026-03-03 00:00:00,True,5.0,7674.03,False,False,GENERAL_DISPUTE,no service,Merchant service was not delivered after payment.,PENDING_BANK,LOW,APP
CBK0000246,TXN00019885,True,USR90720,False,MCH8625,False,2026-02-22 05:29:58,2026-02-23 00:00:00,,True,0.0,2738.74,False,False,DUPLICATE_DEBIT,charged twice,Payment made to unknown merchant as per customer statement.,PENDING_BANK,MEDIUM,IVR
CBK0001110,TXN00013301,True,USR82155,True,MCH9291,True,2026-03-27 08:05:22,2026-03-30 06:05:00,,True,2.0,,False,True,UNAUTHORIZED_TRANSACTION,UNAUTHORISED,Complaint received after multiple failed attempts.,RESOLVED,HIGH,CHATBOT
CBK0000372,TXN00010170,True,USR38969,False,MCH7294,True,2026-01-03 19:40:32,2026-01-18 00:00:00,,True,14.0,,False,True,GENERAL_DISPUTE,Customer Dispute,Payment made to unknown merchant as per customer statement.,RESOLVED,MEDIUM,APP
CBK0002016,TXN00007362,True,USR90209,False,MCH9344,False,2026-03-23 00:00:00,2026-04-03 14:15:00,2026-04-17 00:00:00,True,11.0,3269.55,False,False,SERVICE_NOT_DELIVERED,Service Not Provided,Customer says transaction was not authorized.,IN_PROGRESS,LOW,CHATBOT
CBK0002498,TXN00009704,True,USR26525,False,MCH4212,True,2026-01-24 00:00:00,2026-01-26 03:33:00,2026-01-26 00:00:00,False,,2595.11,False,False,SERVICE_NOT_DELIVERED,Service Not Provided,Customer says amount was debited twice.,RESOLVED,LOW,CALL_CENTER
CBK0001481,TXN00001735,True,USR85139,False,MCH3100,False,2026-02-26 00:00:00,2026-03-28 00:00:00,2026-03-28 00:00:00,True,30.0,3084.74,True,False,SERVICE_NOT_DELIVERED,service failed,Merchant service was not delivered after payment.,CLOSED,MEDIUM,IVR
CBK0002392,TXN00006668,True,USR61084,True,MCH2875,True,2026-01-28 00:00:00,2026-01-30 00:00:00,2026-02-17 12:08:01,True,2.0,1736.0,False,False,GENERAL_DISPUTE,Customer Dispute,payment made to unknown merchant as per customer statement.,RESOLVED,HIGH,EMAIL
CBK0000614,TXN00000040,True,USR94585,False,MCH8779,True,2026-01-20 00:00:00,2026-01-25 00:00:00,2026-02-10 00:00:00,True,5.0,1389.07,True,False,ACCOUNT_TAKEOVER,ATO,Complaint received after multiple failed attempts. call dropped,RESOLVED,LOW,APP
CBK0002520,TXN00006276,True,USR55226,False,MCH7826,False,2026-01-21 00:00:00,2026-01-22 00:00:00,2026-01-24 16:37:21,True,1.0,1890.0,False,False,GENERAL_DISPUTE,DUP_DEBIT,Merchant service was not delivered after payment.,PENDING_BANK,CRITICAL,BRANCH
CBK0000593,TXN00013111,True,USR25826,True,MCH9808,False,2026-02-26 00:00:00,2026-03-05 18:10:06,2026-03-15 00:00:00,True,7.0,,False,True,ACCOUNT_TAKEOVER,ATO,Customer says transaction was not authorized.,OPEN,HIGH,IVR
CBK0000551,TXN00012467,True,USR71976,False,MCH4344,False,2026-02-01 10:46:36,2026-02-05 08:46:36,2026-03-07 00:00:00,True,3.0,1654.78,False,False,GENERAL_DISPUTE,dispute raised,Suspicious high-value payment disputed by customer.,PENDING_BANK,LOW,CHATBOT
CBK0000138,TXN00003017,True,USR74855,False,MCH9944,True,2026-01-12 10:06:13,2026-01-18 08:06:13,2026-02-13 00:00:00,True,5.0,707.43,False,False,ACCOUNT_TAKEOVER,login compromised,Customer complaint text unclear due to poor call center notes.,REJECTED,LOW,EMAIL
CBK0000100,TXN00017882,True,USR54020,False,MCH3381,False,2026-01-17 00:00:00,2026-01-20 00:00:00,2026-02-17 00:00:00,True,3.0,732.66,False,False,DUPLICATE_DEBIT,double debit,User reports money deducted but merchant denies receiving payment.,OPEN,HIGH,APP
CBK0000620,TXN00014536,True,USR49473,True,MCH9291,True,2026-01-08 10:01:00,2026-01-10 00:00:00,,True,1.0,12058.7,True,False,DUPLICATE_DEBIT,double debit,Suspicious high-value payment disputed by customer.,IN_PROGRESS,MEDIUM,IVR
CBK0000787,TXN00015064,True,USR33856,False,MCH8652,False,2026-02-03 00:00:00,2026-03-20 00:00:00,2026-03-25 00:00:00,True,45.0,981.9,False,False,DUPLICATE_DEBIT,Duplicate Debit,User reports money deducted but merchant denies receiving payment.,IN_PROGRESS,MEDIUM,IVR
CBK0002134,TXN00009374,True,USR27878,True,MCH5264,False,2026-03-30 13:34:53,2026-04-02 15:34:53,,True,3.0,50.0,False,False,GENERAL_DISPUTE,Customer Dispute,Customer says amount was debited twice.,PENDING_BANK,MEDIUM,IVR
CBK0001981,TXN00014392,True,USR72048,False,MCH4590,False,2026-03-17 00:00:00,2026-03-20 00:00:00,2026-03-23 00:00:00,True,3.0,4520.19,False,False,DUPLICATE_DEBIT,Duplicate Debit,user claims account was compromised before transaction.,REJECTED,LOW,APP
CBK0001249,TXN00003498,True,USR73675,False,MCH3822,True,2026-03-31 00:00:00,2026-04-08 14:29:36,2026-04-20 00:00:00,True,8.0,3661.3,False,False,FRAUD_SUSPECTED,suspicious transaction,user reports money deducted but merchant denies receiving payment.,RESOLVED,MEDIUM,EMAIL
CBK0002554,TXN00000914,True,USR21146,False,MCH2266,True,2026-02-08 11:30:00,2026-03-25 00:00:00,2026-04-02 00:00:00,True,44.0,1207.28,False,False,SERVICE_NOT_DELIVERED,item not received,User claims account was compromised before txn.,OPEN,HIGH,BRANCH
CBK0002602,TXN00012801,True,USR20795,False,MCH5787,True,2026-02-11 00:00:00,2026-02-18 00:00:00,2026-03-09 12:23:30,True,7.0,2374.29,False,False,SERVICE_NOT_DELIVERED,Service Not Provided,Suspicious high-value payment disputed by customer.,RESOLVED,MEDIUM,CALL_CENTER
CBK0002797,TXN00013910,True,USR34880,False,MCH1320,True,2026-01-21 11:46:59,2026-01-27 08:46:00,,True,5.0,877.44,False,False,UNAUTHORIZED_TRANSACTION,unauthorized_transaction,USER REPORTS MONEY DEDUCTED BUT MERCHANT DENIES RECEIVING PAYMENT.,IN_PROGRESS,HIGH,CHATBOT
CBK0000521,TXN00019385,True,USR20822,False,MCH6549,False,2026-03-19 19:31:42,2026-03-21 00:00:00,2026-04-11 11:31:42,True,1.0,1082.82,False,False,UNAUTHORIZED_TRANSACTION,unauthorized_transaction,Suspicious high-value payment disputed by customer.,IN_PROGRESS,HIGH,BRANCH
CBK0001422,TXN00013883,True,USR59251,True,MCH7833,True,2026-01-13 00:00:00,2026-01-15 11:58:51,2026-01-21 00:00:00,True,2.0,3588.0,False,False,UNAUTHORIZED_TRANSACTION,Unauthorized Transaction,Payment made to unknown merchant as per customer statement.,OPEN,MEDIUM,CHATBOT
CBK0000458,TXN00016719,True,USR26895,False,MCH4723,True,2026-01-16 00:00:00,2026-01-19 00:00:00,2026-02-03 00:00:00,True,3.0,2956.42,False,False,GENERAL_DISPUTE,complaint,User claims account was compromised before txn.,RESOLVED,LOW,CHATBOT
CBK0000085,TXN00004176,True,USR35280,False,MCH8030,False,2026-01-08 00:00:00,2026-01-09 21:57:00,2026-01-27 21:57:00,True,1.0,1105.82,False,False,ACCOUNT_TAKEOVER,login compromised,Customer complaint text unclear due to poor call center notes.,CLOSED,HIGH,BRANCH
CBK0000376,TXN00010928,True,USR62685,False,MCH9719,False,2026-02-26 00:00:00,2026-03-01 05:50:00,2026-03-17 05:50:00,True,3.0,1538.0,False,False,GENERAL_DISPUTE,DUP_DEBIT,Customer says transaction was not authorized. urgent,CLOSED,HIGH,CHATBOT
CBK0002059,,False,USR69096,False,MCH6070,False,2026-02-03 00:00:00,2026-02-06 07:00:00,,True,3.0,599.01,True,False,ACCOUNT_TAKEOVER,Account Takeover,user says upi pin was not entered by them.,RESOLVED,LOW,BRANCH
CBK0002759,TXN00003778,True,USR65783,False,MCH3028,False,2026-02-06 00:00:00,2026-02-07 12:51:27,2026-02-25 00:00:00,True,1.0,7597.0,False,False,AMOUNT_MISMATCH,amount mismatch,User claims account was compromised before transaction.,PENDING_BANK,MEDIUM,CALL_CENTER
CBK0000425,TXN00019652,True,USR51854,False,MCH4908,False,2026-03-06 00:00:00,,2026-03-25 08:31:28,True,,1289.49,False,False,FRAUD_SUSPECTED,FRAUD,Payment made to unknown merchant as per customer statement.,IN_PROGRESS,CRITICAL,APP
CBK0000473,TXN00006355,True,USR15888,False,MCH5561,False,2026-01-12 00:00:00,2026-01-14 00:00:00,2026-01-18 13:37:06,True,2.0,1211.72,False,False,SERVICE_NOT_DELIVERED,Merchant Not Delivered,Customer says transaction was not authorized.,RESOLVED,MEDIUM,BRANCH
CBK0002609,TXN00005872,True,USR71348,False,MCH9291,True,2026-03-31 04:58:00,2026-04-16 00:00:00,2026-05-11 00:00:00,True,15.0,2023.21,False,False,UNAUTHORIZED_TRANSACTION,not done by me,Customer complaint text unclear due to poor call center notes.,RESOLVED,LOW,CHATBOT
CBK0002781,TXN00007463,True,USR88712,False,MCH4226,False,2026-02-08 10:50:00,2026-02-09 00:00:00,,True,0.0,540.0,False,False,SERVICE_NOT_DELIVERED,merchant service issue,Merchant service was not delivered after payment.,IN_PROGRESS,MEDIUM,IVR
CBK0000437,TXN00008304,True,USR31182,False,MCH7390,False,2026-03-17 00:00:00,2026-03-19 00:00:00,,True,2.0,6321.44,False,False,UNAUTHORIZED_TRANSACTION,UNAUTHORISED,Merchant service was not delivered after payment. NA,PENDING_BANK,MEDIUM,CHATBOT
CBK0001434,TXN00014276,True,USR37196,False,MCH2407,True,2026-03-27 00:00:00,2026-03-30 00:00:00,2026-04-08 00:00:00,True,3.0,637.61,False,False,DUPLICATE_DEBIT,charged twice,payment made to unknown merchant as per customer statement.,PENDING_BANK,MEDIUM,IVR
CBK0002012,TXN00012346,True,USR40998,False,MCH3992,False,2026-01-07 00:00:00,2026-01-10 15:42:32,,True,3.0,1010.1,False,False,ACCOUNT_TAKEOVER,account hacked,Customer says amount was debited twice.,IN_PROGRESS,HIGH,CALL_CENTER
CBK0000297,TXN00019269,True,USR53731,False,MCH9458,True,2026-02-08 09:15:08,2026-02-11 00:00:00,2026-02-15 00:00:00,True,2.0,2732.12,False,False,UNAUTHORIZED_TRANSACTION,UNAUTHORISED,CUSTOMER SAYS TRANSACTION WAS NOT AUTHORIZED.,CLOSED,MEDIUM,IVR
CBK0002058,TXN00010832,True,USR29952,False,MCH6418,True,2026-02-22 21:09:00,2026-02-28 00:00:00,2026-03-16 00:00:00,True,5.0,1882.0,False,False,ACCOUNT_TAKEOVER,ATO,User says UPI PIN was not entered by them. urgent,IN_PROGRESS,LOW,CHATBOT
CBK0000267,,False,USR13313,False,MCH9823,True,2026-02-09 00:00:00,2026-02-12 00:00:00,2026-03-03 00:00:00,True,3.0,1878.56,False,False,ACCOUNT_TAKEOVER,login compromised,Complaint received after multiple failed attempts.,CLOSED,MEDIUM,CHATBOT
CBK0000035,TXN00004120,True,USR53171,False,MCH6920,True,2026-03-07 00:00:00,2026-03-05 00:00:00,2026-04-02 00:00:00,False,,5701.53,False,False,DUPLICATE_DEBIT,double debit,user reports money deducted but merchant denies receiving payment.,IN_PROGRESS,LOW,IVR
CBK0002020,TXN00019784,True,USR89588,False,MCH8760,False,2026-03-08 00:00:00,2026-03-10 00:00:00,,True,2.0,2591.32,False,False,UNAUTHORIZED_TRANSACTION,not done by me,Customer says amount was debited twice.,RESOLVED,LOW,IVR
CBK0001016,TXN00018653,True,USR39211,False,MCH1376,False,2026-02-19 00:00:00,2026-02-22 00:00:00,2026-03-05 00:00:00,True,3.0,2423.45,False,False,ACCOUNT_TAKEOVER,ATO,User reports money deducted but merchant denies receiving payment.,REJECTED,LOW,CHATBOT
CBK0000905,TXN00003495,True,USR37693,False,MCH8091,True,2026-01-08 00:00:00,2026-02-08 00:07:18,,True,31.0,2983.97,False,False,SERVICE_NOT_DELIVERED,Merchant Not Delivered,Complaint received after multiple failed attempts.,PENDING_BANK,LOW,EMAIL
CBK0000394,TXN00000779,True,USR64440,True,MCH8614,True,2026-02-03 13:21:00,2026-03-06 00:00:00,2026-03-28 00:00:00,True,30.0,4511.29,False,False,GENERAL_DISPUTE,DUP_DEBIT,User claims account was compromised before txn.,IN_PROGRESS,MEDIUM,CHATBOT
CBK0000059,TXN00011102,True,USR87051,False,MCH4693,True,2026-03-06 00:00:00,2026-03-07 00:00:00,2026-03-09 00:00:00,True,1.0,1825.45,False,False,ACCOUNT_TAKEOVER,ATO,COMPLAINT RECEIVED AFTER MULTIPLE FAILED ATTEMPTS.,OPEN,LOW,CALL_CENTER
CBK0001956,TXN00004350,True,USR48482,False,MCH1641,True,2026-03-16 00:00:00,2026-03-22 00:00:00,2026-03-30 00:00:00,True,6.0,2131.37,False,False,UNAUTHORIZED_TRANSACTION,UNAUTHORISED,user claims account was compromised before transaction.,IN_PROGRESS,LOW,CHATBOT
CBK0002439,TXN00009347,True,USR87914,False,MCH6751,True,,2026-03-12 20:47:00,2026-03-24 00:00:00,True,,1704.94,False,False,AMOUNT_MISMATCH,Wrong Amount,Suspicious high-value payment disputed by customer.,IN_PROGRESS,LOW,IVR
CBK0002733,TXN00015766,True,USR87074,False,MCH6810,False,2026-03-26 15:10:36,2026-04-05 00:00:00,,True,9.0,198.26,False,False,ACCOUNT_TAKEOVER,ATO,User reports money deducted but merchant denies receiving payment.,OPEN,LOW,CHATBOT
CBK0000344,TXN00018344,True,USR11559,False,MCH4841,True,2026-02-05 00:00:00,2026-03-07 00:00:00,2026-03-08 22:10:00,True,30.0,9060.0,False,False,FRAUD_SUSPECTED,Fraud Suspected,Merchant service was not delivered after payment.,CLOSED,HIGH,IVR
CBK0000704,TXN00015091,True,USR45203,False,MCH9864,False,2026-03-28 00:00:00,2026-04-03 18:18:00,2026-05-01 00:00:00,True,6.0,20286.73,False,False,SERVICE_NOT_DELIVERED,Service Not Provided,Suspicious high-value payment disputed by customer. NA,OPEN,HIGH,CHATBOT
CBK0001841,TXN00005953,True,USR96307,True,MCH1423,False,2026-03-28 00:00:00,2026-03-29 00:00:00,2026-04-18 00:00:00,True,1.0,1742.0,False,False,SERVICE_NOT_DELIVERED,Merchant Not Delivered,Payment made to unknown merchant as per customer statement.,REJECTED,LOW,IVR
CBK0000305,TXN00002303,True,USR21074,False,MCH1320,True,2026-02-04 00:00:00,2026-02-09 00:00:00,2026-02-22 00:00:00,True,5.0,1712.22,False,False,GENERAL_DISPUTE,no service,Customer says amount was debited twice.,IN_PROGRESS,LOW,APP
CBK0002157,TXN00010666,True,USR74780,False,MCH6850,False,2026-02-07 00:00:00,2026-03-09 00:00:00,2026-03-27 00:00:00,True,30.0,1349.33,False,False,AMOUNT_MISMATCH,extra amount deducted,Payment made to unknown merchant as per customer statement.,CLOSED,LOW,BRANCH
CBK0000219,TXN00076688,False,USR63208,False,MCH6288,False,2026-03-31 00:00:00,2026-04-06 00:00:00,2026-05-05 00:00:00,True,6.0,355.19,False,False,SERVICE_NOT_DELIVERED,Merchant Not Delivered,User claims account was compromised before transaction.,RESOLVED,LOW,BRANCH
CBK0000503,TXN00009139,True,USR87033,False,MCH8779,True,2026-03-05 00:00:00,2026-03-08 00:00:00,2026-03-29 10:48:07,True,3.0,1518.49,False,False,UNAUTHORIZED_TRANSACTION,not done by me,Payment made to unknown merchant as per customer statement.,CLOSED,CRITICAL,EMAIL
CBK0002098,TXN00012193,True,USR22644,True,MCH5980,True,2026-03-19 04:04:00,2026-03-20 00:00:00,2026-03-24 00:00:00,True,0.0,1913.11,False,False,FRAUD_SUSPECTED,fraud,Merchant service was not delivered after payment.,CLOSED,HIGH,CALL_CENTER
CBK0002395,TXN00010795,True,USR24347,False,MCH3677,True,2026-03-30 00:00:00,2026-04-14 00:00:00,2026-05-10 12:23:00,True,15.0,933.13,True,False,DUPLICATE_DEBIT,Duplicate Debit,User reports money deducted but merchant denies receiving payment.,IN_PROGRESS,LOW,CHATBOT
CBK0001580,TXN00004779,True,USR38912,True,MCH6908,False,2026-01-12 10:59:00,2026-01-13 09:59:00,2026-01-16 00:00:00,True,0.0,1565.13,False,False,FRAUD_SUSPECTED,scam,customer says amount was debited twice.,OPEN,MEDIUM,EMAIL
CBK0000388,TXN00000433,True,USR50784,True,MCH6968,False,2026-02-18 00:00:00,2026-02-23 19:00:44,2026-03-19 00:00:00,True,5.0,979.0,False,False,AMOUNT_MISMATCH,amount mismatch,User says UPI PIN was not entered by them.,OPEN,LOW,BRANCH
CBK0000891,TXN00017408,True,USR10307,False,MCH7766,False,2026-03-23 00:00:00,2026-03-23 00:00:00,,True,0.0,836.19,False,False,SERVICE_NOT_DELIVERED,delivery issue,user reports money deducted but merchant denies receiving payment.,IN_PROGRESS,LOW,EMAIL
CBK0000501,TXN00019009,True,USR96611,True,MCH3763,False,2026-01-10 00:00:00,2026-01-15 00:00:00,2026-01-27 15:33:00,True,5.0,1552.99,False,False,AMOUNT_MISMATCH,amount mismatch,Customer complaint text unclear due to poor call center notes.,PENDING_BANK,HIGH,APP
CBK0002227,TXN00097124,False,USR21632,False,MCH9291,True,2026-02-25 20:48:05,2026-04-12 00:00:00,2026-04-26 00:00:00,True,45.0,1596.33,False,False,DUPLICATE_DEBIT,Duplicate Debit,User reports money deducted but merchant denies receiving payment.,RESOLVED,HIGH,APP
CBK0000060,TXN00004672,True,USR95647,True,MCH3815,False,,2026-01-09 00:00:00,2026-02-04 00:00:00,True,,985.98,False,False,SERVICE_NOT_DELIVERED,merchant service issue,Suspicious high-value payment disputed by customer.,RESOLVED,HIGH,IVR
CBK0002174,,False,USR75213,False,MCH2779,False,2026-02-28 00:00:00,2026-04-14 23:11:36,2026-05-10 00:00:00,True,45.0,484.07,False,False,ACCOUNT_TAKEOVER,ATO,User reports money deducted but merchant denies receiving payment.,CLOSED,MEDIUM,BRANCH
CBK0000869,TXN00011061,True,USR71557,False,MCH8342,False,2026-03-03 00:00:00,2026-03-14 00:00:00,2026-04-11 00:00:00,True,11.0,211.84,True,False,GENERAL_DISPUTE,complaint,Merchant service was not delivered after payment.,CLOSED,LOW,CALL_CENTER
CBK0001381,TXN00011623,True,USR99837,True,MCH8765,True,2026-01-28 09:27:00,2026-01-30 21:27:00,,True,2.0,3487.78,False,False,GENERAL_DISPUTE,no service,Customer says amount was debited twice. NA,CLOSED,HIGH,IVR
CBK0002396,TXN00000711,True,USR70575,False,MCH1910,False,2026-02-25 00:00:00,,,True,,,False,True,GENERAL_DISPUTE,customer issue,User says UPI PIN was not entered by them. NA,RESOLVED,HIGH,IVR
CBK0000723,TXN00001222,True,USR96458,True,MCH9291,True,2026-01-14 00:00:00,2026-01-16 04:31:14,,True,2.0,,False,True,SERVICE_NOT_DELIVERED,merchant service issue,PAYMENT MADE TO UNKNOWN MERCHANT AS PER CUSTOMER STATEMENT.,RESOLVED,LOW,EMAIL
CBK0000504,TXN00008435,True,USR93535,True,MCH7466,False,,2026-02-06 00:00:00,2026-03-03 09:34:59,True,,755.82,False,False,SERVICE_NOT_DELIVERED,not delivered,Customer says amount was debited twice.,REJECTED,MEDIUM,EMAIL
CBK0002746,TXN00015136,True,USR57117,False,MCH5167,True,2026-02-24 00:00:00,2026-02-26 00:00:00,2026-03-27 08:47:00,True,2.0,661.74,False,False,SERVICE_NOT_DELIVERED,Merchant Not Delivered,Customer complaint text unclear due to poor call center notes.,OPEN,LOW,CALL_CENTER
CBK0002737,TXN00005881,True,USR91565,True,MCH2757,True,2026-02-03 19:55:07,2026-02-07 00:00:00,2026-02-13 08:55:00,True,3.0,2284.0,False,False,AMOUNT_MISMATCH,Wrong Amount,Merchant service was not delivered after payment.,REJECTED,MEDIUM,EMAIL
CBK0002270,TXN00000045,True,USR73010,False,MCH6294,False,2026-01-03 00:00:03,2026-01-05 22:00:00,2026-01-11 22:00:03,True,2.0,1101.8,False,False,ACCOUNT_TAKEOVER,ATO,Customer says transaction was not authorized.,CLOSED,MEDIUM,CALL_CENTER
CBK0001994,TXN00000296,True,USR71624,False,MCH4650,False,2026-03-29 00:00:00,2026-03-29 17:25:00,2026-03-30 00:00:00,True,0.0,512.0,False,False,ACCOUNT_TAKEOVER,login compromised,Complaint received after multiple failed attempts.,RESOLVED,HIGH,APP
CBK0002612,TXN00010607,True,USR32830,False,MCH9346,False,2026-03-01 00:00:00,2026-03-17 00:00:00,2026-04-07 00:00:00,True,16.0,397.65,False,False,ACCOUNT_TAKEOVER,Account Takeover,CUSTOMER SAYS AMOUNT WAS DEBITED TWICE.,RESOLVED,HIGH,BRANCH
CBK0001950,TXN00002053,True,USR33960,False,MCH5223,True,2026-03-26 00:00:00,2026-03-27 11:08:07,2026-04-08 11:08:00,True,1.0,2130.67,False,False,DUPLICATE_DEBIT,charged twice,Customer complaint text unclear due to poor call center notes.,PENDING_BANK,MEDIUM,EMAIL
CBK0000757,TXN00010601,True,USR53404,True,MCH4311,False,2026-03-20 14:22:47,2026-03-26 10:22:00,2026-04-22 00:00:00,True,5.0,1363.12,False,False,SERVICE_NOT_DELIVERED,item not received,User says UPI PIN was not entered by them.,CLOSED,MEDIUM,IVR
CBK0000159,TXN00001671,True,USR51888,False,MCH8727,True,2026-02-19 00:00:00,2026-02-24 00:00:00,2026-02-24 00:00:00,True,5.0,2605.0,False,False,AMOUNT_MISMATCH,Wrong Amount,User says UPI PIN was not entered by them.,PENDING_BANK,HIGH,IVR
CBK0001270,TXN00015781,True,USR60184,False,MCH5412,False,2026-02-22 00:00:00,2026-02-25 18:53:25,2026-02-25 18:53:25,True,3.0,6433.23,False,False,AMOUNT_MISMATCH,amount mismatch,Customer says transaction was not authorized.,OPEN,HIGH,CHATBOT
CBK0001833,TXN00009923,True,USR24660,False,MCH3434,False,2026-01-04 12:15:00,2025-12-30 12:15:20,2025-12-31 00:00:00,False,,2940.0,False,False,GENERAL_DISPUTE,complaint,Merchant service was not delivered after payment.,OPEN,MEDIUM,CALL_CENTER
CBK0000148,,False,USR37395,False,MCH3992,False,2026-02-25 00:00:00,2026-02-28 00:00:00,2026-03-09 00:00:00,True,3.0,,False,True,GENERAL_DISPUTE,customer issue,Suspicious high-value payment disputed by customer.,CLOSED,CRITICAL,IVR
CBK0002188,TXN00011115,True,USR83988,False,MCH3113,False,,2026-01-03 00:00:00,2026-01-14 02:37:33,True,,3037.16,False,False,GENERAL_DISPUTE,Customer Dispute,User reports money deducted but merchant denies receiving payment.,PENDING_BANK,LOW,CHATBOT
CBK0000906,TXN00009979,True,USR59679,False,MCH6645,True,2026-02-02 22:05:54,2026-02-04 00:00:00,2026-02-13 00:00:00,True,1.0,876.91,False,False,ACCOUNT_TAKEOVER,account hacked,User claims account was compromised before transaction.,REJECTED,MEDIUM,APP
CBK0001190,TXN00017091,True,USR51699,False,MCH7327,True,2026-02-17 00:00:00,2026-02-28 00:00:00,2026-03-11 02:20:08,True,11.0,2254.1,False,False,ACCOUNT_TAKEOVER,account hacked,User says UPI PIN was not entered by them.,OPEN,HIGH,APP
CBK0000325,TXN00011027,True,USR51987,True,MCH6810,False,2026-01-04 03:24:27,2026-01-06 00:00:00,2026-01-16 00:00:00,True,1.0,3285.5,False,False,UNAUTHORIZED_TRANSACTION,unauth txn,Customer says txn was not authorized.,IN_PROGRESS,MEDIUM,APP
CBK0002358,TXN00012958,True,USR45319,False,MCH4022,True,2026-02-23 16:54:56,2026-03-03 00:00:00,2026-03-20 03:54:56,True,7.0,1142.21,False,False,DUPLICATE_DEBIT,Duplicate Debit,Customer complaint text unclear due to poor call center notes. call dropped,PENDING_BANK,LOW,IVR
CBK0001443,TXN00003853,True,USR70317,False,MCH6921,False,2026-02-19 00:00:00,2026-02-22 00:00:00,2026-02-26 00:00:00,True,3.0,2342.78,False,False,SERVICE_NOT_DELIVERED,item not received,PAYMENT MADE TO UNKNOWN MERCHANT AS PER CUSTOMER STATEMENT.,CLOSED,MEDIUM,IVR
CBK0001944,TXN00005059,True,USR14388,False,MCH5076,False,2026-03-10 22:25:51,2026-04-25 00:00:00,2026-04-26 05:25:51,True,45.0,4128.34,False,False,AMOUNT_MISMATCH,amount mismatch,CUSTOMER SAYS AMOUNT WAS DEBITED TWICE.,OPEN,CRITICAL,IVR
CBK0000097,TXN00014288,True,USR75999,False,MCH4226,False,2026-03-14 12:10:00,2026-03-13 00:00:00,,False,,4255.52,False,False,GENERAL_DISPUTE,dispute raised,Payment made to unknown merchant as per customer statement.,PENDING_BANK,MEDIUM,IVR
CBK0000609,TXN00001796,True,USR77277,False,MCH2970,True,2026-01-06 00:00:00,2026-01-11 00:00:00,,True,5.0,,False,True,SERVICE_NOT_DELIVERED,delivery issue,User reports money deducted but merchant denies receiving payment.,CLOSED,LOW,BRANCH
CBK0000920,TXN00000546,True,USR20076,False,MCH2383,True,2026-03-02 00:00:00,2026-04-17 13:17:00,2026-04-27 00:00:00,True,46.0,427.33,False,False,AMOUNT_MISMATCH,amount mismatch,Complaint received after multiple failed attempts.,PENDING_BANK,LOW,APP
CBK0001945,TXN00015576,True,USR59679,False,MCH5013,False,2026-02-28 04:17:48,2026-03-03 00:00:00,2026-03-07 00:00:00,True,2.0,2182.01,False,False,DUPLICATE_DEBIT,charged twice,MERCHANT SERVICE WAS NOT DELIVERED AFTER PAYMENT.,OPEN,HIGH,IVR
CBK0002769,TXN00003447,True,USR76233,True,MCH8735,True,2026-02-19 00:00:00,2026-02-21 00:00:00,2026-03-03 00:00:00,True,2.0,1984.96,False,False,AMOUNT_MISMATCH,Wrong Amount,Payment made to unknown merchant as per cust statement.,REJECTED,MEDIUM,CHATBOT
CBK0002138,TXN00000295,True,USR86497,False,MCH2786,True,2026-01-10 00:00:00,2026-01-16 00:00:00,2026-01-30 00:00:00,True,6.0,731.69,False,False,FRAUD_SUSPECTED,FRAUD,Customer says amount was debited twice.,IN_PROGRESS,LOW,CHATBOT
CBK0001973,TXN00013275,True,USR71371,False,MCH9810,False,2026-03-19 00:00:00,2026-03-27 00:00:00,2026-04-19 00:00:00,True,8.0,666.32,False,False,SERVICE_NOT_DELIVERED,delivery issue,Complaint received after multiple failed attempts.,PENDING_BANK,MEDIUM,CHATBOT
CBK0000440,TXN00019212,True,USR83469,True,MCH7067,False,,2026-01-20 03:57:35,2026-01-28 03:57:35,True,,2786.25,False,False,ACCOUNT_TAKEOVER,login compromised,customer says transaction was not authorized.,OPEN,LOW,CALL_CENTER
CBK0001313,TXN00002015,True,USR70926,False,MCH8374,True,2026-03-24 00:00:00,2026-03-26 22:40:05,2026-04-11 22:40:00,True,2.0,2615.98,False,False,ACCOUNT_TAKEOVER,ATO,Merchant service was not delivered after payment.,OPEN,CRITICAL,CHATBOT
CBK0001519,TXN00000459,True,USR36461,True,MCH6850,False,2026-01-05 01:52:09,2026-02-20 00:52:09,2026-03-19 00:00:00,True,45.0,8278.26,False,False,GENERAL_DISPUTE,customer issue,Customer says amount was debited twice.,PENDING_BANK,HIGH,CALL_CENTER
CBK0001153,TXN00007272,True,USR23407,True,MCH9088,True,2026-03-13 04:40:00,2026-03-14 00:00:00,2026-03-19 23:40:22,True,0.0,928.0,False,False,ACCOUNT_TAKEOVER,Account Takeover,Merchant service was not delivered after payment.,PENDING_BANK,HIGH,CHATBOT
CBK0000490,TXN00019708,True,USR89588,False,MCH9291,True,2026-02-23 01:22:04,,2026-04-18 23:22:00,True,,1943.24,False,False,GENERAL_DISPUTE,Customer Dispute,customer says amount was debited twice.,OPEN,LOW,CALL_CENTER
CBK0000306,TXN00000680,True,USR62254,True,MCH5980,True,2026-01-26 00:00:00,2026-02-02 00:00:00,2026-02-21 12:35:42,True,7.0,589.63,False,False,FRAUD_SUSPECTED,scam,User says UPI PIN was not entered by them.,IN_PROGRESS,HIGH,CHATBOT
CBK0001088,TXN00012038,True,USR14244,False,MCH5655,False,2026-01-19 00:00:00,2026-01-23 00:00:00,,True,4.0,,False,True,DUPLICATE_DEBIT,double debit,Customer complaint text unclear due to poor call center notes.,CLOSED,LOW,EMAIL
CBK0002181,TXN00014627,True,USR41247,False,MCH7342,False,2026-03-02 00:00:00,2026-03-04 00:00:00,,True,2.0,4363.55,False,False,GENERAL_DISPUTE,Customer Dispute,Customer says amount was debited twice.,PENDING_BANK,MEDIUM,CHATBOT
CBK0000863,TXN00016767,True,USR90880,False,MCH2841,True,2026-03-06 00:00:00,2026-03-07 21:23:05,2026-04-03 00:00:00,True,1.0,1273.0,False,False,SERVICE_NOT_DELIVERED,Merchant Not Delivered,customer says transaction was not authorized.,CLOSED,HIGH,EMAIL
CBK0000178,TXN00004134,True,USR75133,False,MCH1949,False,2026-02-24 00:00:00,,2026-03-06 06:12:04,True,,794.23,False,False,FRAUD_SUSPECTED,suspicious transaction,Customer complaint text unclear due to poor call center notes.,OPEN,HIGH,IVR
CBK0000340,TXN00006753,True,USR93690,True,MCH7199,True,2026-01-18 00:00:00,2026-01-15 19:42:11,2026-01-16 00:00:00,False,,6262.28,True,False,SERVICE_NOT_DELIVERED,merchant service issue,Suspicious high-value payment disputed by customer.,IN_PROGRESS,LOW,APP
CBK0001772,TXN00010231,True,USR49951,False,MCH4775,True,2026-01-29 11:52:47,2026-01-30 00:00:00,2026-02-08 00:00:00,True,0.0,,False,True,UNAUTHORIZED_TRANSACTION,unauthorized_transaction,payment made to unknown merchant as per customer statement.,REJECTED,MEDIUM,APP
CBK0002100,TXN00012645,True,USR65267,False,MCH1601,False,2026-03-30 00:00:00,2026-04-03 00:00:00,,True,4.0,1273.59,True,False,FRAUD_SUSPECTED,suspicious transaction,Customer says transaction was not authorized.,CLOSED,LOW,IVR
CBK0001757,TXN00018643,True,USR46650,True,MCH2383,True,2026-02-16 00:00:00,2026-02-19 16:58:00,2026-03-16 00:00:00,True,3.0,,False,True,SERVICE_NOT_DELIVERED,not delivered,User reports money deducted but merchant denies receiving payment.,OPEN,LOW,CHATBOT
CBK0000314,TXN00017581,True,USR74438,True,MCH2757,True,2026-01-04 00:00:00,2026-01-08 21:56:24,2026-01-11 00:00:00,True,4.0,1299.7,False,False,FRAUD_SUSPECTED,suspicious transaction,Customer says transaction was not authorized.,CLOSED,CRITICAL,CHATBOT
CBK0002107,TXN00013202,True,USR27107,True,MCH9715,True,2026-03-29 00:00:00,2026-04-01 00:00:00,2026-04-21 00:00:00,True,3.0,1331.0,False,False,ACCOUNT_TAKEOVER,ATO,Customer says amount was debited twice.,IN_PROGRESS,CRITICAL,IVR
CBK0001444,TXN00003678,True,USR50434,True,MCH5076,False,2026-01-01 07:55:22,2026-01-04 00:00:00,,True,2.0,8722.75,False,False,SERVICE_NOT_DELIVERED,item not received,User claims account was compromised before transaction.,CLOSED,HIGH,CHATBOT
CBK0001899,TXN00000835,True,USR11194,False,MCH1631,False,2026-03-27 15:04:48,2026-03-29 00:00:00,,True,1.0,,False,True,GENERAL_DISPUTE,dispute raised,Suspicious high-value payment disputed by customer.,REJECTED,LOW,IVR
CBK0001951,TXN00007053,True,USR17824,False,MCH8057,True,2026-03-26 16:44:00,2026-05-10 00:00:00,2026-06-09 00:00:00,True,44.0,3545.44,False,False,AMOUNT_MISMATCH,amount mismatch,User claims account was compromised before transaction.,CLOSED,HIGH,BRANCH
CBK0000193,TXN00011628,True,USR15884,True,MCH9002,True,2026-01-10 00:00:00,2026-01-13 11:20:14,2026-01-30 11:20:14,True,3.0,6328.27,False,False,GENERAL_DISPUTE,dispute raised,Customer complaint text unclear due to poor call center notes.,IN_PROGRESS,CRITICAL,IVR
CBK0001867,TXN00017191,True,USR13167,False,MCH3106,False,2026-03-28 20:09:00,2026-04-01 06:09:00,2026-04-22 00:00:00,True,3.0,13889.45,True,False,SERVICE_NOT_DELIVERED,merchant service issue,CUSTOMER COMPLAINT TEXT UNCLEAR DUE TO POOR CALL CENTER NOTES.,RESOLVED,MEDIUM,EMAIL
CBK0001712,TXN00007450,True,USR20950,False,MCH4523,False,2026-03-24 11:00:00,2026-04-23 00:00:00,2026-04-24 00:00:00,True,29.0,1985.25,True,False,SERVICE_NOT_DELIVERED,delivery issue,Merchant service was not delivered after payment.,PENDING_BANK,HIGH,CHATBOT
CBK0000165,TXN00013500,True,USR82240,False,MCH3046,True,2026-01-23 09:33:00,2026-03-09 00:00:00,2026-03-16 19:33:00,True,44.0,3214.54,True,False,DUPLICATE_DEBIT,charged twice,User reports money deducted but merchant denies receiving payment.,OPEN,LOW,IVR
CBK0002719,TXN00016715,True,USR73639,True,MCH6051,True,2026-01-09 00:00:00,2026-01-14 00:00:00,,True,5.0,1128.27,False,False,FRAUD_SUSPECTED,suspicious transaction,payment made to unknown merchant as per customer statement.,REJECTED,MEDIUM,IVR
CBK0001706,TXN00012764,True,USR22644,True,MCH1401,True,2026-03-10 00:00:00,2026-03-18 08:08:27,,True,8.0,9737.34,False,False,SERVICE_NOT_DELIVERED,service failed,Complaint received after multiple failed attempts.,CLOSED,MEDIUM,CHATBOT
CBK0000945,TXN00003565,True,USR46365,False,MCH4473,False,2026-03-14 00:00:00,2026-03-14 00:00:00,2026-04-08 03:51:15,True,0.0,1723.81,False,False,ACCOUNT_TAKEOVER,ATO,merchant service was not delivered after payment.,REJECTED,HIGH,BRANCH
CBK0001335,TXN00016756,True,USR44060,False,MCH7471,True,2026-03-14 00:00:00,2026-03-14 00:00:00,2026-03-18 00:00:00,True,0.0,455.72,False,False,AMOUNT_MISMATCH,incorrect amount,Customer complaint text unclear due to poor call center notes.,REJECTED,MEDIUM,CALL_CENTER
CBK0000852,TXN00010668,True,USR81745,True,MCH4420,False,2026-03-06 00:00:00,2026-04-06 15:52:29,2026-04-25 00:00:00,True,31.0,1305.45,False,False,UNAUTHORIZED_TRANSACTION,not done by me,Customer says amount was debited twice. NA,PENDING_BANK,MEDIUM,APP
CBK0002796,TXN00001679,True,USR97772,True,MCH2029,True,2026-02-27 08:22:56,2026-03-04 14:22:56,2026-03-17 00:00:00,True,5.0,705.52,True,False,ACCOUNT_TAKEOVER,ATO,Complaint received after multiple failed attempts.,IN_PROGRESS,MEDIUM,IVR
CBK0000318,TXN00001878,True,USR10693,False,MCH5303,True,2026-03-08 00:00:00,2026-03-15 00:00:00,,True,7.0,3834.0,False,False,SERVICE_NOT_DELIVERED,not delivered,Suspicious high-value payment disputed by customer.,IN_PROGRESS,HIGH,IVR
CBK0001790,TXN00000533,True,USR46536,True,MCH5535,False,2026-01-18 17:59:52,2026-02-03 00:00:00,2026-02-13 00:00:00,True,15.0,6055.78,False,False,FRAUD_SUSPECTED,fraud,CUSTOMER SAYS TRANSACTION WAS NOT AUTHORIZED.,OPEN,MEDIUM,EMAIL
CBK0000283,TXN00017871,True,USR39576,True,MCH3354,True,2026-01-17 10:50:06,2026-02-01 00:00:00,,True,14.0,,False,True,FRAUD_SUSPECTED,fraud,Payment made to unknown merchant as per cust statement.,REJECTED,HIGH,IVR
CBK0001613,TXN00012902,True,USR20076,False,MCH8345,True,2026-02-18 00:00:00,2026-02-20 00:00:00,2026-03-21 05:15:27,True,2.0,586.88,False,False,SERVICE_NOT_DELIVERED,Merchant Not Delivered,Customer says transaction was not authorized.,PENDING_BANK,LOW,EMAIL
CBK0002598,TXN00012208,True,USR54794,False,MCH2336,True,2026-01-06 00:00:00,2026-01-09 00:00:00,2026-01-10 00:00:00,True,3.0,5802.45,False,False,FRAUD_SUSPECTED,Fraud Suspected,Payment made to unknown merchant as per cust statement.,CLOSED,MEDIUM,BRANCH
CBK0001754,TXN00006873,True,USR95486,False,MCH1520,False,2026-02-12 00:00:00,2026-02-14 11:52:00,2026-03-12 00:00:00,True,2.0,,False,True,SERVICE_NOT_DELIVERED,item not received,Customer says amount was debited twice. call dropped,REJECTED,CRITICAL,BRANCH
CBK0000642,TXN00009627,True,USR88037,True,MCH4516,False,2026-02-04 00:00:00,2026-02-07 00:00:00,2026-02-09 00:00:00,True,3.0,10535.8,False,False,GENERAL_DISPUTE,customer issue,Merchant service was not delivered after payment.,IN_PROGRESS,LOW,CALL_CENTER
CBK0000637,TXN00005214,True,USR91453,True,MCH6014,False,2026-02-06 00:00:00,2026-02-07 00:00:00,2026-03-06 00:00:00,True,1.0,,False,True,SERVICE_NOT_DELIVERED,delivery issue,Suspicious high-value payment disputed by customer.,IN_PROGRESS,MEDIUM,CHATBOT
CBK0001718,TXN00033788,False,USR58639,False,MCH2757,True,2026-01-06 14:14:30,2026-01-07 00:00:00,2026-01-26 16:14:30,True,0.0,664.74,True,False,AMOUNT_MISMATCH,Wrong Amount,User reports money deducted but merchant denies receiving payment.,OPEN,LOW,BRANCH
CBK0002437,TXN00007105,True,USR45914,False,MCH3247,True,2026-03-27 00:00:00,2026-03-27 21:16:00,2026-04-10 00:00:00,True,0.0,,False,True,AMOUNT_MISMATCH,Wrong Amount,Payment made to unknown merchant as per customer statement. details missing,PENDING_BANK,MEDIUM,CALL_CENTER
CBK0000245,TXN00010561,True,USR45218,False,MCH8515,False,2026-02-05 03:39:40,2026-02-06 00:00:00,,True,0.0,865.55,False,False,AMOUNT_MISMATCH,incorrect amount,Customer says amount was debited twice.,RESOLVED,LOW,CHATBOT
CBK0001410,TXN00012186,True,USR14130,False,MCH6048,False,2026-01-04 00:00:00,2026-01-06 00:00:00,,True,2.0,4466.44,False,False,FRAUD_SUSPECTED,scam,User says UPI PIN was not entered by them.,IN_PROGRESS,LOW,IVR
CBK0001558,TXN00018011,True,USR70587,False,MCH9995,True,2026-02-12 15:33:24,2026-02-12 00:00:00,2026-03-07 00:00:00,False,,550.29,False,False,AMOUNT_MISMATCH,amount mismatch,User claims account was compromised before transaction. NA,PENDING_BANK,LOW,EMAIL
CBK0000610,TXN00014090,True,USR65211,False,MCH6850,False,2026-03-24 17:38:00,2026-04-01 06:38:00,,True,7.0,848.3,False,False,ACCOUNT_TAKEOVER,Account Takeover,User says UPI PIN was not entered by them.,OPEN,MEDIUM,IVR
CBK0002304,TXN00005004,True,USR24536,False,MCH6507,True,2026-02-25 16:37:09,,2026-03-23 00:00:00,True,,1095.0,False,False,UNAUTHORIZED_TRANSACTION,Unauthorized Transaction,Customer says transaction was not authorized.,RESOLVED,MEDIUM,BRANCH
CBK0000205,TXN00009947,True,USR49302,True,MCH7335,True,2026-01-24 11:39:04,2026-02-04 04:39:04,2026-03-05 00:00:00,True,10.0,,False,True,UNAUTHORIZED_TRANSACTION,UNAUTHORISED,Complaint received after multiple failed attempts.,IN_PROGRESS,CRITICAL,APP
CBK0002199,TXN00083913,False,USR69345,False,MCH1289,False,2026-03-17 20:54:58,2026-03-20 07:54:58,2026-03-21 00:00:00,True,2.0,732.0,False,False,DUPLICATE_DEBIT,charged twice,Payment made to unknown merchant as per customer statement.,PENDING_BANK,HIGH,BRANCH
CBK0000096,TXN00015289,True,USR24926,True,MCH9472,True,2026-03-29 09:32:00,2026-04-05 00:00:00,2026-04-26 00:00:00,True,6.0,2649.1,False,False,SERVICE_NOT_DELIVERED,service failed,Payment made to unknown merchant as per customer statement.,CLOSED,LOW,IVR
CBK0001480,TXN00010969,True,USR40561,True,MCH9717,False,2026-02-17 00:00:00,2026-02-20 00:00:00,2026-03-04 00:00:00,True,3.0,1918.05,False,False,SERVICE_NOT_DELIVERED,merchant service issue,Customer says amount was debited twice. call dropped,OPEN,LOW,CALL_CENTER
CBK0001125,TXN00011934,True,USR25357,False,MCH8928,True,2026-02-18 00:00:00,,2026-03-06 11:31:18,True,,,False,True,SERVICE_NOT_DELIVERED,service failed,User claims account was compromised before transaction.,CLOSED,MEDIUM,CALL_CENTER
CBK0000842,TXN00002437,True,USR58147,False,MCH1299,True,2026-01-27 09:34:13,2026-02-02 00:00:00,2026-03-01 00:00:00,True,5.0,1368.83,False,False,FRAUD_SUSPECTED,Fraud Suspected,Suspicious high-value payment disputed by customer.,PENDING_BANK,HIGH,CALL_CENTER
CBK0002364,TXN00001342,True,USR61151,False,MCH5245,True,2026-02-23 23:42:23,2026-03-03 00:00:00,2026-03-24 09:42:23,True,7.0,2534.0,False,False,AMOUNT_MISMATCH,incorrect amount,Customer complaint text unclear due to poor call center notes.,IN_PROGRESS,HIGH,IVR
CBK0000474,TXN00009795,True,USR24690,False,MCH8976,True,2026-03-27 00:00:00,2026-03-27 09:12:31,2026-04-22 00:00:00,True,0.0,1506.67,False,False,DUPLICATE_DEBIT,double debit,Suspicious high-value payment disputed by customer.,RESOLVED,LOW,IVR
CBK0001677,TXN00005417,True,USR53957,True,MCH2848,False,2026-01-02 00:00:00,,2026-02-02 00:00:00,True,,2380.3,False,False,SERVICE_NOT_DELIVERED,delivery issue,Payment made to unknown merchant as per customer statement.,CLOSED,MEDIUM,APP
CBK0002352,TXN00009981,True,USR92382,True,MCH2075,True,2026-03-11 00:00:00,2026-03-12 00:00:00,2026-03-28 10:00:00,True,1.0,1850.41,False,False,FRAUD_SUSPECTED,FRAUD,Customer says transaction was not authorized.,CLOSED,HIGH,CALL_CENTER
CBK0000055,TXN00017357,True,USR15485,True,MCH3992,False,2026-03-27 00:00:00,2026-03-29 00:00:00,,True,2.0,3043.82,False,False,GENERAL_DISPUTE,complaint,User claims account was compromised before txn.,IN_PROGRESS,CRITICAL,CHATBOT
CBK0002441,TXN00007492,True,USR71182,False,MCH9948,False,,2026-03-12 00:00:00,,True,,1969.45,False,False,DUPLICATE_DEBIT,Duplicate Debit,Customer says transaction was not authorized.,OPEN,LOW,CHATBOT
CBK0001193,TXN00014849,True,USR27328,True,MCH4912,True,2026-01-19 00:00:00,2026-01-30 00:00:00,2026-02-09 00:04:06,True,11.0,2302.0,False,False,DUPLICATE_DEBIT,double debit,merchant service was not delivered after payment.,REJECTED,HIGH,BRANCH
CBK0002705,TXN00005717,True,USR91772,False,MCH2757,True,2026-01-19 17:45:15,2026-01-22 00:00:00,2026-01-24 00:00:00,True,2.0,2449.38,False,False,AMOUNT_MISMATCH,Wrong Amount,Customer complaint text unclear due to poor call center notes.,PENDING_BANK,LOW,IVR
CBK0001851,TXN00006293,True,USR95875,True,MCH2065,False,2026-02-27 00:00:00,2026-03-07 00:00:00,2026-03-30 00:00:00,True,8.0,2387.22,False,False,SERVICE_NOT_DELIVERED,delivery issue,Merchant service was not delivered after payment.,PENDING_BANK,MEDIUM,IVR
CBK0002384,TXN00005874,True,USR26867,False,MCH5264,False,,2026-03-06 03:25:03,2026-03-22 00:00:00,True,,,False,True,GENERAL_DISPUTE,DUP_DEBIT,User says UPI PIN was not entered by them.,RESOLVED,MEDIUM,EMAIL
CBK0001729,TXN00002228,True,USR56148,False,MCH6141,False,2026-02-09 09:11:00,2026-02-13 00:00:00,2026-03-01 00:00:00,True,3.0,378.3,False,False,AMOUNT_MISMATCH,Wrong Amount,User claims account was compromised before transaction.,PENDING_BANK,HIGH,CHATBOT
CBK0001485,TXN00000921,True,USR25087,False,MCH2266,True,2026-03-03 18:48:32,2026-03-08 00:00:00,,True,4.0,1585.45,False,False,SERVICE_NOT_DELIVERED,service failed,user claims account was compromised before transaction.,CLOSED,LOW,EMAIL
CBK0002550,TXN00001381,True,USR44152,True,MCH1993,True,,2026-03-09 00:00:00,,True,,1001.43,False,False,AMOUNT_MISMATCH,incorrect amount,User claims account was compromised before transaction.,IN_PROGRESS,LOW,IVR
CBK0001475,TXN00017932,True,USR30591,True,MCH4204,False,2026-01-28 00:00:00,,2026-02-23 12:38:55,True,,4452.54,False,False,GENERAL_DISPUTE,no service,Suspicious high-value payment disputed by customer. details missing,OPEN,CRITICAL,BRANCH
CBK0000033,TXN00009708,True,USR97772,True,MCH5076,False,2026-01-18 00:00:00,2026-01-24 11:33:49,2026-02-18 00:00:00,True,6.0,3007.22,False,False,AMOUNT_MISMATCH,amount mismatch,merchant service was not delivered after payment.,REJECTED,HIGH,IVR
CBK0001804,TXN00008462,True,USR37261,True,MCH2030,True,2026-03-04 19:34:51,2026-03-06 00:00:00,2026-03-11 01:34:51,True,1.0,884.33,True,False,UNAUTHORIZED_TRANSACTION,Unauthorized Transaction,Customer says amount was debited twice.,REJECTED,LOW,EMAIL
CBK0000724,TXN00001310,True,USR27947,True,MCH2065,False,2026-02-13 06:58:57,2026-02-16 00:00:00,2026-02-17 00:00:00,True,2.0,2026.3,False,False,UNAUTHORIZED_TRANSACTION,unauth txn,Merchant service was not delivered after payment.,OPEN,LOW,BRANCH
CBK0002240,TXN00000019,True,USR40246,False,MCH4062,True,2026-02-26 00:00:00,2026-03-01 01:49:00,2026-03-08 01:49:15,True,3.0,377.11,False,False,FRAUD_SUSPECTED,suspicious transaction,Customer says amount was debited twice.,IN_PROGRESS,HIGH,CHATBOT
CBK0001379,TXN00010182,True,USR52335,True,MCH5954,True,2026-03-31 00:00:00,2026-04-02 00:00:00,2026-04-26 00:00:00,True,2.0,1252.47,False,False,ACCOUNT_TAKEOVER,ATO,User says UPI PIN was not entered by them.,CLOSED,LOW,BRANCH
CBK0000668,TXN00011231,True,USR61576,False,MCH7063,True,2026-03-19 00:00:00,2026-03-15 00:00:00,2026-04-03 00:00:00,False,,4533.6,False,False,UNAUTHORIZED_TRANSACTION,not done by me,User reports money deducted but merchant denies receiving payment. details missing,PENDING_BANK,MEDIUM,IVR
CBK0000799,TXN00012446,True,USR75853,False,MCH2771,False,2026-02-02 22:34:00,2026-02-03 21:34:00,,True,0.0,1105.07,False,False,UNAUTHORIZED_TRANSACTION,unauthorized_transaction,Customer says transaction was not authorized.,REJECTED,MEDIUM,IVR
CBK0000762,TXN00003810,True,USR65062,False,MCH5911,True,2026-01-23 00:00:00,2026-01-25 00:00:00,2026-02-12 00:00:00,True,2.0,861.41,False,False,SERVICE_NOT_DELIVERED,Merchant Not Delivered,User reports money deducted but merchant denies receiving payment.,IN_PROGRESS,MEDIUM,IVR
CBK0002241,TXN00009947,True,USR75572,False,MCH3262,False,2026-01-01 00:00:00,2026-01-03 00:00:00,2026-01-07 00:00:00,True,2.0,,False,True,ACCOUNT_TAKEOVER,Account Takeover,Merchant service was not delivered after payment. pls check asap,OPEN,HIGH,BRANCH
CBK0000120,TXN00005470,True,USR35882,False,MCH5805,True,2026-03-24 00:00:00,2026-03-25 00:00:00,,True,1.0,881.56,False,False,GENERAL_DISPUTE,complaint,COMPLAINT RECEIVED AFTER MULTIPLE FAILED ATTEMPTS.,OPEN,MEDIUM,CHATBOT
CBK0001486,TXN00012555,True,USR32962,True,MCH5076,False,2026-01-08 00:00:00,,2026-01-09 00:00:00,True,,2740.59,False,False,GENERAL_DISPUTE,customer issue,USER SAYS UPI PIN WAS NOT ENTERED BY THEM.,PENDING_BANK,LOW,IVR
CBK0000278,TXN00018188,True,USR33934,True,MCH1639,True,2026-01-03 00:00:00,2026-01-05 00:00:00,2026-02-03 00:00:00,True,2.0,609.57,False,False,GENERAL_DISPUTE,customer issue,Payment made to unknown merchant as per customer statement.,IN_PROGRESS,CRITICAL,BRANCH
CBK0001433,TXN00011103,True,USR93242,True,MCH9047,False,2026-01-02 23:19:14,2026-02-02 00:00:00,2026-02-25 04:19:00,True,30.0,5968.43,False,False,DUPLICATE_DEBIT,double debit,Suspicious high-value payment disputed by cust.,RESOLVED,LOW,BRANCH
CBK0000423,TXN00012405,True,USR33721,False,MCH8247,True,2026-01-26 21:04:00,2026-02-11 00:00:00,2026-03-12 00:00:00,True,15.0,1837.0,False,False,DUPLICATE_DEBIT,charged twice,User claims account was compromised before transaction.,REJECTED,MEDIUM,BRANCH
CBK0001435,TXN00004594,True,USR40538,False,MCH1070,True,2026-01-16 00:00:00,2026-01-16 21:36:00,2026-02-02 00:00:00,True,0.0,262.38,False,False,FRAUD_SUSPECTED,fraud,MERCHANT SERVICE WAS NOT DELIVERED AFTER PAYMENT.,IN_PROGRESS,LOW,IVR
CBK0001616,TXN00009207,True,USR49823,True,MCH8953,True,2026-02-04 00:00:00,2026-02-06 00:00:00,,True,2.0,4915.0,False,False,AMOUNT_MISMATCH,Wrong Amount,Suspicious high-value payment disputed by customer.,OPEN,HIGH,CHATBOT
CBK0001552,TXN00014793,True,USR10598,True,MCH1855,True,2026-01-21 18:47:00,2026-01-23 00:00:00,2026-02-02 00:00:00,True,1.0,641.02,False,False,SERVICE_NOT_DELIVERED,item not received,USER CLAIMS ACCOUNT WAS COMPROMISED BEFORE TRANSACTION.,IN_PROGRESS,HIGH,CHATBOT
CBK0002116,TXN00018024,True,USR18423,False,MCH9655,False,2026-02-26 02:31:01,2026-02-28 00:00:00,2026-03-21 21:31:01,True,1.0,,False,True,SERVICE_NOT_DELIVERED,Merchant Not Delivered,user says upi pin was not entered by them.,CLOSED,MEDIUM,CHATBOT
CBK0001293,TXN00010530,True,USR99535,True,MCH4181,False,2026-03-21 18:14:15,2026-03-24 20:14:15,2026-04-21 00:00:00,True,3.0,7652.76,False,False,GENERAL_DISPUTE,DUP_DEBIT,User claims account was compromised before transaction.,PENDING_BANK,HIGH,APP
CBK0000110,TXN00005150,True,USR19275,False,MCH7578,False,2026-01-03 00:00:00,2026-01-01 00:00:00,2026-01-20 18:56:14,False,,2477.97,False,False,ACCOUNT_TAKEOVER,account hacked,Customer complaint text unclear due to poor call center notes.,REJECTED,MEDIUM,CALL_CENTER
CBK0000851,TXN00015265,True,USR52830,False,MCH1188,True,2026-02-01 00:00:00,2026-02-05 00:00:00,2026-02-18 00:00:00,True,4.0,9117.57,False,False,FRAUD_SUSPECTED,scam,User says UPI PIN was not entered by them.,CLOSED,MEDIUM,IVR
CBK0000664,TXN00014659,True,USR74769,True,MCH9010,False,2026-03-12 13:53:38,2026-03-15 22:53:00,2026-03-21 00:00:00,True,3.0,1093.6,False,False,UNAUTHORIZED_TRANSACTION,Unauthorized Transaction,suspicious high-value payment disputed by customer.,OPEN,CRITICAL,APP
CBK0000737,TXN00008826,True,USR85122,False,MCH9786,True,2026-01-14 00:00:00,2026-01-24 00:00:00,,True,10.0,1347.43,False,False,ACCOUNT_TAKEOVER,login compromised,Complaint received after multiple failed attempts.,OPEN,LOW,EMAIL
CBK0001284,TXN00000281,True,USR46321,True,MCH9422,False,2026-01-10 00:00:00,,2026-02-11 00:00:00,True,,1426.33,True,False,SERVICE_NOT_DELIVERED,item not received,User claims account was compromised before transaction.,REJECTED,HIGH,CALL_CENTER
CBK0002010,TXN00008590,True,USR58106,True,MCH9878,False,2026-02-01 00:00:00,2026-02-06 00:00:00,2026-03-04 16:37:00,True,5.0,2830.0,False,False,AMOUNT_MISMATCH,incorrect amount,User claims account was compromised before transaction.,OPEN,MEDIUM,EMAIL
CBK0002245,,False,USR77262,False,MCH9007,False,,2026-03-13 07:52:00,,True,,279.0,False,False,DUPLICATE_DEBIT,double debit,Payment made to unknown merchant as per cust statement.,IN_PROGRESS,MEDIUM,CHATBOT
CBK0002235,TXN00009348,True,USR81487,False,MCH6056,True,2026-03-17 00:00:00,2026-05-01 00:00:00,,True,45.0,2309.36,False,False,DUPLICATE_DEBIT,double debit,CUSTOMER SAYS AMOUNT WAS DEBITED TWICE.,IN_PROGRESS,LOW,CHATBOT
CBK0001762,TXN00011289,True,USR14871,True,MCH4080,True,2026-02-19 00:00:00,2026-02-27 00:00:00,2026-03-22 04:25:49,True,8.0,1035.0,False,False,SERVICE_NOT_DELIVERED,item not received,User reports money deducted but merchant denies receiving payment.,IN_PROGRESS,HIGH,BRANCH
CBK0001604,TXN00019626,True,USR38245,False,MCH7973,True,2026-02-09 00:00:00,2026-02-13 00:00:00,,True,4.0,781.0,False,False,FRAUD_SUSPECTED,fraud,Suspicious high-value payment disputed by customer.,REJECTED,MEDIUM,EMAIL
CBK0002182,TXN00015499,True,USR22939,False,MCH5631,True,2026-03-11 06:34:26,2026-03-14 00:00:00,,True,2.0,1792.1,False,False,SERVICE_NOT_DELIVERED,delivery issue,Customer says transaction was not authorized.,IN_PROGRESS,LOW,IVR
CBK0000904,,False,USR46902,True,MCH9120,True,2026-03-24 00:00:00,2026-03-26 19:54:00,2026-04-10 19:54:00,True,2.0,,False,True,AMOUNT_MISMATCH,Wrong Amount,Suspicious high-value payment disputed by customer.,IN_PROGRESS,LOW,CHATBOT
CBK0002381,TXN00011829,True,USR54103,True,MCH7837,True,,2026-01-19 00:00:00,2026-01-28 00:00:00,True,,,False,True,FRAUD_SUSPECTED,suspicious transaction,Customer says transaction was not authorized.,OPEN,HIGH,CALL_CENTER
CBK0000835,TXN00016557,True,USR82094,False,MCH3363,False,2026-03-20 00:00:00,2026-03-31 11:25:32,,True,11.0,3670.72,False,False,ACCOUNT_TAKEOVER,account hacked,User claims account was compromised before transaction. pls check asap,PENDING_BANK,MEDIUM,CALL_CENTER
CBK0000403,TXN00014814,True,USR43455,True,MCH2055,False,2026-02-14 16:05:00,,2026-03-07 11:05:00,True,,7081.78,False,False,DUPLICATE_DEBIT,charged twice,Payment made to unknown merchant as per customer statement.,IN_PROGRESS,LOW,CALL_CENTER
CBK0000426,TXN00001222,True,USR40061,True,MCH7377,False,2026-01-13 00:00:00,2026-02-13 02:39:13,,True,31.0,10359.87,False,False,SERVICE_NOT_DELIVERED,service failed,User reports money deducted but merchant denies receiving payment.,OPEN,MEDIUM,EMAIL
CBK0002539,TXN00001614,True,USR85040,False,MCH7599,False,2026-02-02 01:33:00,2026-02-04 00:00:00,,True,1.0,13495.0,False,False,SERVICE_NOT_DELIVERED,merchant service issue,customer says amount was debited twice.,PENDING_BANK,LOW,IVR
CBK0000672,TXN00094670,False,USR23466,False,MCH2383,True,,2026-03-19 00:00:00,,True,,33780.71,False,False,DUPLICATE_DEBIT,charged twice,MERCHANT SERVICE WAS NOT DELIVERED AFTER PAYMENT.,IN_PROGRESS,LOW,EMAIL
CBK0000170,TXN00016286,True,USR62841,False,MCH6175,False,2026-01-26 00:00:00,,,True,,800.41,False,False,UNAUTHORIZED_TRANSACTION,unauthorized_transaction,customer says transaction was not authorized.,IN_PROGRESS,MEDIUM,IVR
CBK0000632,TXN00016316,True,USR44482,False,MCH7297,True,2026-01-10 00:00:00,2026-01-13 00:00:00,2026-01-27 00:00:00,True,3.0,5742.0,False,False,GENERAL_DISPUTE,dispute raised,User says UPI PIN was not entered by them.,RESOLVED,LOW,CALL_CENTER
CBK0002133,TXN00010760,True,USR68349,False,MCH2383,True,,2026-01-17 03:43:00,2026-02-04 00:00:00,True,,1471.98,False,False,GENERAL_DISPUTE,complaint,Customer complaint text unclear due to poor call center notes.,IN_PROGRESS,MEDIUM,BRANCH
CBK0001183,TXN00017897,True,USR88749,True,MCH7263,False,2026-01-25 00:00:00,2026-01-27 22:56:59,2026-02-17 22:56:00,True,2.0,1234.0,False,False,GENERAL_DISPUTE,dispute raised,Customer complaint text unclear due to poor call center notes.,RESOLVED,MEDIUM,BRANCH
CBK0000342,TXN00004782,True,USR30157,False,MCH5825,True,2026-01-23 00:00:00,2026-01-26 00:00:00,2026-02-07 00:00:00,True,3.0,779.81,False,False,GENERAL_DISPUTE,customer issue,Customer complaint text unclear due to poor call center notes.,REJECTED,MEDIUM,CALL_CENTER
CBK0001451,TXN00003075,True,USR13134,False,MCH6033,True,2026-01-19 00:00:00,2026-02-03 00:00:00,2026-02-12 00:00:00,True,15.0,2267.96,False,False,AMOUNT_MISMATCH,extra amount deducted,User claims account was compromised before transaction.,OPEN,LOW,EMAIL
CBK0002072,TXN00004967,True,USR42423,True,MCH8097,False,2026-02-21 04:46:00,2026-02-24 07:46:00,,True,3.0,952.74,True,False,DUPLICATE_DEBIT,charged twice,Suspicious high-value payment disputed by customer.,RESOLVED,LOW,CALL_CENTER
CBK0002486,TXN00007604,True,USR66432,False,MCH6076,False,2026-02-14 20:40:00,2026-02-20 00:00:00,2026-03-22 18:40:38,True,5.0,440.35,False,False,SERVICE_NOT_DELIVERED,delivery issue,Merchant service was not delivered after payment.,OPEN,MEDIUM,CHATBOT
CBK0001104,TXN00007230,True,USR60004,True,MCH8097,False,2026-03-21 00:00:00,2026-03-22 00:00:00,,True,1.0,4334.18,False,False,FRAUD_SUSPECTED,scam,Suspicious high-value payment disputed by customer.,RESOLVED,CRITICAL,APP
CBK0000824,TXN00078658,False,USR57147,True,MCH4226,False,2026-02-18 00:00:00,2026-03-01 00:00:00,2026-03-25 00:00:00,True,11.0,2283.69,False,False,AMOUNT_MISMATCH,extra amount deducted,User says UPI PIN was not entered by them.,CLOSED,CRITICAL,IVR
CBK0000049,TXN00009231,True,USR41135,True,MCH3165,False,2026-03-11 00:00:00,,2026-04-18 00:00:00,True,,669.96,False,False,FRAUD_SUSPECTED,scam,Customer complaint text unclear due to poor call center notes.,IN_PROGRESS,LOW,BRANCH
CBK0000576,TXN00019045,True,USR84127,True,MCH4763,False,2026-02-13 00:00:00,2026-02-16 00:00:00,2026-02-21 00:00:00,True,3.0,4841.06,False,False,UNAUTHORIZED_TRANSACTION,unauthorized_transaction,customer complaint text unclear due to poor call center notes.,PENDING_BANK,MEDIUM,BRANCH
CBK0001936,TXN00016714,True,USR63167,True,MCH9457,True,2026-01-09 00:00:00,2026-01-12 00:00:00,2026-02-07 00:00:00,True,3.0,,False,True,GENERAL_DISPUTE,complaint,suspicious high-value payment disputed by customer.,PENDING_BANK,MEDIUM,IVR
CBK0000103,TXN00008797,True,USR69455,False,MCH2902,True,2026-03-29 03:22:50,2026-03-31 00:00:00,2026-04-02 00:00:00,True,1.0,980.58,False,False,ACCOUNT_TAKEOVER,account hacked,User says UPI PIN was not entered by them.,PENDING_BANK,MEDIUM,IVR
CBK0001724,TXN00001257,True,USR18577,False,MCH5237,True,2026-02-06 00:00:00,2026-02-07 03:04:41,2026-03-01 00:00:00,True,1.0,2576.33,False,False,FRAUD_SUSPECTED,Fraud Suspected,customer says transaction was not authorized.,CLOSED,LOW,IVR
CBK0000243,TXN00006922,True,USR46902,True,MCH2461,False,2026-02-13 00:00:00,2026-02-15 00:00:00,2026-02-17 00:00:00,True,2.0,1272.25,True,False,FRAUD_SUSPECTED,suspicious transaction,User claims account was compromised before transaction.,CLOSED,LOW,APP
CBK0000515,TXN00005131,True,USR30157,False,MCH8694,False,,2026-02-09 07:20:00,,True,,9968.68,False,False,GENERAL_DISPUTE,customer issue,Payment made to unknown merchant as per customer statement.,OPEN,MEDIUM,CHATBOT
CBK0002691,TXN00002791,True,USR22598,False,MCH2822,False,2026-01-27 20:56:14,2026-02-11 00:00:00,2026-02-23 20:56:14,True,14.0,15201.89,False,False,SERVICE_NOT_DELIVERED,service failed,Customer says transaction was not authorized.,OPEN,CRITICAL,IVR
CBK0001254,TXN00015085,True,USR72505,False,MCH4244,True,2026-03-23 07:03:00,2026-03-26 22:03:00,,True,3.0,3569.92,False,False,DUPLICATE_DEBIT,charged twice,COMPLAINT RECEIVED AFTER MULTIPLE FAILED ATTEMPTS.,OPEN,LOW,BRANCH
CBK0002569,TXN00012026,True,USR10288,True,MCH8779,True,2026-01-12 00:00:00,,2026-01-25 00:00:00,True,,4655.0,False,False,ACCOUNT_TAKEOVER,Account Takeover,Payment made to unknown merchant as per customer statement.,REJECTED,LOW,APP
CBK0000912,TXN00017717,True,USR72474,False,MCH8508,True,2026-02-19 00:00:00,2026-02-21 00:00:00,2026-03-11 00:00:00,True,2.0,24414.54,False,False,FRAUD_SUSPECTED,suspicious transaction,Complaint received after multiple failed attempts.,OPEN,LOW,EMAIL
CBK0000379,TXN00005013,True,USR11871,True,MCH1785,True,2026-02-09 22:37:06,2026-02-12 17:37:06,2026-03-10 00:00:00,True,2.0,1946.17,False,False,AMOUNT_MISMATCH,Wrong Amount,User claims account was compromised before transaction.,OPEN,LOW,APP
CBK0000529,TXN00016687,True,USR79572,False,MCH6500,False,2026-01-10 12:15:27,2026-01-11 00:00:00,,True,0.0,15660.34,False,False,SERVICE_NOT_DELIVERED,Merchant Not Delivered,User reports money deducted but merchant denies receiving payment.,CLOSED,MEDIUM,IVR
CBK0001805,TXN00007244,True,USR76141,True,MCH3777,False,2026-03-25 00:00:00,2026-03-27 22:50:39,2026-04-19 00:00:00,True,2.0,3040.89,False,False,ACCOUNT_TAKEOVER,Account Takeover,User claims account was compromised before transaction.,IN_PROGRESS,HIGH,CHATBOT
CBK0000881,TXN00009647,True,USR95891,False,MCH5076,False,2026-03-28 00:00:00,2026-04-01 00:00:00,2026-04-03 01:09:00,True,4.0,,False,True,SERVICE_NOT_DELIVERED,merchant service issue,User reports money deducted but merchant denies receiving payment.,IN_PROGRESS,MEDIUM,IVR
CBK0001009,TXN00016326,True,USR34963,True,MCH9568,False,2026-03-13 00:00:00,2026-03-15 00:00:00,2026-04-12 00:00:00,True,2.0,905.23,False,False,AMOUNT_MISMATCH,incorrect amount,user claims account was compromised before transaction.,IN_PROGRESS,LOW,CHATBOT
CBK0002707,TXN00010218,True,USR11076,False,MCH7833,True,,2026-01-30 06:18:41,2026-03-01 06:18:00,True,,694.0,False,False,SERVICE_NOT_DELIVERED,delivery issue,user reports money deducted but merchant denies receiving payment.,CLOSED,MEDIUM,BRANCH
CBK0001445,TXN00003088,True,USR27045,False,MCH4407,False,2026-01-13 00:00:00,2026-01-16 00:00:00,2026-02-10 00:00:00,True,3.0,1019.25,False,False,FRAUD_SUSPECTED,Fraud Suspected,User says UPI PIN was not entered by them.,OPEN,MEDIUM,APP
CBK0001702,TXN00003610,True,USR66677,False,MCH8953,True,2026-01-30 00:00:00,2026-02-03 00:00:00,2026-02-04 00:00:00,True,4.0,6753.79,False,False,GENERAL_DISPUTE,DUP_DEBIT,MERCHANT SERVICE WAS NOT DELIVERED AFTER PAYMENT.,CLOSED,LOW,IVR
CBK0002518,TXN00001703,True,USR36969,False,MCH3491,True,2026-03-13 00:00:00,2026-03-19 00:00:00,,True,6.0,1926.45,False,False,SERVICE_NOT_DELIVERED,not delivered,User reports money deducted but merchant denies receiving payment.,IN_PROGRESS,MEDIUM,EMAIL
CBK0001694,TXN00051122,False,USR46938,False,MCH9841,False,2026-03-02 00:00:00,2026-03-18 00:00:00,2026-03-25 00:00:00,True,16.0,348.47,False,False,AMOUNT_MISMATCH,Wrong Amount,Customer says amount was debited twice.,REJECTED,LOW,EMAIL
CBK0000043,TXN00015200,True,USR15181,False,MCH4051,True,2026-02-12 05:01:35,2026-02-15 00:00:00,2026-03-08 00:00:00,True,2.0,,False,True,AMOUNT_MISMATCH,incorrect amount,complaint received after multiple failed attempts.,RESOLVED,LOW,IVR
CBK0002493,TXN00014670,True,USR79511,False,MCH9179,False,2026-03-13 00:00:00,2026-03-19 00:00:00,2026-04-17 00:00:00,True,6.0,1969.23,False,False,UNAUTHORIZED_TRANSACTION,unauth txn,Merchant service was not delivered after payment.,IN_PROGRESS,MEDIUM,IVR
CBK0002402,TXN00015883,True,USR71704,False,MCH9745,True,2026-01-08 00:00:00,2026-01-19 00:00:00,,True,11.0,2183.47,False,False,GENERAL_DISPUTE,no service,Suspicious high-value payment disputed by customer.,CLOSED,MEDIUM,CALL_CENTER
CBK0000530,TXN00013623,True,USR83977,False,MCH7491,False,2026-03-23 13:39:00,2026-03-25 00:00:00,2026-04-01 00:00:00,True,1.0,5881.5,False,False,DUPLICATE_DEBIT,Duplicate Debit,Customer complaint text unclear due to poor call center notes.,REJECTED,HIGH,CHATBOT
CBK0001362,TXN00003264,True,USR32927,True,MCH3566,False,2026-02-25 05:34:00,2026-02-28 00:00:00,2026-03-11 00:34:58,True,2.0,1771.56,False,False,SERVICE_NOT_DELIVERED,not delivered,User says UPI PIN was not entered by them.,IN_PROGRESS,HIGH,EMAIL
CBK0000844,TXN00012434,True,USR60718,False,MCH5451,True,,2026-02-26 16:33:00,2026-03-09 00:00:00,True,,2898.89,False,False,SERVICE_NOT_DELIVERED,merchant service issue,Customer says transaction was not authorized.,REJECTED,MEDIUM,CHATBOT
CBK0000560,,False,USR33142,False,MCH4991,False,2026-03-07 20:06:00,2026-03-08 00:00:00,2026-03-11 00:00:00,True,0.0,3235.8,False,False,ACCOUNT_TAKEOVER,account hacked,Payment made to unknown merchant as per customer statement.,RESOLVED,HIGH,CHATBOT
CBK0001906,TXN00005849,True,USR68355,True,MCH6716,True,2026-03-31 00:00:00,2026-04-02 04:29:55,2026-04-12 00:00:00,True,2.0,2213.96,True,False,DUPLICATE_DEBIT,Duplicate Debit,customer says amount was debited twice.,RESOLVED,MEDIUM,CALL_CENTER
CBK0001073,TXN00004089,True,USR33934,True,MCH1529,True,2026-01-25 00:00:00,2026-01-30 16:41:27,2026-02-12 00:00:00,True,5.0,493.48,False,False,GENERAL_DISPUTE,dispute raised,Merchant service was not delivered after payment.,RESOLVED,LOW,CALL_CENTER
CBK0000917,TXN00010215,True,USR71348,False,MCH2938,True,2026-01-22 00:00:00,2026-02-01 23:51:18,2026-02-28 00:00:00,True,10.0,6899.7,False,False,SERVICE_NOT_DELIVERED,delivery issue,User says UPI PIN was not entered by them.,PENDING_BANK,MEDIUM,CHATBOT
CBK0001579,TXN00013935,True,USR67399,False,MCH5294,True,2026-01-30 00:00:00,,2026-02-23 00:00:00,True,,1513.85,False,False,AMOUNT_MISMATCH,incorrect amount,User reports money deducted but merchant denies receiving payment.,PENDING_BANK,LOW,APP
CBK0001324,TXN00002901,True,USR43702,False,MCH2167,False,2026-03-19 00:00:00,2026-03-29 00:00:00,,True,10.0,668.0,False,False,FRAUD_SUSPECTED,FRAUD,Suspicious high-value payment disputed by customer.,OPEN,MEDIUM,CHATBOT
CBK0001788,TXN00016160,True,USR74134,True,MCH4181,False,2026-01-25 00:00:00,2026-02-05 04:45:43,2026-02-11 04:45:00,True,11.0,604.17,False,False,GENERAL_DISPUTE,DUP_DEBIT,User says UPI PIN was not entered by them.,CLOSED,MEDIUM,IVR
CBK0000717,TXN00011204,True,USR82688,False,MCH4181,False,2026-03-04 00:00:00,,2026-03-19 06:54:31,True,,,False,True,SERVICE_NOT_DELIVERED,item not received,Customer says transaction was not authorized.,REJECTED,HIGH,APP
CBK0002271,TXN00012860,True,USR27755,False,MCH6850,False,2026-01-27 00:00:00,2026-01-30 23:27:37,2026-02-10 23:27:37,True,3.0,4626.0,False,False,ACCOUNT_TAKEOVER,account hacked,User reports money deducted but merchant denies receiving payment.,PENDING_BANK,LOW,APP
CBK0002524,TXN00010461,True,USR72734,True,MCH2390,True,2026-03-14 02:52:00,,,True,,300.44,False,False,AMOUNT_MISMATCH,extra amount deducted,Suspicious high-value payment disputed by customer.,OPEN,LOW,IVR
CBK0000268,TXN00000069,True,USR16371,False,MCH5588,True,2026-03-21 00:00:00,2026-03-20 00:00:00,2026-03-20 10:09:00,False,,985.19,False,False,AMOUNT_MISMATCH,extra amount deducted,Merchant service was not delivered after payment.,PENDING_BANK,CRITICAL,EMAIL
CBK0000025,TXN00018011,True,USR73468,False,MCH3488,True,2026-01-18 21:37:05,2026-01-20 00:00:00,2026-02-12 00:00:00,True,1.0,376.33,False,False,GENERAL_DISPUTE,Customer Dispute,COMPLAINT RECEIVED AFTER MULTIPLE FAILED ATTEMPTS.,REJECTED,HIGH,IVR
CBK0002252,TXN00018705,True,USR30837,False,MCH4857,True,2026-02-13 09:40:00,2026-02-18 00:00:00,2026-02-19 00:00:00,True,4.0,325.69,False,False,GENERAL_DISPUTE,dispute raised,Customer says amount was debited twice.,PENDING_BANK,LOW,EMAIL
CBK0001230,TXN00015088,True,USR49696,False,MCH6914,False,2026-01-10 11:58:51,2026-01-18 00:00:00,2026-02-05 00:00:00,True,7.0,590.13,False,False,SERVICE_NOT_DELIVERED,item not received,user reports money deducted but merchant denies receiving payment.,RESOLVED,LOW,CALL_CENTER
CBK0000725,TXN00001816,True,USR77595,False,MCH4624,True,2026-02-03 00:00:00,2026-02-05 00:11:27,2026-02-15 00:00:00,True,2.0,506.82,False,False,FRAUD_SUSPECTED,fraud,Customer says transaction was not authorized.,RESOLVED,HIGH,CHATBOT
CBK0000871,TXN00014130,True,USR50013,False,MCH3815,False,2026-02-24 14:55:00,2026-03-02 00:00:00,2026-03-04 00:00:00,True,5.0,6351.69,False,False,FRAUD_SUSPECTED,suspicious transaction,Customer says transaction was not authorized.,PENDING_BANK,MEDIUM,CHATBOT
CBK0001638,TXN00016806,True,USR90476,False,MCH2266,True,2026-01-23 00:00:00,2026-01-23 08:43:25,2026-02-11 00:00:00,True,0.0,754.9,False,False,GENERAL_DISPUTE,no service,Suspicious high-value payment disputed by customer.,CLOSED,MEDIUM,CALL_CENTER
CBK0001862,TXN00015119,True,USR29393,False,MCH2677,False,2026-01-29 00:00:00,,2026-02-25 00:00:00,True,,2069.0,False,False,SERVICE_NOT_DELIVERED,not delivered,Customer says transaction was not authorized.,REJECTED,LOW,CHATBOT
CBK0000953,TXN00011579,True,USR13025,True,MCH7570,False,2026-03-02 00:00:00,2026-03-18 00:00:00,2026-04-13 00:00:00,True,16.0,4186.0,False,False,SERVICE_NOT_DELIVERED,merchant service issue,User claims account was compromised before transaction.,CLOSED,CRITICAL,CHATBOT
CBK0001597,TXN00014374,True,USR80134,False,MCH4854,False,2026-02-06 00:00:00,2026-02-06 00:00:00,,True,0.0,1445.01,False,False,UNAUTHORIZED_TRANSACTION,unauth txn,Complaint received after multiple failed attempts.,RESOLVED,LOW,BRANCH
CBK0000870,TXN00013994,True,USR44954,False,MCH7833,True,,2026-02-11 00:00:00,2026-02-25 02:46:35,True,,522.4,False,False,GENERAL_DISPUTE,DUP_DEBIT,User says UPI PIN was not entered by them.,REJECTED,MEDIUM,IVR
CBK0000954,TXN00009961,True,USR59679,False,MCH7079,False,2026-03-14 09:02:40,2026-03-16 00:00:00,2026-04-12 00:00:00,True,1.0,983.39,False,False,GENERAL_DISPUTE,Customer Dispute,Merchant service was not delivered after payment.,PENDING_BANK,LOW,IVR
CBK0001048,TXN00006989,True,USR32480,False,MCH4181,False,2026-03-31 00:00:00,2026-04-02 00:00:00,2026-04-27 00:00:00,True,2.0,1796.19,False,False,FRAUD_SUSPECTED,FRAUD,Suspicious high-value payment disputed by customer.,PENDING_BANK,MEDIUM,IVR
CBK0001910,TXN00015728,True,USR83310,True,MCH3536,True,2026-01-24 00:00:00,2026-01-28 00:00:00,2026-02-06 18:00:46,True,4.0,791.9,False,False,FRAUD_SUSPECTED,Fraud Suspected,Customer complaint text unclear due to poor call center notes.,REJECTED,LOW,EMAIL
CBK0000098,TXN00003777,True,USR36855,False,MCH7866,True,2026-01-12 00:00:00,2026-01-14 00:00:00,2026-01-17 20:23:00,True,2.0,177.16,False,False,SERVICE_NOT_DELIVERED,item not received,Customer complaint text unclear due to poor call center notes.,PENDING_BANK,MEDIUM,APP
CBK0002471,TXN00004346,True,USR67181,False,MCH1914,False,2026-01-27 00:00:00,2026-02-02 03:10:00,,True,6.0,2582.05,False,False,FRAUD_SUSPECTED,fraud,Suspicious high-value payment disputed by customer.,REJECTED,LOW,CALL_CENTER
CBK0002636,TXN00019539,True,USR51854,False,MCH1037,False,2026-03-10 00:00:00,2026-03-12 00:00:00,,True,2.0,671.14,False,False,GENERAL_DISPUTE,dispute raised,Complaint received after multiple failed attempts.,PENDING_BANK,LOW,BRANCH
CBK0001913,TXN00010478,True,USR46902,True,MCH9912,True,2026-03-16 00:00:00,2026-03-13 00:00:00,2026-03-31 00:00:00,False,,2872.74,False,False,ACCOUNT_TAKEOVER,account hacked,suspicious high-value payment disputed by customer.,IN_PROGRESS,MEDIUM,EMAIL
CBK0001514,TXN00017992,True,USR36766,False,MCH3815,False,2026-02-12 00:00:00,,2026-02-25 00:00:00,True,,1134.77,False,False,AMOUNT_MISMATCH,incorrect amount,Customer says amount was debited twice.,REJECTED,LOW,CHATBOT
CBK0000255,TXN00008054,True,USR91954,True,MCH2417,True,2026-03-22 00:00:00,2026-03-24 11:29:00,2026-04-07 00:00:00,True,2.0,472.22,False,False,DUPLICATE_DEBIT,Duplicate Debit,suspicious high-value payment disputed by customer.,REJECTED,HIGH,BRANCH
CBK0000802,TXN00019956,True,USR41434,False,MCH1767,True,2026-03-06 00:28:00,2026-03-09 00:00:00,,True,2.0,503.49,False,False,GENERAL_DISPUTE,no service,User claims account was compromised before transaction.,PENDING_BANK,LOW,IVR
CBK0001917,TXN00019782,True,USR15741,False,MCH5222,True,2026-01-26 00:00:00,2026-01-28 00:00:00,2026-02-19 00:43:29,True,2.0,2150.18,False,False,SERVICE_NOT_DELIVERED,delivery issue,Customer says amount was debited twice.,REJECTED,HIGH,IVR
CBK0002006,TXN00008821,True,USR51720,False,MCH8701,False,2026-02-21 00:00:00,2026-03-24 00:00:00,2026-04-04 00:00:00,True,31.0,2136.49,False,False,FRAUD_SUSPECTED,Fraud Suspected,complaint received after multiple failed attempts.,IN_PROGRESS,LOW,BRANCH
CBK0002151,TXN00009818,True,USR97580,True,MCH2800,True,2026-01-16 07:14:35,2026-01-17 00:00:00,,True,0.0,2614.31,False,False,UNAUTHORIZED_TRANSACTION,not done by me,User claims account was compromised before transaction. NA,IN_PROGRESS,MEDIUM,CHATBOT
CBK0002043,TXN00009451,True,USR14683,True,MCH5344,False,2026-02-26 19:22:00,2026-03-06 01:22:00,,True,7.0,3711.97,False,False,GENERAL_DISPUTE,Customer Dispute,CUSTOMER SAYS TRANSACTION WAS NOT AUTHORIZED.,PENDING_BANK,MEDIUM,CHATBOT
CBK0001861,TXN00008377,True,USR29849,True,MCH5427,False,,,2026-03-31 00:00:00,True,,1274.95,False,False,UNAUTHORIZED_TRANSACTION,Unauthorized Transaction,Payment made to unknown merchant as per customer statement.,IN_PROGRESS,MEDIUM,IVR
CBK0002295,TXN00011080,True,USR86500,True,MCH1485,False,2026-03-27 00:15:00,2026-03-28 00:00:00,2026-04-25 13:15:25,True,0.0,3444.75,False,False,GENERAL_DISPUTE,no service,Merchant service was not delivered after payment.,RESOLVED,MEDIUM,CHATBOT
CBK0001901,TXN00014122,True,USR98061,False,MCH7055,False,2026-02-28 00:00:00,2026-03-15 16:03:17,2026-04-11 16:03:17,True,15.0,440.57,False,False,GENERAL_DISPUTE,customer issue,CUSTOMER SAYS TRANSACTION WAS NOT AUTHORIZED.,RESOLVED,MEDIUM,CALL_CENTER
CBK0000699,TXN00035789,False,USR17657,False,MCH1670,False,2026-03-06 00:00:00,2026-03-08 00:00:00,,True,2.0,1813.99,False,False,DUPLICATE_DEBIT,double debit,Suspicious high-value payment disputed by customer.,RESOLVED,LOW,CHATBOT
CBK0000405,TXN00010731,True,USR66391,False,MCH4181,False,2026-02-26 18:04:00,2026-02-28 00:00:00,,True,1.0,1916.0,False,False,FRAUD_SUSPECTED,scam,User reports money deducted but merchant denies receiving payment.,RESOLVED,LOW,CHATBOT
CBK0001374,TXN00085698,False,USR29467,False,MCH4473,False,2026-01-20 20:07:30,2026-01-23 03:07:30,2026-02-15 00:00:00,True,2.0,551.1,False,False,GENERAL_DISPUTE,dispute raised,complaint received after multiple failed attempts.,PENDING_BANK,HIGH,IVR
CBK0000143,TXN00059408,False,USR34207,True,MCH9423,True,2026-03-20 00:00:00,2026-03-25 00:00:00,2026-04-20 00:00:00,True,5.0,8028.0,False,False,UNAUTHORIZED_TRANSACTION,not done by me,Suspicious high-value payment disputed by cust.,PENDING_BANK,HIGH,APP
CBK0002488,TXN00002926,True,USR83342,True,MCH8398,False,2026-02-17 14:21:10,2026-02-20 00:00:00,2026-03-15 11:21:00,True,2.0,407.36,False,False,ACCOUNT_TAKEOVER,Account Takeover,Payment made to unknown merchant as per customer statement.,CLOSED,CRITICAL,BRANCH
CBK0002319,TXN00011383,True,USR79596,False,MCH3966,True,2026-03-22 00:00:00,2026-03-23 09:22:00,2026-04-13 09:22:44,True,1.0,1933.11,False,False,AMOUNT_MISMATCH,extra amount deducted,USER REPORTS MONEY DEDUCTED BUT MERCHANT DENIES RECEIVING PAYMENT.,CLOSED,MEDIUM,BRANCH
CBK0002720,TXN00010672,True,USR87829,True,MCH9344,False,2026-02-12 21:52:01,2026-02-14 00:00:00,2026-02-18 17:52:00,True,1.0,2072.0,False,False,SERVICE_NOT_DELIVERED,item not received,Customer complaint text unclear due to poor call center notes.,CLOSED,MEDIUM,CHATBOT
CBK0000144,TXN00006125,True,USR91671,False,MCH4943,True,2026-03-06 23:07:46,2026-03-12 00:00:00,2026-04-08 00:00:00,True,5.0,2573.59,False,False,GENERAL_DISPUTE,no service,Merchant service was not delivered after payment. pls check asap,CLOSED,HIGH,CHATBOT
CBK0002039,TXN00005346,True,USR68277,False,MCH2065,False,2026-01-25 00:00:00,2026-01-27 02:10:02,,True,2.0,5067.95,True,False,UNAUTHORIZED_TRANSACTION,not done by me,Complaint received after multiple failed attempts.,IN_PROGRESS,MEDIUM,CHATBOT
CBK0002476,TXN00056546,False,USR63172,True,MCH4667,True,2026-03-11 00:00:00,2026-03-14 00:00:00,2026-03-22 00:00:00,True,3.0,,False,True,AMOUNT_MISMATCH,extra amount deducted,User says UPI PIN was not entered by them.,IN_PROGRESS,MEDIUM,IVR
CBK0000649,TXN00019659,True,USR74992,False,MCH8779,True,2026-03-04 00:00:00,2026-03-10 00:00:00,2026-03-19 13:25:24,True,6.0,2545.52,False,False,GENERAL_DISPUTE,no service,Payment made to unknown merchant as per cust statement.,CLOSED,MEDIUM,IVR
CBK0001419,TXN00003304,True,USR91108,False,MCH2574,True,2026-01-07 00:00:00,2026-01-11 00:00:00,2026-02-06 00:00:00,True,4.0,6448.11,False,False,ACCOUNT_TAKEOVER,login compromised,Payment made to unknown merchant as per cust statement.,CLOSED,MEDIUM,BRANCH
CBK0000680,TXN00006440,True,USR32302,False,MCH2383,True,2026-03-11 00:00:00,2026-03-16 23:47:02,2026-03-17 00:00:00,True,5.0,6058.0,False,False,AMOUNT_MISMATCH,amount mismatch,Payment made to unknown merchant as per customer statement.,OPEN,LOW,APP
CBK0001400,TXN00013909,True,USR85655,False,MCH5170,False,2026-03-14 09:46:00,2026-03-14 13:46:00,,True,0.0,836.05,False,False,ACCOUNT_TAKEOVER,ATO,Merchant service was not delivered after payment.,REJECTED,CRITICAL,CALL_CENTER
CBK0002631,TXN00010422,True,USR63280,True,MCH9480,False,2026-03-21 00:00:00,2026-03-16 00:00:00,2026-04-15 00:00:00,False,,2144.03,False,False,FRAUD_SUSPECTED,FRAUD,Payment made to unknown merchant as per customer statement.,REJECTED,MEDIUM,IVR
CBK0000134,TXN00007757,True,USR87362,False,MCH3332,False,2026-03-19 00:00:00,2026-03-24 00:00:00,2026-04-15 22:34:56,True,5.0,2328.13,True,False,SERVICE_NOT_DELIVERED,Merchant Not Delivered,Suspicious high-value payment disputed by customer.,OPEN,HIGH,BRANCH
CBK0002742,TXN00015781,True,USR70003,False,MCH5954,True,2026-02-10 00:00:00,2026-02-20 00:00:00,2026-03-15 04:14:07,True,10.0,3126.09,False,False,ACCOUNT_TAKEOVER,Account Takeover,User says UPI PIN was not entered by them.,IN_PROGRESS,MEDIUM,APP
CBK0001184,TXN00010902,True,USR62254,True,MCH4226,False,2026-03-03 00:00:00,2026-03-06 03:53:28,2026-04-01 00:00:00,True,3.0,3801.16,False,False,GENERAL_DISPUTE,dispute raised,Complaint received after multiple failed attempts.,REJECTED,MEDIUM,APP
CBK0002704,TXN00013438,True,USR19231,False,MCH9625,True,2026-01-05 00:00:00,2026-01-05 00:00:00,2026-01-15 00:00:00,True,0.0,532.41,False,False,ACCOUNT_TAKEOVER,ATO,Customer complaint text unclear due to poor call center notes.,CLOSED,MEDIUM,CHATBOT
CBK0001780,TXN00012392,True,USR78095,False,MCH8798,True,2026-03-19 09:14:00,2026-03-22 00:00:00,,True,2.0,687.06,False,False,FRAUD_SUSPECTED,scam,Customer says amount was debited twice.,IN_PROGRESS,MEDIUM,EMAIL
CBK0001081,TXN00019947,True,USR35882,False,MCH7833,True,2026-01-05 00:00:00,2026-01-07 00:00:00,,True,2.0,3167.22,False,False,UNAUTHORIZED_TRANSACTION,UNAUTHORISED,Customer says transaction was not authorized.,IN_PROGRESS,MEDIUM,EMAIL
CBK0001043,TXN00017300,True,USR36485,False,MCH4326,True,2026-02-14 17:44:04,2026-02-16 00:00:00,,True,1.0,2554.87,False,False,DUPLICATE_DEBIT,Duplicate Debit,User says UPI PIN was not entered by them.,PENDING_BANK,HIGH,BRANCH
CBK0001417,TXN00014359,True,USR93454,False,MCH6178,False,2026-02-23 20:16:08,2026-03-02 00:00:00,2026-03-06 00:00:00,True,6.0,3642.0,False,False,ACCOUNT_TAKEOVER,Account Takeover,Payment made to unknown merchant as per customer statement.,CLOSED,LOW,CHATBOT
CBK0001565,TXN00019006,True,USR76917,False,MCH2053,False,2026-03-20 00:00:00,2026-03-17 00:00:00,,False,,,False,True,SERVICE_NOT_DELIVERED,merchant service issue,customer says transaction was not authorized.,REJECTED,MEDIUM,IVR
CBK0000830,TXN00007939,True,USR55355,True,MCH2375,False,2026-01-13 00:00:00,,2026-01-24 00:00:00,True,,976.66,False,False,SERVICE_NOT_DELIVERED,not delivered,Customer says amount was debited twice.,OPEN,MEDIUM,BRANCH
CBK0002595,TXN00006136,True,USR28582,True,MCH5118,False,,2026-02-14 00:00:00,2026-03-14 00:00:00,True,,3785.87,False,False,SERVICE_NOT_DELIVERED,not delivered,Merchant service was not delivered after payment.,IN_PROGRESS,LOW,IVR
CBK0000253,TXN00009329,True,USR58076,False,MCH4388,False,2026-02-01 00:00:00,2026-02-02 00:00:00,2026-02-25 00:00:00,True,1.0,648.33,False,False,GENERAL_DISPUTE,DUP_DEBIT,payment made to unknown merchant as per customer statement.,CLOSED,CRITICAL,APP
CBK0001279,TXN00042287,False,USR83181,False,MCH2757,True,2026-02-24 00:00:00,2026-02-27 00:00:00,2026-03-12 00:00:00,True,3.0,1318.76,False,False,UNAUTHORIZED_TRANSACTION,not done by me,User reports money deducted but merchant denies receiving payment.,REJECTED,MEDIUM,APP
CBK0001955,TXN00018686,True,USR46407,False,MCH5510,False,2026-01-11 17:40:36,2026-01-17 00:00:00,2026-01-30 00:00:00,True,5.0,530.01,False,False,UNAUTHORIZED_TRANSACTION,unauthorized_transaction,Customer says transaction was not authorized.,PENDING_BANK,MEDIUM,CHATBOT
CBK0000119,TXN00079001,False,USR68410,True,MCH1820,False,2026-03-13 00:00:00,2026-03-15 00:00:00,,True,2.0,5620.82,False,False,SERVICE_NOT_DELIVERED,Service Not Provided,User reports money deducted but merchant denies receiving payment.,RESOLVED,LOW,CHATBOT
CBK0002049,TXN00047225,False,USR73797,False,MCH2065,False,2026-02-04 00:00:00,2026-02-05 20:41:10,,True,1.0,,False,True,AMOUNT_MISMATCH,incorrect amount,User says UPI PIN was not entered by them.,IN_PROGRESS,LOW,CHATBOT
CBK0001489,TXN00014835,True,USR25333,False,MCH5151,True,2026-02-25 00:00:00,2026-02-28 08:34:00,,True,3.0,2565.94,False,False,UNAUTHORIZED_TRANSACTION,unauthorized_transaction,Customer says amount was debited twice.,PENDING_BANK,MEDIUM,IVR
CBK0002698,TXN00019768,True,USR65106,False,MCH2472,False,2026-03-29 00:00:00,2026-03-31 00:00:00,2026-04-23 16:54:00,True,2.0,537.48,False,False,UNAUTHORIZED_TRANSACTION,UNAUTHORISED,User claims account was compromised before transaction.,RESOLVED,HIGH,BRANCH
CBK0002529,TXN00012156,True,USR45756,False,MCH6446,True,2026-02-04 00:00:00,2026-02-09 14:09:00,,True,5.0,1477.28,True,False,GENERAL_DISPUTE,customer issue,Complaint received after multiple failed attempts.,REJECTED,MEDIUM,CHATBOT
CBK0001652,TXN00018423,True,USR89267,True,MCH7879,True,2026-02-03 00:00:00,2026-02-08 16:45:00,2026-02-20 00:00:00,True,5.0,1074.0,False,False,SERVICE_NOT_DELIVERED,merchant service issue,User reports money deducted but merchant denies receiving payment.,IN_PROGRESS,HIGH,IVR
CBK0001924,TXN00005199,True,USR42019,False,MCH3162,False,2026-01-09 08:32:40,2026-01-11 00:00:00,2026-01-12 21:32:00,True,1.0,2351.11,False,False,UNAUTHORIZED_TRANSACTION,unauthorized_transaction,payment made to unknown merchant as per customer statement.,RESOLVED,LOW,IVR
CBK0001178,TXN00014094,True,USR27804,False,MCH3932,False,2026-02-27 01:30:01,,2026-03-20 12:30:01,True,,2999.91,True,False,AMOUNT_MISMATCH,incorrect amount,merchant service was not delivered after payment.,OPEN,MEDIUM,CHATBOT
CBK0002203,TXN00005966,True,USR98685,True,MCH9257,True,2026-02-22 00:00:00,2026-02-27 10:29:49,2026-03-29 00:00:00,True,5.0,8500.66,False,False,ACCOUNT_TAKEOVER,ATO,Customer says transaction was not authorized. details missing,RESOLVED,MEDIUM,EMAIL
CBK0001473,TXN00001160,True,USR20984,False,MCH6953,True,2026-01-02 00:00:00,2026-01-02 00:00:00,2026-01-11 00:00:00,True,0.0,2273.54,False,False,DUPLICATE_DEBIT,charged twice,customer complaint text unclear due to poor call center notes.,PENDING_BANK,LOW,EMAIL
CBK0001769,TXN00001679,True,USR43379,False,MCH9176,True,2026-02-21 00:00:00,2026-02-24 11:40:00,2026-03-06 00:00:00,True,3.0,3976.0,False,False,GENERAL_DISPUTE,customer issue,Suspicious high-value payment disputed by customer.,RESOLVED,MEDIUM,CHATBOT
CBK0001563,TXN00004035,True,USR38725,False,MCH4473,False,2026-01-08 04:46:00,2026-01-13 00:00:00,2026-02-08 00:00:00,True,4.0,4064.18,False,False,DUPLICATE_DEBIT,charged twice,User claims account was compromised before transaction.,CLOSED,MEDIUM,IVR
CBK0000763,TXN00005691,True,USR98061,False,MCH6850,False,2026-02-11 00:00:00,2026-02-14 22:00:46,2026-03-10 00:00:00,True,3.0,,False,True,AMOUNT_MISMATCH,extra amount deducted,Suspicious high-value payment disputed by customer.,PENDING_BANK,HIGH,EMAIL
CBK0001306,TXN00000143,True,USR63816,False,MCH4399,False,2026-03-15 00:00:00,2026-03-26 08:39:16,2026-04-07 00:00:00,True,11.0,449.0,False,False,AMOUNT_MISMATCH,extra amount deducted,User says UPI PIN was not entered by them.,PENDING_BANK,MEDIUM,CALL_CENTER
CBK0002421,TXN00008235,True,USR71538,False,MCH4564,False,2026-03-24 15:27:52,2026-03-26 00:00:00,2026-04-07 16:27:00,True,1.0,1302.0,False,False,GENERAL_DISPUTE,Customer Dispute,Customer complaint text unclear due to poor call center notes. call dropped,REJECTED,MEDIUM,BRANCH
CBK0001918,TXN00006549,True,USR90740,False,MCH2943,True,2026-02-05 01:21:00,2026-02-10 00:00:00,2026-03-02 00:00:00,True,4.0,905.53,False,False,GENERAL_DISPUTE,complaint,User says UPI PIN was not entered by them.,REJECTED,LOW,IVR
CBK0001928,TXN00018064,True,USR85507,False,MCH2857,True,2026-01-02 01:25:56,2026-01-09 05:25:00,2026-01-30 00:00:00,True,7.0,590.0,False,False,GENERAL_DISPUTE,complaint,Customer says transaction was not authorized.,RESOLVED,MEDIUM,EMAIL
CBK0001721,TXN00013741,True,USR65211,False,MCH5954,True,2026-02-08 00:00:00,2026-02-14 00:34:00,2026-03-11 00:34:00,True,6.0,1756.23,False,False,SERVICE_NOT_DELIVERED,Merchant Not Delivered,Complaint received after multiple failed attempts.,CLOSED,HIGH,BRANCH
CBK0001619,TXN00007989,True,USR21845,False,MCH1998,False,2026-02-17 00:00:00,2026-02-17 00:00:00,2026-02-23 22:05:00,True,0.0,1245.09,False,False,AMOUNT_MISMATCH,amount mismatch,Customer complaint text unclear due to poor call center notes.,CLOSED,MEDIUM,CHATBOT
CBK0000139,TXN00034566,False,USR29306,False,MCH4355,True,2026-01-13 06:24:38,2026-01-15 00:00:00,,True,1.0,2696.0,False,False,GENERAL_DISPUTE,DUP_DEBIT,User says UPI PIN was not entered by them.,REJECTED,LOW,IVR
CBK0001893,TXN00018872,True,USR67363,True,MCH2594,False,2026-01-31 00:00:00,2026-02-02 00:00:00,,True,2.0,4001.57,False,False,UNAUTHORIZED_TRANSACTION,unauth txn,User reports money deducted but merchant denies receiving payment.,REJECTED,MEDIUM,IVR
CBK0001686,TXN00003833,True,USR21384,False,MCH4729,True,2026-03-18 10:00:38,2026-03-22 00:00:00,2026-04-17 00:00:00,True,3.0,1688.18,False,False,GENERAL_DISPUTE,Customer Dispute,Customer says transaction was not authorized.,OPEN,MEDIUM,IVR
CBK0000868,TXN00017012,True,USR26098,False,MCH2383,True,2026-02-07 23:22:53,2026-02-09 00:00:00,,True,1.0,990.42,False,False,SERVICE_NOT_DELIVERED,service failed,customer says amount was debited twice.,RESOLVED,MEDIUM,IVR
CBK0002309,TXN00012387,True,USR18453,False,MCH5452,False,2026-03-02 00:00:00,2026-03-07 00:00:00,,True,5.0,2462.0,True,False,GENERAL_DISPUTE,DUP_DEBIT,Customer complaint text unclear due to poor call center notes. NA,REJECTED,MEDIUM,CHATBOT
CBK0000116,TXN00008116,True,USR77356,False,MCH8789,True,2026-02-13 00:00:00,2026-02-19 00:00:00,2026-03-16 00:00:00,True,6.0,841.93,False,False,UNAUTHORIZED_TRANSACTION,UNAUTHORISED,Suspicious high-value payment disputed by customer.,CLOSED,LOW,IVR
CBK0000093,TXN00009196,True,USR28608,True,MCH7127,True,2026-01-20 18:00:00,2026-01-22 00:00:00,2026-02-07 12:00:43,True,1.0,,False,True,SERVICE_NOT_DELIVERED,Service Not Provided,Suspicious high-value payment disputed by customer.,PENDING_BANK,MEDIUM,EMAIL
CBK0000064,TXN00019898,True,USR48525,True,MCH5257,True,2026-03-13 04:30:00,2026-03-15 20:30:00,2026-04-03 20:30:01,True,2.0,861.86,False,False,AMOUNT_MISMATCH,amount mismatch,Suspicious high-value payment disputed by customer.,CLOSED,MEDIUM,EMAIL
CBK0002119,TXN00005222,True,USR53942,False,MCH6399,False,2026-01-21 09:16:49,2026-01-29 00:00:00,,True,7.0,1345.55,False,False,ACCOUNT_TAKEOVER,Account Takeover,COMPLAINT RECEIVED AFTER MULTIPLE FAILED ATTEMPTS.,REJECTED,LOW,IVR
CBK0002412,TXN00003020,True,USR96958,False,MCH8779,True,2026-03-14 00:00:00,2026-03-17 00:00:00,2026-03-18 20:13:34,True,3.0,2521.22,False,False,GENERAL_DISPUTE,DUP_DEBIT,User claims account was compromised before transaction.,CLOSED,LOW,EMAIL
CBK0000149,TXN00015300,True,USR25559,False,MCH8125,True,2026-03-24 00:00:00,,,True,,753.9,False,False,ACCOUNT_TAKEOVER,account hacked,Merchant service was not delivered after payment.,IN_PROGRESS,MEDIUM,APP
CBK0002702,TXN00010278,True,USR59665,True,MCH8977,False,2026-03-10 00:00:00,2026-03-16 05:57:07,2026-04-01 05:57:00,True,6.0,1779.15,True,False,UNAUTHORIZED_TRANSACTION,Unauthorized Transaction,COMPLAINT RECEIVED AFTER MULTIPLE FAILED ATTEMPTS.,CLOSED,HIGH,IVR
CBK0002747,TXN00010095,True,USR18347,True,MCH9442,True,2026-03-24 00:00:00,,2026-03-30 00:00:00,True,,1820.01,False,False,DUPLICATE_DEBIT,Duplicate Debit,Merchant service was not delivered after payment.,RESOLVED,LOW,EMAIL
CBK0002394,TXN00001169,True,USR60198,True,MCH6518,False,2026-02-27 00:00:00,2026-03-03 00:00:00,2026-03-16 00:00:00,True,4.0,10453.78,False,False,AMOUNT_MISMATCH,extra amount deducted,Customer says transaction was not authorized.,IN_PROGRESS,MEDIUM,CHATBOT
CBK0001574,TXN00019043,True,USR90528,True,MCH6885,False,2026-01-17 00:00:00,2026-01-22 23:10:00,2026-02-10 00:00:00,True,5.0,215.0,False,False,FRAUD_SUSPECTED,FRAUD,user reports money deducted but merchant denies receiving payment.,PENDING_BANK,HIGH,BRANCH
CBK0002307,TXN00036574,False,USR15565,False,MCH4590,False,2026-02-08 00:00:00,2026-02-09 00:00:00,2026-02-15 12:46:00,True,1.0,676.79,False,False,FRAUD_SUSPECTED,Fraud Suspected,USER REPORTS MONEY DEDUCTED BUT MERCHANT DENIES RECEIVING PAYMENT.,RESOLVED,MEDIUM,CALL_CENTER
CBK0000816,TXN00014266,True,USR92332,False,MCH2146,False,2026-03-21 11:09:00,2026-03-21 00:00:00,2026-03-25 00:00:00,False,,,False,True,GENERAL_DISPUTE,Customer Dispute,Customer complaint text unclear due to poor call center notes. details missing,PENDING_BANK,MEDIUM,BRANCH
CBK0001321,TXN00019939,True,USR87558,False,MCH3588,False,2026-02-19 00:00:00,2026-02-20 00:00:00,2026-03-09 00:00:00,True,1.0,1954.14,False,False,SERVICE_NOT_DELIVERED,Merchant Not Delivered,User claims account was compromised before transaction. call dropped,RESOLVED,MEDIUM,EMAIL
CBK0000821,TXN00001860,True,USR54089,False,MCH8467,True,2026-03-21 00:00:00,2026-03-22 00:00:00,,True,1.0,,False,True,ACCOUNT_TAKEOVER,ATO,User reports money deducted but merchant denies receiving payment.,OPEN,LOW,IVR
CBK0002326,TXN00005168,True,USR42079,False,MCH6628,True,2026-01-01 00:00:00,2026-01-02 00:00:00,2026-01-05 00:00:00,True,1.0,5074.67,False,False,FRAUD_SUSPECTED,FRAUD,Customer complaint text unclear due to poor call center notes.,RESOLVED,HIGH,CALL_CENTER
CBK0002415,TXN00007375,True,USR25624,False,MCH3252,True,,2026-03-23 00:00:00,2026-04-17 22:41:55,True,,4608.0,False,False,GENERAL_DISPUTE,complaint,Payment made to unknown merchant as per customer statement.,RESOLVED,HIGH,CALL_CENTER
CBK0001513,TXN00000653,True,USR70889,False,MCH8076,True,2026-03-15 00:00:00,2026-03-19 00:00:00,2026-04-01 00:00:00,True,4.0,4308.0,False,False,SERVICE_NOT_DELIVERED,not delivered,Customer says transaction was not authorized.,PENDING_BANK,LOW,APP
CBK0002048,TXN00015397,True,USR65030,False,MCH4270,False,2026-02-08 00:00:00,,2026-03-04 09:53:00,True,,460.42,False,False,ACCOUNT_TAKEOVER,Account Takeover,User reports money deducted but merchant denies receiving payment. call dropped,REJECTED,CRITICAL,BRANCH
CBK0002293,TXN00004932,True,USR18205,False,MCH1981,False,2026-02-28 11:31:00,2026-02-24 00:00:00,,False,,595.39,False,False,FRAUD_SUSPECTED,Fraud Suspected,User reports money deducted but merchant denies receiving payment.,REJECTED,LOW,BRANCH
CBK0000520,TXN00002770,True,USR60151,True,MCH8249,False,2026-02-22 00:00:00,2026-02-24 00:00:00,2026-03-23 00:00:00,True,2.0,908.2,True,False,AMOUNT_MISMATCH,incorrect amount,Customer says amount was debited twice.,IN_PROGRESS,LOW,CHATBOT
CBK0001708,TXN00009350,True,USR60818,False,MCH2906,False,2026-01-18 00:00:00,,2026-01-27 00:00:00,True,,478.75,False,False,AMOUNT_MISMATCH,amount mismatch,Customer says transaction was not authorized.,RESOLVED,MEDIUM,CALL_CENTER
CBK0001097,,False,USR34204,False,MCH5980,True,2026-03-11 00:00:00,2026-03-13 00:00:00,2026-03-23 00:00:00,True,2.0,2968.29,False,False,AMOUNT_MISMATCH,amount mismatch,Merchant service was not delivered after payment.,REJECTED,MEDIUM,IVR
CBK0000477,TXN00001582,True,USR30157,False,MCH7030,True,2026-01-09 00:00:00,2026-01-10 00:00:00,2026-01-20 00:00:00,True,1.0,6740.29,False,False,ACCOUNT_TAKEOVER,account hacked,User says UPI PIN was not entered by them.,CLOSED,MEDIUM,IVR
CBK0000740,TXN00019738,True,USR22040,True,MCH1234,True,2026-03-20 00:00:00,2026-03-26 03:59:33,2026-04-07 03:59:33,True,6.0,584.74,False,False,ACCOUNT_TAKEOVER,Account Takeover,Merchant service was not delivered after payment.,RESOLVED,LOW,EMAIL
CBK0001907,TXN00014905,True,USR24536,False,MCH2714,False,2026-02-23 00:00:00,,2026-03-23 00:00:00,True,,797.17,False,False,GENERAL_DISPUTE,complaint,Merchant service was not delivered after payment.,OPEN,MEDIUM,APP
CBK0001098,TXN00006667,True,USR54912,False,MCH4734,False,2026-03-16 00:00:00,2026-03-19 00:00:00,2026-04-07 00:00:00,True,3.0,4240.52,False,False,SERVICE_NOT_DELIVERED,delivery issue,User reports money deducted but merchant denies receiving payment. call dropped,IN_PROGRESS,LOW,CHATBOT
CBK0002034,TXN00014295,True,USR46599,False,MCH7669,False,2026-02-22 00:00:00,2026-04-09 00:23:56,2026-05-05 00:23:56,True,46.0,3265.64,False,False,GENERAL_DISPUTE,DUP_DEBIT,customer complaint text unclear due to poor call center notes.,RESOLVED,LOW,CALL_CENTER
CBK0000328,TXN00011489,True,USR62345,False,MCH8996,True,,2026-01-26 04:02:00,2026-01-27 04:02:03,True,,1419.0,False,False,ACCOUNT_TAKEOVER,account hacked,Customer says transaction was not authorized.,CLOSED,LOW,CHATBOT
CBK0002510,TXN00049297,False,USR99880,False,MCH1439,True,2026-02-05 04:07:59,,,True,,1707.55,False,False,GENERAL_DISPUTE,dispute raised,User says UPI PIN was not entered by them. NA,PENDING_BANK,MEDIUM,EMAIL
CBK0000819,TXN00008276,True,USR66046,False,MCH3941,True,2026-02-25 00:00:00,2026-03-12 00:00:00,2026-03-28 00:00:00,True,15.0,2947.75,False,False,UNAUTHORIZED_TRANSACTION,not done by me,Suspicious high-value payment disputed by customer.,OPEN,HIGH,CHATBOT
CBK0001301,TXN00005559,True,USR98939,False,MCH5403,False,2026-01-10 00:00:00,2026-01-07 00:00:00,,False,,597.81,False,False,GENERAL_DISPUTE,Customer Dispute,merchant service was not delivered after payment.,REJECTED,MEDIUM,CHATBOT
CBK0000547,TXN00003173,True,USR42144,True,MCH9330,False,2026-03-22 02:40:00,2026-03-24 00:00:00,2026-04-14 00:00:00,True,1.0,3014.0,False,False,DUPLICATE_DEBIT,charged twice,Customer complaint text unclear due to poor call center notes.,REJECTED,LOW,EMAIL
CBK0001625,TXN00006214,True,USR39132,True,MCH3495,False,2026-02-13 00:00:00,2026-03-30 23:46:00,2026-04-12 23:46:08,True,45.0,4111.68,False,False,GENERAL_DISPUTE,customer issue,User reports money deducted but merchant denies receiving payment.,CLOSED,MEDIUM,EMAIL
CBK0001515,TXN00000062,True,USR11366,True,MCH2992,False,,2026-03-07 14:01:00,2026-04-05 00:00:00,True,,330.73,False,False,SERVICE_NOT_DELIVERED,merchant service issue,User says UPI PIN was not entered by them.,CLOSED,LOW,BRANCH
CBK0000788,TXN00003574,True,USR22284,False,MCH4473,False,2026-03-28 00:00:00,2026-03-30 14:07:24,2026-04-28 00:00:00,True,2.0,3933.58,False,False,UNAUTHORIZED_TRANSACTION,Unauthorized Transaction,User says UPI PIN was not entered by them.,RESOLVED,LOW,BRANCH
CBK0000089,TXN00017797,True,USR85655,False,MCH8344,True,2026-01-22 00:00:00,2026-01-23 23:22:08,2026-02-07 00:00:00,True,1.0,1590.47,False,False,SERVICE_NOT_DELIVERED,not delivered,Complaint received after multiple failed attempts.,OPEN,HIGH,IVR
CBK0002218,TXN00018418,True,USR35410,True,MCH7622,True,2026-03-13 08:55:08,2026-03-16 00:00:00,2026-04-08 00:00:00,True,2.0,671.84,False,False,GENERAL_DISPUTE,Customer Dispute,Customer says transaction was not authorized.,IN_PROGRESS,HIGH,BRANCH
CBK0001356,TXN00018996,True,USR61151,False,MCH3100,False,2026-01-25 00:00:00,2026-01-27 00:00:00,2026-02-12 00:00:00,True,2.0,1863.8,False,False,AMOUNT_MISMATCH,incorrect amount,Customer says amount was debited twice.,CLOSED,LOW,IVR
CBK0001028,TXN00007136,True,USR67087,True,MCH5446,False,2026-03-02 03:15:09,2026-03-05 00:00:00,2026-03-20 00:15:00,True,2.0,6758.4,False,False,GENERAL_DISPUTE,DUP_DEBIT,Customer complaint text unclear due to poor call center notes.,IN_PROGRESS,LOW,CALL_CENTER
CBK0000407,TXN00008429,True,USR90727,False,MCH2989,False,2026-01-13 11:06:46,2026-01-15 00:00:00,2026-01-18 00:00:00,True,1.0,1512.54,False,False,GENERAL_DISPUTE,Customer Dispute,User claims account was compromised before transaction.,IN_PROGRESS,MEDIUM,APP
CBK0000386,TXN00017080,True,USR66286,False,MCH2441,True,2026-03-02 00:00:00,2026-03-03 00:00:00,,True,1.0,687.73,False,False,GENERAL_DISPUTE,DUP_DEBIT,Merchant service was not delivered after payment.,REJECTED,LOW,CHATBOT
CBK0002369,TXN00000843,True,USR72135,False,MCH4517,True,2026-03-01 00:00:00,2026-03-02 02:12:47,2026-03-17 02:12:00,True,1.0,947.54,False,False,ACCOUNT_TAKEOVER,login compromised,SUSPICIOUS HIGH-VALUE PAYMENT DISPUTED BY CUSTOMER.,REJECTED,LOW,CALL_CENTER
CBK0001194,TXN00010450,True,USR85606,True,MCH3304,False,2026-01-20 13:36:47,2026-01-20 19:36:47,2026-01-30 00:00:00,True,0.0,1024.0,False,False,ACCOUNT_TAKEOVER,account hacked,Suspicious high-value payment disputed by cust.,PENDING_BANK,MEDIUM,IVR
CBK0000299,TXN00010454,True,USR21651,True,MCH1397,True,2026-03-15 00:00:00,2026-03-18 13:17:09,,True,3.0,2554.86,False,False,ACCOUNT_TAKEOVER,account hacked,Merchant service was not delivered after payment.,IN_PROGRESS,LOW,BRANCH
CBK0000125,TXN00006063,True,USR72570,False,MCH3943,False,2026-02-14 00:00:00,2026-02-15 11:35:00,2026-02-18 00:00:00,True,1.0,2157.0,False,False,ACCOUNT_TAKEOVER,ATO,User claims account was compromised before transaction.,IN_PROGRESS,HIGH,IVR
CBK0000754,TXN00001826,True,USR35882,False,MCH3115,False,2026-02-28 00:00:00,2026-03-10 00:00:00,,True,10.0,895.55,False,False,GENERAL_DISPUTE,customer issue,User claims account was compromised before transaction. urgent,PENDING_BANK,MEDIUM,CHATBOT
CBK0001655,TXN00016496,True,USR31906,False,MCH4225,True,2026-01-29 00:00:00,2026-02-06 00:00:00,2026-02-13 00:00:00,True,8.0,5996.21,False,False,GENERAL_DISPUTE,customer issue,Customer complaint text unclear due to poor call center notes.,RESOLVED,CRITICAL,IVR
CBK0002024,TXN00016207,True,USR91246,False,MCH7726,True,2026-01-02 00:00:00,2026-01-04 00:00:00,2026-01-24 07:10:00,True,2.0,628.32,False,False,SERVICE_NOT_DELIVERED,not delivered,Suspicious high-value payment disputed by customer.,CLOSED,MEDIUM,EMAIL
CBK0001470,TXN00030234,False,USR24750,False,MCH6880,False,2026-03-24 00:00:00,,2026-04-17 00:00:00,True,,1915.5,False,False,FRAUD_SUSPECTED,fraud,Customer complaint text unclear due to poor call center notes.,CLOSED,MEDIUM,BRANCH
CBK0001499,TXN00016211,True,USR84128,False,MCH7738,False,2026-03-02 00:00:00,2026-03-03 00:00:00,2026-03-07 00:00:00,True,1.0,6191.97,True,False,DUPLICATE_DEBIT,Duplicate Debit,Payment made to unknown merchant as per customer statement.,REJECTED,HIGH,CHATBOT
CBK0002580,TXN00004925,True,USR73573,True,MCH6810,False,,,2026-03-25 00:00:00,True,,9977.75,False,False,GENERAL_DISPUTE,no service,User reports money deducted but merchant denies receiving payment.,REJECTED,MEDIUM,APP
CBK0001399,TXN00015053,True,USR20076,False,MCH5050,True,2026-02-05 05:08:00,,2026-03-13 05:08:00,True,,3746.75,True,False,DUPLICATE_DEBIT,double debit,merchant service was not delivered after payment.,RESOLVED,MEDIUM,EMAIL
CBK0002120,TXN00008067,True,USR62703,False,MCH7593,False,2026-01-17 00:08:00,2026-01-27 01:08:22,,True,10.0,14279.05,False,False,SERVICE_NOT_DELIVERED,item not received,customer complaint text unclear due to poor call center notes.,IN_PROGRESS,CRITICAL,CHATBOT
CBK0000349,TXN00015766,True,USR88643,False,MCH2541,False,2026-02-12 00:00:00,2026-02-18 02:44:00,2026-02-25 02:44:00,True,6.0,2585.25,False,False,UNAUTHORIZED_TRANSACTION,not done by me,Suspicious high-value payment disputed by customer.,REJECTED,HIGH,IVR
CBK0000160,TXN00015230,True,USR38364,False,MCH5454,False,2026-02-08 23:09:47,2026-02-14 02:09:47,,True,5.0,2419.56,False,False,GENERAL_DISPUTE,customer issue,Merchant service was not delivered after payment.,PENDING_BANK,HIGH,CALL_CENTER
CBK0001199,TXN00005512,True,USR76915,False,MCH3815,False,2026-03-07 00:00:00,2026-03-12 00:00:00,2026-04-01 00:00:00,True,5.0,2981.85,False,False,GENERAL_DISPUTE,DUP_DEBIT,suspicious high-value payment disputed by customer.,IN_PROGRESS,LOW,CHATBOT
CBK0001976,TXN00004835,True,USR37357,False,MCH5772,False,2026-02-23 04:26:51,2026-02-20 00:00:00,2026-03-13 04:26:00,False,,11573.0,False,False,ACCOUNT_TAKEOVER,account hacked,user reports money deducted but merchant denies receiving payment.,IN_PROGRESS,MEDIUM,IVR
CBK0001819,TXN00014412,True,USR27393,False,MCH9291,True,2026-01-16 22:17:46,2026-01-24 00:00:00,,True,7.0,,False,True,AMOUNT_MISMATCH,extra amount deducted,suspicious high-value payment disputed by customer.,REJECTED,MEDIUM,IVR
CBK0001463,TXN00018916,True,USR92463,True,MCH4008,True,2026-03-25 00:00:00,,2026-04-13 00:00:00,True,,1889.0,False,False,AMOUNT_MISMATCH,extra amount deducted,User reports money deducted but merchant denies receiving payment. NA,PENDING_BANK,MEDIUM,IVR
CBK0002435,TXN00015767,True,USR33671,True,MCH2699,False,2026-03-01 00:00:00,2026-02-24 01:38:00,2026-03-19 01:38:00,False,,1904.98,False,False,SERVICE_NOT_DELIVERED,item not received,Merchant service was not delivered after payment.,REJECTED,MEDIUM,CHATBOT
CBK0001554,TXN00012362,True,USR87967,True,MCH3177,True,2026-02-01 00:00:00,2026-02-08 02:49:19,2026-02-23 00:00:00,True,7.0,1105.15,False,False,ACCOUNT_TAKEOVER,login compromised,Merchant service was not delivered after payment.,RESOLVED,LOW,EMAIL
CBK0002443,TXN00017471,True,USR44213,False,MCH3992,False,2026-02-01 00:00:00,2026-02-04 00:00:00,2026-02-20 00:00:00,True,3.0,918.63,False,False,UNAUTHORIZED_TRANSACTION,Unauthorized Transaction,User claims account was compromised before transaction.,REJECTED,HIGH,EMAIL
CBK0000204,TXN00014673,True,USR21209,False,MCH8154,True,2026-01-24 00:00:00,2026-01-26 01:45:00,2026-02-10 01:45:00,True,2.0,749.06,False,False,GENERAL_DISPUTE,customer issue,Customer says amount was debited twice.,CLOSED,MEDIUM,CALL_CENTER
CBK0002056,TXN00003732,True,USR18442,False,MCH1606,False,2026-03-03 00:00:00,2026-04-03 00:00:00,,True,31.0,5678.98,False,False,UNAUTHORIZED_TRANSACTION,not done by me,Customer says transaction was not authorized.,RESOLVED,CRITICAL,IVR
CBK0002192,TXN00002316,True,USR77746,False,MCH1674,True,2026-01-12 04:00:55,2026-01-14 00:00:00,,True,1.0,20754.36,False,False,FRAUD_SUSPECTED,scam,Customer says amount was debited twice.,IN_PROGRESS,HIGH,IVR
CBK0002590,TXN00001121,True,USR43833,True,MCH4575,False,2026-03-23 00:00:00,,2026-04-20 10:56:00,True,,993.0,False,False,SERVICE_NOT_DELIVERED,delivery issue,user says upi pin was not entered by them.,CLOSED,MEDIUM,EMAIL
CBK0001086,TXN00019525,True,USR21162,False,MCH3992,False,2026-01-12 00:00:00,2026-01-14 08:32:01,2026-01-22 00:00:00,True,2.0,5874.15,False,False,GENERAL_DISPUTE,dispute raised,customer complaint text unclear due to poor call center notes.,IN_PROGRESS,LOW,CALL_CENTER
CBK0002137,TXN00008657,True,USR34250,False,MCH6955,False,2026-02-23 00:00:00,2026-03-03 03:32:50,2026-03-28 00:00:00,True,8.0,4252.24,False,False,FRAUD_SUSPECTED,fraud,Suspicious high-value payment disputed by customer. urgent,OPEN,LOW,IVR
CBK0002492,TXN00001518,True,USR20737,False,MCH5541,True,2026-03-16 00:00:00,2026-03-18 00:00:00,2026-03-21 00:00:00,True,2.0,9039.58,False,False,GENERAL_DISPUTE,dispute raised,Complaint received after multiple failed attempts. urgent,IN_PROGRESS,HIGH,EMAIL
CBK0001965,TXN00008205,True,USR62398,False,MCH6714,False,2026-02-12 00:00:00,2026-02-12 00:00:00,2026-03-01 22:26:43,True,0.0,1147.39,False,False,ACCOUNT_TAKEOVER,ATO,Customer says amount was debited twice. pls check asap,RESOLVED,HIGH,CHATBOT
CBK0001409,TXN00014019,True,USR20076,False,MCH4751,False,2026-01-14 00:00:00,2026-01-16 00:00:00,2026-01-29 00:00:00,True,2.0,2386.95,False,False,SERVICE_NOT_DELIVERED,service failed,User reports money deducted but merchant denies receiving payment.,IN_PROGRESS,MEDIUM,CHATBOT
CBK0000738,TXN00018812,True,USR98980,False,MCH2757,True,2026-01-05 00:00:00,2026-01-16 00:00:00,2026-02-14 00:00:00,True,11.0,15054.0,False,False,FRAUD_SUSPECTED,FRAUD,User says UPI PIN was not entered by them.,PENDING_BANK,HIGH,CALL_CENTER
CBK0000293,TXN00016470,True,USR50092,False,MCH1879,True,2026-01-19 00:00:00,2026-01-25 15:05:00,2026-02-13 00:00:00,True,6.0,1947.05,False,False,GENERAL_DISPUTE,Customer Dispute,Suspicious high-value payment disputed by customer.,PENDING_BANK,HIGH,IVR
CBK0001585,TXN00082330,False,USR14591,True,MCH3928,False,2026-03-31 00:00:00,2026-04-01 21:31:00,2026-04-21 00:00:00,True,1.0,2452.3,False,False,SERVICE_NOT_DELIVERED,Merchant Not Delivered,Customer complaint text unclear due to poor call center notes.,PENDING_BANK,CRITICAL,IVR
CBK0000019,TXN00008321,True,USR27583,True,MCH4590,False,2026-02-22 00:00:00,2026-02-25 00:00:00,2026-02-27 00:00:00,True,3.0,699.14,False,False,GENERAL_DISPUTE,DUP_DEBIT,User says UPI PIN was not entered by them.,IN_PROGRESS,HIGH,CHATBOT
CBK0001180,TXN00012133,True,USR84844,True,MCH6202,False,2026-02-01 07:09:49,2026-02-06 00:00:00,2026-02-27 00:00:00,True,4.0,7361.16,False,False,GENERAL_DISPUTE,dispute raised,customer says transaction was not authorized.,PENDING_BANK,MEDIUM,CHATBOT
CBK0000324,TXN00014492,True,USR34540,False,MCH4590,False,2026-02-01 00:00:00,2026-02-02 13:49:55,2026-02-25 00:00:00,True,1.0,,False,True,FRAUD_SUSPECTED,Fraud Suspected,user says upi pin was not entered by them.,RESOLVED,HIGH,CHATBOT
CBK0001005,TXN00006695,True,USR65902,True,MCH5655,False,2026-02-19 11:11:00,2026-02-22 00:00:00,,True,2.0,1671.67,False,False,ACCOUNT_TAKEOVER,Account Takeover,Merchant service was not delivered after payment.,PENDING_BANK,MEDIUM,APP
CBK0001149,TXN00013355,True,USR52988,False,MCH1182,False,2026-03-27 10:20:15,2026-03-23 10:20:15,2026-04-20 00:00:00,False,,6746.58,False,False,GENERAL_DISPUTE,customer issue,User says UPI PIN was not entered by them.,RESOLVED,LOW,CHATBOT
CBK0002743,TXN00053543,False,USR85742,False,MCH4473,False,2026-01-25 01:22:37,2026-01-25 00:00:00,2026-02-23 00:00:00,False,,299.18,False,False,SERVICE_NOT_DELIVERED,not delivered,User says UPI PIN was not entered by them.,REJECTED,LOW,EMAIL
CBK0002526,TXN00014583,True,USR53424,False,MCH7006,False,2026-03-20 19:24:00,2026-03-24 00:00:00,2026-04-08 00:00:00,True,3.0,6768.55,False,False,AMOUNT_MISMATCH,Wrong Amount,Customer says amount was debited twice.,IN_PROGRESS,LOW,CHATBOT
CBK0000792,TXN00017591,True,USR59752,False,MCH2176,False,2026-02-07 00:00:00,2026-02-09 00:00:00,2026-02-26 17:50:00,True,2.0,6180.12,False,False,GENERAL_DISPUTE,dispute raised,CUSTOMER SAYS AMOUNT WAS DEBITED TWICE.,CLOSED,MEDIUM,EMAIL
CBK0000971,TXN00019356,True,USR80212,False,MCH2335,True,2026-01-07 00:00:00,2026-01-10 06:07:00,2026-02-04 00:00:00,True,3.0,6782.66,False,False,UNAUTHORIZED_TRANSACTION,unauth txn,merchant service was not delivered after payment.,CLOSED,HIGH,IVR
CBK0002752,TXN00009074,True,USR58639,False,MCH4181,False,2026-01-05 07:07:09,2026-01-05 00:00:00,,False,,611.73,False,False,ACCOUNT_TAKEOVER,account hacked,Complaint received after multiple failed attempts.,OPEN,MEDIUM,BRANCH
CBK0002406,TXN00019470,True,USR71704,False,MCH3759,False,2026-03-02 00:00:00,2026-03-04 00:00:00,,True,2.0,3505.15,False,False,SERVICE_NOT_DELIVERED,delivery issue,Merchant service was not delivered after payment. urgent,CLOSED,LOW,BRANCH
CBK0000896,TXN00014731,True,USR29803,False,MCH7761,False,2026-03-25 00:00:00,2026-03-29 04:53:24,2026-04-13 00:00:00,True,4.0,4988.8,False,False,SERVICE_NOT_DELIVERED,delivery issue,Suspicious high-value payment disputed by cust.,REJECTED,MEDIUM,APP
CBK0000874,TXN00008435,True,USR43450,False,MCH8870,True,2026-02-03 00:00:00,2026-02-06 00:00:00,2026-03-03 00:00:00,True,3.0,2126.63,False,False,GENERAL_DISPUTE,complaint,User reports money deducted but merchant denies receiving payment.,RESOLVED,MEDIUM,EMAIL
CBK0002644,TXN00006588,True,USR72024,True,MCH7102,False,2026-03-27 00:00:00,,2026-04-20 00:00:00,True,,1971.85,True,False,GENERAL_DISPUTE,complaint,Complaint received after multiple failed attempts.,REJECTED,CRITICAL,CHATBOT
CBK0000057,TXN00005197,True,USR33934,True,MCH6452,False,,,2026-02-08 00:00:00,True,,5740.0,False,False,ACCOUNT_TAKEOVER,account hacked,Customer says transaction was not authorized.,PENDING_BANK,MEDIUM,EMAIL
CBK0002367,TXN00000803,True,USR40928,True,MCH2574,True,2026-02-10 00:00:00,2026-02-11 17:54:00,2026-02-17 17:54:00,True,1.0,1719.0,False,False,GENERAL_DISPUTE,customer issue,Suspicious high-value payment disputed by customer.,PENDING_BANK,MEDIUM,CALL_CENTER
CBK0001703,TXN00014396,True,USR62221,False,MCH7833,True,2026-03-30 00:00:00,2026-04-14 00:00:00,,True,15.0,1107.61,False,False,UNAUTHORIZED_TRANSACTION,unauth txn,MERCHANT SERVICE WAS NOT DELIVERED AFTER PAYMENT.,CLOSED,HIGH,APP
CBK0001314,TXN00015397,True,USR25021,True,MCH8657,False,2026-02-10 00:00:00,2026-02-17 00:00:00,,True,7.0,7499.76,False,False,SERVICE_NOT_DELIVERED,not delivered,Customer says transaction was not authorized.,REJECTED,LOW,IVR
CBK0001319,,False,USR87558,False,MCH8935,True,2026-03-28 00:00:00,2026-04-13 00:00:00,2026-05-12 00:00:00,True,16.0,1537.87,False,False,GENERAL_DISPUTE,Customer Dispute,User says UPI PIN was not entered by them.,CLOSED,MEDIUM,CALL_CENTER
CBK0002004,TXN00016498,True,USR71282,True,MCH5954,True,2026-01-02 14:58:00,2026-01-03 00:00:00,,True,0.0,3489.66,False,False,FRAUD_SUSPECTED,scam,Customer complaint text unclear due to poor call center notes.,REJECTED,HIGH,CHATBOT
CBK0000030,TXN00002461,True,USR44431,False,MCH2413,False,2026-01-18 06:52:30,2026-01-20 00:00:00,2026-02-05 16:52:30,True,1.0,,False,True,UNAUTHORIZED_TRANSACTION,not done by me,Customer says transaction was not authorized.,RESOLVED,LOW,BRANCH
CBK0001890,,False,USR70787,False,MCH9165,True,2026-01-19 00:00:00,2026-01-25 00:00:00,2026-02-24 00:00:00,True,6.0,594.52,False,False,ACCOUNT_TAKEOVER,login compromised,Complaint received after multiple failed attempts.,CLOSED,MEDIUM,IVR
CBK0001601,TXN00014556,True,USR51157,True,MCH7360,True,2026-02-14 20:36:49,2026-02-17 17:36:49,,True,2.0,13308.54,False,False,FRAUD_SUSPECTED,FRAUD,CUSTOMER SAYS AMOUNT WAS DEBITED TWICE.,PENDING_BANK,MEDIUM,CHATBOT
CBK0002519,TXN00002544,True,USR91069,True,MCH4788,True,2026-02-23 04:34:00,2026-02-23 00:00:00,,False,,3839.34,True,False,SERVICE_NOT_DELIVERED,service failed,User reports money deducted but merchant denies receiving payment.,RESOLVED,LOW,IVR
CBK0002316,TXN00018781,True,USR80429,False,MCH4070,False,2026-03-14 00:00:00,2026-03-15 00:00:00,2026-03-21 00:00:00,True,1.0,428.55,False,False,FRAUD_SUSPECTED,suspicious transaction,User reports money deducted but merchant denies receiving payment.,RESOLVED,LOW,CHATBOT
CBK0000050,TXN00004935,True,USR75712,False,MCH2076,True,2026-01-31 00:00:00,2026-02-01 17:11:00,2026-03-03 00:00:00,True,1.0,18552.59,False,False,GENERAL_DISPUTE,complaint,Suspicious high-value payment disputed by customer.,RESOLVED,LOW,CALL_CENTER
CBK0002086,TXN00004716,True,USR14045,False,MCH9271,True,2026-01-25 14:59:00,2026-01-30 21:59:00,2026-02-06 21:59:00,True,5.0,169.35,False,False,GENERAL_DISPUTE,DUP_DEBIT,Customer says amount was debited twice. NA,REJECTED,MEDIUM,CALL_CENTER
CBK0002244,,False,USR64363,True,MCH2948,False,2026-01-03 00:00:00,2026-01-04 00:00:00,,True,1.0,4378.8,False,False,DUPLICATE_DEBIT,Duplicate Debit,USER REPORTS MONEY DEDUCTED BUT MERCHANT DENIES RECEIVING PAYMENT.,REJECTED,MEDIUM,CALL_CENTER
CBK0000467,TXN00009035,True,USR66080,True,MCH9242,True,2026-02-20 19:44:28,2026-02-21 09:44:28,,True,0.0,1224.57,False,False,FRAUD_SUSPECTED,Fraud Suspected,Customer says amount was debited twice.,RESOLVED,LOW,BRANCH
CBK0002168,TXN00002821,True,USR83150,False,MCH5655,False,2026-02-10 00:00:00,2026-02-11 00:00:00,,True,1.0,4707.47,False,False,UNAUTHORIZED_TRANSACTION,unauth txn,Customer says amount was debited twice.,RESOLVED,LOW,IVR
CBK0000988,TXN00007940,True,USR74004,True,MCH2383,True,2026-03-14 00:00:00,2026-03-22 11:13:00,,True,8.0,1608.0,False,False,ACCOUNT_TAKEOVER,login compromised,User claims account was compromised before transaction. NA,CLOSED,HIGH,CHATBOT
CBK0001035,TXN00012639,True,USR38128,True,MCH9737,False,2026-01-19 00:00:00,2026-01-20 00:00:00,2026-02-13 00:00:00,True,1.0,3681.26,False,False,AMOUNT_MISMATCH,amount mismatch,payment made to unknown merchant as per customer statement.,IN_PROGRESS,HIGH,CALL_CENTER
CBK0002784,TXN00003041,True,USR21253,False,MCH2118,True,2026-01-18 17:10:46,2026-02-02 17:10:46,,True,15.0,4136.0,False,False,SERVICE_NOT_DELIVERED,Service Not Provided,User reports money deducted but merchant denies receiving payment.,RESOLVED,MEDIUM,EMAIL
CBK0001119,TXN00013564,True,USR13165,True,MCH8547,False,2026-01-04 00:00:00,2026-01-04 19:22:27,2026-01-24 00:00:00,True,0.0,4295.67,True,False,SERVICE_NOT_DELIVERED,delivery issue,Complaint received after multiple failed attempts. NA,IN_PROGRESS,MEDIUM,CALL_CENTER
CBK0002692,TXN00011494,True,USR52887,False,MCH1757,False,2026-01-25 00:00:00,2026-02-05 07:06:20,2026-03-01 00:00:00,True,11.0,1084.65,True,False,ACCOUNT_TAKEOVER,Account Takeover,PAYMENT MADE TO UNKNOWN MERCHANT AS PER CUSTOMER STATEMENT.,REJECTED,LOW,IVR
CBK0001902,TXN00008905,True,USR53056,True,MCH5119,True,,,,True,,1362.36,False,False,AMOUNT_MISMATCH,extra amount deducted,User claims account was compromised before transaction.,PENDING_BANK,CRITICAL,IVR
CBK0002606,TXN00018342,True,USR69706,True,MCH8779,True,2026-03-23 00:00:00,2026-03-25 00:00:00,2026-04-04 00:00:00,True,2.0,2231.66,False,False,FRAUD_SUSPECTED,fraud,payment made to unknown merchant as per customer statement.,IN_PROGRESS,CRITICAL,IVR
CBK0001896,TXN00005799,True,USR97580,True,MCH8791,False,2026-01-06 10:14:34,2026-01-12 00:00:00,2026-01-14 01:14:34,True,5.0,674.67,False,False,AMOUNT_MISMATCH,amount mismatch,Customer complaint text unclear due to poor call center notes.,CLOSED,CRITICAL,CHATBOT
CBK0002555,TXN00003972,True,USR76553,True,MCH1320,True,,2026-01-18 07:02:56,,True,,4309.44,False,False,GENERAL_DISPUTE,no service,User reports money deducted but merchant denies receiving payment.,OPEN,LOW,EMAIL
CBK0002064,,False,USR68861,False,MCH3516,False,2026-03-29 00:00:00,2026-04-14 00:00:00,2026-05-07 00:00:00,True,16.0,1531.2,True,False,GENERAL_DISPUTE,complaint,customer says transaction was not authorized.,PENDING_BANK,LOW,CHATBOT
CBK0002521,TXN00013602,True,USR98636,False,MCH1574,False,,2026-03-15 00:00:00,,True,,2090.68,False,False,FRAUD_SUSPECTED,fraud,Merchant service was not delivered after payment.,IN_PROGRESS,CRITICAL,CHATBOT
CBK0000615,TXN00002775,True,USR83032,False,MCH3402,True,2026-01-07 00:00:00,2026-01-18 06:04:00,2026-02-16 06:04:00,True,11.0,1908.8,False,False,FRAUD_SUSPECTED,fraud,customer says amount was debited twice.,OPEN,HIGH,EMAIL
CBK0002405,TXN00017196,True,USR45251,False,MCH2538,False,2026-03-06 00:00:00,2026-03-07 02:28:07,2026-03-09 02:28:07,True,1.0,9937.63,False,False,FRAUD_SUSPECTED,fraud,COMPLAINT RECEIVED AFTER MULTIPLE FAILED ATTEMPTS.,IN_PROGRESS,MEDIUM,CHATBOT
CBK0002453,TXN00013396,True,USR24527,False,MCH2822,False,2026-02-23 00:00:00,,2026-03-24 00:00:00,True,,203.0,False,False,SERVICE_NOT_DELIVERED,Service Not Provided,User claims account was compromised before transaction.,OPEN,LOW,IVR
CBK0001288,TXN00038794,False,USR82920,False,MCH5755,False,2026-03-10 00:00:00,2026-04-10 02:16:42,2026-04-24 02:16:00,True,31.0,1144.0,False,False,AMOUNT_MISMATCH,incorrect amount,User says UPI PIN was not entered by them.,OPEN,HIGH,CHATBOT
CBK0000696,TXN00007676,True,USR33564,True,MCH3259,True,2026-02-28 00:00:00,2026-02-28 00:00:00,2026-03-01 09:11:30,True,0.0,841.13,False,False,GENERAL_DISPUTE,dispute raised,CUSTOMER SAYS TRANSACTION WAS NOT AUTHORIZED.,IN_PROGRESS,CRITICAL,IVR
CBK0002448,TXN00004698,True,USR56276,True,MCH3396,False,2026-03-15 05:45:53,,,True,,1942.99,False,False,GENERAL_DISPUTE,dispute raised,Suspicious high-value payment disputed by customer.,CLOSED,LOW,IVR
CBK0000897,,False,USR78326,False,MCH2266,True,2026-01-24 00:00:00,2026-01-27 00:00:00,,True,3.0,1390.61,False,False,DUPLICATE_DEBIT,charged twice,User claims account was compromised before transaction.,CLOSED,LOW,BRANCH
CBK0000464,TXN00001948,True,USR72135,False,MCH8274,False,2026-03-11 00:50:00,2026-04-10 00:00:00,2026-04-24 23:50:00,True,29.0,3935.87,False,False,SERVICE_NOT_DELIVERED,Service Not Provided,Complaint received after multiple failed attempts.,RESOLVED,LOW,CHATBOT
CBK0002482,TXN00018844,True,USR39808,False,MCH5330,False,2026-01-26 00:00:00,2026-02-02 03:31:15,,True,7.0,6620.7,False,False,SERVICE_NOT_DELIVERED,Merchant Not Delivered,Payment made to unknown merchant as per customer statement.,PENDING_BANK,MEDIUM,CHATBOT
CBK0000411,TXN00003133,True,USR48609,True,MCH3992,False,,2026-03-20 00:00:00,2026-04-16 00:00:00,True,,3287.47,False,False,UNAUTHORIZED_TRANSACTION,unauthorized_transaction,complaint received after multiple failed attempts.,PENDING_BANK,MEDIUM,EMAIL
CBK0000722,TXN00014532,True,USR42970,True,MCH9937,True,2026-02-28 00:00:00,2026-03-04 00:00:00,2026-03-11 00:00:00,True,4.0,4825.86,False,False,AMOUNT_MISMATCH,Wrong Amount,Customer says transaction was not authorized.,REJECTED,HIGH,IVR
CBK0001545,TXN00005459,True,USR26201,False,MCH9867,True,,2026-02-15 00:00:00,2026-02-21 00:00:00,True,,2038.0,False,False,ACCOUNT_TAKEOVER,Account Takeover,user claims account was compromised before transaction.,REJECTED,LOW,APP
CBK0000145,TXN00009456,True,USR21384,False,MCH8779,True,2026-02-23 00:00:00,,2026-03-21 00:00:00,True,,3537.13,False,False,GENERAL_DISPUTE,dispute raised,Complaint received after multiple failed attempts.,IN_PROGRESS,MEDIUM,CHATBOT
CBK0001154,TXN00007949,True,USR61761,True,MCH5076,False,,2026-01-25 17:35:49,2026-02-10 00:00:00,True,,2276.53,False,False,ACCOUNT_TAKEOVER,account hacked,complaint received after multiple failed attempts.,RESOLVED,LOW,IVR
CBK0002135,TXN00017607,True,USR62613,True,MCH1320,True,2026-02-09 00:00:00,2026-03-11 00:00:00,2026-03-21 09:52:20,True,30.0,291.0,False,False,UNAUTHORIZED_TRANSACTION,Unauthorized Transaction,Suspicious high-value payment disputed by customer. details missing,OPEN,LOW,EMAIL
CBK0000048,TXN00003553,True,USR11419,False,MCH5833,True,2026-02-22 00:00:00,2026-02-26 00:00:00,2026-03-07 03:45:00,True,4.0,3278.36,False,False,ACCOUNT_TAKEOVER,account hacked,Customer says transaction was not authorized.,PENDING_BANK,MEDIUM,EMAIL
CBK0000719,TXN00008362,True,USR51141,True,MCH4473,False,2026-03-23 00:00:00,2026-05-07 11:49:41,2026-05-31 11:49:00,True,45.0,716.05,False,False,SERVICE_NOT_DELIVERED,item not received,payment made to unknown merchant as per customer statement.,IN_PROGRESS,LOW,APP
CBK0001188,,False,USR99905,False,MCH7881,True,2026-02-10 09:30:00,2026-02-20 00:00:00,2026-03-05 21:30:45,True,9.0,6211.43,False,False,UNAUTHORIZED_TRANSACTION,Unauthorized Transaction,User reports money deducted but merchant denies receiving payment.,CLOSED,HIGH,IVR
CBK0001540,TXN00018190,True,USR83597,False,MCH5264,False,,2026-02-24 00:00:00,,True,,3985.84,False,False,UNAUTHORIZED_TRANSACTION,UNAUTHORISED,Customer complaint text unclear due to poor call center notes.,REJECTED,MEDIUM,IVR
CBK0002666,TXN00005307,True,USR63160,False,MCH3992,False,2026-02-23 00:09:00,2026-02-24 00:00:00,2026-03-26 17:09:06,True,0.0,,False,True,GENERAL_DISPUTE,Customer Dispute,Complaint received after multiple failed attempts.,CLOSED,LOW,APP
CBK0000111,TXN00019912,True,USR43416,False,MCH5748,False,2026-02-28 00:00:00,2026-03-08 00:41:12,2026-03-13 00:00:00,True,8.0,2124.72,False,False,SERVICE_NOT_DELIVERED,Service Not Provided,User says UPI PIN was not entered by them.,OPEN,LOW,EMAIL
CBK0000561,TXN00011891,True,USR27107,True,MCH8154,True,2026-02-23 00:00:00,,2026-03-19 00:00:00,True,,146.7,False,False,UNAUTHORIZED_TRANSACTION,UNAUTHORISED,Customer complaint text unclear due to poor call center notes.,OPEN,HIGH,CHATBOT
CBK0001938,TXN00010250,True,USR52258,False,MCH7697,False,2026-01-29 00:00:00,2026-01-30 00:00:00,2026-02-09 00:00:00,True,1.0,,False,True,UNAUTHORIZED_TRANSACTION,Unauthorized Transaction,Complaint received after multiple failed attempts.,OPEN,LOW,APP
CBK0001070,TXN00006138,True,USR72463,False,MCH7131,False,2026-02-21 00:00:00,2026-02-28 00:00:00,,True,7.0,486.96,False,False,UNAUTHORIZED_TRANSACTION,unauthorized_transaction,Merchant service was not delivered after payment.,CLOSED,LOW,IVR
CBK0001240,TXN00005144,True,USR87558,False,MCH2223,True,2026-02-17 14:32:16,2026-02-25 00:00:00,2026-03-07 00:00:00,True,7.0,1262.32,False,False,UNAUTHORIZED_TRANSACTION,unauth txn,merchant service was not delivered after payment.,RESOLVED,LOW,IVR
CBK0001172,TXN00000950,True,USR35692,True,MCH2757,True,2026-03-03 14:07:36,2026-03-05 00:00:00,2026-03-22 00:00:00,True,1.0,1749.52,False,False,DUPLICATE_DEBIT,double debit,Customer says amount was debited twice.,REJECTED,LOW,EMAIL
CBK0002786,TXN00001975,True,USR44809,False,MCH9291,True,2026-03-11 00:00:00,2026-03-14 00:00:00,2026-03-16 06:59:19,True,3.0,1823.8,False,False,UNAUTHORIZED_TRANSACTION,unauth txn,Customer says transaction was not authorized.,RESOLVED,HIGH,IVR
CBK0001609,TXN00011210,True,USR50352,False,MCH2706,False,2026-02-20 08:31:54,2026-02-23 00:00:00,2026-03-02 00:00:00,True,2.0,1853.91,False,False,UNAUTHORIZED_TRANSACTION,not done by me,User claims account was compromised before transaction.,OPEN,MEDIUM,IVR
CBK0000209,TXN00059223,False,USR24507,True,MCH4782,True,,2026-02-17 00:00:00,,True,,902.0,False,False,DUPLICATE_DEBIT,double debit,Payment made to unknown merchant as per cust statement.,OPEN,HIGH,APP
CBK0002101,TXN00010055,True,USR53903,True,MCH2065,False,2026-01-22 00:00:00,2026-01-28 00:51:01,2026-02-13 00:00:00,True,6.0,3918.28,False,False,AMOUNT_MISMATCH,extra amount deducted,User reports money deducted but merchant denies receiving payment.,REJECTED,MEDIUM,IVR
CBK0002166,TXN00005750,True,USR64580,False,MCH5980,True,2026-03-21 07:22:46,2026-03-22 00:00:00,2026-04-02 00:00:00,True,0.0,1459.51,False,False,SERVICE_NOT_DELIVERED,Service Not Provided,Customer says transaction was not authorized.,IN_PROGRESS,MEDIUM,IVR
CBK0001971,TXN00001893,True,USR40538,False,MCH4473,False,2026-03-25 04:27:22,2026-03-26 00:00:00,2026-04-20 00:00:00,True,0.0,1059.97,False,False,GENERAL_DISPUTE,DUP_DEBIT,Customer complaint text unclear due to poor call center notes.,RESOLVED,LOW,CALL_CENTER
CBK0000872,TXN00015686,True,USR41987,True,MCH4226,False,2026-02-27 00:00:00,2026-03-04 09:09:00,2026-03-04 00:00:00,False,,4354.56,False,False,DUPLICATE_DEBIT,charged twice,Complaint received after multiple failed attempts.,RESOLVED,MEDIUM,APP
CBK0002618,TXN00011168,True,USR44759,True,MCH5594,True,2026-01-06 00:00:00,2026-01-10 00:35:07,2026-01-27 00:00:00,True,4.0,5239.53,False,False,ACCOUNT_TAKEOVER,Account Takeover,Customer complaint text unclear due to poor call center notes. call dropped,REJECTED,MEDIUM,CHATBOT
CBK0000176,TXN00001405,True,USR91859,False,MCH2900,False,2026-03-13 00:00:00,2026-03-18 14:11:00,2026-04-05 00:00:00,True,5.0,2105.51,False,False,SERVICE_NOT_DELIVERED,item not received,Merchant service was not delivered after payment. call dropped,CLOSED,MEDIUM,CHATBOT
CBK0001836,TXN00002935,True,USR58979,True,MCH4535,False,2026-01-17 00:00:00,2026-01-19 14:28:40,,True,2.0,318.65,False,False,SERVICE_NOT_DELIVERED,Merchant Not Delivered,Customer says transaction was not authorized.,RESOLVED,LOW,IVR
CBK0000130,TXN00002672,True,USR96637,False,MCH4181,False,2026-01-06 00:00:00,2026-01-13 13:42:00,,True,7.0,4547.87,False,False,AMOUNT_MISMATCH,incorrect amount,User reports money deducted but merchant denies receiving payment.,PENDING_BANK,LOW,EMAIL
CBK0001271,TXN00015189,True,USR33650,False,MCH4181,False,2026-01-10 13:57:59,2026-01-13 20:57:59,2026-01-18 00:00:00,True,3.0,638.59,False,False,UNAUTHORIZED_TRANSACTION,unauthorized_transaction,User claims account was compromised before transaction.,REJECTED,HIGH,IVR
CBK0001593,TXN00015434,True,USR18724,False,MCH7728,True,2026-03-05 10:42:00,2026-03-21 07:42:38,2026-04-07 00:00:00,True,15.0,8317.58,False,False,FRAUD_SUSPECTED,suspicious transaction,customer says transaction was not authorized.,PENDING_BANK,MEDIUM,EMAIL
CBK0001879,TXN00007654,True,USR60131,True,MCH8887,False,2026-02-05 01:30:00,2026-02-06 23:30:00,,True,1.0,552.24,False,False,AMOUNT_MISMATCH,extra amount deducted,Complaint received after multiple failed attempts.,RESOLVED,LOW,IVR
CBK0001717,TXN00005246,True,USR87318,False,MCH2104,True,2026-03-04 12:35:00,2026-03-08 00:35:05,,True,3.0,99.96,True,False,DUPLICATE_DEBIT,charged twice,User says UPI PIN was not entered by them.,REJECTED,LOW,IVR
CBK0000702,TXN00017072,True,USR56312,False,MCH5133,True,2026-01-18 03:52:25,2026-01-23 00:00:00,2026-02-07 00:00:00,True,4.0,15432.0,False,False,AMOUNT_MISMATCH,Wrong Amount,Customer says amount was debited twice.,IN_PROGRESS,HIGH,IVR
CBK0002647,TXN00099966,False,USR24761,False,MCH4392,False,2026-01-24 00:00:00,2026-01-27 09:02:00,2026-02-20 09:02:00,True,3.0,841.29,True,False,AMOUNT_MISMATCH,amount mismatch,User reports money deducted but merchant denies receiving payment.,OPEN,MEDIUM,BRANCH
CBK0001723,TXN00000941,True,USR58335,False,MCH7616,False,,2026-01-07 07:32:40,2026-01-20 00:00:00,True,,6049.12,False,False,UNAUTHORIZED_TRANSACTION,not done by me,Complaint received after multiple failed attempts.,CLOSED,LOW,BRANCH
CBK0002770,TXN00013498,True,USR24608,False,MCH3992,False,2026-01-05 17:13:36,2026-02-05 00:00:00,,True,30.0,469.12,False,False,UNAUTHORIZED_TRANSACTION,Unauthorized Transaction,Customer says transaction was not authorized.,PENDING_BANK,LOW,IVR
CBK0002346,TXN00001292,True,USR25528,False,MCH6328,True,2026-03-24 00:00:00,,2026-05-05 00:00:00,True,,33975.77,False,False,SERVICE_NOT_DELIVERED,service failed,Customer says transaction was not authorized.,OPEN,LOW,EMAIL
CBK0002487,TXN00009313,True,USR32981,False,MCH1201,False,2026-02-03 00:00:00,2026-02-10 00:00:00,2026-03-03 00:00:00,True,7.0,1561.28,False,False,GENERAL_DISPUTE,complaint,Payment made to unknown merchant as per customer statement.,REJECTED,LOW,IVR
CBK0001909,TXN00015341,True,USR51939,True,MCH4348,False,2026-02-27 00:00:00,2026-04-14 00:00:00,2026-05-01 00:00:00,True,46.0,5481.51,False,False,DUPLICATE_DEBIT,charged twice,Merchant service was not delivered after payment.,IN_PROGRESS,MEDIUM,CHATBOT
CBK0002234,TXN00016207,True,USR61715,False,MCH6850,False,2026-01-13 00:00:00,2026-01-23 00:00:00,2026-01-29 15:38:41,True,10.0,1383.0,False,False,ACCOUNT_TAKEOVER,Account Takeover,merchant service was not delivered after payment.,PENDING_BANK,HIGH,BRANCH
CBK0000854,TXN00000164,True,USR17326,False,MCH7017,True,2026-01-01 05:32:00,2026-01-08 00:00:00,2026-02-02 00:00:00,True,6.0,3086.0,False,False,ACCOUNT_TAKEOVER,account hacked,Complaint received after multiple failed attempts.,OPEN,CRITICAL,EMAIL
CBK0002376,TXN00004589,True,USR76792,False,MCH5515,False,2026-01-20 11:45:52,2026-01-30 20:45:00,2026-02-08 00:00:00,True,10.0,1100.37,False,False,UNAUTHORIZED_TRANSACTION,not done by me,suspicious high-value payment disputed by customer.,IN_PROGRESS,MEDIUM,IVR
CBK0002540,TXN00010104,True,USR46321,True,MCH2065,False,2026-03-04 00:00:00,2026-03-06 00:00:00,,True,2.0,1912.26,False,False,DUPLICATE_DEBIT,double debit,Merchant service was not delivered after payment.,OPEN,HIGH,IVR
CBK0001666,TXN00018160,True,USR11659,False,MCH6810,False,2026-02-28 00:00:00,2026-03-01 00:00:00,2026-03-17 08:39:00,True,1.0,482.0,False,False,SERVICE_NOT_DELIVERED,item not received,Complaint received after multiple failed attempts.,PENDING_BANK,MEDIUM,CHATBOT
CBK0001340,TXN00001898,True,USR41763,False,MCH4190,False,2026-02-25 08:15:11,2026-03-03 00:00:00,2026-03-06 06:15:11,True,5.0,638.96,False,False,UNAUTHORIZED_TRANSACTION,not done by me,Complaint received after multiple failed attempts.,RESOLVED,MEDIUM,IVR
CBK0002616,TXN00000806,True,USR30612,False,MCH2757,True,2026-02-10 00:00:00,2026-02-11 03:28:31,2026-03-05 03:28:00,True,1.0,3611.11,False,False,SERVICE_NOT_DELIVERED,Merchant Not Delivered,Customer says transaction was not authorized.,RESOLVED,LOW,CHATBOT
CBK0000813,TXN00008478,True,USR72576,False,MCH2072,False,2026-03-03 00:00:00,2026-03-08 22:39:44,2026-04-05 00:00:00,True,5.0,2598.96,False,False,DUPLICATE_DEBIT,charged twice,user claims account was compromised before transaction.,CLOSED,CRITICAL,APP
CBK0000244,TXN00005487,True,USR31599,True,MCH6810,False,2026-02-26 00:00:00,2026-03-01 00:00:00,2026-03-08 00:00:00,True,3.0,,False,True,GENERAL_DISPUTE,DUP_DEBIT,User claims account was compromised before transaction.,CLOSED,HIGH,BRANCH
CBK0002653,TXN00000675,True,USR49080,False,MCH5147,True,2026-02-24 00:00:00,2026-02-25 18:22:00,2026-03-20 00:00:00,True,1.0,3743.54,False,False,SERVICE_NOT_DELIVERED,delivery issue,Payment made to unknown merchant as per cust statement.,IN_PROGRESS,LOW,IVR
CBK0001966,TXN00005813,True,USR30602,True,MCH6570,True,2026-03-12 21:54:53,2026-03-15 02:54:53,2026-03-30 00:00:00,True,2.0,1708.0,False,False,GENERAL_DISPUTE,Customer Dispute,Payment made to unknown merchant as per customer statement.,CLOSED,HIGH,CALL_CENTER
CBK0000687,TXN00005195,True,USR53215,False,MCH8519,False,2026-03-06 00:00:00,2026-03-07 00:00:00,,True,1.0,4251.73,False,False,GENERAL_DISPUTE,complaint,Customer complaint text unclear due to poor call center notes.,IN_PROGRESS,LOW,CALL_CENTER
CBK0000836,TXN00003340,True,USR69581,False,MCH5218,False,2026-01-09 19:59:04,2026-01-25 00:00:00,2026-01-26 00:00:00,True,15.0,1823.47,False,False,FRAUD_SUSPECTED,Fraud Suspected,customer complaint text unclear due to poor call center notes.,RESOLVED,MEDIUM,EMAIL
CBK0001498,TXN00017926,True,USR98061,False,MCH5655,False,2026-02-08 06:54:39,2026-02-10 02:54:00,2026-02-20 00:00:00,True,1.0,5338.83,False,False,GENERAL_DISPUTE,customer issue,Customer complaint text unclear due to poor call center notes.,IN_PROGRESS,LOW,IVR
CBK0000710,TXN00012306,True,USR86472,True,MCH2032,True,2026-02-08 00:00:00,2026-02-09 14:17:35,,True,1.0,1076.54,True,False,SERVICE_NOT_DELIVERED,item not received,Customer says amount was debited twice.,PENDING_BANK,LOW,IVR
CBK0000444,TXN00014743,True,USR56564,False,MCH2369,False,2026-02-22 00:00:00,2026-02-26 00:00:00,,True,4.0,1382.96,True,False,ACCOUNT_TAKEOVER,account hacked,Customer says transaction was not authorized.,PENDING_BANK,MEDIUM,CHATBOT
CBK0002153,TXN00034179,False,USR47114,False,MCH8849,False,,2026-04-07 00:00:00,2026-04-15 05:48:00,True,,3258.82,False,False,AMOUNT_MISMATCH,extra amount deducted,SUSPICIOUS HIGH-VALUE PAYMENT DISPUTED BY CUSTOMER.,PENDING_BANK,CRITICAL,CALL_CENTER
CBK0000839,TXN00014620,True,USR55888,False,MCH8779,True,2026-03-20 00:00:00,2026-03-30 00:00:00,2026-04-14 00:00:00,True,10.0,501.3,False,False,ACCOUNT_TAKEOVER,ATO,Customer says amount was debited twice.,RESOLVED,MEDIUM,CHATBOT
CBK0002121,TXN00013687,True,USR26337,False,MCH2065,False,2026-02-04 00:00:00,2026-02-05 00:00:00,2026-02-22 00:00:00,True,1.0,506.18,False,False,SERVICE_NOT_DELIVERED,Merchant Not Delivered,USER SAYS UPI PIN WAS NOT ENTERED BY THEM.,OPEN,HIGH,IVR
CBK0002600,TXN00095920,False,USR42158,False,MCH8602,True,2026-02-06 12:50:00,2026-02-13 18:50:00,2026-02-21 18:50:00,True,7.0,45384.61,False,False,UNAUTHORIZED_TRANSACTION,Unauthorized Transaction,Merchant service was not delivered after payment.,CLOSED,HIGH,CHATBOT
CBK0001527,TXN00044508,False,USR35882,False,MCH5076,False,2026-03-24 00:00:00,2026-04-01 00:00:00,,True,8.0,,False,True,ACCOUNT_TAKEOVER,login compromised,Customer says transaction was not authorized. details missing,RESOLVED,HIGH,APP
CBK0000399,TXN00003924,True,USR85504,False,MCH7005,False,2026-01-08 00:00:00,,2026-01-16 00:00:00,True,,2479.92,False,False,UNAUTHORIZED_TRANSACTION,not done by me,Complaint received after multiple failed attempts.,RESOLVED,MEDIUM,EMAIL
CBK0000708,TXN00014452,True,USR24775,False,MCH2757,True,2026-02-17 00:00:00,2026-02-20 21:31:31,2026-03-15 00:00:00,True,3.0,798.72,True,False,SERVICE_NOT_DELIVERED,delivery issue,Suspicious high-value payment disputed by customer.,REJECTED,LOW,IVR
CBK0000485,TXN00016648,True,USR27340,False,MCH3100,False,2026-01-16 15:36:13,2026-01-19 00:00:00,2026-01-31 00:00:00,True,2.0,1142.0,False,False,GENERAL_DISPUTE,Customer Dispute,Complaint received after multiple failed attempts.,PENDING_BANK,MEDIUM,CALL_CENTER
CBK0001355,TXN00002926,True,USR49477,False,MCH5714,False,2026-03-08 18:59:00,2026-03-19 00:00:00,,True,10.0,6014.84,False,False,SERVICE_NOT_DELIVERED,item not received,User reports money deducted but merchant denies receiving payment.,REJECTED,HIGH,IVR
CBK0002468,TXN00004673,True,USR45477,False,MCH4469,True,2026-03-14 23:12:19,2026-03-22 16:12:19,2026-04-13 00:00:00,True,7.0,3382.78,False,False,FRAUD_SUSPECTED,suspicious transaction,Payment made to unknown merchant as per customer statement.,CLOSED,LOW,EMAIL
CBK0002672,TXN00014672,True,USR51854,False,MCH2993,True,2026-02-20 00:00:00,2026-02-22 00:00:00,2026-03-08 09:32:00,True,2.0,1817.11,False,False,FRAUD_SUSPECTED,FRAUD,Customer says transaction was not authorized.,OPEN,HIGH,EMAIL
CBK0001013,TXN00096416,False,USR33841,True,MCH9291,True,2026-01-17 07:44:00,2026-01-20 22:44:00,2026-02-14 00:00:00,True,3.0,5544.6,False,False,GENERAL_DISPUTE,customer issue,User reports money deducted but merchant denies receiving payment.,PENDING_BANK,MEDIUM,CALL_CENTER
CBK0002150,TXN00013524,True,USR74666,True,MCH8154,True,2026-01-31 00:00:00,2026-02-07 00:00:00,2026-03-04 00:00:00,True,7.0,2142.84,False,False,FRAUD_SUSPECTED,Fraud Suspected,Customer says transaction was not authorized.,OPEN,LOW,IVR
CBK0001411,TXN00011455,True,USR24660,False,MCH3964,True,2026-02-02 22:05:00,2026-03-05 00:00:00,,True,30.0,3012.1,False,False,FRAUD_SUSPECTED,FRAUD,PAYMENT MADE TO UNKNOWN MERCHANT AS PER CUSTOMER STATEMENT.,OPEN,LOW,CALL_CENTER
CBK0002646,TXN00007962,True,USR17493,True,MCH3415,True,2026-01-06 03:01:00,2026-02-05 00:00:00,2026-02-26 16:01:00,True,29.0,875.42,False,False,DUPLICATE_DEBIT,Duplicate Debit,user says upi pin was not entered by them.,CLOSED,CRITICAL,IVR
CBK0001852,TXN00017893,True,USR27328,True,MCH3100,False,2026-01-03 00:00:00,2026-01-04 08:34:57,2026-01-27 00:00:00,True,1.0,4556.84,False,False,DUPLICATE_DEBIT,double debit,User claims account was compromised before transaction.,IN_PROGRESS,LOW,IVR
CBK0001453,TXN00012893,True,USR52532,False,MCH2931,False,2026-03-06 07:48:50,,2026-03-30 00:00:00,True,,1558.33,True,False,AMOUNT_MISMATCH,amount mismatch,Complaint received after multiple failed attempts. details missing,REJECTED,LOW,IVR
CBK0002693,,False,USR66470,True,MCH7690,False,2026-02-02 05:38:00,2026-02-17 00:00:00,2026-02-28 15:38:40,True,14.0,1231.18,False,False,ACCOUNT_TAKEOVER,login compromised,customer complaint text unclear due to poor call center notes.,OPEN,MEDIUM,CHATBOT
CBK0001695,TXN00007159,True,USR91996,False,MCH6645,True,,2026-03-03 14:25:14,,True,,1034.0,False,False,FRAUD_SUSPECTED,Fraud Suspected,Customer says transaction was not authorized. call dropped,PENDING_BANK,LOW,APP
CBK0001743,TXN00005081,True,USR55177,True,MCH3198,False,2026-01-10 00:00:00,2026-01-21 00:00:00,,True,11.0,782.28,False,False,ACCOUNT_TAKEOVER,login compromised,User says UPI PIN was not entered by them. NA,RESOLVED,LOW,CHATBOT
CBK0002656,TXN00003111,True,USR97954,True,MCH1274,False,2026-01-02 00:00:00,2026-01-04 00:00:00,2026-01-11 00:00:00,True,2.0,1858.78,False,False,ACCOUNT_TAKEOVER,account hacked,Customer says transaction was not authorized.,CLOSED,LOW,APP
CBK0001196,TXN00016378,True,USR64980,False,MCH2065,False,2026-02-28 14:57:09,2026-03-02 21:57:09,,True,2.0,403.8,False,False,FRAUD_SUSPECTED,FRAUD,Complaint received after multiple failed attempts.,OPEN,HIGH,CHATBOT
CBK0000269,TXN00016915,True,USR75856,True,MCH1213,True,2026-03-25 00:00:00,2026-03-28 00:00:00,2026-04-25 21:01:00,True,3.0,886.36,False,False,ACCOUNT_TAKEOVER,account hacked,Payment made to unknown merchant as per customer statement.,CLOSED,MEDIUM,IVR
CBK0000701,TXN00002775,True,USR31842,True,MCH7869,False,2026-01-25 00:00:00,2026-01-30 15:50:18,2026-02-21 00:00:00,True,5.0,6779.18,False,False,SERVICE_NOT_DELIVERED,not delivered,Merchant service was not delivered after payment.,PENDING_BANK,LOW,CHATBOT
CBK0001127,TXN00017229,True,USR16037,False,MCH3572,True,,2026-02-28 00:00:00,2026-03-06 00:00:00,True,,796.1,False,False,SERVICE_NOT_DELIVERED,delivery issue,Customer says amount was debited twice.,IN_PROGRESS,MEDIUM,EMAIL
CBK0000665,TXN00012726,True,USR82229,True,MCH6230,False,2026-02-07 00:00:00,2026-02-10 01:03:00,,True,3.0,360.49,False,False,SERVICE_NOT_DELIVERED,delivery issue,Complaint received after multiple failed attempts.,OPEN,LOW,BRANCH
CBK0000569,TXN00016196,True,USR24538,False,MCH2336,True,2026-01-09 00:00:00,2026-01-10 00:00:00,2026-01-17 00:00:00,True,1.0,2141.56,True,False,GENERAL_DISPUTE,customer issue,Suspicious high-value payment disputed by customer.,IN_PROGRESS,MEDIUM,EMAIL
CBK0000913,TXN00004115,True,USR85406,True,MCH2832,True,,2026-03-12 00:00:00,,True,,1495.6,False,False,UNAUTHORIZED_TRANSACTION,not done by me,Merchant service was not delivered after payment.,REJECTED,MEDIUM,IVR
CBK0000380,TXN00000414,True,USR57745,True,MCH6126,False,2026-02-10 00:00:00,2026-02-13 00:00:00,2026-03-13 00:00:00,True,3.0,806.29,False,False,ACCOUNT_TAKEOVER,login compromised,user reports money deducted but merchant denies receiving payment.,REJECTED,LOW,CALL_CENTER
CBK0002497,TXN00019914,True,USR48451,False,MCH6538,False,2026-01-21 19:23:00,2026-01-22 00:00:00,2026-01-26 00:00:00,True,0.0,3065.07,False,False,GENERAL_DISPUTE,no service,User claims account was compromised before transaction.,PENDING_BANK,MEDIUM,IVR
CBK0002799,TXN00003221,True,USR38263,True,MCH3031,True,,2026-01-30 00:00:00,2026-02-17 00:00:00,True,,574.0,False,False,SERVICE_NOT_DELIVERED,item not received,Merchant service was not delivered after payment.,RESOLVED,MEDIUM,EMAIL
CBK0000317,TXN00005496,True,USR91453,True,MCH1988,False,2026-02-22 00:00:00,2026-03-25 00:00:00,2026-04-15 00:00:00,True,31.0,,False,True,SERVICE_NOT_DELIVERED,delivery issue,Complaint received after multiple failed attempts.,RESOLVED,MEDIUM,IVR
CBK0000582,TXN00006728,True,USR32162,False,MCH1074,False,2026-02-14 00:00:00,2026-02-17 00:00:00,2026-02-22 00:00:00,True,3.0,1002.59,False,False,SERVICE_NOT_DELIVERED,Merchant Not Delivered,Customer says transaction was not authorized.,PENDING_BANK,CRITICAL,EMAIL
CBK0002571,TXN00011546,True,USR24926,True,MCH2822,False,2026-01-26 00:00:00,2026-02-03 00:00:00,2026-02-17 00:00:00,True,8.0,3305.27,False,False,GENERAL_DISPUTE,DUP_DEBIT,Complaint received after multiple failed attempts.,REJECTED,LOW,IVR
CBK0001943,TXN00000649,True,USR47711,True,MCH1196,False,2026-03-13 00:00:00,2026-04-13 00:00:00,2026-05-11 02:50:07,True,31.0,1174.17,False,False,SERVICE_NOT_DELIVERED,item not received,user says upi pin was not entered by them.,IN_PROGRESS,MEDIUM,IVR
CBK0001177,TXN00004028,True,USR95524,False,MCH7017,True,2026-02-06 00:00:00,2026-02-09 00:00:00,2026-03-01 00:00:00,True,3.0,2255.0,False,False,AMOUNT_MISMATCH,amount mismatch,Customer says amount was debited twice.,IN_PROGRESS,HIGH,IVR
CBK0002055,TXN00004686,True,USR87013,False,MCH3011,True,2026-01-06 00:33:00,2026-01-07 00:00:00,2026-01-27 00:00:00,True,0.0,1634.47,False,False,GENERAL_DISPUTE,customer issue,USER CLAIMS ACCOUNT WAS COMPROMISED BEFORE TRANSACTION.,CLOSED,MEDIUM,CALL_CENTER
CBK0000104,TXN00010908,True,USR70176,False,MCH5980,True,2026-02-19 00:00:00,2026-02-22 17:53:00,2026-03-09 00:00:00,True,3.0,608.69,False,False,DUPLICATE_DEBIT,double debit,CUSTOMER SAYS TRANSACTION WAS NOT AUTHORIZED.,REJECTED,LOW,BRANCH
CBK0002489,,False,USR88037,True,MCH4590,False,2026-03-13 00:00:00,2026-03-09 00:00:00,2026-03-17 00:00:00,False,,1315.92,False,False,GENERAL_DISPUTE,DUP_DEBIT,Suspicious high-value payment disputed by customer.,RESOLVED,MEDIUM,CHATBOT
CBK0000154,TXN00011689,True,USR92364,False,MCH2569,False,2026-03-07 00:00:00,2026-03-14 22:06:34,2026-03-23 00:00:00,True,7.0,473.27,False,False,SERVICE_NOT_DELIVERED,not delivered,User reports money deducted but merchant denies receiving payment.,REJECTED,LOW,IVR
CBK0001635,TXN00008467,True,USR70836,False,MCH6914,False,2026-03-11 00:00:00,2026-03-14 10:21:00,2026-03-21 00:00:00,True,3.0,1016.94,True,False,FRAUD_SUSPECTED,scam,Customer says amount was debited twice.,CLOSED,MEDIUM,CALL_CENTER
CBK0002756,TXN00003850,True,USR52907,False,MCH1919,False,2026-03-06 00:00:00,2026-04-20 18:06:08,2026-05-12 18:06:08,True,45.0,5978.59,False,False,DUPLICATE_DEBIT,charged twice,Suspicious high-value payment disputed by customer.,REJECTED,LOW,IVR
CBK0000892,TXN00019345,True,USR99727,False,MCH8400,True,2026-03-06 01:42:03,2026-03-06 00:00:00,,False,,393.4,True,False,ACCOUNT_TAKEOVER,Account Takeover,Merchant service was not delivered after payment.,PENDING_BANK,MEDIUM,BRANCH
CBK0000445,TXN00013230,True,USR28772,True,MCH3727,False,2026-01-18 00:00:00,2026-01-22 00:00:00,,True,4.0,1323.41,False,False,SERVICE_NOT_DELIVERED,item not received,customer complaint text unclear due to poor call center notes.,IN_PROGRESS,LOW,CHATBOT
CBK0000845,TXN00009880,True,USR90298,False,MCH5574,False,2026-01-25 22:25:35,2026-01-28 00:00:00,2026-02-11 19:25:35,True,2.0,731.59,False,False,FRAUD_SUSPECTED,suspicious transaction,User says UPI PIN was not entered by them.,CLOSED,CRITICAL,IVR
CBK0001262,TXN00010454,True,USR21439,False,MCH7751,True,2026-03-15 00:00:00,2026-03-30 22:30:00,2026-04-11 22:30:00,True,15.0,470.39,False,False,UNAUTHORIZED_TRANSACTION,unauthorized_transaction,Customer complaint text unclear due to poor call center notes.,RESOLVED,LOW,CALL_CENTER
CBK0000862,TXN00002240,True,USR25056,False,MCH6810,False,2026-03-23 00:00:00,2026-03-26 00:00:00,2026-04-21 10:54:00,True,3.0,401.02,False,False,AMOUNT_MISMATCH,Wrong Amount,User claims account was compromised before transaction.,CLOSED,MEDIUM,CALL_CENTER
CBK0000981,TXN00009791,True,USR68023,False,MCH2433,False,2026-01-11 00:00:00,2026-01-14 00:00:00,2026-01-22 00:00:00,True,3.0,807.97,False,False,GENERAL_DISPUTE,DUP_DEBIT,Payment made to unknown merchant as per customer statement.,CLOSED,LOW,IVR
CBK0001975,TXN00019834,True,USR32424,False,MCH5954,True,2026-01-11 00:00:00,2026-01-14 00:00:00,2026-02-06 00:00:00,True,3.0,41457.94,False,False,FRAUD_SUSPECTED,FRAUD,Customer says amount was debited twice.,RESOLVED,LOW,BRANCH
CBK0001523,TXN00010463,True,USR76129,False,MCH3006,True,2026-01-15 00:00:00,2026-01-23 03:12:56,,True,8.0,,False,True,UNAUTHORIZED_TRANSACTION,not done by me,Customer says amount was debited twice.,IN_PROGRESS,MEDIUM,CALL_CENTER
CBK0000671,TXN00004668,True,USR54740,False,MCH4646,False,,2026-03-18 13:09:02,2026-03-22 00:00:00,True,,,False,True,GENERAL_DISPUTE,complaint,Customer says amount was debited twice.,CLOSED,MEDIUM,IVR
CBK0001669,TXN00017590,True,USR41522,False,MCH4473,False,2026-01-27 08:27:52,2026-01-29 00:00:00,2026-02-27 00:00:00,True,1.0,740.63,False,False,DUPLICATE_DEBIT,Duplicate Debit,Complaint received after multiple failed attempts.,IN_PROGRESS,MEDIUM,CALL_CENTER
CBK0001823,,False,USR32406,True,MCH8595,False,2026-02-13 04:08:53,2026-02-16 21:08:53,2026-03-10 00:00:00,True,3.0,3940.26,False,False,AMOUNT_MISMATCH,extra amount deducted,Customer complaint text unclear due to poor call center notes.,PENDING_BANK,LOW,EMAIL
CBK0001608,TXN00019683,True,USR20968,True,MCH4899,False,2026-02-14 00:00:00,2026-03-02 15:14:00,2026-03-11 00:00:00,True,16.0,363.03,True,False,GENERAL_DISPUTE,complaint,USER REPORTS MONEY DEDUCTED BUT MERCHANT DENIES RECEIVING PAYMENT.,IN_PROGRESS,MEDIUM,EMAIL
CBK0000198,TXN00019042,True,USR16744,False,MCH8391,True,2026-02-22 00:00:00,2026-03-25 15:25:13,2026-04-24 15:25:13,True,31.0,1241.09,False,False,FRAUD_SUSPECTED,Fraud Suspected,User says UPI PIN was not entered by them.,CLOSED,MEDIUM,IVR
CBK0000573,TXN00005006,True,USR65253,False,MCH5655,False,2026-01-04 00:00:00,2026-01-07 00:00:00,2026-01-22 00:00:00,True,3.0,216.3,False,False,FRAUD_SUSPECTED,FRAUD,Suspicious high-value payment disputed by customer.,PENDING_BANK,LOW,CHATBOT
CBK0000621,TXN00059284,False,USR96201,False,MCH6056,True,2026-01-12 09:54:00,2026-01-15 00:00:00,,True,2.0,1857.0,False,False,FRAUD_SUSPECTED,suspicious transaction,Customer says transaction was not authorized.,REJECTED,MEDIUM,BRANCH
CBK0002266,TXN00009068,True,USR70505,False,MCH8037,True,2026-03-25 00:00:00,2026-03-20 00:00:00,2026-03-31 00:00:00,False,,1500.0,False,False,UNAUTHORIZED_TRANSACTION,unauthorized_transaction,complaint received after multiple failed attempts.,RESOLVED,HIGH,IVR
CBK0000786,TXN00000679,True,USR22762,False,MCH2342,False,2026-03-14 00:00:00,2026-03-15 07:28:00,2026-04-02 00:00:00,True,1.0,4474.08,False,False,UNAUTHORIZED_TRANSACTION,unauth txn,payment made to unknown merchant as per customer statement.,OPEN,HIGH,IVR
CBK0002074,TXN00000823,True,USR21224,False,MCH2266,True,2026-03-15 05:37:00,2026-03-17 04:37:11,,True,1.0,4418.82,False,False,GENERAL_DISPUTE,customer issue,CUSTOMER SAYS AMOUNT WAS DEBITED TWICE.,OPEN,MEDIUM,APP
CBK0000463,TXN00017663,True,USR67399,False,MCH7286,False,2026-01-11 00:00:00,2026-01-17 00:24:23,2026-02-03 00:00:00,True,6.0,8257.96,False,False,SERVICE_NOT_DELIVERED,delivery issue,Customer says amount was debited twice.,IN_PROGRESS,HIGH,IVR
CBK0001768,,False,USR27328,True,MCH9291,True,2026-01-03 00:00:00,2026-01-09 00:00:00,,True,6.0,7478.21,False,False,AMOUNT_MISMATCH,amount mismatch,Suspicious high-value payment disputed by customer.,RESOLVED,MEDIUM,IVR
CBK0002458,TXN00016001,True,USR25348,False,MCH7859,False,2026-02-15 15:36:38,2026-02-20 00:00:00,2026-03-06 15:36:38,True,4.0,992.78,False,False,ACCOUNT_TAKEOVER,ATO,Payment made to unknown merchant as per customer statement.,RESOLVED,MEDIUM,CHATBOT
CBK0002584,TXN00014405,True,USR78603,True,MCH8391,True,2026-01-17 00:00:00,,2026-02-03 03:04:42,True,,6441.32,False,False,GENERAL_DISPUTE,complaint,Customer says amount was debited twice.,CLOSED,LOW,IVR
CBK0000885,TXN00005367,True,USR25239,True,MCH2903,True,,2026-01-29 00:00:00,,True,,734.0,False,False,GENERAL_DISPUTE,complaint,Complaint received after multiple failed attempts.,RESOLVED,LOW,IVR
CBK0000395,TXN00019343,True,USR25559,False,MCH6850,False,2026-02-14 00:00:00,2026-02-17 08:20:00,,True,3.0,4178.65,False,False,DUPLICATE_DEBIT,Duplicate Debit,Customer says amount was debited twice.,PENDING_BANK,CRITICAL,CALL_CENTER
CBK0002791,TXN00015597,True,USR82439,True,MCH6037,False,2026-01-19 00:00:00,2026-01-24 00:00:00,2026-02-20 00:00:00,True,5.0,5141.83,False,False,ACCOUNT_TAKEOVER,account hacked,complaint received after multiple failed attempts.,CLOSED,LOW,CALL_CENTER
CBK0002669,TXN00019872,True,USR24991,True,MCH4473,False,2026-02-28 00:00:00,2026-03-10 00:00:00,2026-03-27 12:32:00,True,10.0,2597.87,False,False,AMOUNT_MISMATCH,incorrect amount,User says UPI PIN was not entered by them.,IN_PROGRESS,MEDIUM,CHATBOT
CBK0001044,TXN00017041,True,USR46644,False,MCH2822,False,2026-03-16 00:00:00,2026-03-17 00:00:00,,True,1.0,768.89,True,False,ACCOUNT_TAKEOVER,ATO,PAYMENT MADE TO UNKNOWN MERCHANT AS PER CUSTOMER STATEMENT.,IN_PROGRESS,HIGH,CHATBOT
CBK0000014,TXN00006433,True,USR59260,False,MCH7254,False,2026-03-17 00:00:00,2026-03-24 00:00:00,2026-03-30 00:00:00,True,7.0,468.43,False,False,FRAUD_SUSPECTED,suspicious transaction,User says UPI PIN was not entered by them.,RESOLVED,HIGH,BRANCH
CBK0000546,TXN00015015,True,USR64208,False,MCH3613,True,2026-03-19 10:37:17,2026-03-21 07:37:17,2026-04-12 07:37:17,True,1.0,1247.41,False,False,FRAUD_SUSPECTED,Fraud Suspected,User reports money deducted but merchant denies receiving payment.,CLOSED,MEDIUM,CHATBOT
CBK0000365,TXN00050079,False,USR19852,False,MCH7962,False,2026-01-09 00:00:00,2026-01-10 21:54:00,2026-01-26 00:00:00,True,1.0,2659.07,False,False,FRAUD_SUSPECTED,FRAUD,Customer complaint text unclear due to poor call center notes.,IN_PROGRESS,LOW,IVR
CBK0000052,TXN00002289,True,USR12120,True,MCH6097,True,2026-02-03 19:27:00,2026-02-06 16:27:24,,True,2.0,397.0,False,False,DUPLICATE_DEBIT,charged twice,Customer complaint text unclear due to poor call center notes.,CLOSED,LOW,BRANCH
CBK0002106,TXN00000751,True,USR78076,False,MCH4328,False,2026-02-04 00:00:00,2026-02-06 00:00:00,,True,2.0,3107.33,False,False,UNAUTHORIZED_TRANSACTION,UNAUTHORISED,Complaint received after multiple failed attempts.,PENDING_BANK,MEDIUM,APP
CBK0001518,TXN00015930,True,USR24159,False,MCH7364,True,2026-02-10 00:00:00,2026-02-11 00:00:00,,True,1.0,8611.05,False,False,GENERAL_DISPUTE,no service,User says UPI PIN was not entered by them.,RESOLVED,LOW,APP
CBK0001873,TXN00015156,True,USR14556,False,MCH4153,True,2026-03-30 00:00:00,2026-04-10 00:00:00,,True,11.0,743.67,False,False,SERVICE_NOT_DELIVERED,Merchant Not Delivered,Customer complaint text unclear due to poor call center notes.,OPEN,LOW,CHATBOT
CBK0002145,TXN00013507,True,USR12300,False,MCH1320,True,2026-01-03 15:18:11,2026-01-08 00:00:00,2026-01-31 00:00:00,True,4.0,384.66,False,False,AMOUNT_MISMATCH,extra amount deducted,user reports money deducted but merchant denies receiving payment.,PENDING_BANK,MEDIUM,IVR
CBK0000346,TXN00019000,True,USR70482,False,MCH9834,True,2026-01-07 00:00:00,,2026-03-01 10:53:00,True,,595.88,False,False,SERVICE_NOT_DELIVERED,service failed,Complaint received after multiple failed attempts.,REJECTED,LOW,IVR
CBK0000518,TXN00019651,True,USR43011,False,MCH8391,True,2026-02-17 08:25:20,2026-02-13 00:00:00,2026-03-07 00:00:00,False,,7485.82,False,False,FRAUD_SUSPECTED,fraud,USER SAYS UPI PIN WAS NOT ENTERED BY THEM.,REJECTED,HIGH,IVR
CBK0001990,TXN00013175,True,USR40088,True,MCH2076,True,2026-03-29 13:19:19,2026-04-13 15:19:00,,True,15.0,917.0,False,False,ACCOUNT_TAKEOVER,account hacked,User says UPI PIN was not entered by them.,IN_PROGRESS,HIGH,EMAIL
CBK0000392,TXN00012439,True,USR38698,False,MCH3682,True,2026-02-09 00:00:00,2026-02-11 00:00:00,,True,2.0,1778.59,False,False,SERVICE_NOT_DELIVERED,Merchant Not Delivered,Suspicious high-value payment disputed by customer.,REJECTED,MEDIUM,IVR
CBK0001163,TXN00015098,True,USR22550,True,MCH3992,False,2026-01-03 07:07:35,2026-01-06 00:00:00,2026-01-28 08:07:35,True,2.0,862.23,False,False,AMOUNT_MISMATCH,Wrong Amount,User reports money deducted but merchant denies receiving payment.,PENDING_BANK,LOW,EMAIL
CBK0000271,TXN00002677,True,USR94094,False,MCH6810,False,2026-01-07 08:03:00,,2026-01-30 00:00:00,True,,12852.7,True,False,GENERAL_DISPUTE,dispute raised,Payment made to unknown merchant as per customer statement.,PENDING_BANK,MEDIUM,EMAIL
CBK0001550,TXN00019667,True,USR69706,True,MCH1489,False,2026-03-16 00:00:00,2026-03-17 23:14:00,2026-03-30 00:00:00,True,1.0,,False,True,GENERAL_DISPUTE,complaint,Complaint received after multiple failed attempts.,IN_PROGRESS,MEDIUM,CHATBOT
CBK0001538,TXN00007658,True,USR99769,False,MCH5655,False,,2026-03-12 00:00:00,2026-03-14 00:00:00,True,,2100.66,True,False,GENERAL_DISPUTE,complaint,Payment made to unknown merchant as per customer statement.,PENDING_BANK,MEDIUM,APP
CBK0002298,TXN00017266,True,USR66122,True,MCH2822,False,2026-01-20 01:05:38,2026-01-30 00:00:00,,True,9.0,260.19,False,False,FRAUD_SUSPECTED,FRAUD,User says UPI PIN was not entered by them.,PENDING_BANK,HIGH,APP
CBK0001034,TXN00017915,True,USR65211,False,MCH7357,True,2026-02-02 00:00:00,2026-02-08 00:00:00,2026-03-07 06:28:19,True,6.0,1532.42,False,False,SERVICE_NOT_DELIVERED,service failed,Customer complaint text unclear due to poor call center notes. urgent,REJECTED,MEDIUM,IVR
CBK0001526,TXN00000871,True,USR45479,True,MCH8259,True,2026-01-04 07:14:00,2026-01-11 00:00:00,,True,6.0,589.34,False,False,GENERAL_DISPUTE,Customer Dispute,customer says transaction was not authorized.,RESOLVED,CRITICAL,EMAIL
CBK0002297,TXN00013147,True,USR10842,False,MCH2327,True,2026-03-29 08:55:00,2026-04-02 00:00:00,,True,3.0,4819.26,False,False,ACCOUNT_TAKEOVER,ATO,Complaint received after multiple failed attempts.,IN_PROGRESS,LOW,CALL_CENTER
CBK0001810,TXN00004960,True,USR99526,False,MCH3990,True,2026-03-28 00:00:00,2026-04-27 22:27:53,2026-05-02 00:00:00,True,30.0,1327.87,False,False,SERVICE_NOT_DELIVERED,merchant service issue,User says UPI PIN was not entered by them.,CLOSED,LOW,APP
CBK0000684,TXN00017791,True,USR21714,True,MCH2319,False,2026-02-12 00:00:00,2026-02-20 00:00:00,2026-03-07 00:00:00,True,8.0,2658.78,False,False,UNAUTHORIZED_TRANSACTION,unauthorized_transaction,user claims account was compromised before transaction.,PENDING_BANK,MEDIUM,EMAIL
CBK0002500,TXN00001461,True,USR25808,True,MCH6058,True,2026-03-13 00:00:00,,2026-03-16 00:00:00,True,,740.03,False,False,AMOUNT_MISMATCH,extra amount deducted,Merchant service was not delivered after payment. details missing,PENDING_BANK,MEDIUM,CHATBOT
CBK0000962,,False,USR21384,False,MCH8160,True,2026-03-09 00:00:00,2026-03-12 00:00:00,2026-03-25 00:00:00,True,3.0,6282.15,False,False,UNAUTHORIZED_TRANSACTION,not done by me,Customer says amount was debited twice. pls check asap,CLOSED,MEDIUM,CHATBOT
CBK0001781,TXN00007749,True,USR87914,False,MCH9316,True,2026-03-31 00:00:00,2026-04-07 00:00:00,,True,7.0,1287.86,False,False,DUPLICATE_DEBIT,double debit,User reports money deducted but merchant denies receiving payment.,IN_PROGRESS,HIGH,EMAIL
CBK0001231,TXN00001392,True,USR68023,False,MCH4246,True,2026-01-14 05:07:55,2026-01-16 18:07:55,2026-02-04 00:00:00,True,2.0,508.21,False,False,SERVICE_NOT_DELIVERED,delivery issue,Merchant service was not delivered after payment.,IN_PROGRESS,MEDIUM,APP
CBK0001832,TXN00095203,False,USR76886,True,MCH4590,False,2026-02-10 00:00:00,2026-02-13 00:00:00,2026-03-02 06:18:49,True,3.0,3668.05,False,False,DUPLICATE_DEBIT,double debit,Complaint received after multiple failed attempts.,OPEN,HIGH,IVR
CBK0001393,TXN00004549,True,USR66391,False,MCH2802,False,2026-03-10 00:00:00,2026-03-16 00:00:00,2026-04-02 00:00:00,True,6.0,1639.85,False,False,AMOUNT_MISMATCH,amount mismatch,Customer complaint text unclear due to poor call center notes.,OPEN,HIGH,CHATBOT
CBK0001633,,False,USR69513,False,MCH6502,True,,2026-02-18 00:00:00,2026-02-27 00:00:00,True,,2553.0,False,False,UNAUTHORIZED_TRANSACTION,not done by me,Payment made to unknown merchant as per customer statement.,PENDING_BANK,HIGH,APP
CBK0000555,TXN00010709,True,USR61652,False,MCH3388,True,2026-03-01 00:00:00,2026-03-04 00:00:00,2026-03-21 00:00:00,True,3.0,372.66,False,False,SERVICE_NOT_DELIVERED,Service Not Provided,customer complaint text unclear due to poor call center notes.,CLOSED,MEDIUM,CALL_CENTER
CBK0002452,TXN00016739,True,USR87040,False,MCH8521,True,2026-01-31 00:00:00,2026-02-06 14:44:00,2026-02-15 14:44:00,True,6.0,10606.78,False,False,FRAUD_SUSPECTED,suspicious transaction,User reports money deducted but merchant denies receiving payment.,PENDING_BANK,LOW,CALL_CENTER
CBK0002410,TXN00010646,True,USR89422,False,MCH7235,False,2026-02-06 00:00:00,2026-02-11 00:00:00,2026-02-11 00:00:00,True,5.0,12234.17,False,False,GENERAL_DISPUTE,no service,Customer complaint text unclear due to poor call center notes.,IN_PROGRESS,LOW,CHATBOT
CBK0001429,TXN00002466,True,USR67833,False,MCH9464,False,2026-03-31 00:00:00,2026-04-03 00:00:00,2026-04-22 00:00:00,True,3.0,3099.92,False,False,UNAUTHORIZED_TRANSACTION,Unauthorized Transaction,User says UPI PIN was not entered by them.,RESOLVED,CRITICAL,BRANCH
CBK0001612,TXN00014722,True,USR65193,True,MCH2065,False,2026-01-19 00:00:00,2026-01-22 11:17:44,2026-02-04 11:17:44,True,3.0,336.91,False,False,FRAUD_SUSPECTED,FRAUD,Complaint received after multiple failed attempts.,IN_PROGRESS,MEDIUM,CHATBOT
CBK0001102,TXN00011957,True,USR73976,False,MCH5980,True,2026-03-24 00:49:47,2026-03-25 15:49:00,,True,1.0,3402.48,False,False,ACCOUNT_TAKEOVER,ATO,Customer says amount was debited twice.,OPEN,LOW,IVR
CBK0001642,TXN00010479,True,USR22574,False,MCH9738,True,2026-01-16 00:00:00,2026-01-18 02:57:54,2026-02-17 02:57:54,True,2.0,3691.3,False,False,UNAUTHORIZED_TRANSACTION,UNAUTHORISED,Customer says transaction was not authorized.,CLOSED,MEDIUM,EMAIL
CBK0002208,TXN00006710,True,USR27567,False,MCH1708,False,2026-03-03 00:00:00,,2026-03-23 12:32:00,True,,12811.39,False,False,GENERAL_DISPUTE,DUP_DEBIT,Customer says transaction was not authorized.,REJECTED,HIGH,IVR
CBK0002081,TXN00007014,True,USR43464,True,MCH9155,False,2026-01-12 00:00:00,2026-01-14 11:53:14,2026-01-17 00:00:00,True,2.0,1748.13,False,False,GENERAL_DISPUTE,dispute raised,User reports money deducted but merchant denies receiving payment.,IN_PROGRESS,LOW,IVR
CBK0002643,TXN00011560,True,USR74311,True,MCH9291,True,2026-01-06 16:33:45,2026-01-22 11:33:45,2026-02-05 00:00:00,True,15.0,2932.55,False,False,SERVICE_NOT_DELIVERED,Merchant Not Delivered,Complaint received after multiple failed attempts.,REJECTED,HIGH,CHATBOT
CBK0001100,TXN00058495,False,USR57427,True,MCH5101,False,2026-03-19 00:00:00,2026-04-04 00:00:00,,True,16.0,543.72,False,False,DUPLICATE_DEBIT,charged twice,Merchant service was not delivered after payment.,REJECTED,HIGH,CHATBOT
CBK0000016,TXN00013636,True,USR71660,True,MCH4806,False,2026-03-19 18:06:00,2026-03-22 07:06:10,2026-03-24 00:00:00,True,2.0,8898.0,False,False,GENERAL_DISPUTE,Customer Dispute,payment made to unknown merchant as per customer statement.,RESOLVED,MEDIUM,BRANCH
CBK0002228,TXN00018314,True,USR71704,False,MCH3815,False,2026-03-20 17:55:00,2026-03-21 12:55:00,2026-04-07 00:00:00,True,0.0,1635.13,False,False,SERVICE_NOT_DELIVERED,Merchant Not Delivered,Merchant service was not delivered after payment.,PENDING_BANK,MEDIUM,BRANCH
CBK0001211,,False,USR53527,False,MCH4848,True,2026-03-27 00:00:00,2026-03-29 12:22:56,2026-04-11 00:00:00,True,2.0,988.08,False,False,FRAUD_SUSPECTED,scam,Complaint received after multiple failed attempts.,OPEN,HIGH,APP
CBK0001447,TXN00015239,True,USR59920,True,MCH4650,False,2026-02-17 00:00:00,2026-02-19 00:00:00,2026-02-19 00:00:00,True,2.0,10770.37,False,False,DUPLICATE_DEBIT,charged twice,User says UPI PIN was not entered by them.,IN_PROGRESS,LOW,BRANCH
CBK0001476,TXN00009355,True,USR74753,True,MCH9250,False,,2026-01-17 07:44:00,2026-01-18 00:00:00,True,,2786.42,False,False,AMOUNT_MISMATCH,Wrong Amount,User reports money deducted but merchant denies receiving payment.,RESOLVED,MEDIUM,IVR
CBK0002292,TXN00014118,True,USR56014,False,MCH1692,False,2026-01-06 00:00:00,2026-01-07 00:00:00,2026-01-29 00:00:00,True,1.0,3230.0,False,False,AMOUNT_MISMATCH,extra amount deducted,Merchant service was not delivered after payment.,REJECTED,MEDIUM,CHATBOT
CBK0001345,TXN00016061,True,USR71319,False,MCH7074,True,2026-01-02 00:00:00,2026-01-05 00:00:00,2026-01-24 00:00:00,True,3.0,3106.54,True,False,SERVICE_NOT_DELIVERED,service failed,USER SAYS UPI PIN WAS NOT ENTERED BY THEM.,REJECTED,MEDIUM,IVR
CBK0001200,TXN00008369,True,USR34652,False,MCH1854,True,2026-03-09 13:02:31,2026-03-10 00:00:00,2026-03-13 00:00:00,True,0.0,690.97,False,False,FRAUD_SUSPECTED,fraud,Payment made to unknown merchant as per cust statement.,OPEN,MEDIUM,CALL_CENTER
CBK0000280,TXN00006257,True,USR14813,True,MCH5918,True,,2026-01-05 00:00:00,2026-01-30 01:29:00,True,,350.52,False,False,GENERAL_DISPUTE,no service,User says UPI PIN was not entered by them.,CLOSED,MEDIUM,EMAIL
CBK0001354,TXN00014155,True,USR29864,True,MCH9709,False,2026-02-01 00:00:00,2026-02-06 00:00:00,2026-02-19 00:00:00,True,5.0,2193.93,False,False,GENERAL_DISPUTE,DUP_DEBIT,Customer says amount was debited twice.,RESOLVED,MEDIUM,EMAIL
CBK0001015,TXN00016813,True,USR32994,False,MCH3718,True,2026-03-06 17:47:01,,,True,,9012.82,False,False,DUPLICATE_DEBIT,charged twice,User reports money deducted but merchant denies receiving payment.,OPEN,HIGH,BRANCH
CBK0002601,TXN00008048,True,USR47942,False,MCH3036,False,2026-02-07 03:19:43,2026-02-10 00:00:00,2026-03-04 00:00:00,True,2.0,7477.0,False,False,FRAUD_SUSPECTED,Fraud Suspected,Payment made to unknown merchant as per customer statement.,IN_PROGRESS,HIGH,IVR
CBK0001159,TXN00004247,True,USR78862,False,MCH9098,True,2026-01-30 00:00:00,,,True,,1908.75,False,False,GENERAL_DISPUTE,no service,Merchant service was not delivered after payment. NA,IN_PROGRESS,MEDIUM,CHATBOT
CBK0000535,TXN00013922,True,USR57069,True,MCH3346,False,2026-02-27 00:00:00,2026-03-04 00:00:00,2026-03-12 22:10:12,True,5.0,,False,True,ACCOUNT_TAKEOVER,login compromised,Customer complaint text unclear due to poor call center notes.,IN_PROGRESS,MEDIUM,APP
CBK0000581,TXN00007551,True,USR73632,False,MCH8435,True,2026-01-11 00:00:00,2026-01-14 00:00:00,2026-01-28 00:00:00,True,3.0,1887.02,False,False,DUPLICATE_DEBIT,Duplicate Debit,merchant service was not delivered after payment.,RESOLVED,MEDIUM,CHATBOT
CBK0002148,TXN00006250,True,USR11419,False,MCH4680,False,2026-01-28 00:26:31,2026-01-29 00:00:00,2026-02-26 00:00:00,True,0.0,836.39,False,False,GENERAL_DISPUTE,customer issue,Payment made to unknown merchant as per customer statement.,IN_PROGRESS,LOW,CHATBOT
CBK0001882,TXN00001309,True,USR58639,False,MCH2755,True,2026-01-27 00:00:00,2026-01-29 03:01:00,,True,2.0,,False,True,ACCOUNT_TAKEOVER,account hacked,suspicious high-value payment disputed by customer.,PENDING_BANK,HIGH,EMAIL
CBK0000659,TXN00017737,True,USR53527,False,MCH3861,False,2026-02-11 00:00:00,2026-02-16 00:00:00,2026-02-28 23:40:00,True,5.0,1419.1,False,False,GENERAL_DISPUTE,customer issue,Payment made to unknown merchant as per customer statement.,CLOSED,CRITICAL,CHATBOT
CBK0001128,TXN00007988,True,USR69706,True,MCH2973,True,2026-01-11 00:00:00,2026-01-17 00:00:00,,True,6.0,1309.6,False,False,UNAUTHORIZED_TRANSACTION,Unauthorized Transaction,Merchant service was not delivered after payment.,RESOLVED,LOW,IVR
CBK0001019,TXN00010667,True,USR25121,False,MCH5175,False,2026-03-01 00:00:00,2026-03-02 09:12:00,2026-03-16 09:12:00,True,1.0,276.61,False,False,GENERAL_DISPUTE,customer issue,Complaint received after multiple failed attempts.,OPEN,LOW,EMAIL
CBK0002025,TXN00011048,True,USR73065,True,MCH3751,False,2026-02-09 00:00:00,2026-02-11 00:00:00,2026-03-11 00:00:00,True,2.0,946.11,False,False,GENERAL_DISPUTE,dispute raised,Suspicious high-value payment disputed by customer.,CLOSED,LOW,APP
CBK0000548,TXN00010219,True,USR53771,False,MCH4421,True,2026-03-03 00:00:00,2026-03-06 00:00:00,2026-03-23 00:00:00,True,3.0,9344.29,False,False,UNAUTHORIZED_TRANSACTION,unauthorized_transaction,customer says transaction was not authorized.,IN_PROGRESS,HIGH,CHATBOT
CBK0001720,TXN00009955,True,USR71375,False,MCH7982,True,2026-03-04 05:18:00,2026-03-11 00:00:00,,True,6.0,2132.38,False,False,SERVICE_NOT_DELIVERED,Merchant Not Delivered,user claims account was compromised before transaction.,PENDING_BANK,MEDIUM,CHATBOT
CBK0002283,TXN00010523,True,USR84010,False,MCH6886,False,2026-02-22 02:27:40,2026-02-25 00:00:00,,True,2.0,907.87,False,False,AMOUNT_MISMATCH,amount mismatch,Customer complaint text unclear due to poor call center notes.,IN_PROGRESS,HIGH,APP
CBK0000008,TXN00010497,True,USR15241,False,MCH2822,False,2026-02-10 00:00:00,2026-02-15 00:00:00,2026-02-16 00:00:00,True,5.0,1549.8,False,False,ACCOUNT_TAKEOVER,ATO,Merchant service was not delivered after payment.,PENDING_BANK,MEDIUM,CHATBOT
CBK0000850,TXN00013581,True,USR49649,False,MCH8251,False,2026-01-09 00:00:00,2026-01-09 22:29:08,2026-01-24 22:29:00,True,0.0,162.44,False,False,FRAUD_SUSPECTED,FRAUD,Payment made to unknown merchant as per customer statement.,CLOSED,LOW,CHATBOT
CBK0002122,TXN00015416,True,USR51198,False,MCH5655,False,2026-02-07 00:00:00,2026-02-09 00:00:00,,True,2.0,4100.6,False,False,AMOUNT_MISMATCH,incorrect amount,Merchant service was not delivered after payment.,REJECTED,LOW,EMAIL
CBK0002649,TXN00007227,True,USR18102,True,MCH8436,True,2026-03-03 00:00:00,2026-03-06 08:40:00,2026-03-15 00:00:00,True,3.0,3120.43,False,False,GENERAL_DISPUTE,no service,Payment made to unknown merchant as per customer statement.,REJECTED,MEDIUM,EMAIL
CBK0002301,TXN00016200,True,USR35882,False,MCH8547,False,2026-01-20 15:12:31,2026-01-22 03:12:00,2026-02-07 00:00:00,True,1.0,1071.38,False,False,SERVICE_NOT_DELIVERED,Merchant Not Delivered,Suspicious high-value payment disputed by customer.,CLOSED,HIGH,EMAIL
CBK0001793,TXN00004370,True,USR75457,False,MCH8779,True,2026-01-24 00:00:00,2026-01-30 00:00:00,2026-02-16 00:00:00,True,6.0,733.59,False,False,UNAUTHORIZED_TRANSACTION,UNAUTHORISED,user claims account was compromised before transaction.,PENDING_BANK,MEDIUM,IVR
CBK0002022,TXN00011522,True,USR85266,False,MCH4641,True,,,2026-05-01 00:00:00,True,,1768.79,False,False,SERVICE_NOT_DELIVERED,item not received,User claims account was compromised before transaction.,PENDING_BANK,HIGH,APP
CBK0001053,TXN00012989,True,USR53359,False,MCH4181,False,2026-02-22 00:00:00,2026-02-28 09:07:48,2026-03-21 00:00:00,True,6.0,2439.31,False,False,GENERAL_DISPUTE,dispute raised,Customer says transaction was not authorized.,IN_PROGRESS,LOW,BRANCH
CBK0000766,TXN00012205,True,USR25990,False,MCH4590,False,2026-01-08 15:49:00,,2026-02-09 00:00:00,True,,2093.79,False,False,SERVICE_NOT_DELIVERED,item not received,Customer complaint text unclear due to poor call center notes.,PENDING_BANK,MEDIUM,BRANCH
CBK0002308,TXN00006966,True,USR87795,False,MCH4912,True,2026-02-11 00:00:00,2026-02-12 20:09:09,2026-02-17 00:00:00,True,1.0,645.29,False,False,GENERAL_DISPUTE,no service,Customer says transaction was not authorized.,IN_PROGRESS,MEDIUM,EMAIL
CBK0001472,TXN00015404,True,USR62254,True,MCH1722,True,2026-03-29 00:00:00,2026-03-30 00:00:00,2026-03-31 17:46:38,True,1.0,1356.41,False,False,GENERAL_DISPUTE,dispute raised,user says upi pin was not entered by them.,OPEN,LOW,APP
CBK0001737,TXN00035157,False,USR51742,False,MCH3992,False,2026-01-22 00:00:00,,,True,,4673.28,False,False,ACCOUNT_TAKEOVER,Account Takeover,Customer says transaction was not authorized.,CLOSED,CRITICAL,APP
CBK0000416,TXN00011455,True,USR31649,False,MCH3367,False,2026-03-15 00:00:00,2026-03-17 00:00:00,2026-03-19 00:00:00,True,2.0,5856.29,True,False,FRAUD_SUSPECTED,fraud,User claims account was compromised before transaction.,RESOLVED,MEDIUM,BRANCH
CBK0001659,TXN00013503,True,USR75281,False,MCH8953,True,2026-03-29 00:00:00,2026-04-01 23:21:32,,True,3.0,2276.34,False,False,GENERAL_DISPUTE,no service,Customer says transaction was not authorized.,REJECTED,MEDIUM,CALL_CENTER
CBK0001784,TXN00013078,True,USR21865,False,MCH5686,False,,2026-03-11 16:33:33,2026-03-25 00:00:00,True,,26923.0,False,False,GENERAL_DISPUTE,Customer Dispute,Complaint received after multiple failed attempts.,IN_PROGRESS,HIGH,CALL_CENTER
CBK0001450,TXN00009783,True,USR83126,True,MCH9291,True,2026-01-24 22:52:00,2026-01-30 00:00:00,2026-02-15 00:00:00,True,5.0,2123.46,False,False,DUPLICATE_DEBIT,Duplicate Debit,User says UPI PIN was not entered by them.,CLOSED,MEDIUM,CHATBOT
CBK0002715,TXN00004748,True,USR44569,False,MCH3100,False,2026-02-09 00:00:00,2026-02-09 00:00:00,2026-02-25 00:00:00,True,0.0,3976.68,False,False,SERVICE_NOT_DELIVERED,item not received,Payment made to unknown merchant as per cust statement.,CLOSED,LOW,EMAIL
CBK0001083,TXN00012710,True,USR93300,False,MCH8278,False,2026-03-31 09:56:13,2026-04-04 00:00:00,,True,3.0,1691.84,False,False,SERVICE_NOT_DELIVERED,delivery issue,Customer says transaction was not authorized. NA,IN_PROGRESS,LOW,CALL_CENTER
CBK0001401,TXN00005811,True,USR43185,False,MCH1236,False,2026-02-17 19:01:40,2026-02-18 20:01:40,,True,1.0,636.43,False,False,AMOUNT_MISMATCH,incorrect amount,user says upi pin was not entered by them.,CLOSED,MEDIUM,CHATBOT
CBK0002028,TXN00013363,True,USR79366,False,MCH1123,False,2026-02-15 00:00:00,,2026-02-27 00:00:00,True,,740.0,False,False,GENERAL_DISPUTE,dispute raised,User claims account was compromised before transaction.,REJECTED,LOW,CHATBOT
CBK0001705,TXN00019762,True,USR21831,False,MCH4473,False,2026-01-29 00:00:00,2026-02-01 11:13:12,2026-02-13 00:00:00,True,3.0,978.26,False,False,FRAUD_SUSPECTED,fraud,User claims account was compromised before transaction.,RESOLVED,HIGH,EMAIL
CBK0002651,TXN00011973,True,USR27533,True,MCH7670,False,2026-02-16 20:01:15,2026-02-19 15:01:15,2026-02-26 15:01:15,True,2.0,50.0,False,False,SERVICE_NOT_DELIVERED,item not received,Payment made to unknown merchant as per customer statement.,OPEN,HIGH,BRANCH
CBK0000233,TXN00018991,True,USR98336,True,MCH7031,True,2026-02-17 00:00:00,2026-02-23 00:00:00,2026-03-23 17:03:00,True,6.0,5661.32,False,False,UNAUTHORIZED_TRANSACTION,unauth txn,Customer complaint text unclear due to poor call center notes.,OPEN,MEDIUM,IVR
CBK0002624,TXN00001580,True,USR72987,True,MCH6380,True,2026-01-18 00:00:00,2026-01-22 00:00:00,2026-01-25 01:58:32,True,4.0,19958.58,False,False,UNAUTHORIZED_TRANSACTION,Unauthorized Transaction,Customer complaint text unclear due to poor call center notes.,PENDING_BANK,CRITICAL,APP
CBK0000713,TXN00015731,True,USR42970,True,MCH8779,True,2026-02-08 00:00:00,2026-02-11 00:00:00,2026-03-03 18:11:53,True,3.0,,False,True,GENERAL_DISPUTE,customer issue,user says upi pin was not entered by them.,OPEN,HIGH,EMAIL
CBK0002349,TXN00003229,True,USR86279,False,MCH1006,False,2026-02-21 00:00:00,2026-02-26 12:36:19,2026-03-25 00:00:00,True,5.0,12194.3,False,False,DUPLICATE_DEBIT,double debit,User reports money deducted but merchant denies receiving payment.,IN_PROGRESS,MEDIUM,CHATBOT
CBK0001368,TXN00017555,True,USR49364,False,MCH8953,True,2026-01-24 07:12:30,,2026-02-14 00:00:00,True,,2069.43,False,False,UNAUTHORIZED_TRANSACTION,Unauthorized Transaction,user reports money deducted but merchant denies receiving payment.,OPEN,LOW,CHATBOT
CBK0002527,TXN00014880,True,USR22078,False,MCH5647,False,2026-01-13 00:00:00,,2026-02-02 00:00:00,True,,3936.04,False,False,UNAUTHORIZED_TRANSACTION,unauth txn,Payment made to unknown merchant as per customer statement.,RESOLVED,MEDIUM,EMAIL
CBK0000355,TXN00010372,True,USR64774,False,MCH3196,False,2026-03-08 13:27:13,2026-03-23 00:00:00,2026-04-11 00:00:00,True,14.0,307.0,False,False,UNAUTHORIZED_TRANSACTION,UNAUTHORISED,CUSTOMER SAYS TRANSACTION WAS NOT AUTHORIZED.,IN_PROGRESS,CRITICAL,IVR
CBK0000500,TXN00002450,True,USR53546,True,MCH7357,True,2026-01-21 00:00:00,2026-01-23 00:00:00,,True,2.0,896.7,False,False,AMOUNT_MISMATCH,amount mismatch,User claims account was compromised before transaction.,PENDING_BANK,MEDIUM,CHATBOT
CBK0000213,TXN00019537,True,USR55133,False,MCH1458,True,2026-02-15 00:00:00,2026-02-15 13:11:18,2026-02-15 00:00:00,False,,613.06,False,False,GENERAL_DISPUTE,customer issue,User reports money deducted but merchant denies receiving payment. NA,REJECTED,MEDIUM,CALL_CENTER
CBK0000214,TXN00000769,True,USR93581,False,MCH6844,True,2026-03-18 00:00:00,,2026-04-06 00:00:00,True,,509.24,False,False,AMOUNT_MISMATCH,extra amount deducted,User claims account was compromised before transaction.,OPEN,MEDIUM,IVR
CBK0000577,,False,USR81643,False,MCH3563,True,2026-01-11 04:14:50,2026-01-11 00:00:00,2026-01-29 00:00:00,False,,,False,True,SERVICE_NOT_DELIVERED,Service Not Provided,Customer says transaction was not authorized.,OPEN,LOW,BRANCH
CBK0001437,TXN00009735,True,USR48653,False,MCH3671,True,2026-02-04 00:00:00,2026-02-07 00:00:00,2026-02-15 00:00:00,True,3.0,1222.97,False,False,SERVICE_NOT_DELIVERED,item not received,Customer complaint text unclear due to poor call center notes.,PENDING_BANK,HIGH,CHATBOT
CBK0000992,TXN00000272,True,USR31026,False,MCH2646,True,2026-01-03 12:44:24,,2026-01-25 00:00:00,True,,9250.0,False,False,ACCOUNT_TAKEOVER,account hacked,User claims account was compromised before transaction.,PENDING_BANK,MEDIUM,BRANCH
CBK0000628,TXN00004074,True,USR56605,True,MCH8953,True,2026-02-24 20:57:00,2026-03-02 00:00:00,2026-03-23 00:00:00,True,5.0,3617.74,False,False,SERVICE_NOT_DELIVERED,merchant service issue,Payment made to unknown merchant as per customer statement.,REJECTED,LOW,EMAIL
CBK0001050,TXN00010429,True,USR33397,False,MCH2522,True,2026-03-18 20:21:00,2026-05-03 00:00:00,2026-05-16 04:21:08,True,45.0,4066.0,False,False,GENERAL_DISPUTE,DUP_DEBIT,Customer complaint text unclear due to poor call center notes.,IN_PROGRESS,LOW,IVR
CBK0000364,TXN00017377,True,USR55664,False,MCH9309,False,2026-02-02 00:00:00,2026-02-08 04:18:41,2026-02-19 00:00:00,True,6.0,9493.15,False,False,DUPLICATE_DEBIT,charged twice,Customer complaint text unclear due to poor call center notes. call dropped,OPEN,MEDIUM,BRANCH
CBK0002272,TXN00008542,True,USR97580,True,MCH5904,True,2026-01-12 05:13:00,2026-01-14 00:00:00,2026-01-21 00:00:00,True,1.0,,False,True,SERVICE_NOT_DELIVERED,service failed,Customer says amount was debited twice.,PENDING_BANK,MEDIUM,CHATBOT
CBK0000106,TXN00016875,True,USR34270,True,MCH7335,True,,,2026-04-19 00:00:00,True,,570.66,True,False,UNAUTHORIZED_TRANSACTION,Unauthorized Transaction,Payment made to unknown merchant as per customer statement.,PENDING_BANK,LOW,CHATBOT
CBK0000848,TXN00000823,True,USR23460,False,MCH5954,True,2026-03-30 00:00:00,2026-04-29 00:00:00,2026-05-06 00:00:00,True,30.0,1982.27,False,False,FRAUD_SUSPECTED,scam,Customer says transaction was not authorized.,RESOLVED,LOW,IVR
CBK0000506,TXN00018031,True,USR67892,False,MCH2770,True,2026-01-19 00:00:00,2026-01-22 05:45:24,2026-02-18 00:00:00,True,3.0,700.6,True,False,AMOUNT_MISMATCH,extra amount deducted,User reports money deducted but merchant denies receiving payment.,REJECTED,MEDIUM,CALL_CENTER
CBK0000714,TXN00000238,True,USR50454,False,MCH5655,False,2026-02-06 00:00:00,2026-02-07 00:00:00,,True,1.0,2745.21,False,False,UNAUTHORIZED_TRANSACTION,unauthorized_transaction,Suspicious high-value payment disputed by customer.,PENDING_BANK,MEDIUM,EMAIL
CBK0002318,TXN00011955,True,USR35555,False,MCH3810,True,2026-03-22 10:52:40,2026-03-26 00:00:00,,True,3.0,918.61,True,False,GENERAL_DISPUTE,dispute raised,Suspicious high-value payment disputed by customer. call dropped,PENDING_BANK,LOW,APP
CBK0000557,TXN00012212,True,USR36059,True,MCH7684,False,2026-02-03 00:00:00,2026-02-03 19:12:00,2026-02-09 00:00:00,True,0.0,2586.86,False,False,GENERAL_DISPUTE,DUP_DEBIT,User reports money deducted but merchant denies receiving payment.,PENDING_BANK,LOW,BRANCH
CBK0001877,TXN00098339,False,USR15575,False,MCH5651,False,2026-01-29 20:48:22,2026-01-28 00:00:00,2026-02-04 00:00:00,False,,194.24,False,False,FRAUD_SUSPECTED,FRAUD,User says UPI PIN was not entered by them.,IN_PROGRESS,LOW,CHATBOT
CBK0000601,TXN00017368,True,USR21789,True,MCH8779,True,2026-02-07 00:00:00,2026-02-12 00:00:00,2026-02-26 00:00:00,True,5.0,,False,True,SERVICE_NOT_DELIVERED,merchant service issue,Customer complaint text unclear due to poor call center notes.,IN_PROGRESS,MEDIUM,BRANCH
CBK0001786,TXN00091289,False,USR77896,True,MCH8389,True,2026-03-08 00:00:00,2026-03-19 00:00:00,,True,11.0,954.04,False,False,GENERAL_DISPUTE,no service,Complaint received after multiple failed attempts.,RESOLVED,CRITICAL,BRANCH
CBK0000102,TXN00013948,True,USR79115,False,MCH3570,True,2026-01-22 00:00:00,2026-01-29 19:15:57,2026-02-16 19:15:57,True,7.0,7171.27,False,False,GENERAL_DISPUTE,complaint,Payment made to unknown merchant as per customer statement.,IN_PROGRESS,LOW,APP
CBK0000745,TXN00010462,True,USR47272,False,MCH8805,True,2026-01-13 00:00:00,2026-01-17 00:35:00,2026-02-03 00:35:16,True,4.0,4246.38,False,False,ACCOUNT_TAKEOVER,account hacked,User reports money deducted but merchant denies receiving payment.,CLOSED,LOW,CHATBOT
CBK0000748,TXN00009850,True,USR16745,True,MCH7753,False,2026-02-06 07:19:27,2026-02-04 07:19:27,2026-02-21 00:00:00,False,,1130.39,False,False,FRAUD_SUSPECTED,FRAUD,Customer complaint text unclear due to poor call center notes.,OPEN,LOW,EMAIL
CBK0002478,TXN00016308,True,USR74358,False,MCH6401,True,2026-01-14 00:00:00,2026-01-17 21:14:00,2026-01-23 21:14:01,True,3.0,3857.22,False,False,FRAUD_SUSPECTED,fraud,Suspicious high-value payment disputed by customer.,OPEN,LOW,CHATBOT
CBK0002800,TXN00003664,True,USR55718,False,MCH3777,False,2026-01-08 06:03:43,2026-01-10 21:03:00,2026-01-31 21:03:00,True,2.0,1000.95,False,False,SERVICE_NOT_DELIVERED,Merchant Not Delivered,Customer says amount was debited twice.,CLOSED,MEDIUM,IVR
CBK0002115,TXN00015780,True,USR98420,False,MCH7025,True,2026-01-21 00:00:00,2026-02-06 03:02:02,2026-02-27 00:00:00,True,16.0,1404.29,False,False,GENERAL_DISPUTE,Customer Dispute,User says UPI PIN was not entered by them.,OPEN,MEDIUM,IVR
CBK0000948,TXN00019010,True,USR39487,True,MCH7891,True,2026-02-18 00:00:00,2026-02-13 00:00:00,2026-02-27 00:00:00,False,,983.91,False,False,ACCOUNT_TAKEOVER,ATO,Payment made to unknown merchant as per customer statement.,PENDING_BANK,LOW,EMAIL
CBK0002763,TXN00010243,True,USR96392,True,MCH8516,False,2026-03-29 07:29:00,2026-03-29 22:29:48,2026-04-14 00:00:00,True,0.0,1043.0,False,False,AMOUNT_MISMATCH,incorrect amount,merchant service was not delivered after payment.,RESOLVED,LOW,CALL_CENTER
CBK0001826,TXN00012615,True,USR61997,False,MCH4353,True,2026-02-02 00:00:00,2026-02-13 14:10:00,2026-03-03 14:10:36,True,11.0,2049.68,False,False,UNAUTHORIZED_TRANSACTION,unauthorized_transaction,Suspicious high-value payment disputed by customer.,PENDING_BANK,MEDIUM,APP
CBK0000378,TXN00018467,True,USR80805,False,MCH5264,False,2026-02-14 00:00:00,,2026-03-15 00:00:00,True,,688.0,False,False,DUPLICATE_DEBIT,Duplicate Debit,customer says transaction was not authorized.,IN_PROGRESS,MEDIUM,BRANCH
CBK0001134,TXN00017548,True,USR13243,False,MCH9359,True,2026-03-11 00:00:00,2026-03-13 00:00:00,2026-03-29 00:00:00,True,2.0,6612.88,False,False,DUPLICATE_DEBIT,Duplicate Debit,User reports money deducted but merchant denies receiving payment.,RESOLVED,MEDIUM,IVR
CBK0001731,TXN00004984,True,USR87558,False,MCH9299,True,2026-03-31 00:00:00,2026-04-05 00:00:00,,True,5.0,1369.23,False,False,ACCOUNT_TAKEOVER,ATO,User reports money deducted but merchant denies receiving payment.,RESOLVED,HIGH,CHATBOT
CBK0002574,TXN00017235,True,USR62800,False,MCH8945,True,2026-02-08 05:11:43,2026-02-12 02:11:43,2026-02-25 02:11:00,True,3.0,18567.74,False,False,GENERAL_DISPUTE,no service,User says UPI PIN was not entered by them.,PENDING_BANK,MEDIUM,IVR
CBK0001494,TXN00012935,True,USR97835,False,MCH9262,False,2026-01-26 00:00:00,2026-01-27 01:43:00,2026-02-13 00:00:00,True,1.0,7997.0,False,False,GENERAL_DISPUTE,dispute raised,User reports money deducted but merchant denies receiving payment.,OPEN,LOW,CHATBOT
CBK0001678,TXN00013912,True,USR44975,False,MCH7114,False,2026-01-18 00:00:00,2026-01-19 00:00:00,2026-02-10 00:00:00,True,1.0,1478.88,True,False,SERVICE_NOT_DELIVERED,Merchant Not Delivered,Customer says amount was debited twice.,OPEN,HIGH,IVR
CBK0001643,TXN00000106,True,USR58071,False,MCH5954,True,2026-02-11 00:00:00,2026-02-19 08:16:00,,True,8.0,7755.19,False,False,UNAUTHORIZED_TRANSACTION,unauthorized_transaction,Complaint received after multiple failed attempts.,PENDING_BANK,CRITICAL,CHATBOT
CBK0000190,TXN00009749,True,USR32223,False,MCH5076,False,2026-01-15 00:00:00,2026-01-23 00:00:00,2026-02-02 00:00:00,True,8.0,193.15,False,False,AMOUNT_MISMATCH,amount mismatch,Customer says transaction was not authorized.,RESOLVED,LOW,IVR
CBK0000556,TXN00013406,True,USR49847,False,MCH4590,False,2026-03-08 00:00:00,2026-03-24 02:07:00,2026-04-16 00:00:00,True,16.0,6052.19,False,False,FRAUD_SUSPECTED,suspicious transaction,Customer complaint text unclear due to poor call center notes.,OPEN,HIGH,IVR
CBK0000222,TXN00003640,True,USR39837,False,MCH5980,True,2026-01-07 11:53:00,2026-01-09 00:00:00,2026-01-24 12:53:46,True,1.0,2301.83,False,False,ACCOUNT_TAKEOVER,Account Takeover,Suspicious high-value payment disputed by customer.,PENDING_BANK,MEDIUM,CALL_CENTER
CBK0002310,TXN00008525,True,USR62313,False,MCH8146,True,2026-03-03 00:00:00,2026-03-05 00:00:00,,True,2.0,1760.95,False,False,AMOUNT_MISMATCH,Wrong Amount,Suspicious high-value payment disputed by customer.,CLOSED,HIGH,BRANCH
CBK0001236,TXN00016325,True,USR50779,True,MCH1320,True,2026-03-01 00:00:00,2026-03-07 00:00:00,2026-04-06 06:00:50,True,6.0,1085.5,False,False,UNAUTHORIZED_TRANSACTION,not done by me,Suspicious high-value payment disputed by customer.,REJECTED,MEDIUM,EMAIL
CBK0001039,TXN00010686,True,USR79207,False,MCH7408,True,2026-02-27 07:41:36,2026-03-01 20:41:36,2026-03-03 00:00:00,True,2.0,1379.0,False,False,AMOUNT_MISMATCH,extra amount deducted,User says UPI PIN was not entered by them.,REJECTED,CRITICAL,APP
CBK0002425,TXN00014868,True,USR39427,True,MCH2383,True,2026-01-23 23:41:30,2026-01-27 13:41:00,,True,3.0,367.0,False,False,SERVICE_NOT_DELIVERED,Merchant Not Delivered,Suspicious high-value payment disputed by customer.,PENDING_BANK,MEDIUM,IVR
CBK0001745,TXN00007273,True,USR17798,False,MCH6810,False,2026-03-02 00:00:00,2026-03-04 00:00:00,2026-03-25 00:00:00,True,2.0,673.49,False,False,DUPLICATE_DEBIT,Duplicate Debit,Payment made to unknown merchant as per customer statement.,OPEN,MEDIUM,CALL_CENTER
CBK0000764,TXN00017113,True,USR98093,False,MCH8779,True,2026-03-18 14:56:31,2026-03-21 00:00:00,2026-04-09 00:00:00,True,2.0,580.57,False,False,GENERAL_DISPUTE,Customer Dispute,Merchant service was not delivered after payment.,PENDING_BANK,MEDIUM,BRANCH
CBK0001814,TXN00002883,True,USR42970,True,MCH2296,True,2026-03-03 18:11:00,,2026-03-26 00:00:00,True,,19036.69,True,False,DUPLICATE_DEBIT,charged twice,USER SAYS UPI PIN WAS NOT ENTERED BY THEM.,OPEN,CRITICAL,CALL_CENTER
CBK0002536,TXN00009622,True,USR33596,False,MCH3032,False,2026-03-03 00:00:00,,2026-03-17 00:16:23,True,,,False,True,ACCOUNT_TAKEOVER,ATO,User reports money deducted but merchant denies receiving payment.,OPEN,CRITICAL,APP
CBK0000231,TXN00017060,True,USR94815,True,MCH5980,True,2026-03-25 11:16:26,2026-04-05 00:00:00,2026-04-09 00:00:00,True,10.0,575.09,False,False,GENERAL_DISPUTE,Customer Dispute,User reports money deducted but merchant denies receiving payment.,CLOSED,LOW,IVR
CBK0000462,TXN00018761,True,USR24660,False,MCH9291,True,2026-01-23 00:00:00,2026-01-24 00:00:00,2026-02-17 00:00:00,True,1.0,1500.59,False,False,UNAUTHORIZED_TRANSACTION,unauthorized_transaction,Customer says amount was debited twice.,IN_PROGRESS,LOW,EMAIL
CBK0000469,TXN00002630,True,USR94595,False,MCH7286,False,2026-03-05 13:56:13,2026-03-07 00:00:00,,True,1.0,7890.76,True,False,UNAUTHORIZED_TRANSACTION,unauthorized_transaction,Complaint received after multiple failed attempts. call dropped,PENDING_BANK,LOW,CHATBOT
CBK0000889,TXN00015963,True,USR97266,False,MCH6752,False,2026-01-12 00:00:00,2026-01-22 00:00:00,2026-01-28 00:00:00,True,10.0,3356.0,False,False,FRAUD_SUSPECTED,FRAUD,CUSTOMER SAYS AMOUNT WAS DEBITED TWICE.,IN_PROGRESS,MEDIUM,IVR
CBK0000604,TXN00008566,True,USR17861,False,MCH3597,False,2026-03-12 00:00:00,2026-03-15 06:08:29,,True,3.0,2673.74,False,False,UNAUTHORIZED_TRANSACTION,unauth txn,User claims account was compromised before transaction.,PENDING_BANK,LOW,CHATBOT
CBK0000611,TXN00014367,True,USR58639,False,MCH4078,False,2026-02-17 00:00:00,2026-03-05 00:00:00,,True,16.0,996.14,False,False,SERVICE_NOT_DELIVERED,service failed,User says UPI PIN was not entered by them.,OPEN,LOW,CHATBOT
CBK0001017,TXN00085757,False,USR56228,False,MCH8964,False,2026-03-29 00:00:00,2026-04-02 00:00:00,2026-04-19 00:00:00,True,4.0,585.8,False,False,DUPLICATE_DEBIT,charged twice,Payment made to unknown merchant as per customer statement.,REJECTED,CRITICAL,CHATBOT
CBK0002108,TXN00013246,True,USR62233,True,MCH8714,True,2026-02-12 00:00:00,2026-02-15 00:00:00,2026-02-17 00:00:00,True,3.0,5800.55,False,False,DUPLICATE_DEBIT,charged twice,Customer says amount was debited twice.,REJECTED,LOW,APP
CBK0001742,TXN00000794,True,USR25428,True,MCH4105,False,2026-02-19 00:00:00,2026-02-22 00:00:00,,True,3.0,6042.03,False,False,SERVICE_NOT_DELIVERED,Merchant Not Delivered,Complaint received after multiple failed attempts.,OPEN,HIGH,IVR
CBK0000082,TXN00013051,True,USR86387,False,MCH8735,True,2026-02-26 00:00:00,2026-02-27 00:00:00,,True,1.0,7272.0,False,False,SERVICE_NOT_DELIVERED,item not received,Suspicious high-value payment disputed by customer.,IN_PROGRESS,LOW,APP
CBK0000597,TXN00012105,True,USR80223,True,MCH3594,True,2026-02-07 00:00:00,2026-03-10 00:00:00,2026-03-25 00:00:00,True,31.0,1866.96,False,False,DUPLICATE_DEBIT,Duplicate Debit,User reports money deducted but merchant denies receiving payment.,IN_PROGRESS,LOW,CHATBOT
CBK0001220,TXN00001198,True,USR21945,False,MCH7467,False,2026-02-05 16:07:55,2026-02-03 00:00:00,2026-02-25 00:00:00,False,,3605.24,False,False,UNAUTHORIZED_TRANSACTION,not done by me,User says UPI PIN was not entered by them.,RESOLVED,HIGH,APP
CBK0001207,TXN00007505,True,USR33427,True,MCH5300,False,2026-01-31 06:45:27,2026-02-02 09:45:27,2026-02-21 00:00:00,True,2.0,13713.48,False,False,DUPLICATE_DEBIT,Duplicate Debit,Customer complaint text unclear due to poor call center notes.,IN_PROGRESS,LOW,CHATBOT
CBK0000177,TXN00001663,True,USR24926,True,MCH7681,True,2026-02-08 00:00:00,2026-02-11 00:00:00,2026-02-17 00:00:00,True,3.0,2379.68,False,False,SERVICE_NOT_DELIVERED,service failed,Complaint received after multiple failed attempts.,RESOLVED,LOW,IVR
CBK0001332,TXN00009814,True,USR65176,False,MCH2398,True,2026-01-22 00:00:00,2026-02-01 00:00:00,2026-02-26 11:15:00,True,10.0,1195.47,False,False,SERVICE_NOT_DELIVERED,not delivered,Customer says transaction was not authorized.,IN_PROGRESS,MEDIUM,BRANCH
CBK0000021,TXN00013452,True,USR44435,True,MCH8391,True,2026-02-18 00:00:00,2026-03-06 00:25:19,,True,16.0,2480.91,True,False,FRAUD_SUSPECTED,Fraud Suspected,User reports money deducted but merchant denies receiving payment.,IN_PROGRESS,MEDIUM,IVR
CBK0001202,TXN00005621,True,USR59000,True,MCH3815,False,2026-03-15 00:00:00,2026-03-19 21:25:48,,True,4.0,8601.0,False,False,GENERAL_DISPUTE,customer issue,Customer says transaction was not authorized.,RESOLVED,LOW,CHATBOT
CBK0002171,TXN00015034,True,USR73039,False,MCH1572,False,2026-03-19 00:00:00,2026-03-22 20:42:00,,True,3.0,8134.61,False,False,GENERAL_DISPUTE,DUP_DEBIT,Payment made to unknown merchant as per cust statement.,RESOLVED,HIGH,CALL_CENTER
CBK0001878,TXN00014566,True,USR75314,False,MCH2363,False,2026-03-20 00:00:00,2026-03-24 07:04:16,2026-04-09 07:04:16,True,4.0,2311.12,False,False,DUPLICATE_DEBIT,charged twice,customer says transaction was not authorized.,PENDING_BANK,HIGH,APP
CBK0002648,TXN00015715,True,USR23388,True,MCH7559,False,2026-02-10 00:00:00,2026-02-12 17:59:00,2026-02-15 17:59:00,True,2.0,9730.68,False,False,AMOUNT_MISMATCH,amount mismatch,Customer complaint text unclear due to poor call center notes.,IN_PROGRESS,LOW,EMAIL
CBK0000078,TXN00019392,True,USR55898,False,MCH8405,True,2026-01-21 00:00:00,2026-01-22 00:00:00,2026-01-27 00:00:00,True,1.0,16244.17,False,False,GENERAL_DISPUTE,customer issue,User claims account was compromised before transaction.,CLOSED,HIGH,IVR
CBK0001469,TXN00008274,True,USR45724,True,MCH3032,False,2026-02-25 00:00:00,2026-02-28 00:00:00,2026-03-18 11:31:43,True,3.0,1114.45,False,False,SERVICE_NOT_DELIVERED,not delivered,Suspicious high-value payment disputed by customer.,RESOLVED,HIGH,CALL_CENTER
CBK0001428,TXN00001443,True,USR74417,False,MCH7286,False,2026-01-30 00:00:00,2026-02-02 00:00:00,2026-02-05 00:00:00,True,3.0,504.11,False,False,UNAUTHORIZED_TRANSACTION,UNAUTHORISED,User claims account was compromised before transaction.,OPEN,LOW,APP
CBK0001501,TXN00010823,True,USR14938,False,MCH1880,False,2026-01-10 21:26:00,2026-01-11 07:26:55,,True,0.0,2588.02,True,False,GENERAL_DISPUTE,DUP_DEBIT,Complaint received after multiple failed attempts.,OPEN,MEDIUM,APP
CBK0001566,TXN00004832,True,USR79325,False,MCH4041,True,2026-01-15 00:00:00,2026-01-26 00:00:00,,True,11.0,1582.6,False,False,UNAUTHORIZED_TRANSACTION,Unauthorized Transaction,Customer says amount was debited twice.,IN_PROGRESS,MEDIUM,EMAIL
CBK0001806,TXN00003889,True,USR73653,False,MCH4226,False,2026-01-12 01:06:58,2026-01-17 00:00:00,2026-02-07 00:00:00,True,4.0,2760.0,False,False,FRAUD_SUSPECTED,scam,User says UPI PIN was not entered by them.,REJECTED,HIGH,IVR
CBK0001668,TXN00013060,True,USR11531,False,MCH8697,True,2026-01-04 00:00:00,2026-01-06 00:00:00,2026-02-04 07:49:01,True,2.0,255.73,False,False,AMOUNT_MISMATCH,incorrect amount,Customer says txn was not authorized.,IN_PROGRESS,MEDIUM,EMAIL
CBK0000755,TXN00002595,True,USR34052,True,MCH5808,False,2026-03-28 00:00:00,2026-03-29 00:00:00,2026-04-27 22:33:32,True,1.0,1658.43,True,False,UNAUTHORIZED_TRANSACTION,not done by me,Suspicious high-value payment disputed by customer.,PENDING_BANK,HIGH,CHATBOT
CBK0001037,TXN00098409,False,USR20076,False,MCH8779,True,,2026-01-09 22:50:47,2026-01-11 00:00:00,True,,645.47,False,False,AMOUNT_MISMATCH,extra amount deducted,Suspicious high-value payment disputed by customer.,OPEN,HIGH,BRANCH
CBK0001813,TXN00002689,True,USR68461,False,MCH8451,True,2026-01-26 07:59:00,2026-01-29 00:00:00,2026-02-23 00:00:00,True,2.0,2158.72,False,False,SERVICE_NOT_DELIVERED,delivery issue,Merchant service was not delivered after payment.,OPEN,HIGH,CALL_CENTER
CBK0000382,TXN00000312,True,USR42726,True,MCH6175,False,,2026-01-13 00:00:00,2026-02-09 00:00:00,True,,545.34,True,False,GENERAL_DISPUTE,no service,User claims account was compromised before transaction.,PENDING_BANK,MEDIUM,CHATBOT
CBK0000706,TXN00005543,True,USR82059,False,MCH4181,False,2026-03-03 00:00:00,2026-03-05 15:23:41,2026-03-30 15:23:00,True,2.0,1362.67,False,False,AMOUNT_MISMATCH,extra amount deducted,complaint received after multiple failed attempts.,OPEN,MEDIUM,CALL_CENTER
CBK0002633,TXN00018827,True,USR76516,False,MCH2530,True,2026-03-07 00:00:00,,2026-04-09 08:35:00,True,,2231.59,False,False,SERVICE_NOT_DELIVERED,merchant service issue,Payment made to unknown merchant as per customer statement.,REJECTED,MEDIUM,IVR
CBK0000549,TXN00011700,True,USR72892,False,MCH1046,False,2026-03-30 11:04:32,2026-04-29 00:00:00,2026-05-05 00:00:00,True,29.0,14999.55,False,False,GENERAL_DISPUTE,dispute raised,Suspicious high-value payment disputed by customer.,OPEN,LOW,BRANCH
CBK0000192,TXN00001285,True,USR71300,False,MCH9402,True,2026-01-08 00:00:00,2026-01-14 00:00:00,2026-01-15 00:00:00,True,6.0,420.0,False,False,GENERAL_DISPUTE,complaint,USER SAYS UPI PIN WAS NOT ENTERED BY THEM.,OPEN,LOW,APP
CBK0001672,TXN00010193,True,USR30239,False,MCH9948,False,,2026-03-16 00:00:00,2026-03-25 00:00:00,True,,1194.2,True,False,GENERAL_DISPUTE,Customer Dispute,Customer complaint text unclear due to poor call center notes.,CLOSED,MEDIUM,EMAIL
CBK0002502,TXN00001155,True,USR59679,False,MCH6426,False,2026-03-09 02:37:30,2026-03-09 05:37:30,,True,0.0,335.78,False,False,AMOUNT_MISMATCH,incorrect amount,Payment made to unknown merchant as per customer statement.,IN_PROGRESS,MEDIUM,BRANCH
CBK0000308,TXN00017336,True,USR23149,False,MCH8953,True,2026-03-23 00:00:00,2026-04-08 16:47:26,,True,16.0,3087.13,False,False,SERVICE_NOT_DELIVERED,Merchant Not Delivered,User says UPI PIN was not entered by them.,RESOLVED,CRITICAL,CALL_CENTER
CBK0001002,TXN00015644,True,USR20239,False,MCH3815,False,2026-03-27 00:00:00,2026-03-22 07:53:46,2026-04-05 00:00:00,False,,4307.19,False,False,FRAUD_SUSPECTED,scam,User claims account was compromised before transaction.,PENDING_BANK,MEDIUM,CHATBOT
CBK0001066,TXN00015023,True,USR41036,True,MCH5655,False,2026-01-31 01:40:40,2026-02-02 00:00:00,2026-02-15 01:40:00,True,1.0,946.63,False,False,GENERAL_DISPUTE,no service,merchant service was not delivered after payment.,IN_PROGRESS,HIGH,IVR
CBK0000617,TXN00014515,True,USR11419,False,MCH7833,True,2026-02-09 00:00:00,2026-02-16 21:12:01,2026-03-04 00:00:00,True,7.0,181.44,False,False,SERVICE_NOT_DELIVERED,item not received,USER SAYS UPI PIN WAS NOT ENTERED BY THEM.,OPEN,LOW,CHATBOT
CBK0002721,TXN00017658,True,USR43499,True,MCH9765,False,2026-02-09 16:24:25,2026-02-10 00:00:00,2026-02-12 18:24:00,True,0.0,845.38,False,False,GENERAL_DISPUTE,complaint,Customer says transaction was not authorized.,PENDING_BANK,MEDIUM,EMAIL
CBK0001758,TXN00014222,True,USR16922,False,MCH6546,False,,2026-03-16 00:00:00,2026-03-17 00:00:00,True,,2187.0,False,False,AMOUNT_MISMATCH,extra amount deducted,Customer says amount was debited twice.,REJECTED,LOW,CHATBOT
CBK0002630,TXN00019209,True,USR61436,True,MCH9582,True,2026-03-12 00:00:00,2026-03-28 00:00:00,2026-04-26 00:00:00,True,16.0,13306.35,False,False,ACCOUNT_TAKEOVER,login compromised,COMPLAINT RECEIVED AFTER MULTIPLE FAILED ATTEMPTS.,OPEN,LOW,CHATBOT
CBK0000265,TXN00016348,True,USR10307,False,MCH4590,False,2026-02-21 13:58:00,2026-02-18 13:58:34,2026-02-18 13:58:34,False,,2797.85,False,False,GENERAL_DISPUTE,no service,User claims account was compromised before transaction.,REJECTED,LOW,IVR
CBK0000795,TXN00010007,True,USR13134,False,MCH3292,True,2026-03-14 00:00:00,2026-03-15 00:00:00,2026-04-11 00:00:00,True,1.0,2021.11,False,False,AMOUNT_MISMATCH,amount mismatch,Customer says transaction was not authorized. details missing,IN_PROGRESS,LOW,IVR
CBK0000274,TXN00005429,True,USR12958,True,MCH5946,False,2026-01-15 00:00:00,2026-01-18 00:00:00,2026-02-07 14:33:08,True,3.0,1860.96,False,False,SERVICE_NOT_DELIVERED,not delivered,Customer complaint text unclear due to poor call center notes.,OPEN,LOW,IVR
CBK0000779,TXN00000534,True,USR89996,False,MCH4842,True,2026-02-07 00:00:00,2026-02-04 00:00:00,2026-03-03 00:00:00,False,,1352.13,False,False,UNAUTHORIZED_TRANSACTION,unauth txn,User reports money deducted but merchant denies receiving payment.,OPEN,LOW,CALL_CENTER
CBK0001116,TXN00080108,False,USR56399,True,MCH3406,True,2026-02-05 00:00:00,2026-03-22 14:28:00,2026-03-31 00:00:00,True,45.0,1189.65,False,False,SERVICE_NOT_DELIVERED,Merchant Not Delivered,User claims account was compromised before transaction.,IN_PROGRESS,HIGH,IVR
CBK0000162,TXN00001838,True,USR56312,False,MCH5172,False,2026-02-16 00:00:00,2026-02-19 04:02:59,2026-03-05 00:00:00,True,3.0,422.0,False,False,FRAUD_SUSPECTED,fraud,Customer says transaction was not authorized.,REJECTED,LOW,IVR
CBK0000758,TXN00015649,True,USR79175,False,MCH9344,False,2026-03-19 00:00:00,2026-03-21 00:00:00,2026-04-16 00:00:00,True,2.0,2175.05,False,False,ACCOUNT_TAKEOVER,ATO,Complaint received after multiple failed attempts.,REJECTED,HIGH,IVR
CBK0000235,TXN00006623,True,USR14727,False,MCH4226,False,2026-01-27 00:00:00,2026-02-12 09:53:35,2026-02-14 00:00:00,True,16.0,1154.99,False,False,GENERAL_DISPUTE,no service,USER CLAIMS ACCOUNT WAS COMPROMISED BEFORE TRANSACTION.,IN_PROGRESS,LOW,CHATBOT
CBK0001865,TXN00006954,True,USR17902,False,MCH6053,True,2026-03-21 00:00:00,2026-03-25 00:00:00,2026-04-20 07:07:09,True,4.0,186.51,False,False,SERVICE_NOT_DELIVERED,not delivered,Customer says transaction was not authorized.,CLOSED,MEDIUM,IVR
CBK0001534,TXN00017134,True,USR12661,True,MCH2383,True,2026-03-17 01:16:59,2026-03-18 15:16:59,2026-03-24 15:16:00,True,1.0,2108.75,True,False,UNAUTHORIZED_TRANSACTION,Unauthorized Transaction,Customer says transaction was not authorized.,RESOLVED,LOW,BRANCH
CBK0001809,TXN00010916,True,USR20534,False,MCH8241,True,2026-01-11 00:00:00,2026-01-18 00:00:00,,True,7.0,2538.37,False,False,GENERAL_DISPUTE,Customer Dispute,Customer complaint text unclear due to poor call center notes.,REJECTED,LOW,CHATBOT
CBK0001765,TXN00013993,True,USR29854,False,MCH6810,False,2026-02-06 18:41:00,2026-02-07 18:41:49,2026-02-20 00:00:00,True,1.0,2111.63,False,False,ACCOUNT_TAKEOVER,login compromised,User claims account was compromised before txn.,IN_PROGRESS,LOW,IVR
CBK0001287,TXN00011889,True,USR22939,False,MCH9579,False,2026-03-05 00:00:00,2026-03-06 00:00:00,2026-03-29 00:00:00,True,1.0,1592.55,False,False,UNAUTHORIZED_TRANSACTION,unauth txn,User reports money deducted but merchant denies receiving payment.,REJECTED,LOW,IVR
CBK0002594,TXN00005908,True,USR24024,True,MCH1329,False,2026-01-20 00:00:00,2026-01-21 00:00:00,2026-02-04 22:51:08,True,1.0,1603.01,False,False,GENERAL_DISPUTE,DUP_DEBIT,CUSTOMER SAYS AMOUNT WAS DEBITED TWICE.,CLOSED,LOW,IVR
CBK0002782,TXN00004814,True,USR53828,True,MCH2822,False,2026-03-09 04:06:54,2026-03-19 07:06:00,,True,10.0,,False,True,FRAUD_SUSPECTED,fraud,Payment made to unknown merchant as per cust statement.,REJECTED,LOW,BRANCH
CBK0000678,TXN00006912,True,USR67333,False,MCH9291,True,2026-02-08 00:00:00,,,True,,140.31,False,False,ACCOUNT_TAKEOVER,account hacked,User reports money deducted but merchant denies receiving payment.,IN_PROGRESS,MEDIUM,BRANCH
CBK0002017,TXN00009156,True,USR53547,False,MCH6913,False,2026-02-18 00:00:00,2026-02-22 12:44:40,2026-03-18 12:44:00,True,4.0,1074.12,False,False,DUPLICATE_DEBIT,charged twice,Customer says transaction was not authorized.,IN_PROGRESS,LOW,BRANCH
CBK0001396,TXN00008851,True,USR34889,False,MCH8779,True,2026-03-28 00:00:00,2026-04-27 12:50:00,2026-05-16 12:50:00,True,30.0,1383.51,False,False,DUPLICATE_DEBIT,Duplicate Debit,User reports money deducted but merchant denies receiving payment.,REJECTED,MEDIUM,BRANCH
CBK0000750,TXN00010355,True,USR45600,True,MCH5980,True,2026-02-24 00:33:16,2026-03-03 00:00:00,,True,6.0,1284.43,True,False,SERVICE_NOT_DELIVERED,item not received,Complaint received after multiple failed attempts.,CLOSED,HIGH,EMAIL
CBK0002021,TXN00012401,True,USR36322,True,MCH8425,True,2026-03-11 00:00:00,2026-03-17 00:00:00,2026-04-09 00:00:00,True,6.0,13235.72,False,False,SERVICE_NOT_DELIVERED,delivery issue,Customer says amount was debited twice.,CLOSED,LOW,CHATBOT
CBK0000977,TXN00003072,True,USR68775,False,MCH5569,True,2026-03-26 04:29:27,2026-03-29 03:29:27,2026-04-24 00:00:00,True,2.0,3800.57,False,False,SERVICE_NOT_DELIVERED,item not received,Customer complaint text unclear due to poor call center notes.,OPEN,LOW,BRANCH
CBK0000640,TXN00012946,True,USR57297,False,MCH2401,False,2026-01-12 00:00:00,2026-01-18 00:00:00,2026-01-20 00:00:00,True,6.0,3312.0,False,False,SERVICE_NOT_DELIVERED,Service Not Provided,Suspicious high-value payment disputed by customer.,CLOSED,LOW,EMAIL
CBK0001144,TXN00018387,True,USR76178,True,MCH1024,False,2026-02-15 04:54:00,2026-02-20 00:00:00,,True,4.0,741.15,False,False,FRAUD_SUSPECTED,FRAUD,USER REPORTS MONEY DEDUCTED BUT MERCHANT DENIES RECEIVING PAYMENT.,OPEN,MEDIUM,CHATBOT
CBK0002611,TXN00001244,True,USR27732,False,MCH4473,False,2026-01-24 00:00:00,2026-01-27 00:00:00,2026-02-19 00:00:00,True,3.0,722.73,False,False,FRAUD_SUSPECTED,suspicious transaction,Customer says txn was not authorized.,REJECTED,MEDIUM,IVR
CBK0002124,TXN00002782,True,USR13215,False,MCH4702,True,2026-02-28 00:00:00,2026-03-16 00:00:00,,True,16.0,832.0,False,False,SERVICE_NOT_DELIVERED,merchant service issue,Suspicious high-value payment disputed by cust.,REJECTED,HIGH,APP
CBK0001212,TXN00010220,True,USR14892,False,MCH2296,True,2026-03-03 00:00:00,2026-03-04 13:37:27,2026-03-23 00:00:00,True,1.0,4146.24,False,False,DUPLICATE_DEBIT,double debit,merchant service was not delivered after payment.,RESOLVED,LOW,IVR
CBK0000027,TXN00014669,True,USR36534,False,MCH6898,False,2026-02-10 00:00:00,2026-02-21 00:00:00,2026-03-10 06:38:00,True,11.0,1596.0,False,False,FRAUD_SUSPECTED,fraud,Customer says amount was debited twice.,RESOLVED,LOW,EMAIL
CBK0002385,TXN00016200,True,USR19881,False,MCH2065,False,2026-01-04 02:48:11,2026-02-03 00:00:00,2026-02-16 00:00:00,True,29.0,2148.76,False,False,SERVICE_NOT_DELIVERED,item not received,customer says amount was debited twice.,IN_PROGRESS,MEDIUM,EMAIL
CBK0001267,TXN00003341,True,USR56149,False,MCH6968,False,2026-02-24 00:00:00,2026-03-26 17:11:59,2026-04-20 00:00:00,True,30.0,635.0,False,False,AMOUNT_MISMATCH,Wrong Amount,CUSTOMER SAYS TRANSACTION WAS NOT AUTHORIZED.,REJECTED,LOW,EMAIL
CBK0002560,TXN00010384,True,USR77352,True,MCH2786,True,,2026-01-10 00:00:00,2026-01-26 00:00:00,True,,2047.46,False,False,GENERAL_DISPUTE,complaint,Merchant service was not delivered after payment.,IN_PROGRESS,MEDIUM,BRANCH
CBK0001386,TXN00012491,True,USR83236,True,MCH4552,True,2026-01-21 00:00:00,2026-01-22 17:32:00,2026-02-06 17:32:51,True,1.0,3187.1,True,False,SERVICE_NOT_DELIVERED,Service Not Provided,User reports money deducted but merchant denies receiving payment.,CLOSED,HIGH,BRANCH
CBK0000397,TXN00011692,True,USR71635,False,MCH2757,True,2026-03-03 00:00:00,2026-03-04 07:26:00,2026-03-05 00:00:00,True,1.0,3309.0,False,False,DUPLICATE_DEBIT,Duplicate Debit,Merchant service was not delivered after payment.,OPEN,MEDIUM,IVR
CBK0002613,TXN00008727,True,USR47519,True,MCH3071,True,2026-03-14 00:00:00,2026-03-17 22:35:31,,True,3.0,253.89,False,False,GENERAL_DISPUTE,complaint,Merchant service was not delivered after payment.,IN_PROGRESS,LOW,IVR
CBK0001869,TXN00000074,True,USR49567,False,MCH3266,True,2026-02-18 00:00:00,2026-02-23 23:56:04,2026-03-18 00:00:00,True,5.0,1503.93,True,False,AMOUNT_MISMATCH,Wrong Amount,Customer says transaction was not authorized. urgent,RESOLVED,MEDIUM,IVR
CBK0002654,TXN00013866,True,USR55262,True,MCH4226,False,2026-03-25 00:00:00,2026-04-09 21:53:19,2026-04-13 21:53:19,True,15.0,3952.26,True,False,ACCOUNT_TAKEOVER,Account Takeover,Payment made to unknown merchant as per customer statement.,REJECTED,LOW,CHATBOT
CBK0002714,TXN00001631,True,USR87649,False,MCH3989,True,2026-02-26 00:00:00,,2026-03-25 19:43:59,True,,1405.08,False,False,UNAUTHORIZED_TRANSACTION,not done by me,Suspicious high-value payment disputed by customer.,RESOLVED,LOW,IVR
CBK0001562,TXN00018017,True,USR24710,False,MCH6971,False,2026-02-07 03:36:00,2026-02-17 08:36:00,2026-03-01 00:00:00,True,10.0,1017.08,False,False,GENERAL_DISPUTE,customer issue,User claims account was compromised before transaction.,OPEN,MEDIUM,CHATBOT
CBK0001934,TXN00000863,True,USR78884,False,MCH9125,True,2026-03-11 16:53:00,2026-03-19 13:53:26,2026-03-26 00:00:00,True,7.0,2164.0,False,False,SERVICE_NOT_DELIVERED,merchant service issue,User says UPI PIN was not entered by them.,OPEN,HIGH,CHATBOT
CBK0000041,TXN00001568,True,USR27328,True,MCH3518,True,2026-01-02 00:00:00,2026-01-06 00:00:00,2026-02-01 02:46:29,True,4.0,2814.0,False,False,DUPLICATE_DEBIT,Duplicate Debit,merchant service was not delivered after payment.,IN_PROGRESS,LOW,APP
CBK0001885,,False,USR59329,False,MCH5331,False,2026-01-26 00:00:00,2026-01-31 00:00:00,2026-02-02 00:00:00,True,5.0,1908.88,False,False,FRAUD_SUSPECTED,fraud,user says upi pin was not entered by them.,REJECTED,HIGH,IVR
CBK0001719,TXN00009609,True,USR13864,True,MCH7474,False,2026-01-27 05:30:35,2026-02-01 00:00:00,,True,4.0,2225.74,False,False,ACCOUNT_TAKEOVER,login compromised,Customer says amount was debited twice.,CLOSED,HIGH,IVR
CBK0000006,TXN00007711,True,USR96033,False,MCH8372,True,2026-02-06 00:00:00,2026-02-11 23:37:04,2026-02-17 00:00:00,True,5.0,842.88,False,False,AMOUNT_MISMATCH,incorrect amount,User reports money deducted but merchant denies receiving payment.,IN_PROGRESS,HIGH,CALL_CENTER
CBK0001575,TXN00003257,True,USR24459,False,MCH6850,False,2026-01-30 00:00:00,2026-02-02 00:00:00,2026-02-04 15:20:00,True,3.0,198.46,False,False,SERVICE_NOT_DELIVERED,item not received,Merchant service was not delivered after payment.,RESOLVED,LOW,IVR
CBK0002321,TXN00014977,True,USR11586,True,MCH2103,False,2026-01-19 10:23:00,2026-01-19 00:00:00,,False,,683.69,False,False,FRAUD_SUSPECTED,fraud,User claims account was compromised before transaction.,REJECTED,HIGH,APP
CBK0000487,TXN00004712,True,USR85655,False,MCH1072,True,2026-03-08 07:36:45,2026-03-11 00:00:00,2026-04-03 00:00:00,True,2.0,2950.32,False,False,ACCOUNT_TAKEOVER,account hacked,User says UPI PIN was not entered by them.,REJECTED,CRITICAL,IVR
CBK0002725,TXN00008319,True,USR50664,True,MCH9581,False,2026-03-01 00:00:00,2026-03-11 00:00:00,2026-03-30 00:00:00,True,10.0,,False,True,UNAUTHORIZED_TRANSACTION,Unauthorized Transaction,User reports money deducted but merchant denies receiving payment.,CLOSED,LOW,CHATBOT
CBK0002628,TXN00016840,True,USR73920,False,MCH4401,True,2026-01-07 00:00:00,2026-01-09 14:02:55,,True,2.0,276.74,False,False,GENERAL_DISPUTE,dispute raised,customer says amount was debited twice.,OPEN,HIGH,BRANCH
CBK0002130,TXN00010659,True,USR82224,False,MCH4086,True,,2026-03-20 00:00:00,2026-04-18 00:00:00,True,,,False,True,DUPLICATE_DEBIT,charged twice,payment made to unknown merchant as per customer statement.,CLOSED,LOW,IVR
CBK0000935,TXN00017209,True,USR91820,False,MCH5221,False,2026-03-12 00:00:00,2026-03-14 22:13:16,2026-03-29 00:00:00,True,2.0,1552.09,False,False,DUPLICATE_DEBIT,charged twice,Customer complaint text unclear due to poor call center notes.,CLOSED,MEDIUM,EMAIL
CBK0002163,TXN00012741,True,USR47358,False,MCH2822,False,,2026-03-09 00:00:00,2026-03-31 00:00:00,True,,863.52,False,False,UNAUTHORIZED_TRANSACTION,unauth txn,Customer complaint text unclear due to poor call center notes.,IN_PROGRESS,MEDIUM,CHATBOT
CBK0000210,TXN00001539,True,USR60489,False,MCH7607,True,2026-02-06 00:00:00,2026-02-08 00:00:00,2026-02-09 00:00:00,True,2.0,2117.07,False,False,GENERAL_DISPUTE,dispute raised,customer says transaction was not authorized.,IN_PROGRESS,MEDIUM,CHATBOT
CBK0000972,TXN00017157,True,USR27216,False,MCH1366,True,2026-03-26 09:32:21,2026-03-29 00:00:00,2026-04-04 00:00:00,True,2.0,738.08,False,False,AMOUNT_MISMATCH,amount mismatch,Customer says transaction was not authorized. call dropped,PENDING_BANK,MEDIUM,BRANCH
CBK0001378,TXN00013740,True,USR53440,False,MCH5264,False,2026-02-03 00:00:00,2026-02-06 00:00:00,2026-02-12 00:00:00,True,3.0,7287.56,True,False,AMOUNT_MISMATCH,amount mismatch,Suspicious high-value payment disputed by customer.,IN_PROGRESS,LOW,EMAIL
CBK0000498,TXN00013816,True,USR55662,False,MCH9760,False,2026-03-16 00:00:00,2026-03-20 05:14:03,2026-04-13 00:00:00,True,4.0,734.96,True,False,UNAUTHORIZED_TRANSACTION,UNAUTHORISED,Customer complaint text unclear due to poor call center notes.,RESOLVED,LOW,IVR
CBK0002011,TXN00005230,True,USR24993,False,MCH5993,False,2026-01-15 20:42:00,2026-01-18 00:00:00,2026-02-16 00:00:00,True,2.0,5154.73,False,False,GENERAL_DISPUTE,no service,User says UPI PIN was not entered by them.,REJECTED,MEDIUM,APP
CBK0002475,TXN00015216,True,USR46902,True,MCH4919,False,2026-02-16 12:45:00,2026-02-19 00:00:00,2026-02-23 00:00:00,True,2.0,2997.0,False,False,UNAUTHORIZED_TRANSACTION,not done by me,Suspicious high-value payment disputed by customer.,IN_PROGRESS,CRITICAL,CALL_CENTER
CBK0000024,TXN00007464,True,USR69440,False,MCH7458,True,2026-01-18 00:00:00,2026-02-02 03:05:42,2026-02-14 00:00:00,True,15.0,2001.83,False,False,AMOUNT_MISMATCH,extra amount deducted,Complaint received after multiple failed attempts.,REJECTED,MEDIUM,CHATBOT
CBK0002300,TXN00009857,True,USR61606,False,MCH6632,True,2026-02-28 00:00:00,2026-03-05 00:00:00,,True,5.0,519.97,False,False,SERVICE_NOT_DELIVERED,item not received,Suspicious high-value payment disputed by customer.,REJECTED,MEDIUM,BRANCH
CBK0002143,TXN00078938,False,USR24536,False,MCH9291,True,2026-01-15 09:56:06,2026-01-18 00:00:00,2026-02-01 00:00:00,True,2.0,2889.21,False,False,AMOUNT_MISMATCH,incorrect amount,user claims account was compromised before transaction.,CLOSED,MEDIUM,CALL_CENTER
CBK0000161,TXN00017149,True,USR60681,False,MCH8391,True,2026-01-22 00:00:00,2026-01-24 00:00:00,2026-02-21 00:00:00,True,2.0,1317.13,False,False,FRAUD_SUSPECTED,suspicious transaction,suspicious high-value payment disputed by customer.,IN_PROGRESS,HIGH,IVR
CBK0001670,TXN00018666,True,USR83277,False,MCH7513,True,,2026-03-06 00:00:00,2026-03-25 00:00:00,True,,1677.0,False,False,UNAUTHORIZED_TRANSACTION,unauth txn,Suspicious high-value payment disputed by customer.,OPEN,MEDIUM,BRANCH
CBK0000931,TXN00005802,True,USR60098,True,MCH6474,True,2026-01-29 19:01:00,,2026-02-04 05:01:06,True,,964.98,False,False,FRAUD_SUSPECTED,Fraud Suspected,user claims account was compromised before transaction.,OPEN,MEDIUM,IVR
CBK0001176,TXN00012064,True,USR50427,False,MCH3651,False,2026-03-28 00:00:00,2026-03-29 00:00:00,2026-04-04 00:00:00,True,1.0,786.31,False,False,UNAUTHORIZED_TRANSACTION,unauthorized_transaction,Suspicious high-value payment disputed by customer.,IN_PROGRESS,MEDIUM,EMAIL
CBK0001027,TXN00002451,True,USR57852,False,MCH2510,True,2026-03-01 00:00:00,2026-03-07 00:00:00,,True,6.0,224.97,True,False,UNAUTHORIZED_TRANSACTION,not done by me,Customer complaint text unclear due to poor call center notes.,RESOLVED,MEDIUM,CALL_CENTER
CBK0001490,TXN00003514,True,USR77962,False,MCH9344,False,2026-03-15 00:00:00,2026-03-25 00:00:00,2026-04-19 00:00:00,True,10.0,1510.93,False,False,SERVICE_NOT_DELIVERED,service failed,USER SAYS UPI PIN WAS NOT ENTERED BY THEM.,PENDING_BANK,MEDIUM,CHATBOT
CBK0000732,TXN00004610,True,USR32036,True,MCH3057,True,2026-01-01 22:58:19,2026-02-16 08:58:00,2026-02-18 00:00:00,True,45.0,5879.13,False,False,FRAUD_SUSPECTED,scam,Suspicious high-value payment disputed by customer.,RESOLVED,MEDIUM,EMAIL
CBK0000216,TXN00011136,True,USR94832,False,MCH2451,True,,2026-02-10 05:09:00,,True,,,False,True,SERVICE_NOT_DELIVERED,merchant service issue,user reports money deducted but merchant denies receiving payment.,REJECTED,MEDIUM,IVR
CBK0002070,TXN00002337,True,USR40538,False,MCH4812,True,2026-02-24 00:00:00,2026-03-07 00:00:00,2026-03-11 06:38:28,True,11.0,,False,True,FRAUD_SUSPECTED,scam,Merchant service was not delivered after payment.,CLOSED,CRITICAL,BRANCH
CBK0001887,TXN00011174,True,USR84917,True,MCH4909,True,,2026-03-01 00:00:00,,True,,2412.7,False,False,GENERAL_DISPUTE,Customer Dispute,User reports money deducted but merchant denies receiving payment.,PENDING_BANK,MEDIUM,IVR
CBK0001789,TXN00007455,True,USR44134,False,MCH3520,True,2026-01-02 00:00:00,2026-01-05 00:00:00,2026-01-18 00:00:00,True,3.0,1002.8,False,False,SERVICE_NOT_DELIVERED,not delivered,merchant service was not delivered after payment.,OPEN,HIGH,IVR
CBK0000641,TXN00007177,True,USR11036,False,MCH3177,True,2026-01-17 00:00:00,2026-01-22 00:00:00,2026-01-23 23:48:00,True,5.0,1628.35,False,False,UNAUTHORIZED_TRANSACTION,unauth txn,Customer says amount was debited twice.,CLOSED,MEDIUM,BRANCH
CBK0001964,TXN00002766,True,USR97332,True,MCH6356,True,2026-02-08 00:00:00,2026-02-11 20:51:02,2026-03-05 20:51:00,True,3.0,216.49,False,False,GENERAL_DISPUTE,customer issue,User claims account was compromised before transaction.,OPEN,MEDIUM,IVR
CBK0001842,TXN00012727,True,USR63387,False,MCH2945,True,2026-03-26 05:18:01,2026-04-05 10:18:01,2026-04-25 00:00:00,True,10.0,847.6,False,False,AMOUNT_MISMATCH,extra amount deducted,Customer says amount was debited twice.,CLOSED,CRITICAL,IVR
CBK0000974,TXN00010092,True,USR70647,False,MCH6974,True,2026-03-16 00:00:00,2026-03-18 00:00:00,2026-03-24 00:00:00,True,2.0,1533.39,False,False,FRAUD_SUSPECTED,fraud,Merchant service was not delivered after payment.,OPEN,LOW,IVR
CBK0001292,TXN00018296,True,USR56334,True,MCH1320,True,2026-03-11 00:00:00,2026-03-11 00:00:00,2026-03-13 00:56:00,True,0.0,849.13,False,False,GENERAL_DISPUTE,DUP_DEBIT,USER CLAIMS ACCOUNT WAS COMPROMISED BEFORE TRANSACTION.,CLOSED,MEDIUM,IVR
CBK0002754,TXN00014491,True,USR40425,False,MCH1768,True,2026-01-10 00:00:00,2026-01-13 13:24:00,,True,3.0,3840.0,False,False,ACCOUNT_TAKEOVER,login compromised,Complaint received after multiple failed attempts.,IN_PROGRESS,LOW,IVR
CBK0002287,TXN00004573,True,USR40925,False,MCH4181,False,2026-02-09 08:18:39,2026-02-04 00:00:00,2026-02-27 00:00:00,False,,495.68,False,False,AMOUNT_MISMATCH,extra amount deducted,Customer says amount was debited twice.,CLOSED,MEDIUM,IVR
CBK0000037,TXN00005659,True,USR96672,True,MCH9397,True,2026-03-07 00:00:00,2026-03-13 00:00:00,2026-03-18 14:18:00,True,6.0,2505.44,True,False,GENERAL_DISPUTE,customer issue,User reports money deducted but merchant denies receiving payment.,IN_PROGRESS,MEDIUM,IVR
CBK0000726,TXN00016050,True,USR43040,False,MCH4578,True,2026-01-18 00:00:00,2026-01-26 00:00:00,2026-01-27 00:00:00,True,8.0,1426.42,False,False,AMOUNT_MISMATCH,amount mismatch,User says UPI PIN was not entered by them.,RESOLVED,MEDIUM,IVR
CBK0002577,TXN00004121,True,USR90720,False,MCH8154,True,2026-01-03 20:31:00,,2026-02-01 00:00:00,True,,,False,True,DUPLICATE_DEBIT,charged twice,Complaint received after multiple failed attempts.,IN_PROGRESS,HIGH,CHATBOT
CBK0001624,TXN00012795,True,USR83035,True,MCH3452,True,2026-01-26 00:00:00,2026-01-28 16:03:00,2026-02-10 16:03:46,True,2.0,4081.84,False,False,SERVICE_NOT_DELIVERED,item not received,CUSTOMER SAYS AMOUNT WAS DEBITED TWICE.,CLOSED,MEDIUM,IVR
CBK0002259,TXN00013350,True,USR98061,False,MCH8037,True,2026-02-03 00:00:00,2026-02-09 01:39:01,2026-02-19 01:39:01,True,6.0,1837.87,False,False,SERVICE_NOT_DELIVERED,not delivered,Complaint received after multiple failed attempts.,PENDING_BANK,MEDIUM,CHATBOT
CBK0002144,TXN00008909,True,USR70631,True,MCH6347,False,,2026-01-14 00:00:00,,True,,660.0,False,False,UNAUTHORIZED_TRANSACTION,Unauthorized Transaction,Customer complaint text unclear due to poor call center notes.,RESOLVED,LOW,CALL_CENTER
CBK0001300,TXN00009464,True,USR85148,False,MCH7648,True,2026-02-09 00:00:00,,2026-03-06 00:00:00,True,,2154.73,False,False,ACCOUNT_TAKEOVER,account hacked,Merchant service was not delivered after payment.,PENDING_BANK,HIGH,IVR
CBK0002037,TXN00000736,True,USR80842,False,MCH3769,False,2026-03-15 00:00:00,2026-03-11 00:00:00,2026-03-22 00:00:00,False,,,False,True,ACCOUNT_TAKEOVER,account hacked,User reports money deducted but merchant denies receiving payment.,IN_PROGRESS,LOW,CHATBOT
CBK0001277,TXN00010511,True,USR79673,False,MCH3992,False,2026-02-16 11:35:00,2026-02-22 10:35:24,2026-02-27 00:00:00,True,5.0,12071.05,False,False,GENERAL_DISPUTE,complaint,User says UPI PIN was not entered by them.,CLOSED,LOW,EMAIL
CBK0001875,TXN00017156,True,USR39926,True,MCH4882,False,2026-02-11 00:00:00,2026-02-15 05:57:47,2026-03-12 05:57:00,True,4.0,1059.67,True,False,ACCOUNT_TAKEOVER,login compromised,user reports money deducted but merchant denies receiving payment.,REJECTED,MEDIUM,APP
CBK0002724,TXN00007282,True,USR52296,True,MCH8854,True,2026-01-22 20:50:32,2026-01-24 00:00:00,2026-02-14 00:00:00,True,1.0,9729.28,False,False,AMOUNT_MISMATCH,extra amount deducted,Payment made to unknown merchant as per customer statement.,PENDING_BANK,MEDIUM,BRANCH
CBK0002354,TXN00009248,True,USR72500,False,MCH5264,False,2026-01-14 00:00:00,2026-01-17 03:47:00,2026-02-07 00:00:00,True,3.0,728.36,True,False,AMOUNT_MISMATCH,incorrect amount,user claims account was compromised before transaction.,RESOLVED,CRITICAL,EMAIL
CBK0002027,TXN00002894,True,USR72952,False,MCH7286,False,2026-01-10 00:00:00,2026-01-10 21:26:42,2026-02-08 00:00:00,True,0.0,,False,True,GENERAL_DISPUTE,customer issue,Customer says amount was debited twice. pls check asap,IN_PROGRESS,MEDIUM,CHATBOT
CBK0001440,TXN00009124,True,USR51720,False,MCH1539,False,2026-02-06 01:11:28,2026-03-08 00:00:00,2026-03-18 00:00:00,True,29.0,253.0,False,False,SERVICE_NOT_DELIVERED,service failed,Customer says transaction was not authorized.,IN_PROGRESS,MEDIUM,IVR
CBK0001493,TXN00006595,True,USR31543,True,MCH5575,True,2026-01-18 00:00:00,2026-01-24 00:00:00,2026-01-28 00:00:00,True,6.0,2625.77,False,False,AMOUNT_MISMATCH,extra amount deducted,USER SAYS UPI PIN WAS NOT ENTERED BY THEM.,PENDING_BANK,LOW,CALL_CENTER
CBK0002689,TXN00011270,True,USR88203,False,MCH3731,False,2026-03-05 01:07:52,2026-03-08 08:07:00,2026-03-23 08:07:52,True,3.0,662.0,False,False,UNAUTHORIZED_TRANSACTION,not done by me,Payment made to unknown merchant as per customer statement.,OPEN,LOW,CHATBOT
CBK0001217,TXN00010449,True,USR44544,False,MCH3100,False,2026-01-21 23:13:16,2026-01-27 02:13:16,2026-02-22 00:00:00,True,5.0,1852.3,False,False,SERVICE_NOT_DELIVERED,service failed,User claims account was compromised before transaction.,RESOLVED,LOW,CALL_CENTER
CBK0001517,TXN00016968,True,USR40843,False,MCH2266,True,2026-03-06 00:00:00,2026-03-11 23:37:25,2026-04-04 00:00:00,True,5.0,1768.72,False,False,ACCOUNT_TAKEOVER,ATO,Merchant service was not delivered after payment.,REJECTED,MEDIUM,APP
CBK0001187,TXN00012133,True,USR31699,False,MCH5290,False,2026-03-08 00:00:00,2026-03-12 04:19:58,2026-03-19 00:00:00,True,4.0,1491.37,False,False,ACCOUNT_TAKEOVER,login compromised,Complaint received after multiple failed attempts.,PENDING_BANK,LOW,APP
CBK0001516,TXN00013162,True,USR27947,True,MCH4181,False,2026-02-26 00:00:00,2026-03-04 00:00:00,,True,6.0,221.35,False,False,SERVICE_NOT_DELIVERED,service failed,Customer says transaction was not authorized.,CLOSED,HIGH,APP
CBK0000320,TXN00014355,True,USR27329,False,MCH4446,False,2026-03-11 07:51:22,2026-03-07 07:51:22,2026-04-02 07:51:22,False,,493.43,True,False,GENERAL_DISPUTE,DUP_DEBIT,Merchant service was not delivered after payment.,PENDING_BANK,MEDIUM,CHATBOT
CBK0001107,TXN00044609,False,USR77130,False,MCH2757,True,2026-03-31 00:00:00,,2026-05-16 15:06:00,True,,771.44,False,False,GENERAL_DISPUTE,customer issue,Customer complaint text unclear due to poor call center notes.,RESOLVED,MEDIUM,APP
CBK0002375,TXN00011957,True,USR43004,True,MCH4590,False,2026-02-22 00:00:00,2026-03-09 00:00:00,2026-03-10 00:00:00,True,15.0,569.94,False,False,ACCOUNT_TAKEOVER,ATO,User reports money deducted but merchant denies receiving payment.,IN_PROGRESS,MEDIUM,EMAIL
CBK0000151,TXN00005861,True,USR31659,False,MCH5954,True,2026-03-21 00:00:00,2026-03-23 00:00:00,2026-03-29 00:00:00,True,2.0,10091.73,False,False,AMOUNT_MISMATCH,amount mismatch,User reports money deducted but merchant denies receiving payment.,REJECTED,LOW,EMAIL
CBK0001351,TXN00015779,True,USR29306,False,MCH1450,True,2026-01-06 00:00:00,2026-01-08 20:17:00,2026-01-17 00:00:00,True,2.0,3948.0,False,False,ACCOUNT_TAKEOVER,ATO,customer complaint text unclear due to poor call center notes.,OPEN,LOW,CHATBOT
CBK0001111,TXN00009206,True,USR23400,False,MCH6695,False,2026-01-09 00:00:00,2026-01-11 07:25:00,2026-02-04 00:00:00,True,2.0,1313.0,False,False,SERVICE_NOT_DELIVERED,delivery issue,Merchant service was not delivered after payment.,OPEN,HIGH,CALL_CENTER
CBK0000545,TXN00011868,True,USR25128,False,MCH3714,False,2026-02-02 00:00:00,2026-02-04 13:11:50,,True,2.0,1080.46,False,False,ACCOUNT_TAKEOVER,account hacked,Payment made to unknown merchant as per customer statement.,PENDING_BANK,LOW,CHATBOT
CBK0002717,TXN00010611,True,USR62341,False,MCH6810,False,2026-01-04 00:00:00,2026-01-06 00:00:00,2026-01-21 00:19:00,True,2.0,1248.48,False,False,GENERAL_DISPUTE,Customer Dispute,User says UPI PIN was not entered by them.,REJECTED,HIGH,CHATBOT
CBK0001384,TXN00016135,True,USR75723,False,MCH7246,True,2026-02-09 19:42:43,2026-02-11 00:00:00,2026-03-04 00:00:00,True,1.0,830.69,False,False,UNAUTHORIZED_TRANSACTION,Unauthorized Transaction,Merchant service was not delivered after payment.,OPEN,MEDIUM,CHATBOT
CBK0002625,TXN00004157,True,USR67803,True,MCH8154,True,2026-01-25 00:00:00,2026-02-04 00:00:00,2026-02-22 00:00:00,True,10.0,269.0,False,False,GENERAL_DISPUTE,dispute raised,Customer says transaction was not authorized.,OPEN,LOW,CALL_CENTER
CBK0002253,TXN00003501,True,USR85258,True,MCH4018,False,2026-01-30 19:42:00,,2026-02-13 15:42:37,True,,717.53,False,False,GENERAL_DISPUTE,dispute raised,Payment made to unknown merchant as per customer statement.,RESOLVED,MEDIUM,CALL_CENTER
CBK0002128,TXN00007497,True,USR22535,False,MCH7048,True,2026-02-09 16:05:34,2026-02-10 15:05:00,2026-02-13 00:00:00,True,0.0,5331.95,True,False,FRAUD_SUSPECTED,scam,User claims account was compromised before transaction. urgent,IN_PROGRESS,HIGH,APP
CBK0000184,TXN00001095,True,USR35485,False,MCH7351,False,2026-03-06 00:00:00,2026-03-09 00:00:00,2026-03-25 00:00:00,True,3.0,1383.39,False,False,GENERAL_DISPUTE,dispute raised,User claims account was compromised before transaction.,REJECTED,MEDIUM,IVR
CBK0001646,TXN00008404,True,USR50087,False,MCH8857,False,2026-02-06 00:00:00,2026-02-06 00:00:00,2026-03-07 00:00:00,True,0.0,6003.55,False,False,UNAUTHORIZED_TRANSACTION,unauth txn,Customer complaint text unclear due to poor call center notes.,IN_PROGRESS,LOW,IVR
CBK0002445,TXN00087166,False,USR20310,True,MCH3100,False,2026-02-12 00:00:00,2026-02-20 00:00:00,2026-03-11 01:21:40,True,8.0,2084.49,False,False,ACCOUNT_TAKEOVER,login compromised,User says UPI PIN was not entered by them.,RESOLVED,MEDIUM,CALL_CENTER
CBK0001479,TXN00008854,True,USR96222,False,MCH8391,True,2026-03-12 23:27:49,2026-03-18 00:00:00,2026-04-15 13:27:49,True,5.0,2299.14,False,False,AMOUNT_MISMATCH,extra amount deducted,Suspicious high-value payment disputed by customer.,REJECTED,MEDIUM,CHATBOT
CBK0002009,TXN00007679,True,USR85277,False,MCH4226,False,2026-02-24 19:29:47,2026-02-28 11:29:00,,True,3.0,504.58,False,False,SERVICE_NOT_DELIVERED,service failed,USER REPORTS MONEY DEDUCTED BUT MERCHANT DENIES RECEIVING PAYMENT.,OPEN,HIGH,BRANCH
CBK0002490,,False,USR43455,True,MCH9521,True,2026-01-09 00:00:00,2026-01-17 00:00:00,2026-01-29 00:00:00,True,8.0,1266.0,False,False,SERVICE_NOT_DELIVERED,merchant service issue,USER CLAIMS ACCOUNT WAS COMPROMISED BEFORE TRANSACTION.,RESOLVED,HIGH,CHATBOT
CBK0001380,TXN00009008,True,USR35697,False,MCH7809,False,2026-03-23 00:00:00,2026-03-25 00:00:00,2026-04-09 12:19:42,True,2.0,743.0,False,False,GENERAL_DISPUTE,customer issue,USER SAYS UPI PIN WAS NOT ENTERED BY THEM.,REJECTED,LOW,IVR
CBK0002216,TXN00007764,True,USR83977,False,MCH3026,False,2026-03-19 00:00:00,2026-03-25 00:00:00,,True,6.0,6398.47,False,False,GENERAL_DISPUTE,complaint,User claims account was compromised before transaction.,OPEN,MEDIUM,CHATBOT
CBK0001727,TXN00016545,True,USR45053,True,MCH5655,False,2026-03-04 18:43:59,2026-03-07 00:00:00,2026-03-14 00:00:00,True,2.0,268.66,False,False,UNAUTHORIZED_TRANSACTION,not done by me,Customer complaint text unclear due to poor call center notes.,IN_PROGRESS,MEDIUM,APP
CBK0000270,TXN00010202,True,USR15203,False,MCH5264,False,2026-01-23 00:00:00,2026-01-25 00:00:00,2026-02-02 00:00:00,True,2.0,1328.22,False,False,FRAUD_SUSPECTED,suspicious transaction,Payment made to unknown merchant as per customer statement.,PENDING_BANK,LOW,BRANCH
CBK0000511,TXN00018141,True,USR72986,False,MCH8779,True,2026-03-16 00:00:00,2026-03-19 00:00:00,2026-03-28 00:00:00,True,3.0,4311.27,False,False,SERVICE_NOT_DELIVERED,merchant service issue,Customer complaint text unclear due to poor call center notes.,RESOLVED,MEDIUM,APP
CBK0002731,TXN00000182,True,USR78938,False,MCH8953,True,2026-02-11 00:00:00,2026-02-17 00:00:00,2026-02-26 00:00:00,True,6.0,17413.88,False,False,GENERAL_DISPUTE,customer issue,user claims account was compromised before transaction.,CLOSED,HIGH,APP
CBK0001334,TXN00013020,True,USR94669,False,MCH6850,False,,2026-03-11 00:00:00,2026-03-27 00:00:00,True,,2027.64,False,False,AMOUNT_MISMATCH,amount mismatch,User reports money deducted but merchant denies receiving payment.,IN_PROGRESS,MEDIUM,IVR
CBK0000009,TXN00007204,True,USR51727,False,MCH4175,False,2026-03-15 00:00:00,2026-03-17 00:00:00,,True,2.0,4713.91,True,False,ACCOUNT_TAKEOVER,Account Takeover,Suspicious high-value payment disputed by customer.,REJECTED,HIGH,BRANCH
CBK0000733,TXN00012362,True,USR55838,False,MCH4181,False,2026-02-05 12:02:58,2026-02-06 00:00:00,2026-02-08 15:02:00,True,0.0,4043.04,False,False,ACCOUNT_TAKEOVER,ATO,User says UPI PIN was not entered by them.,OPEN,CRITICAL,BRANCH
CBK0001152,TXN00008504,True,USR31293,False,MCH1317,False,2026-02-15 23:32:00,2026-02-16 13:32:23,2026-03-06 13:32:23,True,0.0,588.2,False,False,FRAUD_SUSPECTED,scam,User reports money deducted but merchant denies receiving payment.,PENDING_BANK,MEDIUM,BRANCH
CBK0000886,TXN00012882,True,USR83501,False,MCH3412,True,2026-01-13 00:00:00,2026-01-15 10:24:32,2026-01-28 00:00:00,True,2.0,1791.89,False,False,FRAUD_SUSPECTED,suspicious transaction,Payment made to unknown merchant as per customer statement.,RESOLVED,MEDIUM,CHATBOT
CBK0002753,TXN00006756,True,USR69271,False,MCH1635,False,2026-03-28 00:00:00,2026-04-28 00:00:00,,True,31.0,988.98,False,False,SERVICE_NOT_DELIVERED,Service Not Provided,Payment made to unknown merchant as per customer statement.,PENDING_BANK,MEDIUM,BRANCH
CBK0001224,TXN00008299,True,USR61715,False,MCH1151,False,2026-01-04 00:00:00,2026-01-07 00:00:00,2026-02-03 03:47:20,True,3.0,1586.53,False,False,FRAUD_SUSPECTED,FRAUD,SUSPICIOUS HIGH-VALUE PAYMENT DISPUTED BY CUSTOMER.,OPEN,MEDIUM,EMAIL
CBK0000155,TXN00010068,True,USR53527,False,MCH9030,False,2026-03-12 00:00:00,2026-03-14 00:00:00,2026-03-17 00:00:00,True,2.0,2128.78,False,False,UNAUTHORIZED_TRANSACTION,Unauthorized Transaction,Merchant service was not delivered after payment.,PENDING_BANK,LOW,CHATBOT
CBK0001466,TXN00015318,True,USR91423,False,MCH3984,True,2026-02-16 14:22:00,2026-02-19 00:00:00,2026-03-21 00:00:00,True,2.0,3397.0,False,False,SERVICE_NOT_DELIVERED,not delivered,Suspicious high-value payment disputed by customer.,CLOSED,MEDIUM,CHATBOT
CBK0001664,TXN00018525,True,USR61151,False,MCH2048,False,2026-01-18 00:00:00,2026-01-17 00:00:00,2026-02-10 20:54:30,False,,263.29,False,False,FRAUD_SUSPECTED,fraud,User reports money deducted but merchant denies receiving payment.,PENDING_BANK,LOW,CHATBOT
CBK0001452,TXN00008175,True,USR21384,False,MCH2062,False,2026-02-22 00:00:00,2026-03-01 07:14:00,,True,7.0,7668.14,False,False,GENERAL_DISPUTE,complaint,Customer says amount was debited twice.,OPEN,LOW,APP
CBK0002640,TXN00005546,True,USR34195,True,MCH2365,False,2026-02-24 10:34:00,2026-02-25 16:34:00,,True,1.0,1518.0,False,False,DUPLICATE_DEBIT,charged twice,User claims account was compromised before transaction.,OPEN,LOW,CALL_CENTER
CBK0000867,TXN00019528,True,USR25296,False,MCH5076,False,2026-01-31 00:00:00,2026-01-29 00:00:00,2026-02-14 14:43:00,False,,2653.08,False,False,SERVICE_NOT_DELIVERED,item not received,User claims account was compromised before transaction.,CLOSED,MEDIUM,CHATBOT
CBK0002768,TXN00068399,False,USR40977,True,MCH2404,True,,2026-01-31 00:00:00,2026-02-03 07:38:22,True,,562.25,False,False,UNAUTHORIZED_TRANSACTION,UNAUTHORISED,User claims account was compromised before transaction.,OPEN,HIGH,CHATBOT
CBK0001778,TXN00019856,True,USR11814,False,MCH9334,False,2026-02-02 10:18:46,2026-02-03 21:18:46,2026-02-12 00:00:00,True,1.0,,False,True,ACCOUNT_TAKEOVER,Account Takeover,Complaint received after multiple failed attempts. call dropped,PENDING_BANK,HIGH,CHATBOT
CBK0002238,TXN00002006,True,USR76792,False,MCH3459,True,,2026-01-29 00:00:00,2026-02-20 00:00:00,True,,637.05,False,False,GENERAL_DISPUTE,no service,Payment made to unknown merchant as per customer statement. details missing,OPEN,MEDIUM,EMAIL
CBK0001923,TXN00016966,True,USR62899,False,MCH8181,True,2026-01-10 00:00:00,2026-01-14 00:00:00,2026-01-21 00:00:00,True,4.0,1081.02,False,False,DUPLICATE_DEBIT,charged twice,customer complaint text unclear due to poor call center notes.,RESOLVED,LOW,EMAIL
CBK0000471,TXN00007267,True,USR46455,True,MCH8953,True,2026-01-05 18:57:21,2026-01-20 19:57:21,,True,15.0,890.07,False,False,DUPLICATE_DEBIT,Duplicate Debit,Merchant service was not delivered after payment.,REJECTED,LOW,CHATBOT
CBK0001626,TXN00049458,False,USR11987,True,MCH8783,False,2026-02-20 00:00:00,2026-02-22 18:45:00,2026-03-03 00:00:00,True,2.0,12414.63,False,False,GENERAL_DISPUTE,Customer Dispute,User claims account was compromised before transaction.,OPEN,CRITICAL,BRANCH
CBK0002210,TXN00005430,True,USR83180,True,MCH5840,False,2026-02-28 17:08:00,2026-03-31 13:08:00,2026-04-25 13:08:00,True,30.0,1006.88,False,False,UNAUTHORIZED_TRANSACTION,unauth txn,Complaint received after multiple failed attempts.,PENDING_BANK,MEDIUM,IVR
CBK0000127,TXN00007654,True,USR54113,False,MCH3992,False,2026-03-06 00:00:00,2026-04-20 00:00:00,2026-05-05 21:02:00,True,45.0,1028.53,False,False,DUPLICATE_DEBIT,charged twice,Customer complaint text unclear due to poor call center notes.,PENDING_BANK,MEDIUM,CHATBOT
CBK0000705,TXN00001152,True,USR35882,False,MCH9206,False,2026-03-27 00:00:00,2026-03-28 00:00:00,2026-04-03 06:16:00,True,1.0,1038.46,False,False,DUPLICATE_DEBIT,double debit,customer complaint text unclear due to poor call center notes.,REJECTED,MEDIUM,CHATBOT
CBK0000507,TXN00012054,True,USR64199,True,MCH5589,False,2026-03-02 13:39:09,,2026-03-30 13:39:09,True,,666.76,False,False,FRAUD_SUSPECTED,Fraud Suspected,Complaint received after multiple failed attempts.,IN_PROGRESS,HIGH,CALL_CENTER
CBK0002408,TXN00013519,True,USR21313,True,MCH4396,False,2026-01-07 08:45:00,2026-01-10 14:45:00,2026-02-08 00:00:00,True,3.0,4980.8,False,False,SERVICE_NOT_DELIVERED,merchant service issue,Merchant service was not delivered after payment.,IN_PROGRESS,HIGH,CHATBOT
CBK0002332,TXN00002710,True,USR70317,False,MCH5459,True,2026-02-12 00:00:00,2026-02-13 00:00:00,,True,1.0,2072.0,False,False,SERVICE_NOT_DELIVERED,not delivered,User claims account was compromised before transaction.,RESOLVED,LOW,CHATBOT
CBK0000698,TXN00005431,True,USR66398,False,MCH1320,True,2026-03-31 13:31:09,2026-04-02 00:00:00,2026-04-22 11:31:00,True,1.0,1631.64,False,False,DUPLICATE_DEBIT,double debit,customer says transaction was not authorized.,REJECTED,HIGH,EMAIL
CBK0000383,TXN00013042,True,USR84199,False,MCH9709,False,2026-03-27 00:00:00,2026-03-28 07:14:43,2026-04-24 00:00:00,True,1.0,5855.28,False,False,ACCOUNT_TAKEOVER,ATO,complaint received after multiple failed attempts.,CLOSED,MEDIUM,BRANCH
CBK0001198,TXN00016001,True,USR34436,False,MCH2936,False,,2026-02-05 06:11:00,2026-02-22 00:00:00,True,,812.93,False,False,FRAUD_SUSPECTED,suspicious transaction,Payment made to unknown merchant as per customer statement.,OPEN,HIGH,CHATBOT
CBK0002194,,False,USR21052,True,MCH3797,True,2026-03-08 00:00:00,2026-03-12 00:00:00,,True,4.0,,False,True,UNAUTHORIZED_TRANSACTION,unauthorized_transaction,User reports money deducted but merchant denies receiving payment.,OPEN,CRITICAL,APP
CBK0001129,TXN00019231,True,USR32448,False,MCH5534,False,2026-03-02 00:00:00,2026-03-07 00:00:00,2026-03-26 00:00:00,True,5.0,1213.34,False,False,GENERAL_DISPUTE,complaint,User reports money deducted but merchant denies receiving payment.,PENDING_BANK,LOW,CHATBOT
CBK0002586,TXN00016107,True,USR77915,False,MCH8391,True,2026-03-15 00:00:00,2026-04-14 10:20:30,2026-05-12 10:20:00,True,30.0,800.72,False,False,GENERAL_DISPUTE,complaint,Payment made to unknown merchant as per customer statement.,OPEN,LOW,BRANCH
CBK0001794,TXN00009546,True,USR84804,False,MCH3045,False,2026-03-13 00:00:00,2026-03-14 00:00:00,2026-03-16 10:34:00,True,1.0,562.28,False,False,GENERAL_DISPUTE,customer issue,Customer says transaction was not authorized.,OPEN,MEDIUM,APP
CBK0000707,TXN00009174,True,USR25529,False,MCH1041,True,2026-03-28 00:00:00,2026-04-28 00:00:00,2026-05-04 00:00:00,True,31.0,3544.0,False,False,GENERAL_DISPUTE,no service,Complaint received after multiple failed attempts.,IN_PROGRESS,LOW,APP
CBK0000675,TXN00002371,True,USR78353,False,MCH5277,True,2026-02-26 00:00:00,2026-03-09 00:00:00,2026-03-10 00:00:00,True,11.0,7577.71,True,False,SERVICE_NOT_DELIVERED,Service Not Provided,customer says amount was debited twice.,REJECTED,MEDIUM,EMAIL
CBK0000461,TXN00013811,True,USR98133,True,MCH3815,False,2026-03-18 22:28:00,2026-03-21 00:00:00,,True,2.0,2059.37,False,False,ACCOUNT_TAKEOVER,Account Takeover,User says UPI PIN was not entered by them. details missing,PENDING_BANK,MEDIUM,APP
CBK0000077,TXN00016365,True,USR65949,False,MCH5705,True,2026-01-17 10:07:00,2026-01-18 13:07:29,2026-02-05 00:00:00,True,1.0,287.37,False,False,DUPLICATE_DEBIT,charged twice,User reports money deducted but merchant denies receiving payment.,RESOLVED,LOW,APP
CBK0000606,TXN00009406,True,USR72675,False,MCH2266,True,,2026-01-13 16:20:00,2026-01-24 16:20:00,True,,2488.0,False,False,GENERAL_DISPUTE,no service,Merchant service was not delivered after payment.,REJECTED,MEDIUM,IVR
CBK0000880,TXN00018703,True,USR63444,True,MCH2434,False,2026-01-31 00:00:00,2026-02-07 00:00:00,2026-02-21 16:50:46,True,7.0,1513.0,False,False,GENERAL_DISPUTE,no service,suspicious high-value payment disputed by customer.,IN_PROGRESS,CRITICAL,BRANCH
CBK0001536,TXN00003677,True,USR67399,False,MCH1566,False,2026-02-23 02:32:00,2026-02-28 15:32:00,,True,5.0,1364.35,False,False,SERVICE_NOT_DELIVERED,not delivered,Customer says transaction was not authorized. pls check asap,RESOLVED,LOW,EMAIL
CBK0002472,TXN00013665,True,USR72656,False,MCH2756,False,2026-03-04 14:52:38,2026-03-07 00:00:00,2026-04-06 10:52:38,True,2.0,616.17,True,False,AMOUNT_MISMATCH,Wrong Amount,Suspicious high-value payment disputed by customer. pls check asap,RESOLVED,HIGH,CHATBOT
CBK0002484,TXN00005205,True,USR19551,True,MCH5064,True,2026-02-26 00:00:00,2026-03-04 00:00:00,,True,6.0,6694.94,False,False,GENERAL_DISPUTE,Customer Dispute,Complaint received after multiple failed attempts.,RESOLVED,HIGH,IVR
CBK0002036,TXN00014884,True,USR50473,False,MCH6069,True,2026-02-20 00:00:00,2026-02-24 00:00:00,2026-03-19 00:00:00,True,4.0,,False,True,DUPLICATE_DEBIT,Duplicate Debit,Customer says amount was debited twice.,IN_PROGRESS,MEDIUM,IVR
CBK0000666,,False,USR33350,True,MCH6639,True,,2026-01-11 03:18:30,2026-01-28 00:00:00,True,,8521.71,False,False,GENERAL_DISPUTE,complaint,User says UPI PIN was not entered by them. call dropped,RESOLVED,MEDIUM,CHATBOT
CBK0002496,TXN00016961,True,USR12384,False,MCH4196,False,2026-02-26 13:00:00,2026-03-14 12:00:58,2026-04-10 00:00:00,True,15.0,433.87,False,False,SERVICE_NOT_DELIVERED,not delivered,CUSTOMER SAYS TRANSACTION WAS NOT AUTHORIZED.,OPEN,MEDIUM,BRANCH
CBK0002579,TXN00002668,True,USR57244,False,MCH3590,False,2026-02-02 00:00:00,2026-02-05 00:00:00,2026-03-03 00:00:00,True,3.0,551.59,False,False,UNAUTHORIZED_TRANSACTION,unauthorized_transaction,User claims account was compromised before transaction.,REJECTED,HIGH,CHATBOT
CBK0001621,TXN00006638,True,USR85507,False,MCH6644,False,2026-01-03 00:00:00,2026-01-19 00:00:00,2026-02-08 00:00:00,True,16.0,2742.66,False,False,AMOUNT_MISMATCH,amount mismatch,User reports money deducted but merchant denies receiving payment.,OPEN,CRITICAL,CHATBOT
CBK0002033,TXN00018868,True,USR88284,False,MCH2152,True,2026-03-09 12:13:27,2026-03-13 00:00:00,2026-04-09 00:00:00,True,3.0,180.66,False,False,ACCOUNT_TAKEOVER,account hacked,Merchant service was not delivered after payment.,CLOSED,HIGH,CHATBOT
CBK0000887,TXN00005845,True,USR53491,False,MCH4767,True,2026-01-18 10:49:09,2026-01-21 00:00:00,2026-01-27 00:00:00,True,2.0,,False,True,GENERAL_DISPUTE,Customer Dispute,Customer says amount was debited twice.,PENDING_BANK,CRITICAL,CHATBOT
CBK0002341,TXN00012704,True,USR27290,False,MCH3954,False,2026-01-19 00:00:00,2026-01-22 23:30:00,2026-02-07 00:00:00,True,3.0,2025.76,False,False,FRAUD_SUSPECTED,Fraud Suspected,User reports money deducted but merchant denies receiving payment.,CLOSED,HIGH,BRANCH
CBK0002499,TXN00012098,True,USR40113,True,MCH9719,False,2026-02-09 05:17:08,,2026-02-19 08:17:00,True,,708.0,False,False,SERVICE_NOT_DELIVERED,service failed,merchant service was not delivered after payment.,REJECTED,LOW,EMAIL
CBK0002356,TXN00014945,True,USR84844,True,MCH5076,False,2026-03-20 19:35:48,2026-03-21 00:00:00,2026-03-25 00:00:00,True,0.0,1720.02,False,False,GENERAL_DISPUTE,dispute raised,Suspicious high-value payment disputed by customer.,REJECTED,MEDIUM,APP
CBK0000488,TXN00008670,True,USR17815,True,MCH6810,False,2026-03-03 00:00:00,,2026-03-27 00:00:00,True,,992.85,False,False,GENERAL_DISPUTE,Customer Dispute,User claims account was compromised before transaction.,IN_PROGRESS,LOW,CHATBOT
CBK0001653,TXN00008030,True,USR83418,False,MCH6033,True,2026-02-02 00:00:00,2026-03-20 00:00:00,2026-03-28 11:43:48,True,46.0,1200.17,False,False,GENERAL_DISPUTE,no service,Customer says amount was debited twice.,RESOLVED,MEDIUM,IVR
CBK0002360,TXN00016689,True,USR22630,False,MCH6419,True,2026-03-05 00:00:00,2026-03-11 00:00:00,,True,6.0,2052.97,False,False,UNAUTHORIZED_TRANSACTION,unauthorized_transaction,User claims account was compromised before transaction.,PENDING_BANK,LOW,CALL_CENTER
CBK0002567,TXN00016286,True,USR90993,True,MCH5462,False,2026-03-13 02:22:00,2026-03-18 09:22:00,2026-04-16 00:00:00,True,5.0,1887.01,False,False,SERVICE_NOT_DELIVERED,delivery issue,Payment made to unknown merchant as per customer statement.,CLOSED,MEDIUM,CHATBOT
CBK0002701,TXN00015262,True,USR47926,False,MCH5959,True,2026-01-07 15:19:00,2026-01-08 00:00:00,2026-01-29 00:00:00,True,0.0,2260.38,False,False,GENERAL_DISPUTE,Customer Dispute,Customer says amount was debited twice. NA,OPEN,LOW,IVR
CBK0001076,TXN00014751,True,USR40036,False,MCH9461,False,2026-01-15 00:00:00,2026-01-16 00:00:00,,True,1.0,1337.67,True,False,DUPLICATE_DEBIT,double debit,Customer says amount was debited twice.,PENDING_BANK,MEDIUM,CHATBOT
CBK0001229,TXN00014638,True,USR33934,True,MCH4422,False,,2026-02-05 03:24:10,,True,,1064.0,False,False,SERVICE_NOT_DELIVERED,item not received,suspicious high-value payment disputed by customer.,CLOSED,LOW,IVR
CBK0001253,TXN00048192,False,USR32413,False,MCH7724,True,2026-03-07 00:00:00,2026-03-09 00:00:00,,True,2.0,1863.22,False,False,GENERAL_DISPUTE,customer issue,User claims account was compromised before transaction.,PENDING_BANK,LOW,IVR
CBK0001863,TXN00004455,True,USR92111,True,MCH2672,False,2026-01-24 00:00:00,2026-02-01 00:00:00,,True,8.0,559.19,False,False,FRAUD_SUSPECTED,Fraud Suspected,payment made to unknown merchant as per customer statement.,RESOLVED,MEDIUM,EMAIL
CBK0000864,TXN00058515,False,USR41631,True,MCH1320,True,2026-01-21 00:00:00,2026-01-31 15:38:00,,True,10.0,216.17,False,False,SERVICE_NOT_DELIVERED,merchant service issue,Customer complaint text unclear due to poor call center notes.,PENDING_BANK,HIGH,CHATBOT
CBK0001853,TXN00008375,True,USR11036,False,MCH7833,True,2026-01-09 13:20:42,,2026-02-10 19:20:42,True,,372.08,False,False,DUPLICATE_DEBIT,double debit,Complaint received after multiple failed attempts.,RESOLVED,LOW,BRANCH
CBK0001308,TXN00016774,True,USR71704,False,MCH4590,False,2026-03-14 00:00:00,2026-03-19 00:00:00,2026-03-19 00:00:00,True,5.0,9878.08,False,False,SERVICE_NOT_DELIVERED,merchant service issue,Customer says amount was debited twice.,PENDING_BANK,CRITICAL,BRANCH
CBK0001006,TXN00005755,True,USR95625,False,MCH4181,False,2026-03-29 16:15:15,2026-04-28 00:00:00,,True,29.0,740.85,False,False,FRAUD_SUSPECTED,fraud,Suspicious high-value payment disputed by customer.,IN_PROGRESS,MEDIUM,APP
CBK0001269,TXN00007095,True,USR24536,False,MCH8953,True,2026-02-06 04:54:54,2026-02-07 00:00:00,2026-02-17 08:54:00,True,0.0,1816.0,False,False,UNAUTHORIZED_TRANSACTION,unauth txn,User says UPI PIN was not entered by them.,IN_PROGRESS,MEDIUM,IVR
CBK0000607,TXN00007941,True,USR62254,True,MCH1419,False,2026-03-01 00:00:00,2026-03-05 05:33:21,,True,4.0,15519.36,True,False,FRAUD_SUSPECTED,suspicious transaction,User reports money deducted but merchant denies receiving payment.,REJECTED,LOW,CHATBOT
CBK0001541,TXN00011858,True,USR73594,False,MCH4651,True,2026-03-08 00:00:00,2026-04-07 00:00:00,,True,30.0,7857.66,False,False,DUPLICATE_DEBIT,Duplicate Debit,Payment made to unknown merchant as per customer statement. call dropped,OPEN,MEDIUM,EMAIL
CBK0000990,TXN00010883,True,USR94792,False,MCH2338,False,2026-03-01 00:00:00,2026-03-04 00:00:00,2026-03-07 00:00:00,True,3.0,2301.28,False,False,FRAUD_SUSPECTED,suspicious transaction,Merchant service was not delivered after payment.,CLOSED,CRITICAL,IVR
CBK0002713,TXN00016837,True,USR36321,False,MCH2065,False,2026-03-09 00:00:00,2026-03-13 00:00:00,2026-03-25 00:00:00,True,4.0,,False,True,GENERAL_DISPUTE,dispute raised,Customer complaint text unclear due to poor call center notes.,REJECTED,HIGH,CHATBOT
CBK0001590,TXN00014261,True,USR66321,False,MCH8391,True,2026-01-02 02:08:36,2026-01-07 00:00:00,2026-01-15 00:00:00,True,4.0,750.7,True,False,SERVICE_NOT_DELIVERED,merchant service issue,Complaint received after multiple failed attempts.,PENDING_BANK,MEDIUM,IVR
CBK0002311,TXN00011525,True,USR73683,False,MCH3681,False,2026-03-29 00:00:00,2026-04-14 00:00:00,2026-05-11 00:00:00,True,16.0,3875.84,False,False,GENERAL_DISPUTE,Customer Dispute,Customer complaint text unclear due to poor call center notes.,PENDING_BANK,MEDIUM,CHATBOT
CBK0001892,TXN00019135,True,USR46902,True,MCH3656,True,2026-02-25 00:00:00,2026-02-28 00:00:00,2026-03-03 00:00:00,True,3.0,690.96,True,False,UNAUTHORIZED_TRANSACTION,unauthorized_transaction,Complaint received after multiple failed attempts.,OPEN,MEDIUM,CHATBOT
CBK0002635,TXN00012235,True,USR39811,False,MCH4990,True,2026-02-22 12:05:00,2026-02-24 16:05:00,,True,2.0,10021.84,True,False,DUPLICATE_DEBIT,double debit,Customer complaint text unclear due to poor call center notes.,OPEN,MEDIUM,CALL_CENTER
CBK0000537,TXN00006837,True,USR35532,False,MCH7922,True,2026-01-07 00:00:00,2026-01-09 10:28:51,,True,2.0,374.0,False,False,GENERAL_DISPUTE,Customer Dispute,Suspicious high-value payment disputed by customer.,RESOLVED,MEDIUM,CHATBOT
CBK0000081,TXN00016937,True,USR98012,True,MCH5770,True,2026-01-25 00:00:00,2026-01-27 00:00:00,2026-02-05 00:00:00,True,2.0,6269.03,True,False,AMOUNT_MISMATCH,amount mismatch,merchant service was not delivered after payment.,RESOLVED,MEDIUM,EMAIL
CBK0000117,TXN00008534,True,USR46501,True,MCH8277,True,2026-02-25 00:00:00,2026-03-08 00:00:00,,True,11.0,652.86,False,False,GENERAL_DISPUTE,customer issue,Customer says amount was debited twice.,PENDING_BANK,HIGH,EMAIL
CBK0001244,TXN00059954,False,USR15501,False,MCH3432,False,2026-03-12 11:29:14,2026-03-18 00:00:00,2026-03-21 00:00:00,True,5.0,1289.25,False,False,DUPLICATE_DEBIT,charged twice,Customer complaint text unclear due to poor call center notes.,REJECTED,MEDIUM,APP
CBK0001057,TXN00013162,True,USR95375,True,MCH1477,True,2026-03-28 00:00:00,2026-03-30 00:00:00,2026-04-24 10:56:00,True,2.0,3182.0,False,False,GENERAL_DISPUTE,dispute raised,Customer says transaction was not authorized.,IN_PROGRESS,MEDIUM,APP
CBK0002085,TXN00099329,False,USR70175,True,MCH8953,True,2026-03-07 00:00:00,2026-03-10 00:00:00,2026-04-07 21:00:00,True,3.0,2454.92,False,False,FRAUD_SUSPECTED,FRAUD,Suspicious high-value payment disputed by customer.,IN_PROGRESS,LOW,CHATBOT
CBK0000847,TXN00010448,True,USR75789,True,MCH4429,False,2026-03-26 00:00:00,2026-03-28 00:00:00,2026-03-28 00:00:00,True,2.0,387.13,True,False,UNAUTHORIZED_TRANSACTION,not done by me,User reports money deducted but merchant denies receiving payment.,REJECTED,HIGH,CALL_CENTER
CBK0001388,TXN00008970,True,USR73474,False,MCH8142,True,,2026-04-01 12:45:30,,True,,4522.0,False,False,DUPLICATE_DEBIT,Duplicate Debit,CUSTOMER SAYS TRANSACTION WAS NOT AUTHORIZED.,OPEN,LOW,IVR
CBK0002155,TXN00016461,True,USR71348,False,MCH4824,False,2026-02-22 18:14:02,2026-02-25 00:00:00,2026-03-05 00:00:00,True,2.0,734.05,True,False,SERVICE_NOT_DELIVERED,Merchant Not Delivered,Complaint received after multiple failed attempts.,PENDING_BANK,HIGH,IVR
CBK0002217,TXN00017718,True,USR99570,False,MCH5980,True,2026-01-20 00:00:00,2026-01-23 00:00:00,2026-02-04 00:00:00,True,3.0,1451.78,False,False,GENERAL_DISPUTE,complaint,Customer says txn was not authorized.,REJECTED,LOW,BRANCH
CBK0001218,TXN00074714,False,USR28268,False,MCH1154,True,,2026-03-30 00:00:00,2026-04-03 00:00:00,True,,2166.47,False,False,SERVICE_NOT_DELIVERED,not delivered,Merchant service was not delivered after payment.,PENDING_BANK,HIGH,EMAIL
CBK0001265,TXN00004057,True,USR26009,False,MCH6381,False,2026-01-29 03:59:00,2026-01-30 00:00:00,2026-02-15 15:59:11,True,0.0,1149.72,False,False,DUPLICATE_DEBIT,Duplicate Debit,User reports money deducted but merchant denies receiving payment.,IN_PROGRESS,MEDIUM,APP
CBK0000087,TXN00008323,True,USR70375,True,MCH3815,False,2026-03-26 04:50:42,2026-03-29 08:50:42,2026-03-29 08:50:42,True,3.0,36675.43,False,False,ACCOUNT_TAKEOVER,account hacked,merchant service was not delivered after payment.,PENDING_BANK,MEDIUM,IVR
CBK0001572,TXN00014973,True,USR69706,True,MCH9344,False,2026-01-11 08:59:33,2026-01-11 10:59:00,2026-01-23 00:00:00,True,0.0,737.0,False,False,GENERAL_DISPUTE,dispute raised,User says UPI PIN was not entered by them.,CLOSED,LOW,CHATBOT
CBK0002221,TXN00016939,True,USR56378,False,MCH2383,True,2026-02-24 00:00:00,2026-03-07 00:00:00,2026-03-12 00:00:00,True,11.0,27330.78,False,False,GENERAL_DISPUTE,Customer Dispute,Customer says transaction was not authorized.,REJECTED,CRITICAL,IVR
CBK0001983,TXN00012545,True,USR12475,False,MCH1320,True,2026-01-05 00:00:00,2026-01-07 21:57:07,2026-01-16 00:00:00,True,2.0,886.93,False,False,DUPLICATE_DEBIT,charged twice,User says UPI PIN was not entered by them.,REJECTED,HIGH,CALL_CENTER
CBK0001310,TXN00006669,True,USR64847,True,MCH4786,True,,2026-02-18 15:36:00,2026-03-13 00:00:00,True,,2766.56,True,False,DUPLICATE_DEBIT,double debit,Customer complaint text unclear due to poor call center notes.,CLOSED,LOW,CALL_CENTER
CBK0002495,TXN00002679,True,USR24536,False,MCH8280,False,2026-01-07 16:01:24,2026-01-15 11:01:00,2026-02-10 00:00:00,True,7.0,1214.71,False,False,ACCOUNT_TAKEOVER,Account Takeover,User reports money deducted but merchant denies receiving payment.,CLOSED,LOW,BRANCH
CBK0002000,TXN00006334,True,USR56042,True,MCH4130,False,2026-01-29 15:04:00,2026-02-09 00:00:00,2026-02-09 00:00:00,True,10.0,1206.9,True,False,DUPLICATE_DEBIT,double debit,Customer says amount was debited twice. pls check asap,IN_PROGRESS,MEDIUM,APP
CBK0000401,TXN00001653,True,USR33650,False,MCH5294,True,2026-02-04 00:00:00,2026-02-05 12:47:14,2026-02-07 12:47:14,True,1.0,4022.0,False,False,UNAUTHORIZED_TRANSACTION,Unauthorized Transaction,Customer complaint text unclear due to poor call center notes.,IN_PROGRESS,MEDIUM,IVR
CBK0001880,TXN00013813,True,USR85610,False,MCH6626,True,2026-01-21 00:00:00,2026-03-07 00:00:00,2026-03-19 00:00:00,True,45.0,,False,True,FRAUD_SUSPECTED,scam,Customer says transaction was not authorized.,REJECTED,MEDIUM,CHATBOT
CBK0000884,TXN00014060,True,USR97772,True,MCH9069,False,2026-02-21 10:06:00,2026-02-26 23:06:00,2026-03-07 00:00:00,True,5.0,613.53,False,False,GENERAL_DISPUTE,no service,User reports money deducted but merchant denies receiving payment.,REJECTED,CRITICAL,CHATBOT
CBK0001963,TXN00002490,True,USR56287,False,MCH9228,True,2026-01-21 11:23:07,2026-01-21 12:23:07,2026-01-27 00:00:00,True,0.0,1170.0,False,False,ACCOUNT_TAKEOVER,ATO,Customer says amount was debited twice.,CLOSED,LOW,BRANCH
CBK0000203,TXN00002521,True,USR11015,True,MCH5051,False,2026-01-04 00:00:00,2026-01-06 00:00:00,,True,2.0,4940.0,False,False,GENERAL_DISPUTE,no service,User claims account was compromised before transaction.,CLOSED,HIGH,CALL_CENTER
CBK0002334,TXN00013909,True,USR61147,False,MCH6628,True,2026-01-10 00:00:00,2026-01-12 00:00:00,2026-01-16 14:42:00,True,2.0,449.15,False,False,GENERAL_DISPUTE,Customer Dispute,merchant service was not delivered after payment.,REJECTED,HIGH,IVR
CBK0002556,TXN00014016,True,USR85655,False,MCH2065,False,2026-03-01 00:00:00,2026-03-04 00:00:00,2026-03-07 09:29:57,True,3.0,2538.7,False,False,UNAUTHORIZED_TRANSACTION,Unauthorized Transaction,Customer complaint text unclear due to poor call center notes.,IN_PROGRESS,LOW,EMAIL
CBK0000337,TXN00013045,True,USR42531,False,MCH1288,True,2026-01-19 00:00:00,2026-01-20 08:51:00,,True,1.0,546.9,False,False,SERVICE_NOT_DELIVERED,Service Not Provided,Customer complaint text unclear due to poor call center notes.,REJECTED,LOW,CHATBOT
CBK0002542,TXN00004045,True,USR54255,False,MCH7383,True,2026-03-24 03:03:18,2026-04-08 20:03:18,2026-04-13 20:03:18,True,15.0,14158.32,False,False,ACCOUNT_TAKEOVER,account hacked,Merchant service was not delivered after payment.,PENDING_BANK,LOW,CALL_CENTER
CBK0002678,TXN00074852,False,USR64694,True,MCH3676,False,2026-02-11 00:00:00,,2026-03-11 16:25:29,True,,1652.05,False,False,DUPLICATE_DEBIT,double debit,Payment made to unknown merchant as per customer statement.,IN_PROGRESS,MEDIUM,CALL_CENTER
CBK0001617,TXN00001553,True,USR68522,True,MCH7372,False,2026-01-08 00:00:00,2026-02-08 00:00:00,2026-02-21 04:46:00,True,31.0,5796.41,False,False,SERVICE_NOT_DELIVERED,merchant service issue,Payment made to unknown merchant as per customer statement. pls check asap,PENDING_BANK,CRITICAL,CALL_CENTER
CBK0002109,TXN00005274,True,USR70317,False,MCH7833,True,2026-02-26 09:34:34,2026-02-27 13:34:00,2026-03-13 13:34:00,True,1.0,4290.41,False,False,AMOUNT_MISMATCH,incorrect amount,Customer says amount was debited twice.,RESOLVED,HIGH,CHATBOT
CBK0000136,TXN00000724,True,USR55205,False,MCH4226,False,2026-02-20 00:00:00,2026-02-26 00:00:00,,True,6.0,454.0,False,False,GENERAL_DISPUTE,dispute raised,User says UPI PIN was not entered by them.,CLOSED,HIGH,EMAIL
CBK0002243,TXN00019786,True,USR27947,True,MCH1674,True,2026-03-15 00:00:00,2026-03-17 00:00:00,,True,2.0,1377.81,False,False,UNAUTHORIZED_TRANSACTION,unauth txn,Customer complaint text unclear due to poor call center notes.,PENDING_BANK,CRITICAL,EMAIL
CBK0000579,TXN00006902,True,USR30658,False,MCH8779,True,,2026-04-09 00:00:00,2026-04-25 00:00:00,True,,2179.89,False,False,AMOUNT_MISMATCH,Wrong Amount,Customer says amount was debited twice.,CLOSED,CRITICAL,CALL_CENTER
CBK0002191,TXN00005500,True,USR99576,False,MCH4473,False,2026-01-25 00:00:00,2026-01-31 00:00:00,2026-02-09 00:00:00,True,6.0,1721.07,False,False,ACCOUNT_TAKEOVER,account hacked,SUSPICIOUS HIGH-VALUE PAYMENT DISPUTED BY CUSTOMER.,CLOSED,HIGH,CALL_CENTER
CBK0002147,TXN00010700,True,USR22862,False,MCH3741,False,2026-03-21 00:00:00,2026-03-29 00:00:00,2026-03-29 00:00:00,True,8.0,393.01,False,False,SERVICE_NOT_DELIVERED,item not received,Payment made to unknown merchant as per customer statement.,IN_PROGRESS,MEDIUM,CHATBOT
CBK0002214,,False,USR72691,True,MCH3098,False,2026-02-03 00:00:00,2026-02-14 00:01:00,,True,11.0,3364.0,False,False,SERVICE_NOT_DELIVERED,delivery issue,Payment made to unknown merchant as per customer statement.,CLOSED,MEDIUM,IVR
CBK0002699,TXN00004968,True,USR63160,False,MCH2867,False,2026-02-09 02:29:10,2026-02-19 10:29:00,2026-02-27 00:00:00,True,10.0,686.93,True,False,ACCOUNT_TAKEOVER,ATO,Customer says transaction was not authorized.,IN_PROGRESS,HIGH,IVR
CBK0000910,TXN00010888,True,USR26595,False,MCH8921,True,2026-01-27 00:00:00,2026-01-31 19:55:18,2026-02-08 19:55:18,True,4.0,925.14,False,False,AMOUNT_MISMATCH,amount mismatch,User reports money deducted but merchant denies receiving payment.,CLOSED,LOW,CHATBOT
CBK0002050,TXN00003990,True,USR78005,False,MCH8100,False,2026-01-22 20:54:00,2026-01-27 22:54:00,,True,5.0,5710.85,True,False,AMOUNT_MISMATCH,extra amount deducted,Customer says amount was debited twice.,CLOSED,MEDIUM,CHATBOT
CBK0002501,TXN00074548,False,USR43280,False,MCH3768,False,2026-02-20 00:00:00,2026-02-22 23:25:00,2026-02-27 23:25:00,True,2.0,4626.55,True,False,GENERAL_DISPUTE,no service,MERCHANT SERVICE WAS NOT DELIVERED AFTER PAYMENT.,IN_PROGRESS,HIGH,CALL_CENTER
CBK0002442,TXN00003496,True,USR17908,True,MCH1236,False,2026-01-12 17:43:35,2026-01-28 00:00:00,2026-02-24 01:43:00,True,15.0,1706.49,False,False,SERVICE_NOT_DELIVERED,service failed,Complaint received after multiple failed attempts.,REJECTED,HIGH,IVR
CBK0002201,TXN00011553,True,USR33934,True,MCH1101,True,2026-02-07 13:14:25,2026-02-11 00:00:00,2026-02-26 06:14:25,True,3.0,1996.81,False,False,ACCOUNT_TAKEOVER,account hacked,User says UPI PIN was not entered by them.,OPEN,LOW,APP
CBK0001113,TXN00011228,True,USR47724,False,MCH3600,True,2026-01-19 04:34:00,2026-01-20 00:00:00,2026-02-14 00:00:00,True,0.0,9827.0,False,False,ACCOUNT_TAKEOVER,login compromised,Customer complaint text unclear due to poor call center notes.,PENDING_BANK,LOW,IVR
CBK0001373,TXN00007769,True,USR24681,False,MCH6081,False,,2026-02-14 19:34:08,2026-03-12 00:00:00,True,,813.25,False,False,SERVICE_NOT_DELIVERED,item not received,Suspicious high-value payment disputed by customer.,RESOLVED,HIGH,CHATBOT
CBK0001206,TXN00014973,True,USR48430,False,MCH4479,False,2026-02-17 19:55:56,2026-02-25 15:55:56,2026-02-25 00:00:00,False,,746.85,False,False,GENERAL_DISPUTE,no service,Suspicious high-value payment disputed by customer.,RESOLVED,HIGH,CALL_CENTER
CBK0000759,TXN00018597,True,USR54822,False,MCH1382,False,,2026-02-14 10:59:54,2026-02-16 10:59:54,True,,2898.66,False,False,ACCOUNT_TAKEOVER,login compromised,Merchant service was not delivered after payment.,OPEN,MEDIUM,IVR
CBK0002772,TXN00008116,True,USR80305,True,MCH3781,False,2026-01-18 12:29:06,2026-01-20 00:00:00,2026-02-15 00:00:00,True,1.0,1863.17,False,False,DUPLICATE_DEBIT,charged twice,User reports money deducted but merchant denies receiving payment.,REJECTED,LOW,IVR
CBK0000517,TXN00001323,True,USR53151,True,MCH9341,False,,2026-02-19 00:00:00,2026-02-27 21:24:00,True,,7329.0,False,False,GENERAL_DISPUTE,no service,suspicious high-value payment disputed by customer.,REJECTED,LOW,BRANCH
CBK0001632,TXN00015576,True,USR12683,False,MCH9869,False,2026-03-19 05:30:23,2026-03-30 00:00:00,,True,10.0,448.44,False,False,FRAUD_SUSPECTED,Fraud Suspected,Payment made to unknown merchant as per customer statement.,PENDING_BANK,MEDIUM,APP
CBK0000927,TXN00014638,True,USR14035,False,MCH9573,False,2026-03-12 17:36:00,2026-03-13 17:36:25,2026-04-08 17:36:00,True,1.0,10765.79,False,False,SERVICE_NOT_DELIVERED,Merchant Not Delivered,Customer complaint text unclear due to poor call center notes.,OPEN,HIGH,CHATBOT
CBK0002008,TXN00014274,True,USR40602,False,MCH5954,True,2026-02-14 00:00:00,2026-02-20 00:00:00,2026-03-08 10:09:37,True,6.0,3293.82,False,False,SERVICE_NOT_DELIVERED,delivery issue,Complaint received after multiple failed attempts.,CLOSED,MEDIUM,IVR
CBK0000572,,False,USR58062,False,MCH2065,False,2026-02-18 22:15:46,2026-02-24 10:15:46,2026-03-15 00:00:00,True,5.0,1849.53,False,False,UNAUTHORIZED_TRANSACTION,UNAUTHORISED,Customer says amount was debited twice.,CLOSED,MEDIUM,CHATBOT
CBK0002708,TXN00018113,True,USR17556,False,MCH8377,True,2026-02-09 00:00:00,2026-02-12 17:45:31,2026-03-10 17:45:31,True,3.0,987.42,False,False,ACCOUNT_TAKEOVER,login compromised,Complaint received after multiple failed attempts.,REJECTED,LOW,CHATBOT
CBK0002534,TXN00004493,True,USR76170,False,MCH3036,False,2026-01-11 21:56:00,2026-01-27 00:00:00,,True,15.0,380.69,False,False,SERVICE_NOT_DELIVERED,not delivered,merchant service was not delivered after payment.,IN_PROGRESS,LOW,EMAIL
CBK0001209,TXN00009348,True,USR59740,False,MCH4686,False,2026-02-24 00:00:00,2026-02-28 03:03:00,2026-03-04 03:03:36,True,4.0,4160.0,False,False,SERVICE_NOT_DELIVERED,delivery issue,customer says transaction was not authorized.,IN_PROGRESS,HIGH,EMAIL
CBK0000339,TXN00013884,True,USR60939,False,MCH3878,False,2026-03-20 00:00:00,2026-03-27 00:00:00,,True,7.0,3072.71,False,False,ACCOUNT_TAKEOVER,Account Takeover,Payment made to unknown merchant as per customer statement.,IN_PROGRESS,HIGH,IVR
CBK0002282,TXN00008893,True,USR74390,False,MCH7259,False,2026-01-05 00:00:00,,2026-01-13 13:43:40,True,,2546.9,False,False,GENERAL_DISPUTE,DUP_DEBIT,customer says transaction was not authorized.,OPEN,LOW,IVR
CBK0000767,TXN00010641,True,USR98061,False,MCH3815,False,2026-03-29 20:15:00,2026-04-02 15:15:00,2026-04-08 00:00:00,True,3.0,9500.5,False,False,UNAUTHORIZED_TRANSACTION,not done by me,Customer complaint text unclear due to poor call center notes. call dropped,IN_PROGRESS,CRITICAL,IVR
CBK0000327,TXN00011503,True,USR76772,True,MCH5900,True,2026-02-27 00:00:00,2026-02-28 02:10:08,2026-03-14 02:10:08,True,1.0,1191.08,False,False,SERVICE_NOT_DELIVERED,item not received,CUSTOMER SAYS AMOUNT WAS DEBITED TWICE.,IN_PROGRESS,HIGH,EMAIL
CBK0001061,TXN00007622,True,USR22939,False,MCH5921,True,2026-03-19 09:34:00,2026-03-24 00:00:00,,True,4.0,494.63,False,False,FRAUD_SUSPECTED,Fraud Suspected,Suspicious high-value payment disputed by customer.,CLOSED,LOW,IVR
CBK0002712,TXN00006919,True,USR19070,False,MCH8672,True,2026-02-27 00:00:00,2026-02-28 10:57:53,2026-02-28 00:00:00,False,,3151.9,False,False,UNAUTHORIZED_TRANSACTION,UNAUTHORISED,Complaint received after multiple failed attempts.,IN_PROGRESS,LOW,CHATBOT
CBK0000480,TXN00086757,False,USR73796,True,MCH8391,True,2026-01-27 05:48:48,2026-02-02 00:00:00,2026-02-25 00:00:00,True,5.0,1161.24,False,False,SERVICE_NOT_DELIVERED,Service Not Provided,Customer complaint text unclear due to poor call center notes.,IN_PROGRESS,CRITICAL,APP
CBK0002420,TXN00008321,True,USR20361,True,MCH3420,True,2026-01-03 00:00:00,2026-01-04 00:00:00,2026-01-17 02:37:00,True,1.0,535.96,False,False,SERVICE_NOT_DELIVERED,delivery issue,User claims account was compromised before transaction.,OPEN,LOW,CALL_CENTER
CBK0000958,TXN00001617,True,USR30500,False,MCH8058,True,2026-02-19 00:00:00,2026-02-20 21:55:40,2026-03-10 00:00:00,True,1.0,4597.83,False,False,GENERAL_DISPUTE,complaint,suspicious high-value payment disputed by customer.,CLOSED,HIGH,APP
CBK0001047,TXN00016988,True,USR13912,False,MCH5655,False,2026-02-25 00:00:00,2026-03-07 00:00:00,2026-03-15 14:47:00,True,10.0,,False,True,AMOUNT_MISMATCH,extra amount deducted,User claims account was compromised before transaction.,REJECTED,MEDIUM,CALL_CENTER
CBK0001922,TXN00008651,True,USR68820,True,MCH5076,False,2026-01-13 17:01:00,2026-01-18 20:01:00,2026-01-22 00:00:00,True,5.0,,False,True,AMOUNT_MISMATCH,extra amount deducted,User claims account was compromised before transaction. call dropped,IN_PROGRESS,MEDIUM,APP
CBK0000900,TXN00012289,True,USR71316,True,MCH8769,True,2026-01-12 18:30:00,2026-01-15 03:30:00,,True,2.0,5071.86,False,False,UNAUTHORIZED_TRANSACTION,unauth txn,User reports money deducted but merchant denies receiving payment.,RESOLVED,LOW,CHATBOT
CBK0000694,TXN00013258,True,USR41874,True,MCH7151,False,2026-03-28 02:05:31,2026-03-28 09:05:00,2026-03-31 00:00:00,True,0.0,6771.0,False,False,ACCOUNT_TAKEOVER,login compromised,Customer says amount was debited twice.,RESOLVED,MEDIUM,CALL_CENTER
CBK0002470,TXN00016541,True,USR51854,False,MCH2925,False,2026-03-05 00:00:00,2026-03-01 00:00:00,,False,,1089.44,False,False,ACCOUNT_TAKEOVER,Account Takeover,complaint received after multiple failed attempts.,PENDING_BANK,MEDIUM,IVR
CBK0002477,TXN00002165,True,USR81636,False,MCH5914,True,2026-01-31 00:00:00,2026-02-03 00:00:00,,True,3.0,1048.77,False,False,DUPLICATE_DEBIT,Duplicate Debit,Customer complaint text unclear due to poor call center notes. call dropped,REJECTED,MEDIUM,IVR
CBK0000197,TXN00003861,True,USR66175,True,MCH7332,True,2026-01-10 00:00:00,2026-01-21 00:00:00,2026-01-26 01:48:00,True,11.0,792.03,False,False,SERVICE_NOT_DELIVERED,item not received,Customer says amount was debited twice.,PENDING_BANK,CRITICAL,IVR
CBK0002637,TXN00001839,True,USR69852,True,MCH4722,False,2026-01-07 00:00:00,2026-01-08 00:00:00,2026-01-30 00:00:00,True,1.0,1071.92,False,False,AMOUNT_MISMATCH,extra amount deducted,User reports money deducted but merchant denies receiving payment.,REJECTED,MEDIUM,IVR
CBK0000189,TXN00016753,True,USR71099,False,MCH5189,False,2026-03-11 00:00:00,2026-03-13 00:00:00,2026-03-31 00:00:00,True,2.0,390.5,False,False,UNAUTHORIZED_TRANSACTION,unauthorized_transaction,Merchant service was not delivered after payment.,IN_PROGRESS,LOW,IVR
CBK0002413,TXN00012907,True,USR20360,False,MCH3281,True,2026-03-28 23:07:22,2026-04-08 00:00:00,,True,10.0,,False,True,FRAUD_SUSPECTED,Fraud Suspected,user claims account was compromised before transaction.,REJECTED,LOW,IVR
CBK0002078,TXN00013096,True,USR13449,False,MCH5614,False,2026-03-25 00:00:00,2026-03-26 21:45:47,2026-04-25 21:45:47,True,1.0,8307.14,False,False,SERVICE_NOT_DELIVERED,delivery issue,User says UPI PIN was not entered by them. details missing,REJECTED,CRITICAL,CHATBOT
CBK0001303,TXN00010018,True,USR33354,True,MCH2266,True,2026-01-05 21:41:53,2026-01-11 00:00:00,2026-01-22 00:00:00,True,5.0,,False,True,ACCOUNT_TAKEOVER,Account Takeover,USER SAYS UPI PIN WAS NOT ENTERED BY THEM.,PENDING_BANK,LOW,EMAIL
CBK0000502,TXN00008686,True,USR99756,False,MCH7813,False,2026-01-31 00:00:00,2026-02-08 00:00:00,2026-02-12 11:23:00,True,8.0,969.45,True,False,UNAUTHORIZED_TRANSACTION,Unauthorized Transaction,Complaint received after multiple failed attempts. details missing,IN_PROGRESS,LOW,CHATBOT
CBK0001312,TXN00000939,True,USR61151,False,MCH2302,True,2026-03-25 00:00:00,2026-03-26 13:58:00,2026-04-03 00:00:00,True,1.0,3776.84,False,False,SERVICE_NOT_DELIVERED,item not received,User reports money deducted but merchant denies receiving payment.,PENDING_BANK,MEDIUM,APP
CBK0002722,TXN00008498,True,USR48374,True,MCH8230,False,2026-02-01 00:00:00,2026-02-16 00:00:00,,True,15.0,2342.66,False,False,UNAUTHORIZED_TRANSACTION,unauthorized_transaction,Payment made to unknown merchant as per customer statement.,PENDING_BANK,LOW,IVR
CBK0002180,TXN00006743,True,USR42798,False,MCH5884,True,2026-01-19 09:16:00,2026-01-21 00:00:00,2026-02-12 00:00:00,True,1.0,,False,True,SERVICE_NOT_DELIVERED,service failed,Customer complaint text unclear due to poor call center notes.,OPEN,MEDIUM,CHATBOT
CBK0001816,TXN00015001,True,USR18056,True,MCH5439,False,2026-01-28 22:09:00,2026-01-31 00:00:00,2026-02-24 00:00:00,True,2.0,,False,True,SERVICE_NOT_DELIVERED,merchant service issue,USER REPORTS MONEY DEDUCTED BUT MERCHANT DENIES RECEIVING PAYMENT.,IN_PROGRESS,CRITICAL,BRANCH
CBK0002481,TXN00007235,True,USR46308,False,MCH7175,False,2026-02-05 00:00:00,2026-02-05 22:26:56,2026-02-27 00:00:00,True,0.0,1820.07,False,False,ACCOUNT_TAKEOVER,account hacked,Customer complaint text unclear due to poor call center notes. details missing,CLOSED,LOW,BRANCH
CBK0002505,TXN00001789,True,USR80522,False,MCH9097,False,2026-01-29 00:00:00,2026-02-01 00:00:00,2026-02-14 07:52:00,True,3.0,3163.91,False,False,UNAUTHORIZED_TRANSACTION,Unauthorized Transaction,User reports money deducted but merchant denies receiving payment.,CLOSED,LOW,IVR
CBK0002053,TXN00001807,True,USR20076,False,MCH6717,False,2026-03-03 11:20:09,,2026-04-04 22:20:00,True,,,False,True,UNAUTHORIZED_TRANSACTION,not done by me,Complaint received after multiple failed attempts.,IN_PROGRESS,LOW,CHATBOT
CBK0001042,TXN00008638,True,USR63231,True,MCH1737,False,2026-03-30 07:31:00,2026-04-06 00:00:00,2026-05-01 00:00:00,True,6.0,1056.33,False,False,SERVICE_NOT_DELIVERED,not delivered,Payment made to unknown merchant as per customer statement.,OPEN,LOW,BRANCH
CBK0002382,TXN00016574,True,USR34643,False,MCH1066,False,2026-01-25 00:00:00,2026-02-01 00:00:00,2026-02-07 11:12:20,True,7.0,2828.9,False,False,GENERAL_DISPUTE,Customer Dispute,Customer says amount was debited twice.,RESOLVED,MEDIUM,EMAIL
CBK0001733,TXN00011566,True,USR90212,True,MCH4811,True,2026-02-22 00:00:00,2026-02-25 00:00:00,2026-03-01 00:00:00,True,3.0,248.1,False,False,FRAUD_SUSPECTED,suspicious transaction,Merchant service was not delivered after payment.,PENDING_BANK,CRITICAL,CHATBOT
CBK0000660,TXN00008654,True,USR14580,False,MCH7394,True,2026-01-20 00:00:00,2026-01-23 00:00:00,2026-01-25 03:57:35,True,3.0,3655.6,False,False,UNAUTHORIZED_TRANSACTION,unauthorized_transaction,user claims account was compromised before transaction.,OPEN,HIGH,BRANCH
CBK0000218,TXN00002930,True,USR27533,True,MCH9381,False,2026-03-28 16:07:00,2026-03-30 00:00:00,2026-04-13 00:00:00,True,1.0,1968.12,False,False,GENERAL_DISPUTE,Customer Dispute,SUSPICIOUS HIGH-VALUE PAYMENT DISPUTED BY CUSTOMER.,PENDING_BANK,LOW,IVR
CBK0002688,TXN00016086,True,USR48363,False,MCH5076,False,2026-03-27 10:48:00,2026-04-06 00:00:00,2026-04-10 00:00:00,True,9.0,756.07,False,False,UNAUTHORIZED_TRANSACTION,not done by me,Merchant service was not delivered after payment.,OPEN,HIGH,CHATBOT
CBK0000079,TXN00000789,True,USR54133,False,MCH8683,False,2026-02-23 18:15:33,2026-02-26 00:00:00,2026-03-08 11:15:00,True,2.0,7945.0,False,False,ACCOUNT_TAKEOVER,account hacked,Payment made to unknown merchant as per customer statement.,OPEN,HIGH,IVR
CBK0001734,TXN00004267,True,USR92771,True,MCH5698,True,2026-02-01 00:00:00,2026-02-04 00:00:00,2026-02-22 00:00:00,True,3.0,3750.2,False,False,SERVICE_NOT_DELIVERED,service failed,Customer says amount was debited twice.,PENDING_BANK,LOW,IVR
CBK0000420,TXN00012872,True,USR39569,True,MCH7219,True,2026-01-18 15:00:47,2026-01-19 00:00:00,2026-01-20 11:00:00,True,0.0,4857.19,False,False,ACCOUNT_TAKEOVER,account hacked,merchant service was not delivered after payment.,IN_PROGRESS,HIGH,APP
CBK0001750,TXN00009063,True,USR58335,False,MCH4473,False,2026-01-14 00:00:00,2026-01-15 00:00:00,2026-01-23 00:00:00,True,1.0,91.6,False,False,FRAUD_SUSPECTED,scam,USER CLAIMS ACCOUNT WAS COMPROMISED BEFORE TRANSACTION.,IN_PROGRESS,LOW,CHATBOT
CBK0001185,TXN00000818,True,USR41564,False,MCH5530,False,2026-03-30 00:00:00,,2026-04-12 00:00:00,True,,1592.73,False,False,SERVICE_NOT_DELIVERED,Service Not Provided,complaint received after multiple failed attempts.,RESOLVED,LOW,BRANCH
CBK0002457,TXN00014853,True,USR16306,True,MCH6850,False,2026-02-02 00:00:00,2026-02-10 00:00:00,2026-02-22 00:00:00,True,8.0,415.04,False,False,FRAUD_SUSPECTED,FRAUD,user reports money deducted but merchant denies receiving payment.,IN_PROGRESS,MEDIUM,CHATBOT
CBK0001775,TXN00001597,True,USR33934,True,MCH8773,False,2026-03-15 10:02:06,2026-03-21 05:02:00,2026-04-17 00:00:00,True,5.0,13348.89,False,False,SERVICE_NOT_DELIVERED,service failed,Complaint received after multiple failed attempts.,PENDING_BANK,CRITICAL,CHATBOT
CBK0001338,TXN00008410,True,USR54797,True,MCH3300,False,2026-01-20 08:42:27,2026-01-30 00:00:00,2026-02-14 10:42:27,True,9.0,896.23,False,False,GENERAL_DISPUTE,complaint,Customer says amount was debited twice. NA,CLOSED,MEDIUM,BRANCH
CBK0000599,TXN00007573,True,USR52697,False,MCH5655,False,2026-02-24 14:14:20,2026-03-01 16:14:00,,True,5.0,10313.56,False,False,AMOUNT_MISMATCH,Wrong Amount,User says UPI PIN was not entered by them. details missing,RESOLVED,LOW,CHATBOT
CBK0000865,TXN00005760,True,USR36182,False,MCH2554,False,2026-03-28 00:00:00,2026-03-29 00:00:00,,True,1.0,,False,True,AMOUNT_MISMATCH,incorrect amount,merchant service was not delivered after payment.,REJECTED,MEDIUM,EMAIL
CBK0000914,TXN00001042,True,USR12183,False,MCH7351,False,2026-03-02 00:00:00,2026-03-05 00:00:00,2026-03-31 00:00:00,True,3.0,1526.17,False,False,FRAUD_SUSPECTED,fraud,Payment made to unknown merchant as per customer statement. call dropped,PENDING_BANK,HIGH,BRANCH
CBK0001726,TXN00001821,True,USR85403,False,MCH4473,False,2026-03-10 00:00:00,2026-03-15 00:00:00,2026-04-07 15:22:15,True,5.0,12679.09,False,False,GENERAL_DISPUTE,customer issue,Suspicious high-value payment disputed by customer.,RESOLVED,MEDIUM,CHATBOT
CBK0001477,TXN00009790,True,USR72887,False,MCH3200,False,2026-03-16 00:00:00,2026-04-01 00:00:00,,True,16.0,996.46,False,False,SERVICE_NOT_DELIVERED,item not received,User says UPI PIN was not entered by them. details missing,OPEN,CRITICAL,IVR
CBK0001295,TXN00016726,True,USR89004,True,MCH8117,False,2026-02-21 00:00:00,2026-02-22 00:00:00,,True,1.0,2235.82,False,False,GENERAL_DISPUTE,DUP_DEBIT,Customer says amount was debited twice.,RESOLVED,HIGH,EMAIL
CBK0002703,TXN00019588,True,USR14075,False,MCH4041,True,2026-01-14 23:39:02,2026-01-25 00:00:00,2026-02-10 14:39:02,True,10.0,,False,True,GENERAL_DISPUTE,complaint,PAYMENT MADE TO UNKNOWN MERCHANT AS PER CUSTOMER STATEMENT.,CLOSED,MEDIUM,CHATBOT
CBK0002473,TXN00000154,True,USR28902,False,MCH1260,True,2026-02-05 15:50:37,2026-02-06 00:00:00,,True,0.0,2025.66,False,False,FRAUD_SUSPECTED,FRAUD,User says UPI PIN was not entered by them.,CLOSED,LOW,IVR
CBK0001392,,False,USR33175,False,MCH7321,True,,2026-03-26 00:00:00,,True,,5482.08,False,False,GENERAL_DISPUTE,customer issue,Customer says transaction was not authorized.,REJECTED,LOW,CHATBOT
CBK0002117,TXN00006808,True,USR74813,False,MCH2757,True,2026-02-25 00:00:00,2026-02-26 00:00:00,,True,1.0,8430.86,False,False,SERVICE_NOT_DELIVERED,Merchant Not Delivered,Complaint received after multiple failed attempts.,IN_PROGRESS,HIGH,CALL_CENTER
CBK0001739,TXN00013116,True,USR38088,False,MCH8068,True,,2026-02-22 00:00:00,2026-02-22 20:32:19,True,,1464.53,False,False,SERVICE_NOT_DELIVERED,Service Not Provided,Customer complaint text unclear due to poor call center notes.,CLOSED,MEDIUM,APP
CBK0002665,TXN00001173,True,USR21421,False,MCH3004,False,2026-02-24 16:17:15,2026-03-04 00:00:00,2026-03-08 00:00:00,True,7.0,1898.31,True,False,UNAUTHORIZED_TRANSACTION,Unauthorized Transaction,Customer says amount was debited twice.,CLOSED,MEDIUM,APP
CBK0002276,TXN00012334,True,USR12381,False,MCH9291,True,2026-03-16 09:05:00,2026-03-19 18:05:30,2026-03-25 18:05:30,True,3.0,1521.74,False,False,SERVICE_NOT_DELIVERED,delivery issue,Suspicious high-value payment disputed by customer.,PENDING_BANK,HIGH,CALL_CENTER
CBK0002063,,False,USR49752,True,MCH9689,False,,2026-02-08 08:29:00,2026-02-18 08:29:00,True,,2009.64,False,False,AMOUNT_MISMATCH,incorrect amount,User says UPI PIN was not entered by them.,IN_PROGRESS,MEDIUM,CHATBOT
CBK0002620,TXN00011524,True,USR26051,False,MCH4344,False,2026-02-11 00:00:00,2026-02-14 00:00:00,2026-02-14 00:00:00,True,3.0,3021.0,False,False,AMOUNT_MISMATCH,incorrect amount,Payment made to unknown merchant as per customer statement.,RESOLVED,LOW,APP
CBK0001539,TXN00060420,False,USR95104,False,MCH5264,False,2026-03-17 00:00:00,2026-03-19 00:00:00,2026-03-29 02:14:00,True,2.0,1505.75,False,False,DUPLICATE_DEBIT,double debit,PAYMENT MADE TO UNKNOWN MERCHANT AS PER CUSTOMER STATEMENT.,IN_PROGRESS,MEDIUM,IVR
CBK0001846,TXN00008496,True,USR13261,False,MCH8062,True,2026-03-13 23:44:00,2026-03-14 00:00:00,2026-03-24 00:00:00,True,0.0,2662.81,True,False,SERVICE_NOT_DELIVERED,delivery issue,Customer says amount was debited twice.,CLOSED,LOW,CHATBOT
CBK0000072,TXN00004747,True,USR48250,False,MCH3100,False,2026-01-28 00:00:00,2026-01-30 00:00:00,2026-02-17 00:00:00,True,2.0,11808.21,False,False,AMOUNT_MISMATCH,extra amount deducted,SUSPICIOUS HIGH-VALUE PAYMENT DISPUTED BY CUSTOMER.,PENDING_BANK,MEDIUM,CALL_CENTER
CBK0001511,TXN00013557,True,USR53356,True,MCH4473,False,2026-02-19 00:00:00,2026-02-19 00:00:00,2026-03-03 00:00:00,True,0.0,5693.78,False,False,SERVICE_NOT_DELIVERED,delivery issue,Customer says transaction was not authorized.,OPEN,LOW,IVR
CBK0001413,TXN00017513,True,USR39726,False,MCH5273,False,2026-01-22 00:00:00,2026-01-28 00:00:00,2026-02-25 00:00:00,True,6.0,24586.31,False,False,UNAUTHORIZED_TRANSACTION,UNAUTHORISED,Customer complaint text unclear due to poor call center notes.,CLOSED,LOW,APP
CBK0000508,TXN00001829,True,USR40362,False,MCH3161,True,2026-01-09 04:04:00,2026-01-11 00:00:00,2026-01-21 00:00:00,True,1.0,3042.0,False,False,ACCOUNT_TAKEOVER,ATO,User claims account was compromised before txn.,PENDING_BANK,HIGH,CALL_CENTER
CBK0001328,TXN00010089,True,USR22644,True,MCH2208,False,2026-03-10 00:00:00,2026-03-13 10:52:00,,True,3.0,,False,True,AMOUNT_MISMATCH,extra amount deducted,Customer says amount was debited twice.,IN_PROGRESS,LOW,CHATBOT
CBK0001995,TXN00000490,True,USR75856,True,MCH9865,True,2026-01-11 00:00:00,2026-01-16 17:52:00,,True,5.0,3134.07,False,False,AMOUNT_MISMATCH,Wrong Amount,Customer complaint text unclear due to poor call center notes.,RESOLVED,LOW,CALL_CENTER
CBK0001170,TXN00012807,True,USR97772,True,MCH1838,True,2026-03-26 00:00:00,2026-03-27 18:57:00,2026-04-02 00:00:00,True,1.0,122.0,False,False,SERVICE_NOT_DELIVERED,Merchant Not Delivered,Customer says amount was debited twice.,OPEN,LOW,IVR
CBK0002275,TXN00002106,True,USR75120,False,MCH3728,False,2026-01-24 13:15:51,2026-01-24 00:00:00,2026-02-20 00:00:00,False,,3875.59,True,False,UNAUTHORIZED_TRANSACTION,UNAUTHORISED,Complaint received after multiple failed attempts.,PENDING_BANK,MEDIUM,APP
CBK0002706,TXN00012918,True,USR27107,True,MCH6044,True,,,2026-02-04 00:00:00,True,,2316.9,False,False,UNAUTHORIZED_TRANSACTION,unauthorized_transaction,merchant service was not delivered after payment.,CLOSED,MEDIUM,CHATBOT
CBK0001935,TXN00012027,True,USR97416,False,MCH5463,False,2026-01-13 00:00:00,2026-01-15 00:00:00,2026-02-13 00:00:00,True,2.0,1274.02,True,False,UNAUTHORIZED_TRANSACTION,Unauthorized Transaction,Payment made to unknown merchant as per customer statement.,RESOLVED,LOW,BRANCH
CBK0001749,TXN00000318,True,USR51808,True,MCH7982,True,2026-01-29 15:34:00,2026-03-16 00:00:00,2026-03-25 00:00:00,True,45.0,,False,True,GENERAL_DISPUTE,Customer Dispute,Payment made to unknown merchant as per customer statement.,OPEN,LOW,APP
CBK0001333,TXN00003302,True,USR97772,True,MCH2026,False,2026-03-23 00:00:00,2026-04-02 16:40:00,,True,10.0,1169.68,False,False,DUPLICATE_DEBIT,Duplicate Debit,Payment made to unknown merchant as per cust statement.,CLOSED,MEDIUM,IVR
CBK0002118,TXN00008403,True,USR17197,True,MCH4473,False,2026-01-06 00:00:00,2026-01-17 11:54:07,2026-01-29 11:54:07,True,11.0,1117.0,False,False,UNAUTHORIZED_TRANSACTION,unauth txn,MERCHANT SERVICE WAS NOT DELIVERED AFTER PAYMENT.,PENDING_BANK,MEDIUM,EMAIL
CBK0002353,TXN00017005,True,USR93920,False,MCH5156,True,2026-03-01 06:38:00,2026-03-31 21:38:30,2026-04-03 00:00:00,True,30.0,10880.54,False,False,SERVICE_NOT_DELIVERED,Merchant Not Delivered,Customer says amount was debited twice.,OPEN,MEDIUM,CHATBOT
CBK0001855,TXN00003379,True,USR73010,False,MCH6457,False,2026-03-26 11:09:24,2026-03-28 11:09:00,2026-04-20 11:09:24,True,1.0,5587.77,False,False,DUPLICATE_DEBIT,charged twice,Customer says transaction was not authorized.,PENDING_BANK,CRITICAL,APP
CBK0001165,TXN00010766,True,USR24002,True,MCH2065,False,2026-01-01 23:56:29,,2026-01-20 00:00:00,True,,2510.0,False,False,GENERAL_DISPUTE,DUP_DEBIT,suspicious high-value payment disputed by customer.,IN_PROGRESS,LOW,BRANCH
CBK0001055,TXN00016717,True,USR80656,True,MCH8828,True,2026-01-27 00:00:00,,2026-02-16 15:46:43,True,,3272.08,False,False,SERVICE_NOT_DELIVERED,delivery issue,suspicious high-value payment disputed by customer.,OPEN,MEDIUM,CALL_CENTER
CBK0001352,TXN00010946,True,USR94542,True,MCH6061,True,2026-03-25 00:00:00,2026-03-29 02:21:00,,True,4.0,562.29,False,False,GENERAL_DISPUTE,DUP_DEBIT,user claims account was compromised before transaction.,CLOSED,HIGH,IVR
CBK0002596,TXN00013632,True,USR34733,False,MCH8154,True,2026-01-08 00:00:00,,2026-01-18 15:45:36,True,,1178.89,False,False,FRAUD_SUSPECTED,scam,Payment made to unknown merchant as per customer statement.,PENDING_BANK,MEDIUM,CHATBOT
CBK0000781,TXN00004717,True,USR34703,False,MCH2065,False,2026-01-11 05:47:02,2026-01-21 15:47:02,2026-01-25 00:00:00,True,10.0,22390.0,False,False,SERVICE_NOT_DELIVERED,service failed,Complaint received after multiple failed attempts.,PENDING_BANK,HIGH,EMAIL
CBK0000961,TXN00012729,True,USR13686,True,MCH2588,True,2026-02-20 00:00:00,2026-02-23 04:28:02,2026-03-19 00:00:00,True,3.0,1232.87,False,False,SERVICE_NOT_DELIVERED,service failed,Complaint received after multiple failed attempts.,PENDING_BANK,LOW,CALL_CENTER
CBK0002281,TXN00016639,True,USR51332,False,MCH6850,False,2026-03-04 00:00:00,2026-03-04 00:00:00,2026-03-25 21:38:11,True,0.0,2539.68,False,False,SERVICE_NOT_DELIVERED,merchant service issue,User says UPI PIN was not entered by them.,PENDING_BANK,HIGH,APP
CBK0002131,TXN00005025,True,USR12936,False,MCH9937,True,2026-02-28 00:00:00,2026-03-05 18:25:00,2026-03-25 00:00:00,True,5.0,1283.51,False,False,AMOUNT_MISMATCH,extra amount deducted,User claims account was compromised before transaction. NA,RESOLVED,LOW,IVR
CBK0001802,TXN00015492,True,USR31275,True,MCH4473,False,2026-01-22 00:00:00,2026-01-25 02:09:52,2026-02-04 02:09:52,True,3.0,2618.19,False,False,AMOUNT_MISMATCH,incorrect amount,Customer says transaction was not authorized.,IN_PROGRESS,HIGH,CHATBOT
CBK0002066,TXN00014413,True,USR86472,True,MCH3992,False,2026-03-29 00:00:00,2026-04-01 21:21:33,,True,3.0,,False,True,AMOUNT_MISMATCH,amount mismatch,User reports money deducted but merchant denies receiving payment.,IN_PROGRESS,LOW,IVR
CBK0002774,TXN00007924,True,USR36664,True,MCH6959,True,2026-01-01 00:00:00,2026-01-02 00:00:00,2026-01-15 00:00:00,True,1.0,2197.57,False,False,ACCOUNT_TAKEOVER,login compromised,User reports money deducted but merchant denies receiving payment.,RESOLVED,MEDIUM,APP
CBK0000916,TXN00017437,True,USR25761,False,MCH9926,False,2026-01-11 00:00:00,,2026-02-03 20:32:00,True,,,False,True,ACCOUNT_TAKEOVER,login compromised,CUSTOMER SAYS TRANSACTION WAS NOT AUTHORIZED.,IN_PROGRESS,MEDIUM,APP
CBK0001366,TXN00005968,True,USR64733,False,MCH3045,False,2026-03-19 00:00:00,2026-03-21 00:00:00,2026-04-04 04:31:22,True,2.0,2917.69,False,False,GENERAL_DISPUTE,customer issue,customer says transaction was not authorized.,PENDING_BANK,CRITICAL,CALL_CENTER
CBK0001872,TXN00008853,True,USR43455,True,MCH8391,True,2026-02-15 00:00:00,2026-02-17 13:35:00,,True,2.0,6353.75,False,False,SERVICE_NOT_DELIVERED,merchant service issue,COMPLAINT RECEIVED AFTER MULTIPLE FAILED ATTEMPTS.,RESOLVED,MEDIUM,CALL_CENTER
CBK0001716,TXN00008167,True,USR60833,False,MCH6947,True,2026-03-17 00:00:00,2026-03-21 11:09:56,2026-03-26 00:00:00,True,4.0,2598.82,False,False,DUPLICATE_DEBIT,double debit,Merchant service was not delivered after payment.,PENDING_BANK,MEDIUM,BRANCH
CBK0002223,TXN00017647,True,USR58113,False,MCH3117,False,2026-01-21 00:00:00,2026-01-22 00:00:00,2026-02-05 00:00:00,True,1.0,3677.06,False,False,SERVICE_NOT_DELIVERED,Merchant Not Delivered,customer complaint text unclear due to poor call center notes.,IN_PROGRESS,MEDIUM,CHATBOT
CBK0001478,TXN00017175,True,USR46590,True,MCH7833,True,,2026-01-31 03:03:07,2026-02-17 03:03:00,True,,2616.12,True,False,GENERAL_DISPUTE,no service,Customer says amount was debited twice. pls check asap,OPEN,HIGH,APP
CBK0002587,TXN00001705,True,USR32842,False,MCH3100,False,2026-03-22 23:32:00,2026-03-26 00:00:00,2026-04-13 15:32:45,True,3.0,2583.16,False,False,GENERAL_DISPUTE,DUP_DEBIT,Customer complaint text unclear due to poor call center notes.,PENDING_BANK,LOW,IVR
CBK0002581,TXN00015481,True,USR62660,False,MCH4181,False,2026-01-15 00:00:00,2026-01-17 09:49:00,2026-02-01 09:49:51,True,2.0,2917.55,False,False,SERVICE_NOT_DELIVERED,Service Not Provided,MERCHANT SERVICE WAS NOT DELIVERED AFTER PAYMENT.,RESOLVED,LOW,IVR
CBK0000937,TXN00009444,True,USR22327,False,MCH5615,False,2026-02-07 00:00:00,,,True,,855.85,False,False,GENERAL_DISPUTE,dispute raised,Merchant service was not delivered after payment.,OPEN,MEDIUM,APP
CBK0000679,TXN00019297,True,USR35700,True,MCH4758,False,2026-02-24 08:24:53,2026-02-24 12:24:00,,True,0.0,1314.28,False,False,ACCOUNT_TAKEOVER,Account Takeover,Customer complaint text unclear due to poor call center notes.,PENDING_BANK,LOW,IVR
CBK0000493,TXN00001975,True,USR66286,False,MCH7546,True,2026-01-21 09:21:00,2026-02-05 00:00:00,2026-02-17 00:00:00,True,14.0,943.72,False,False,AMOUNT_MISMATCH,extra amount deducted,Merchant service was not delivered after payment. details missing,OPEN,HIGH,IVR
CBK0000647,TXN00019004,True,USR46725,False,MCH2065,False,2026-02-07 00:00:00,2026-02-13 17:00:51,2026-02-26 17:00:51,True,6.0,3381.39,True,False,FRAUD_SUSPECTED,suspicious transaction,Suspicious high-value payment disputed by customer.,IN_PROGRESS,MEDIUM,CHATBOT
CBK0000855,TXN00013194,True,USR66001,False,MCH2030,True,2026-01-06 00:00:00,2026-02-21 00:00:00,,True,46.0,,False,True,ACCOUNT_TAKEOVER,account hacked,User says UPI PIN was not entered by them.,PENDING_BANK,MEDIUM,BRANCH
CBK0001233,TXN00034198,False,USR98515,False,MCH3927,True,2026-03-21 00:00:00,2026-03-23 00:00:00,2026-03-23 00:00:00,True,2.0,2387.46,False,False,ACCOUNT_TAKEOVER,login compromised,Customer complaint text unclear due to poor call center notes.,PENDING_BANK,HIGH,CHATBOT
CBK0000542,TXN00003675,True,USR92063,False,MCH3454,True,2026-01-15 12:53:18,2026-01-18 23:53:18,2026-02-04 00:00:00,True,3.0,1047.52,False,False,DUPLICATE_DEBIT,double debit,Customer complaint text unclear due to poor call center notes.,PENDING_BANK,MEDIUM,IVR
CBK0000623,TXN00012588,True,USR78593,False,MCH9191,False,2026-03-24 00:00:00,2026-03-27 02:42:00,2026-04-07 00:00:00,True,3.0,1181.22,False,False,GENERAL_DISPUTE,Customer Dispute,merchant service was not delivered after payment.,PENDING_BANK,CRITICAL,CALL_CENTER
CBK0001033,TXN00004562,True,USR35882,False,MCH9511,False,2026-02-03 00:00:00,2026-02-10 00:00:00,2026-03-07 00:00:00,True,7.0,2226.56,True,False,AMOUNT_MISMATCH,amount mismatch,Merchant service was not delivered after payment.,PENDING_BANK,HIGH,CHATBOT
CBK0000731,TXN00009087,True,USR31359,False,MCH1258,False,2026-02-02 11:18:00,2026-02-18 00:18:00,2026-03-14 00:00:00,True,15.0,7838.0,False,False,FRAUD_SUSPECTED,FRAUD,Complaint received after multiple failed attempts.,PENDING_BANK,MEDIUM,APP
CBK0001331,,False,USR92614,False,MCH9178,False,,2026-03-16 00:00:00,2026-04-08 00:00:00,True,,4117.99,False,False,DUPLICATE_DEBIT,double debit,Payment made to unknown merchant as per cust statement.,RESOLVED,CRITICAL,CALL_CENTER
CBK0002755,TXN00002471,True,USR90893,False,MCH8779,True,2026-01-24 22:24:58,2026-01-25 17:24:58,2026-02-24 00:00:00,True,0.0,2207.71,False,False,FRAUD_SUSPECTED,scam,User says UPI PIN was not entered by them.,CLOSED,HIGH,IVR
CBK0000770,TXN00051555,False,USR56287,False,MCH8779,True,2026-03-08 00:00:00,2026-03-11 00:00:00,,True,3.0,2417.43,False,False,SERVICE_NOT_DELIVERED,item not received,User reports money deducted but merchant denies receiving payment.,CLOSED,HIGH,CHATBOT
CBK0001857,TXN00008788,True,USR99849,True,MCH3643,False,2026-03-13 05:35:47,2026-03-15 00:00:00,2026-04-02 15:35:47,True,1.0,8276.16,False,False,FRAUD_SUSPECTED,fraud,Customer complaint text unclear due to poor call center notes.,IN_PROGRESS,MEDIUM,CHATBOT
CBK0000335,TXN00001134,True,USR18760,True,MCH9451,False,2026-03-06 21:05:23,2026-03-17 05:05:00,2026-04-09 00:00:00,True,10.0,1881.35,False,False,GENERAL_DISPUTE,Customer Dispute,User reports money deducted but merchant denies receiving payment.,PENDING_BANK,HIGH,IVR
CBK0000791,TXN00007791,True,USR24536,False,MCH6890,True,,2026-03-10 00:00:00,2026-04-01 00:00:00,True,,1735.16,False,False,FRAUD_SUSPECTED,FRAUD,Suspicious high-value payment disputed by customer.,IN_PROGRESS,LOW,IVR
CBK0000047,TXN00074133,False,USR46927,False,MCH2711,False,2026-03-27 00:00:00,2026-04-26 00:00:00,,True,30.0,546.0,False,False,AMOUNT_MISMATCH,Wrong Amount,User reports money deducted but merchant denies receiving payment.,OPEN,MEDIUM,BRANCH
CBK0000311,TXN00003364,True,USR18722,True,MCH6415,False,2026-03-29 00:00:00,2026-03-30 00:00:00,2026-04-26 00:00:00,True,1.0,2940.2,False,False,SERVICE_NOT_DELIVERED,Service Not Provided,Customer complaint text unclear due to poor call center notes.,CLOSED,LOW,CHATBOT
CBK0001689,TXN00012952,True,USR63160,False,MCH8078,True,2026-01-09 00:00:00,2026-01-11 09:46:20,2026-01-19 09:46:00,True,2.0,277.65,False,False,DUPLICATE_DEBIT,Duplicate Debit,user says upi pin was not entered by them.,PENDING_BANK,LOW,CHATBOT
CBK0000132,TXN00016038,True,USR11624,False,MCH5300,False,2026-03-23 08:28:00,2026-03-23 00:00:00,,False,,447.63,False,False,SERVICE_NOT_DELIVERED,merchant service issue,Complaint received after multiple failed attempts.,CLOSED,HIGH,APP
CBK0002525,TXN00009115,True,USR60789,True,MCH3104,False,2026-02-03 23:08:00,2026-02-14 00:08:00,,True,10.0,1575.8,False,False,FRAUD_SUSPECTED,scam,customer says amount was debited twice.,OPEN,LOW,CHATBOT
CBK0001640,TXN00009672,True,USR72121,True,MCH4035,False,2026-01-31 00:00:00,,,True,,478.93,False,False,SERVICE_NOT_DELIVERED,Merchant Not Delivered,Complaint received after multiple failed attempts.,CLOSED,LOW,BRANCH
CBK0000083,TXN00019136,True,USR46902,True,MCH4705,False,2026-02-10 00:00:00,,2026-02-28 00:00:00,True,,264.95,False,False,FRAUD_SUSPECTED,suspicious transaction,Suspicious high-value payment disputed by customer.,OPEN,HIGH,EMAIL
CBK0001329,TXN00009229,True,USR61206,False,MCH8097,False,2026-03-06 00:00:00,2026-03-14 00:00:00,,True,8.0,1300.37,False,False,GENERAL_DISPUTE,dispute raised,User says UPI PIN was not entered by them.,CLOSED,HIGH,IVR
CBK0001763,TXN00006338,True,USR58810,False,MCH7667,True,2026-02-14 00:00:00,2026-02-24 19:50:25,2026-02-24 00:00:00,False,,1656.18,False,False,SERVICE_NOT_DELIVERED,service failed,User reports money deducted but merchant denies receiving payment.,OPEN,LOW,CHATBOT
CBK0000167,TXN00012360,True,USR86156,True,MCH2438,True,2026-02-01 00:00:00,2026-02-05 00:00:00,2026-02-14 00:00:00,True,4.0,5341.0,True,False,GENERAL_DISPUTE,dispute raised,User reports money deducted but merchant denies receiving payment.,CLOSED,LOW,BRANCH
CBK0000505,TXN00000437,True,USR87914,False,MCH3324,True,2026-03-06 00:00:00,2026-03-09 05:21:00,2026-03-30 00:00:00,True,3.0,3962.0,False,False,DUPLICATE_DEBIT,double debit,User reports money deducted but merchant denies receiving payment.,IN_PROGRESS,LOW,IVR
CBK0001168,TXN00005941,True,USR56021,False,MCH1185,True,2026-03-06 00:00:00,2026-03-22 14:23:38,2026-03-29 00:00:00,True,16.0,8630.24,False,False,AMOUNT_MISMATCH,extra amount deducted,Suspicious high-value payment disputed by customer.,IN_PROGRESS,HIGH,EMAIL
CBK0000796,TXN00007069,True,USR87558,False,MCH3466,False,2026-02-19 07:25:50,2026-02-14 07:25:50,2026-02-22 00:00:00,False,,5834.0,False,False,FRAUD_SUSPECTED,FRAUD,MERCHANT SERVICE WAS NOT DELIVERED AFTER PAYMENT.,RESOLVED,MEDIUM,CHATBOT
CBK0001930,TXN00000462,True,USR44849,True,MCH6811,False,2026-01-07 17:21:00,2026-01-10 00:21:21,2026-01-17 00:00:00,True,2.0,9759.54,False,False,GENERAL_DISPUTE,complaint,SUSPICIOUS HIGH-VALUE PAYMENT DISPUTED BY CUSTOMER.,IN_PROGRESS,LOW,IVR
CBK0001622,TXN00003616,True,USR88037,True,MCH2915,True,2026-01-09 00:00:00,2026-01-09 00:00:00,,True,0.0,5374.95,False,False,ACCOUNT_TAKEOVER,ATO,Customer says amount was debited twice.,RESOLVED,LOW,CALL_CENTER
CBK0000943,TXN00005379,True,USR79175,False,MCH8672,True,2026-03-13 00:00:00,2026-03-20 00:00:00,2026-04-18 00:00:00,True,7.0,318.82,False,False,UNAUTHORIZED_TRANSACTION,unauthorized_transaction,Customer says amount was debited twice. NA,RESOLVED,HIGH,BRANCH
CBK0000107,TXN00017349,True,USR51854,False,MCH2065,False,2026-03-14 00:00:00,2026-03-15 15:43:00,2026-03-25 00:00:00,True,1.0,1441.68,False,False,SERVICE_NOT_DELIVERED,merchant service issue,CUSTOMER COMPLAINT TEXT UNCLEAR DUE TO POOR CALL CENTER NOTES.,CLOSED,MEDIUM,APP
CBK0001418,TXN00017042,True,USR71503,True,MCH7873,False,2026-01-14 00:00:00,2026-01-22 12:51:19,,True,8.0,1707.0,False,False,SERVICE_NOT_DELIVERED,not delivered,User claims account was compromised before transaction.,RESOLVED,LOW,CHATBOT
CBK0002054,TXN00014488,True,USR98293,False,MCH4980,True,2026-01-29 03:41:00,2026-02-01 02:41:16,2026-02-03 02:41:00,True,2.0,7101.31,False,False,SERVICE_NOT_DELIVERED,delivery issue,Complaint received after multiple failed attempts.,CLOSED,MEDIUM,EMAIL
CBK0000827,TXN00014268,True,USR35403,False,MCH2320,False,2026-03-26 19:49:23,2026-03-29 00:00:00,,True,2.0,1797.0,False,False,SERVICE_NOT_DELIVERED,merchant service issue,User says UPI PIN was not entered by them. pls check asap,OPEN,MEDIUM,CHATBOT
CBK0000915,TXN00012512,True,USR69408,True,MCH6683,True,2026-03-16 00:00:00,2026-03-18 00:00:00,,True,2.0,3164.0,False,False,GENERAL_DISPUTE,DUP_DEBIT,Merchant service was not delivered after payment.,REJECTED,MEDIUM,EMAIL
CBK0000780,TXN00003784,True,USR91599,True,MCH2065,False,2026-03-28 17:20:00,,2026-04-12 23:20:37,True,,3118.57,False,False,FRAUD_SUSPECTED,suspicious transaction,Customer says transaction was not authorized.,IN_PROGRESS,HIGH,CHATBOT
CBK0000261,TXN00003908,True,USR92765,True,MCH6368,False,2026-02-20 00:00:00,2026-02-26 00:00:00,2026-03-06 00:00:00,True,6.0,6597.26,False,False,UNAUTHORIZED_TRANSACTION,not done by me,Customer says amount was debited twice.,IN_PROGRESS,CRITICAL,IVR
CBK0000831,TXN00013412,True,USR57382,True,MCH1320,True,,2026-01-21 00:00:00,2026-02-08 00:00:00,True,,90.88,False,False,SERVICE_NOT_DELIVERED,not delivered,User says UPI PIN was not entered by them.,REJECTED,LOW,CHATBOT
CBK0001025,TXN00015661,True,USR47242,False,MCH1664,True,2026-01-20 00:00:00,2026-01-23 11:54:20,2026-02-06 00:00:00,True,3.0,1840.53,False,False,DUPLICATE_DEBIT,double debit,user reports money deducted but merchant denies receiving payment.,OPEN,HIGH,CHATBOT
CBK0002512,,False,USR17699,False,MCH1556,False,2026-03-17 01:32:53,2026-03-17 00:00:00,2026-04-14 06:32:00,False,,,False,True,SERVICE_NOT_DELIVERED,not delivered,Payment made to unknown merchant as per cust statement.,RESOLVED,HIGH,BRANCH
CBK0000112,TXN00002800,True,USR33650,False,MCH4226,False,2026-01-02 00:00:00,2026-01-05 00:00:00,2026-01-15 09:02:47,True,3.0,9291.46,False,False,SERVICE_NOT_DELIVERED,item not received,User claims account was compromised before transaction. urgent,REJECTED,LOW,EMAIL
CBK0002603,TXN00009920,True,USR72778,False,MCH3738,False,2026-02-25 00:00:00,2026-03-07 00:00:00,2026-03-09 18:15:06,True,10.0,1507.51,False,False,FRAUD_SUSPECTED,Fraud Suspected,Customer complaint text unclear due to poor call center notes.,PENDING_BANK,LOW,IVR
CBK0000516,TXN00018193,True,USR63557,False,MCH3988,True,2026-01-24 00:00:00,2026-01-27 00:00:00,2026-02-25 00:00:00,True,3.0,1923.55,True,False,SERVICE_NOT_DELIVERED,Merchant Not Delivered,customer says transaction was not authorized.,REJECTED,LOW,APP
CBK0000005,TXN00018300,True,USR55340,False,MCH6657,True,2026-03-23 18:36:28,2026-05-07 00:00:00,2026-05-18 00:00:00,True,44.0,3125.63,False,False,FRAUD_SUSPECTED,FRAUD,Customer complaint text unclear due to poor call center notes.,IN_PROGRESS,LOW,BRANCH
CBK0001054,TXN00003450,True,USR95613,False,MCH4039,False,2026-03-17 00:00:00,2026-03-19 19:19:00,,True,2.0,4925.7,True,False,GENERAL_DISPUTE,no service,Payment made to unknown merchant as per customer statement. details missing,PENDING_BANK,HIGH,IVR
CBK0001344,TXN00018359,True,USR13263,True,MCH6933,False,2026-03-20 00:00:00,,2026-04-14 15:20:52,True,,333.0,False,False,GENERAL_DISPUTE,DUP_DEBIT,Customer says transaction was not authorized.,IN_PROGRESS,LOW,CHATBOT
CBK0002380,TXN00007622,True,USR55947,False,MCH7385,False,2026-03-30 00:00:00,2026-04-02 00:00:00,,True,3.0,475.05,False,False,FRAUD_SUSPECTED,scam,Payment made to unknown merchant as per customer statement.,OPEN,MEDIUM,APP
CBK0000608,,False,USR89430,False,MCH6891,False,2026-03-03 00:00:00,2026-03-05 00:00:00,,True,2.0,947.39,False,False,SERVICE_NOT_DELIVERED,merchant service issue,Customer complaint text unclear due to poor call center notes.,REJECTED,LOW,APP
CBK0001080,TXN00014582,True,USR75735,False,MCH7856,True,2026-03-29 00:00:00,2026-04-02 00:00:00,2026-04-11 00:00:00,True,4.0,,False,True,UNAUTHORIZED_TRANSACTION,unauthorized_transaction,User claims account was compromised before transaction.,IN_PROGRESS,HIGH,APP
CBK0000624,TXN00000969,True,USR81017,False,MCH1148,True,2026-03-19 07:40:40,2026-04-19 00:00:00,2026-05-07 00:00:00,True,30.0,6622.0,False,False,GENERAL_DISPUTE,Customer Dispute,Customer says amount was debited twice.,IN_PROGRESS,MEDIUM,CHATBOT
CBK0002760,TXN00016683,True,USR85320,False,MCH2780,False,2026-03-29 01:37:33,2026-03-31 00:00:00,,True,1.0,8248.74,False,False,GENERAL_DISPUTE,complaint,User claims account was compromised before transaction.,CLOSED,MEDIUM,CHATBOT
CBK0002387,TXN00004951,True,USR76131,True,MCH1332,False,2026-03-08 07:51:04,2026-03-09 21:51:00,2026-03-11 00:00:00,True,1.0,2386.57,False,False,UNAUTHORIZED_TRANSACTION,not done by me,Customer says amount was debited twice.,IN_PROGRESS,HIGH,CALL_CENTER
CBK0000964,TXN00002933,True,USR15536,True,MCH3177,True,,2026-01-27 00:00:00,2026-02-15 00:00:00,True,,1870.77,False,False,ACCOUNT_TAKEOVER,login compromised,User says UPI PIN was not entered by them.,RESOLVED,MEDIUM,BRANCH
CBK0000137,TXN00005904,True,USR86701,False,MCH6915,False,2026-03-31 22:33:00,2026-03-31 00:00:00,,False,,953.16,True,False,AMOUNT_MISMATCH,amount mismatch,User claims account was compromised before txn.,OPEN,HIGH,CHATBOT
CBK0000230,TXN00008604,True,USR33056,False,MCH2822,False,2026-02-21 03:47:49,2026-02-24 00:00:00,2026-03-16 00:00:00,True,2.0,1527.8,True,False,ACCOUNT_TAKEOVER,Account Takeover,customer complaint text unclear due to poor call center notes.,PENDING_BANK,HIGH,CHATBOT
CBK0000451,TXN00007457,True,USR71070,True,MCH9291,True,2026-01-10 08:18:00,2026-02-09 13:18:00,2026-03-11 00:00:00,True,30.0,838.9,False,False,GENERAL_DISPUTE,complaint,Customer says transaction was not authorized.,IN_PROGRESS,MEDIUM,CHATBOT
CBK0002674,TXN00007519,True,USR53527,False,MCH8779,True,2026-03-03 00:00:00,2026-03-06 00:00:00,2026-03-06 00:00:00,True,3.0,2490.54,False,False,GENERAL_DISPUTE,no service,User claims account was compromised before transaction.,REJECTED,LOW,IVR
CBK0002748,TXN00006778,True,USR65191,False,MCH1320,True,2026-03-22 00:00:00,2026-04-02 00:00:00,2026-04-05 00:00:00,True,11.0,1282.1,False,False,SERVICE_NOT_DELIVERED,Service Not Provided,Complaint received after multiple failed attempts.,RESOLVED,MEDIUM,CHATBOT
CBK0002175,TXN00003542,True,USR95702,False,MCH6520,True,2026-03-18 00:00:00,2026-03-20 20:30:00,2026-03-22 20:30:52,True,2.0,1085.0,False,False,FRAUD_SUSPECTED,FRAUD,Customer says transaction was not authorized.,CLOSED,LOW,CHATBOT
CBK0001676,TXN00013539,True,USR90288,True,MCH8203,True,2026-02-09 10:20:56,2026-02-24 00:00:00,,True,14.0,1619.34,False,False,SERVICE_NOT_DELIVERED,merchant service issue,Complaint received after multiple failed attempts.,REJECTED,MEDIUM,APP
CBK0000753,TXN00011998,True,USR26558,False,MCH3100,False,2026-01-24 05:54:36,2026-02-09 00:00:00,2026-02-17 03:54:36,True,15.0,1184.71,True,False,GENERAL_DISPUTE,complaint,Merchant service was not delivered after payment.,REJECTED,LOW,IVR
CBK0000690,TXN00016173,True,USR76780,False,MCH1506,True,2026-03-20 00:00:00,,,True,,8263.92,False,False,GENERAL_DISPUTE,dispute raised,User claims account was compromised before transaction.,REJECTED,LOW,CHATBOT
CBK0001492,TXN00008497,True,USR96797,False,MCH9634,False,2026-02-18 00:00:00,2026-02-20 00:00:00,,True,2.0,316.81,False,False,DUPLICATE_DEBIT,charged twice,Merchant service was not delivered after payment.,CLOSED,LOW,APP
CBK0001022,TXN00016644,True,USR60881,False,MCH7777,False,2026-01-21 00:00:00,2026-01-26 00:00:00,2026-01-27 00:00:00,True,5.0,898.0,False,False,FRAUD_SUSPECTED,fraud,Customer says amount was debited twice.,RESOLVED,HIGH,CHATBOT
CBK0000930,TXN00014399,True,USR39029,True,MCH4790,True,2026-03-04 14:44:00,2026-03-06 00:00:00,2026-03-27 15:44:00,True,1.0,388.39,False,False,SERVICE_NOT_DELIVERED,delivery issue,Customer says transaction was not authorized.,IN_PROGRESS,MEDIUM,APP
CBK0002331,TXN00009831,True,USR80038,False,MCH3995,False,2026-01-08 00:00:00,2026-01-09 00:00:00,2026-02-03 00:00:00,True,1.0,2727.04,False,False,ACCOUNT_TAKEOVER,account hacked,Merchant service was not delivered after payment.,IN_PROGRESS,MEDIUM,APP
CBK0002057,TXN00004888,True,USR31743,False,MCH9344,False,2026-03-31 00:00:00,2026-04-01 00:00:00,2026-04-28 00:00:00,True,1.0,1625.15,False,False,SERVICE_NOT_DELIVERED,Service Not Provided,Merchant service was not delivered after payment.,PENDING_BANK,CRITICAL,CALL_CENTER
CBK0001465,TXN00004507,True,USR77990,True,MCH9291,True,2026-01-21 00:00:00,2026-01-21 00:00:00,,True,0.0,2320.0,False,False,SERVICE_NOT_DELIVERED,delivery issue,Merchant service was not delivered after payment.,OPEN,MEDIUM,BRANCH
CBK0000658,TXN00005761,True,USR70617,True,MCH5954,True,2026-03-10 21:34:00,2026-03-18 06:34:15,2026-03-18 06:34:15,True,7.0,3582.63,False,False,SERVICE_NOT_DELIVERED,Service Not Provided,User claims account was compromised before transaction.,OPEN,LOW,IVR
CBK0000712,TXN00007650,True,USR28000,False,MCH5690,False,2026-03-23 00:00:00,2026-03-25 00:00:00,2026-04-06 00:03:10,True,2.0,316.55,False,False,SERVICE_NOT_DELIVERED,item not received,user reports money deducted but merchant denies receiving payment.,REJECTED,HIGH,CHATBOT
CBK0001067,TXN00000175,True,USR32382,False,MCH4962,True,2026-02-23 00:00:00,2026-03-10 00:00:00,2026-04-07 00:00:00,True,15.0,1092.58,False,False,AMOUNT_MISMATCH,amount mismatch,Merchant service was not delivered after payment.,RESOLVED,HIGH,IVR
CBK0001242,TXN00014086,True,USR37902,False,MCH3159,False,2026-03-29 00:00:00,2026-04-01 00:00:00,2026-04-25 00:00:00,True,3.0,3184.9,False,False,DUPLICATE_DEBIT,charged twice,Complaint received after multiple failed attempts.,REJECTED,MEDIUM,EMAIL
CBK0000156,TXN00018659,True,USR96218,True,MCH5609,False,2026-02-15 00:00:00,2026-02-21 00:00:00,2026-03-05 09:55:18,True,6.0,4959.68,False,False,GENERAL_DISPUTE,DUP_DEBIT,Payment made to unknown merchant as per customer statement. details missing,RESOLVED,CRITICAL,BRANCH
CBK0002682,TXN00000762,True,USR34180,False,MCH9565,True,,2026-02-21 00:00:00,,True,,1083.4,False,False,GENERAL_DISPUTE,DUP_DEBIT,payment made to unknown merchant as per customer statement.,RESOLVED,HIGH,IVR
CBK0001336,TXN00004804,True,USR40908,False,MCH2509,False,2026-01-06 06:55:18,2026-01-08 00:00:00,2026-01-14 01:55:18,True,1.0,12097.84,False,False,UNAUTHORIZED_TRANSACTION,Unauthorized Transaction,Merchant service was not delivered after payment.,CLOSED,HIGH,CHATBOT
CBK0002092,TXN00011140,True,USR70317,False,MCH3807,False,2026-01-19 00:00:00,2026-01-19 00:00:00,,True,0.0,1790.94,False,False,SERVICE_NOT_DELIVERED,Service Not Provided,User claims account was compromised before transaction.,PENDING_BANK,MEDIUM,APP
CBK0001282,TXN00032415,False,USR99611,False,MCH2266,True,2026-02-23 00:00:00,2026-02-24 00:00:00,2026-03-07 00:00:00,True,1.0,23005.71,False,False,GENERAL_DISPUTE,no service,User says UPI PIN was not entered by them.,REJECTED,MEDIUM,CHATBOT
CBK0000168,TXN00010651,True,USR97772,True,MCH4642,True,2026-01-19 00:00:00,2026-02-03 00:00:00,2026-03-03 13:11:35,True,15.0,,False,True,UNAUTHORIZED_TRANSACTION,not done by me,Suspicious high-value payment disputed by customer.,PENDING_BANK,HIGH,CHATBOT
CBK0001926,TXN00019983,True,USR24168,False,MCH3909,False,2026-03-16 23:25:39,2026-04-01 00:00:00,2026-05-01 00:00:00,True,15.0,8084.93,False,False,DUPLICATE_DEBIT,Duplicate Debit,User says UPI PIN was not entered by them.,REJECTED,HIGH,BRANCH
CBK0002727,TXN00004731,True,USR24341,False,MCH1965,True,2026-03-20 00:00:00,2026-03-21 00:00:00,2026-03-25 00:00:00,True,1.0,1385.0,False,False,ACCOUNT_TAKEOVER,account hacked,Customer says amount was debited twice.,REJECTED,HIGH,EMAIL
CBK0000532,TXN00006252,True,USR15564,True,MCH6116,True,2026-01-21 15:31:58,2026-01-22 00:00:00,,True,0.0,408.0,False,False,AMOUNT_MISMATCH,incorrect amount,merchant service was not delivered after payment.,IN_PROGRESS,HIGH,BRANCH
CBK0001089,TXN00006872,True,USR78604,False,MCH7810,True,2026-01-05 00:00:00,2026-01-21 00:00:00,2026-01-21 00:00:00,True,16.0,,False,True,SERVICE_NOT_DELIVERED,Merchant Not Delivered,Payment made to unknown merchant as per customer statement.,IN_PROGRESS,LOW,IVR
CBK0000635,TXN00003242,True,USR34180,False,MCH2159,True,2026-03-22 00:00:00,,,True,,1561.56,False,False,AMOUNT_MISMATCH,amount mismatch,suspicious high-value payment disputed by customer.,CLOSED,LOW,BRANCH
CBK0000650,TXN00004880,True,USR34311,False,MCH2209,False,2026-02-21 00:00:00,2026-02-23 00:00:00,,True,2.0,512.66,True,False,UNAUTHORIZED_TRANSACTION,unauthorized_transaction,Customer complaint text unclear due to poor call center notes.,REJECTED,CRITICAL,BRANCH
CBK0001889,TXN00013593,True,USR10480,False,MCH7251,False,2026-01-29 11:28:25,2026-02-01 00:00:00,2026-02-01 00:28:00,True,2.0,792.99,False,False,ACCOUNT_TAKEOVER,login compromised,User reports money deducted but merchant denies receiving payment. pls check asap,OPEN,MEDIUM,IVR
CBK0002662,TXN00001805,True,USR29306,False,MCH5624,False,2026-01-20 00:00:00,2026-01-21 00:00:00,2026-02-18 00:00:00,True,1.0,692.55,False,False,GENERAL_DISPUTE,complaint,Suspicious high-value payment disputed by customer.,REJECTED,MEDIUM,CHATBOT
CBK0000123,TXN00016267,True,USR85507,False,MCH6810,False,2026-02-05 00:00:00,2026-03-07 00:00:00,,True,30.0,1756.0,False,False,UNAUTHORIZED_TRANSACTION,not done by me,User claims account was compromised before transaction.,RESOLVED,HIGH,BRANCH
CBK0000629,TXN00003543,True,USR61351,True,MCH4181,False,2026-01-15 11:05:00,2026-01-19 08:05:34,2026-02-09 08:05:00,True,3.0,15742.98,False,False,DUPLICATE_DEBIT,charged twice,User claims account was compromised before transaction.,RESOLVED,LOW,CHATBOT
CBK0001701,TXN00006191,True,USR79175,False,MCH8752,False,2026-02-25 00:00:00,2026-02-26 19:14:05,2026-03-01 00:00:00,True,1.0,426.17,False,False,GENERAL_DISPUTE,customer issue,Customer says amount was debited twice. pls check asap,PENDING_BANK,LOW,CALL_CENTER
CBK0001491,TXN00017193,True,USR16478,False,MCH4709,True,2026-03-31 00:00:00,2026-04-03 00:00:00,2026-04-27 00:00:00,True,3.0,2406.17,False,False,UNAUTHORIZED_TRANSACTION,not done by me,payment made to unknown merchant as per customer statement.,IN_PROGRESS,MEDIUM,IVR
CBK0002256,TXN00009782,True,USR19885,False,MCH8154,True,2026-03-17 00:00:00,2026-03-22 00:00:00,2026-04-21 00:00:00,True,5.0,6347.69,False,False,UNAUTHORIZED_TRANSACTION,not done by me,Merchant service was not delivered after payment. NA,IN_PROGRESS,HIGH,IVR
CBK0000187,TXN00008581,True,USR85112,False,MCH9415,True,2026-02-25 00:00:00,2026-02-28 07:16:11,,True,3.0,562.07,True,False,GENERAL_DISPUTE,dispute raised,Payment made to unknown merchant as per customer statement.,IN_PROGRESS,MEDIUM,IVR
CBK0001359,TXN00003338,True,USR91595,False,MCH3957,False,2026-02-16 15:19:43,2026-02-18 08:19:43,,True,1.0,8032.32,False,False,ACCOUNT_TAKEOVER,login compromised,Payment made to unknown merchant as per customer statement.,IN_PROGRESS,MEDIUM,IVR
CBK0002132,TXN00011912,True,USR73010,False,MCH4590,False,,2026-03-29 00:00:00,2026-04-28 00:00:00,True,,2559.27,False,False,UNAUTHORIZED_TRANSACTION,UNAUTHORISED,USER CLAIMS ACCOUNT WAS COMPROMISED BEFORE TRANSACTION.,CLOSED,LOW,CALL_CENTER
CBK0001583,TXN00015176,True,USR41858,True,MCH3750,False,2026-03-19 00:00:00,,2026-04-03 11:07:00,True,,519.74,False,False,FRAUD_SUSPECTED,fraud,Customer says amount was debited twice.,IN_PROGRESS,CRITICAL,EMAIL
CBK0001503,TXN00007523,True,USR30103,False,MCH7139,False,2026-02-14 10:06:00,2026-02-20 00:00:00,2026-03-12 09:06:00,True,5.0,2702.06,False,False,SERVICE_NOT_DELIVERED,delivery issue,MERCHANT SERVICE WAS NOT DELIVERED AFTER PAYMENT.,RESOLVED,MEDIUM,APP
CBK0000859,TXN00018489,True,USR33856,False,MCH5110,True,2026-02-10 23:21:44,2026-02-14 19:21:00,,True,3.0,267.92,False,False,FRAUD_SUSPECTED,FRAUD,User claims account was compromised before transaction. NA,RESOLVED,HIGH,EMAIL
CBK0002080,TXN00006502,True,USR17290,False,MCH6230,False,2026-01-13 00:00:00,2026-01-16 00:00:00,,True,3.0,1120.78,True,False,AMOUNT_MISMATCH,incorrect amount,Suspicious high-value payment disputed by cust.,OPEN,CRITICAL,CHATBOT
CBK0002570,TXN00001810,True,USR35882,False,MCH8953,True,2026-02-04 00:00:00,2026-02-06 00:00:00,2026-03-04 00:00:00,True,2.0,6930.0,False,False,ACCOUNT_TAKEOVER,Account Takeover,Suspicious high-value payment disputed by cust.,REJECTED,LOW,CALL_CENTER
CBK0001989,TXN00003059,True,USR39665,True,MCH4473,False,2026-02-06 23:35:35,2026-02-08 00:00:00,2026-02-15 00:00:00,True,1.0,3807.73,False,False,SERVICE_NOT_DELIVERED,service failed,Customer says amount was debited twice.,RESOLVED,HIGH,IVR
CBK0000603,TXN00004425,True,USR95812,False,MCH6075,True,2026-02-27 02:24:00,2026-03-01 00:00:00,2026-03-12 00:00:00,True,1.0,1305.0,False,False,UNAUTHORIZED_TRANSACTION,not done by me,Payment made to unknown merchant as per customer statement.,RESOLVED,HIGH,CHATBOT
CBK0000334,TXN00015310,True,USR19151,False,MCH8434,False,2026-03-07 11:51:47,2026-03-17 20:51:47,,True,10.0,3904.6,False,False,SERVICE_NOT_DELIVERED,delivery issue,Suspicious high-value payment disputed by customer.,IN_PROGRESS,LOW,CHATBOT
CBK0001136,TXN00008134,True,USR44953,False,MCH2383,True,2026-02-05 00:00:00,2026-02-07 13:04:31,2026-02-13 00:00:00,True,2.0,388.91,False,False,FRAUD_SUSPECTED,suspicious transaction,USER REPORTS MONEY DEDUCTED BUT MERCHANT DENIES RECEIVING PAYMENT.,RESOLVED,MEDIUM,CHATBOT
CBK0000404,TXN00007870,True,USR76645,True,MCH7161,False,2026-01-28 00:00:00,2026-02-05 18:07:51,2026-02-17 18:07:00,True,8.0,1860.61,False,False,DUPLICATE_DEBIT,Duplicate Debit,User reports money deducted but merchant denies receiving payment.,IN_PROGRESS,HIGH,EMAIL
CBK0002404,TXN00001110,True,USR78155,False,MCH9798,True,2026-03-12 00:00:00,2026-03-14 07:44:57,,True,2.0,1498.49,True,False,SERVICE_NOT_DELIVERED,item not received,Suspicious high-value payment disputed by customer.,OPEN,HIGH,APP
CBK0001323,TXN00006391,True,USR57255,False,MCH5076,False,2026-01-11 00:00:00,2026-01-12 00:11:00,2026-01-15 00:00:00,True,1.0,9215.86,False,False,FRAUD_SUSPECTED,fraud,user says upi pin was not entered by them.,RESOLVED,MEDIUM,IVR
CBK0002176,,False,USR69196,False,MCH8627,False,,2026-01-14 00:00:00,2026-01-14 12:57:00,True,,1168.54,False,False,SERVICE_NOT_DELIVERED,service failed,Suspicious high-value payment disputed by cust.,CLOSED,HIGH,EMAIL
CBK0001840,TXN00009647,True,USR97772,True,MCH5655,False,2026-02-07 00:00:00,2026-02-22 00:00:00,2026-02-26 00:00:00,True,15.0,878.05,False,False,DUPLICATE_DEBIT,charged twice,Customer says amount was debited twice.,REJECTED,HIGH,BRANCH
CBK0001888,TXN00004061,True,USR77659,False,MCH4909,True,2026-02-10 00:00:00,2026-03-12 18:31:00,2026-04-09 00:00:00,True,30.0,2090.0,False,False,GENERAL_DISPUTE,customer issue,Customer says transaction was not authorized.,CLOSED,LOW,IVR
CBK0001647,TXN00094322,False,USR55487,False,MCH7879,True,2026-03-26 07:27:17,2026-03-29 00:00:00,2026-03-31 00:00:00,True,2.0,2530.5,False,False,SERVICE_NOT_DELIVERED,item not received,Customer says transaction was not authorized.,REJECTED,MEDIUM,EMAIL
CBK0002578,TXN00001675,True,USR84061,False,MCH6798,False,2026-03-31 00:00:00,2026-04-03 11:48:00,,True,3.0,994.02,False,False,SERVICE_NOT_DELIVERED,service failed,user reports money deducted but merchant denies receiving payment.,IN_PROGRESS,MEDIUM,IVR
CBK0001203,TXN00014456,True,USR61761,True,MCH8619,True,2026-02-20 00:00:00,2026-02-28 02:46:45,2026-03-05 00:00:00,True,8.0,14382.17,False,False,SERVICE_NOT_DELIVERED,delivery issue,Complaint received after multiple failed attempts.,IN_PROGRESS,LOW,IVR
CBK0000749,TXN00006304,True,USR30630,False,MCH3257,False,2026-01-09 00:00:00,2026-02-23 00:00:00,,True,45.0,4194.32,False,False,GENERAL_DISPUTE,dispute raised,suspicious high-value payment disputed by customer.,IN_PROGRESS,CRITICAL,CHATBOT
CBK0001592,TXN00015183,True,USR24536,False,MCH2785,False,2026-02-07 00:00:00,2026-02-09 14:27:41,2026-02-27 00:00:00,True,2.0,4195.81,False,False,SERVICE_NOT_DELIVERED,merchant service issue,Suspicious high-value payment disputed by customer.,RESOLVED,MEDIUM,EMAIL
CBK0002001,TXN00008475,True,USR51720,False,MCH2020,True,2026-03-03 13:24:10,2026-04-17 00:00:00,,True,44.0,877.69,False,False,GENERAL_DISPUTE,dispute raised,User says UPI PIN was not entered by them.,CLOSED,MEDIUM,CALL_CENTER
CBK0002459,TXN00000155,True,USR35867,False,MCH6729,True,2026-03-08 00:00:00,2026-03-11 02:18:17,2026-03-12 02:18:00,True,3.0,1535.06,False,False,UNAUTHORIZED_TRANSACTION,unauthorized_transaction,Merchant service was not delivered after payment.,PENDING_BANK,MEDIUM,CHATBOT
CBK0000417,TXN00009167,True,USR29544,False,MCH8956,False,2026-01-08 00:00:00,2026-01-12 00:00:00,,True,4.0,239.91,False,False,DUPLICATE_DEBIT,charged twice,customer complaint text unclear due to poor call center notes.,OPEN,LOW,CHATBOT
CBK0002102,TXN00013496,True,USR24429,False,MCH1159,True,2026-02-21 00:00:00,2026-02-23 03:39:00,2026-03-18 00:00:00,True,2.0,3536.59,False,False,GENERAL_DISPUTE,no service,customer says amount was debited twice.,CLOSED,LOW,IVR
CBK0000348,TXN00003338,True,USR78803,False,MCH4683,False,2026-01-26 00:00:00,2026-01-29 01:18:00,2026-02-22 01:18:55,True,3.0,,False,True,GENERAL_DISPUTE,no service,Customer complaint text unclear due to poor call center notes. urgent,CLOSED,MEDIUM,CHATBOT
CBK0002729,TXN00000967,True,USR30147,False,MCH6792,False,2026-01-22 00:00:00,2026-01-24 00:00:00,2026-02-15 00:00:00,True,2.0,1780.33,False,False,ACCOUNT_TAKEOVER,ATO,Suspicious high-value payment disputed by customer.,OPEN,CRITICAL,CHATBOT
CBK0000196,TXN00005107,True,USR33769,False,MCH4914,True,2026-01-04 00:00:00,2026-01-12 05:57:59,2026-01-23 00:00:00,True,8.0,1023.0,False,False,SERVICE_NOT_DELIVERED,item not received,User claims account was compromised before transaction.,PENDING_BANK,MEDIUM,BRANCH
CBK0000173,TXN00013826,True,USR31453,False,MCH4581,True,2026-01-24 14:20:26,2026-01-28 04:20:00,,True,3.0,1245.39,True,False,GENERAL_DISPUTE,dispute raised,User says UPI PIN was not entered by them.,CLOSED,LOW,BRANCH
CBK0000457,TXN00009823,True,USR84334,False,MCH7202,True,2026-01-27 16:44:22,2026-01-31 00:00:00,2026-02-22 03:44:22,True,3.0,17825.75,False,False,FRAUD_SUSPECTED,FRAUD,Merchant service was not delivered after payment.,CLOSED,LOW,CALL_CENTER
CBK0000398,TXN00005767,True,USR26707,False,MCH3494,False,2026-02-22 10:29:35,2026-02-24 00:00:00,,True,1.0,3275.35,False,False,FRAUD_SUSPECTED,fraud,Merchant service was not delivered after payment.,CLOSED,LOW,CHATBOT
CBK0001164,TXN00001699,True,USR11287,True,MCH1963,False,2026-02-28 00:00:00,,,True,,1995.0,False,False,GENERAL_DISPUTE,no service,User claims account was compromised before transaction.,CLOSED,LOW,IVR
CBK0000207,TXN00007495,True,USR47962,False,MCH4241,False,2026-02-12 16:45:00,2026-02-13 00:00:00,,True,0.0,1520.0,False,False,FRAUD_SUSPECTED,scam,Complaint received after multiple failed attempts.,OPEN,LOW,CHATBOT
CBK0002710,TXN00004746,True,USR68670,False,MCH1335,True,2026-03-19 00:00:00,2026-03-22 00:00:00,2026-03-26 00:00:00,True,3.0,579.06,False,False,UNAUTHORIZED_TRANSACTION,UNAUTHORISED,Customer says transaction was not authorized.,PENDING_BANK,HIGH,BRANCH
CBK0001751,TXN00008083,True,USR63649,False,MCH3815,False,2026-01-05 00:00:00,2026-01-11 00:00:00,,True,6.0,2354.56,False,False,GENERAL_DISPUTE,customer issue,User says UPI PIN was not entered by them. pls check asap,OPEN,HIGH,APP
CBK0001150,TXN00007644,True,USR73279,False,MCH8154,True,2026-02-01 00:00:00,2026-02-04 00:00:00,2026-02-19 16:53:00,True,3.0,1173.01,False,False,AMOUNT_MISMATCH,incorrect amount,Suspicious high-value payment disputed by customer.,PENDING_BANK,MEDIUM,CALL_CENTER
CBK0001021,TXN00019145,True,USR95181,False,MCH9291,True,2026-03-01 00:00:00,2026-04-16 00:00:00,2026-05-10 00:00:00,True,46.0,10111.0,False,False,DUPLICATE_DEBIT,charged twice,User says UPI PIN was not entered by them. call dropped,OPEN,MEDIUM,BRANCH
CBK0000932,TXN00003371,True,USR26201,False,MCH2614,False,,2026-03-26 00:00:00,,True,,737.83,False,False,FRAUD_SUSPECTED,fraud,Complaint received after multiple failed attempts.,PENDING_BANK,LOW,CALL_CENTER
CBK0001699,TXN00018943,True,USR65069,False,MCH1007,True,2026-01-27 11:40:00,2026-01-24 11:40:43,,False,,2326.89,False,False,SERVICE_NOT_DELIVERED,not delivered,Payment made to unknown merchant as per customer statement.,CLOSED,LOW,APP
CBK0002373,TXN00018837,True,USR94106,True,MCH4774,True,2026-01-19 04:13:46,2026-01-18 04:13:00,2026-01-23 00:00:00,False,,1260.53,False,False,AMOUNT_MISMATCH,extra amount deducted,User says UPI PIN was not entered by them.,CLOSED,HIGH,CHATBOT
CBK0001046,TXN00007145,True,USR24536,False,MCH5712,True,2026-02-02 00:00:00,2026-02-10 00:00:00,2026-02-13 00:00:00,True,8.0,5884.78,False,False,ACCOUNT_TAKEOVER,Account Takeover,user says upi pin was not entered by them.,OPEN,LOW,CHATBOT
CBK0002267,TXN00006416,True,USR70102,True,MCH2266,True,2026-02-25 00:00:00,2026-03-01 00:00:00,2026-03-13 05:44:47,True,4.0,4872.0,False,False,SERVICE_NOT_DELIVERED,Merchant Not Delivered,User says UPI PIN was not entered by them.,REJECTED,MEDIUM,CHATBOT
CBK0001191,TXN00010675,True,USR42733,False,MCH1665,True,2026-01-23 19:46:20,2026-01-27 10:46:20,2026-02-07 00:00:00,True,3.0,268.44,False,False,SERVICE_NOT_DELIVERED,delivery issue,Payment made to unknown merchant as per customer statement.,PENDING_BANK,MEDIUM,EMAIL
CBK0001431,TXN00007758,True,USR37892,True,MCH3288,True,2026-03-31 05:38:00,2026-04-03 00:00:00,,True,2.0,1550.0,False,False,UNAUTHORIZED_TRANSACTION,Unauthorized Transaction,Customer complaint text unclear due to poor call center notes.,REJECTED,LOW,CHATBOT
CBK0000890,TXN00081593,False,USR53996,False,MCH6810,False,2026-01-30 00:00:00,2026-02-01 01:35:11,2026-02-16 00:00:00,True,2.0,5676.76,False,False,UNAUTHORIZED_TRANSACTION,not done by me,CUSTOMER COMPLAINT TEXT UNCLEAR DUE TO POOR CALL CENTER NOTES.,REJECTED,MEDIUM,CHATBOT
CBK0000670,TXN00016465,True,USR33934,True,MCH8836,False,2026-01-08 00:00:00,2026-01-11 14:41:00,2026-02-08 00:00:00,True,3.0,1819.68,False,False,GENERAL_DISPUTE,Customer Dispute,Merchant service was not delivered after payment.,CLOSED,HIGH,IVR
CBK0001602,TXN00000594,True,USR37916,False,MCH4233,True,2026-03-26 00:00:00,2026-03-31 16:51:28,2026-04-22 00:00:00,True,5.0,2315.48,False,False,SERVICE_NOT_DELIVERED,delivery issue,Customer complaint text unclear due to poor call center notes.,PENDING_BANK,MEDIUM,APP
CBK0000279,TXN00010238,True,USR46321,True,MCH7943,True,2026-02-23 00:00:00,2026-02-28 00:00:00,2026-03-19 13:37:00,True,5.0,581.0,False,False,GENERAL_DISPUTE,dispute raised,Complaint received after multiple failed attempts.,PENDING_BANK,MEDIUM,EMAIL
CBK0001915,TXN00018105,True,USR32861,False,MCH3151,False,2026-03-24 21:23:09,2026-03-25 03:23:09,2026-04-15 00:00:00,True,0.0,2703.6,False,False,SERVICE_NOT_DELIVERED,item not received,Merchant service was not delivered after payment.,RESOLVED,LOW,IVR
CBK0002444,TXN00009188,True,USR76636,False,MCH1089,True,2026-03-18 00:00:00,2026-03-21 00:00:00,,True,3.0,542.9,False,False,AMOUNT_MISMATCH,extra amount deducted,Suspicious high-value payment disputed by customer.,RESOLVED,MEDIUM,CHATBOT
CBK0001274,TXN00004896,True,USR36343,True,MCH7286,False,2026-01-03 00:00:00,2026-01-04 15:56:05,2026-02-01 15:56:05,True,1.0,1770.17,False,False,GENERAL_DISPUTE,complaint,Complaint received after multiple failed attempts. NA,IN_PROGRESS,LOW,CHATBOT
CBK0002397,TXN00012053,True,USR24199,True,MCH9610,False,2026-01-05 00:00:00,2026-01-13 16:15:15,2026-01-19 16:15:15,True,8.0,1200.13,False,False,UNAUTHORIZED_TRANSACTION,UNAUTHORISED,Complaint received after multiple failed attempts.,RESOLVED,CRITICAL,APP
CBK0000086,TXN00005603,True,USR63109,False,MCH4810,False,2026-02-22 19:09:31,,2026-03-22 11:09:31,True,,2652.0,False,False,FRAUD_SUSPECTED,FRAUD,Customer complaint text unclear due to poor call center notes.,IN_PROGRESS,MEDIUM,APP
CBK0002277,TXN00018308,True,USR67602,False,MCH2667,False,2026-03-08 00:00:00,2026-03-11 15:45:04,2026-03-17 15:45:04,True,3.0,5058.0,False,False,SERVICE_NOT_DELIVERED,item not received,user reports money deducted but merchant denies receiving payment.,IN_PROGRESS,HIGH,BRANCH
CBK0000252,TXN00019048,True,USR59747,False,MCH4772,False,2026-01-08 00:00:00,2026-01-14 00:00:00,,True,6.0,1913.71,False,False,DUPLICATE_DEBIT,charged twice,User says UPI PIN was not entered by them.,CLOSED,HIGH,APP
CBK0001549,TXN00005488,True,USR93167,True,MCH5584,False,2026-01-30 17:57:10,2026-02-01 00:00:00,2026-02-15 00:00:00,True,1.0,8967.32,False,False,SERVICE_NOT_DELIVERED,item not received,User says UPI PIN was not entered by them.,RESOLVED,MEDIUM,BRANCH
CBK0001577,TXN00017992,True,USR54208,False,MCH5397,False,2026-03-11 11:07:00,2026-03-22 01:07:00,2026-03-26 01:07:00,True,10.0,1697.0,False,False,SERVICE_NOT_DELIVERED,Merchant Not Delivered,Customer says transaction was not authorized.,REJECTED,LOW,APP
CBK0000373,TXN00004759,True,USR20337,False,MCH7924,False,2026-03-15 00:00:00,2026-03-17 00:00:00,2026-04-06 00:00:00,True,2.0,1027.78,False,False,SERVICE_NOT_DELIVERED,merchant service issue,MERCHANT SERVICE WAS NOT DELIVERED AFTER PAYMENT.,RESOLVED,LOW,CALL_CENTER
CBK0002679,,False,USR57460,True,MCH6850,False,2026-02-27 00:00:00,2026-03-05 00:00:00,,True,6.0,1271.0,False,False,AMOUNT_MISMATCH,incorrect amount,user says upi pin was not entered by them.,REJECTED,HIGH,CHATBOT
CBK0001318,TXN00018753,True,USR85507,False,MCH8154,True,2026-03-24 02:53:33,2026-03-27 11:53:00,2026-04-17 00:00:00,True,3.0,12010.0,False,False,GENERAL_DISPUTE,DUP_DEBIT,Customer says amount was debited twice.,IN_PROGRESS,LOW,IVR
CBK0001208,TXN00012998,True,USR22898,False,MCH2079,False,2026-01-11 00:00:00,2026-01-13 00:00:00,2026-02-08 00:00:00,True,2.0,1570.15,False,False,ACCOUNT_TAKEOVER,account hacked,Customer says amount was debited twice.,REJECTED,HIGH,BRANCH
CBK0001350,TXN00011858,True,USR37820,False,MCH2269,True,2026-02-09 00:00:00,2026-02-11 00:00:00,2026-02-25 21:28:08,True,2.0,2135.97,False,False,UNAUTHORIZED_TRANSACTION,unauth txn,USER SAYS UPI PIN WAS NOT ENTERED BY THEM.,REJECTED,LOW,BRANCH
CBK0001845,TXN00012951,True,USR39002,True,MCH4473,False,2026-03-04 14:44:00,2026-03-12 00:00:00,2026-04-05 00:00:00,True,7.0,2826.0,False,False,GENERAL_DISPUTE,Customer Dispute,User reports money deducted but merchant denies receiving payment.,RESOLVED,LOW,EMAIL
CBK0002193,TXN00017969,True,USR83235,False,MCH2137,True,2026-03-29 15:46:42,2026-04-09 00:00:00,,True,10.0,2501.0,False,False,FRAUD_SUSPECTED,suspicious transaction,suspicious high-value payment disputed by customer.,OPEN,MEDIUM,APP
CBK0000773,TXN00045816,False,USR87981,False,MCH5252,False,2026-01-05 00:00:00,2026-01-09 00:00:00,2026-01-16 00:00:00,True,4.0,2928.28,False,False,ACCOUNT_TAKEOVER,ATO,Complaint received after multiple failed attempts.,CLOSED,HIGH,APP
CBK0002632,TXN00019581,True,USR34162,False,MCH8433,True,2026-03-25 10:24:30,2026-03-30 00:00:00,,True,4.0,1017.95,False,False,SERVICE_NOT_DELIVERED,service failed,Payment made to unknown merchant as per customer statement.,RESOLVED,LOW,CALL_CENTER
CBK0000242,,False,USR53192,False,MCH9729,True,2026-02-13 09:46:00,2026-02-16 08:46:14,2026-03-04 00:00:00,True,2.0,1995.28,False,False,DUPLICATE_DEBIT,Duplicate Debit,Merchant service was not delivered after payment.,RESOLVED,MEDIUM,APP
CBK0001747,TXN00019644,True,USR88037,True,MCH1186,False,2026-02-04 00:00:00,2026-02-03 00:00:00,2026-02-26 00:00:00,False,,1335.62,False,False,SERVICE_NOT_DELIVERED,Merchant Not Delivered,Complaint received after multiple failed attempts.,OPEN,LOW,CALL_CENTER
CBK0001423,TXN00013720,True,USR97580,True,MCH8999,True,2026-01-15 00:00:00,,2026-02-02 00:00:00,True,,4933.23,False,False,FRAUD_SUSPECTED,suspicious transaction,Complaint received after multiple failed attempts.,PENDING_BANK,LOW,BRANCH
CBK0000968,TXN00014316,True,USR84719,True,MCH9295,False,2026-03-12 14:49:08,2026-03-16 06:49:08,2026-03-17 00:00:00,True,3.0,1017.0,False,False,SERVICE_NOT_DELIVERED,Service Not Provided,suspicious high-value payment disputed by customer.,OPEN,LOW,EMAIL
CBK0001372,TXN00001655,True,USR64263,False,MCH2054,False,2026-03-28 13:08:53,2026-04-07 00:00:00,2026-04-16 00:00:00,True,9.0,2589.0,False,False,UNAUTHORIZED_TRANSACTION,unauthorized_transaction,customer complaint text unclear due to poor call center notes.,CLOSED,CRITICAL,EMAIL
CBK0000157,TXN00016322,True,USR89473,False,MCH2014,True,2026-02-26 00:00:00,2026-02-28 00:37:00,2026-03-04 00:00:00,True,2.0,1512.0,False,False,SERVICE_NOT_DELIVERED,delivery issue,USER REPORTS MONEY DEDUCTED BUT MERCHANT DENIES RECEIVING PAYMENT.,RESOLVED,LOW,BRANCH
CBK0000605,TXN00000166,True,USR94647,False,MCH7247,False,2026-03-17 13:12:37,2026-03-22 00:00:00,2026-03-28 00:00:00,True,4.0,913.38,False,False,ACCOUNT_TAKEOVER,ATO,User claims account was compromised before transaction.,RESOLVED,HIGH,APP
CBK0001856,TXN00050572,False,USR56512,False,MCH3100,False,2026-01-23 00:00:00,2026-02-03 00:00:00,2026-03-02 12:12:00,True,11.0,,False,True,DUPLICATE_DEBIT,Duplicate Debit,Complaint received after multiple failed attempts.,IN_PROGRESS,CRITICAL,APP
CBK0002401,TXN00013900,True,USR24536,False,MCH1762,False,2026-01-23 04:34:00,2026-01-25 00:00:00,,True,1.0,1310.19,False,False,DUPLICATE_DEBIT,charged twice,Merchant service was not delivered after payment.,IN_PROGRESS,MEDIUM,CHATBOT
CBK0002446,TXN00018937,True,USR49318,True,MCH5980,True,2026-01-03 00:00:00,2026-01-14 00:00:00,2026-01-23 06:00:00,True,11.0,1097.4,False,False,SERVICE_NOT_DELIVERED,merchant service issue,user says upi pin was not entered by them.,CLOSED,CRITICAL,EMAIL
CBK0002667,TXN00016456,True,USR42556,True,MCH5029,False,2026-03-24 06:26:03,2026-03-26 00:00:00,2026-04-09 00:00:00,True,1.0,3977.66,False,False,AMOUNT_MISMATCH,incorrect amount,Suspicious high-value payment disputed by customer.,PENDING_BANK,LOW,CHATBOT
CBK0002260,TXN00019490,True,USR34757,False,MCH1806,True,2026-01-04 16:21:04,2026-01-20 00:00:00,2026-01-28 00:00:00,True,15.0,1314.21,False,False,FRAUD_SUSPECTED,scam,Complaint received after multiple failed attempts.,REJECTED,CRITICAL,IVR
CBK0000002,TXN00016351,True,USR35605,False,MCH8953,True,2026-03-24 13:14:10,2026-03-31 15:14:10,2026-04-09 15:14:00,True,7.0,2366.0,False,False,UNAUTHORIZED_TRANSACTION,unauthorized_transaction,Complaint received after multiple failed attempts.,CLOSED,HIGH,IVR
CBK0001497,TXN00005059,True,USR56554,True,MCH6349,False,2026-02-06 00:00:00,2026-02-08 20:39:40,2026-03-09 20:39:00,True,2.0,1316.81,False,False,SERVICE_NOT_DELIVERED,merchant service issue,Customer says amount was debited twice.,RESOLVED,HIGH,APP
CBK0000017,TXN00006427,True,USR30994,False,MCH6488,True,2026-01-30 00:00:00,,2026-02-20 00:00:00,True,,3608.0,False,False,ACCOUNT_TAKEOVER,Account Takeover,customer says transaction was not authorized.,PENDING_BANK,MEDIUM,CHATBOT
CBK0001986,TXN00005203,True,USR88037,True,MCH4181,False,2026-02-27 00:00:00,2026-02-28 00:00:00,2026-03-18 00:00:00,True,1.0,2184.85,False,False,SERVICE_NOT_DELIVERED,Service Not Provided,Merchant service was not delivered after payment.,IN_PROGRESS,LOW,CHATBOT
CBK0000926,TXN00019409,True,USR27947,True,MCH3416,True,2026-02-18 00:00:00,2026-02-19 00:00:00,,True,1.0,756.59,True,False,GENERAL_DISPUTE,DUP_DEBIT,Customer says transaction was not authorized.,IN_PROGRESS,MEDIUM,BRANCH
CBK0001679,TXN00007437,True,USR11987,True,MCH2576,True,2026-03-25 00:00:00,2026-03-27 17:04:00,2026-04-21 00:00:00,True,2.0,1171.85,False,False,ACCOUNT_TAKEOVER,login compromised,Customer says transaction was not authorized.,REJECTED,MEDIUM,IVR
CBK0002765,TXN00004590,True,USR58546,False,MCH8779,True,2026-01-28 23:01:00,2026-02-05 00:00:00,,True,7.0,799.39,False,False,ACCOUNT_TAKEOVER,login compromised,Suspicious high-value payment disputed by customer.,PENDING_BANK,HIGH,EMAIL
CBK0001436,TXN00011255,True,USR91425,True,MCH9243,False,2026-03-05 00:00:00,2026-03-07 09:19:03,2026-03-30 09:19:03,True,2.0,3679.43,False,False,AMOUNT_MISMATCH,extra amount deducted,Suspicious high-value payment disputed by customer.,IN_PROGRESS,MEDIUM,CHATBOT
CBK0000994,TXN00004395,True,USR71348,False,MCH2469,False,2026-03-30 00:00:00,2026-04-01 00:00:00,,True,2.0,9572.0,False,False,GENERAL_DISPUTE,customer issue,Customer complaint text unclear due to poor call center notes.,IN_PROGRESS,MEDIUM,CALL_CENTER
CBK0000734,TXN00006117,True,USR95049,False,MCH5383,True,2026-03-27 00:00:00,2026-03-28 00:00:00,2026-04-14 03:25:05,True,1.0,3964.0,False,False,GENERAL_DISPUTE,no service,Customer complaint text unclear due to poor call center notes.,RESOLVED,HIGH,IVR
CBK0001683,TXN00009432,True,USR85334,False,MCH3739,True,2026-02-19 00:00:00,2026-03-07 12:06:00,2026-04-05 12:06:35,True,16.0,5973.59,True,False,GENERAL_DISPUTE,dispute raised,customer says transaction was not authorized.,IN_PROGRESS,HIGH,EMAIL
CBK0001407,TXN00033964,False,USR59562,True,MCH1241,False,2026-03-24 00:00:00,2026-03-25 00:00:00,2026-04-21 23:40:30,True,1.0,4254.9,False,False,ACCOUNT_TAKEOVER,ATO,User claims account was compromised before transaction.,REJECTED,HIGH,CHATBOT
CBK0002320,TXN00000822,True,USR51203,False,MCH5846,False,2026-02-07 21:10:00,2026-02-10 00:00:00,2026-02-12 20:10:00,True,2.0,966.31,False,False,GENERAL_DISPUTE,customer issue,User says UPI PIN was not entered by them.,PENDING_BANK,LOW,CHATBOT
CBK0000360,TXN00017688,True,USR19141,False,MCH3815,False,2026-02-08 00:00:00,2026-02-11 00:00:00,2026-03-03 12:52:41,True,3.0,433.23,False,False,ACCOUNT_TAKEOVER,login compromised,Customer complaint text unclear due to poor call center notes. details missing,RESOLVED,MEDIUM,APP
CBK0000559,TXN00010792,True,USR19290,False,MCH4895,False,2026-02-09 03:28:00,2026-02-17 00:00:00,2026-03-12 00:00:00,True,7.0,923.46,False,False,FRAUD_SUSPECTED,scam,User says UPI PIN was not entered by them.,IN_PROGRESS,LOW,CHATBOT
CBK0001627,TXN00003467,True,USR98075,True,MCH7306,True,2026-02-26 00:00:00,2026-02-28 03:10:00,2026-03-27 03:10:55,True,2.0,1472.83,False,False,GENERAL_DISPUTE,DUP_DEBIT,Payment made to unknown merchant as per customer statement.,REJECTED,MEDIUM,EMAIL
CBK0000602,TXN00015729,True,USR61700,True,MCH5980,True,2026-01-23 05:08:36,2026-02-02 00:00:00,,True,9.0,5873.9,False,False,DUPLICATE_DEBIT,charged twice,Complaint received after multiple failed attempts.,REJECTED,HIGH,CHATBOT
CBK0002325,TXN00013806,True,USR41923,True,MCH2214,True,2026-02-16 05:48:00,2026-02-14 00:00:00,2026-03-04 00:00:00,False,,6623.0,False,False,GENERAL_DISPUTE,customer issue,MERCHANT SERVICE WAS NOT DELIVERED AFTER PAYMENT.,IN_PROGRESS,LOW,IVR
CBK0001967,TXN00004164,True,USR14349,True,MCH4226,False,2026-01-22 12:01:00,2026-02-22 00:00:00,2026-02-26 00:00:00,True,30.0,3142.0,False,False,UNAUTHORIZED_TRANSACTION,Unauthorized Transaction,merchant service was not delivered after payment.,OPEN,MEDIUM,CALL_CENTER
CBK0001837,TXN00011621,True,USR98433,False,MCH5655,False,2026-02-22 00:00:00,2026-02-24 20:31:03,2026-03-04 00:00:00,True,2.0,,False,True,SERVICE_NOT_DELIVERED,not delivered,User claims account was compromised before txn.,REJECTED,MEDIUM,BRANCH
CBK0001082,TXN00019971,True,USR97244,False,MCH7766,False,2026-03-04 09:53:00,2026-03-07 03:53:00,2026-04-01 03:53:01,True,2.0,8720.88,False,False,UNAUTHORIZED_TRANSACTION,unauth txn,Customer complaint text unclear due to poor call center notes.,CLOSED,LOW,BRANCH
CBK0000798,TXN00031469,False,USR47192,False,MCH2266,True,2026-01-01 00:00:00,2026-01-03 00:40:11,2026-02-02 00:00:00,True,2.0,2300.99,False,False,FRAUD_SUSPECTED,Fraud Suspected,Merchant service was not delivered after payment.,OPEN,CRITICAL,CALL_CENTER
CBK0000986,TXN00011647,True,USR82322,False,MCH8172,False,2026-01-03 08:39:07,2026-01-05 00:39:07,2026-01-22 00:00:00,True,1.0,8725.14,False,False,GENERAL_DISPUTE,dispute raised,MERCHANT SERVICE WAS NOT DELIVERED AFTER PAYMENT.,PENDING_BANK,HIGH,IVR
CBK0000966,TXN00008529,True,USR53527,False,MCH6984,True,2026-01-22 01:41:00,2026-01-23 15:41:54,,True,1.0,3107.14,False,False,DUPLICATE_DEBIT,charged twice,User claims account was compromised before transaction.,IN_PROGRESS,HIGH,CHATBOT
CBK0000058,TXN00007401,True,USR21162,False,MCH8369,True,2026-02-03 00:00:00,,,True,,2284.5,True,False,SERVICE_NOT_DELIVERED,not delivered,Suspicious high-value payment disputed by customer.,RESOLVED,HIGH,APP
CBK0000849,TXN00010509,True,USR32787,True,MCH1253,False,,2026-02-18 00:00:00,2026-03-13 09:31:00,True,,1585.54,False,False,SERVICE_NOT_DELIVERED,service failed,User claims account was compromised before transaction.,IN_PROGRESS,HIGH,IVR
CBK0000979,TXN00015234,True,USR81644,False,MCH9875,False,2026-02-07 00:00:00,2026-02-10 00:00:00,2026-02-21 01:07:52,True,3.0,10354.45,False,False,SERVICE_NOT_DELIVERED,not delivered,Customer complaint text unclear due to poor call center notes.,PENDING_BANK,HIGH,CHATBOT
CBK0001801,TXN00010702,True,USR66200,False,MCH2822,False,2026-03-11 00:00:00,2026-03-15 00:00:00,2026-03-27 08:07:00,True,4.0,3717.71,False,False,GENERAL_DISPUTE,no service,Customer says amount was debited twice.,CLOSED,LOW,EMAIL
CBK0002075,TXN00015779,True,USR39080,False,MCH3355,False,2026-02-16 00:00:00,2026-02-23 00:00:00,,True,7.0,1866.0,False,False,GENERAL_DISPUTE,customer issue,user claims account was compromised before transaction.,IN_PROGRESS,HIGH,IVR
CBK0001774,TXN00001371,True,USR61715,False,MCH1759,False,2026-01-23 19:30:54,2026-01-24 00:00:00,2026-02-08 00:00:00,True,0.0,1844.6,False,False,UNAUTHORIZED_TRANSACTION,Unauthorized Transaction,Customer says transaction was not authorized.,REJECTED,LOW,APP
CBK0001800,,False,USR60863,False,MCH2534,True,2026-02-26 00:00:00,2026-02-28 00:00:00,,True,2.0,3882.6,False,False,ACCOUNT_TAKEOVER,Account Takeover,Complaint received after multiple failed attempts.,OPEN,MEDIUM,IVR
CBK0001759,TXN00006922,True,USR60939,False,MCH1721,True,2026-02-07 00:00:00,2026-02-13 00:00:00,2026-02-14 00:00:00,True,6.0,1390.01,False,False,ACCOUNT_TAKEOVER,Account Takeover,Payment made to unknown merchant as per customer statement.,IN_PROGRESS,MEDIUM,IVR
CBK0000898,TXN00012927,True,USR52234,False,MCH5076,False,2026-03-11 00:00:00,2026-03-22 00:00:00,2026-04-10 06:37:00,True,11.0,10469.4,False,False,UNAUTHORIZED_TRANSACTION,not done by me,Payment made to unknown merchant as per customer statement. call dropped,REJECTED,MEDIUM,CHATBOT
CBK0001925,TXN00006637,True,USR74775,False,MCH7644,True,2026-03-16 00:00:00,2026-03-27 00:00:00,2026-04-03 10:29:43,True,11.0,4001.0,False,False,SERVICE_NOT_DELIVERED,delivery issue,CUSTOMER COMPLAINT TEXT UNCLEAR DUE TO POOR CALL CENTER NOTES.,IN_PROGRESS,LOW,CALL_CENTER
CBK0000829,TXN00017462,True,USR94805,True,MCH5980,True,2026-03-18 00:00:00,2026-05-03 00:00:00,2026-05-29 09:24:00,True,46.0,,False,True,SERVICE_NOT_DELIVERED,service failed,Merchant service was not delivered after payment.,RESOLVED,LOW,CHATBOT
CBK0001166,TXN00043861,False,USR73010,False,MCH8793,False,2026-01-27 00:00:00,2026-02-03 21:00:29,2026-02-20 00:00:00,True,7.0,422.31,False,False,AMOUNT_MISMATCH,Wrong Amount,Payment made to unknown merchant as per cust statement.,OPEN,HIGH,IVR
CBK0000716,TXN00013326,True,USR62901,False,MCH1320,True,2026-01-04 00:00:00,,,True,,2161.57,False,False,DUPLICATE_DEBIT,Duplicate Debit,Suspicious high-value payment disputed by customer. NA,IN_PROGRESS,MEDIUM,CALL_CENTER
CBK0000541,TXN00009994,True,USR78285,False,MCH7286,False,,2026-01-22 00:00:00,2026-01-31 21:57:00,True,,477.68,False,False,AMOUNT_MISMATCH,incorrect amount,User claims account was compromised before transaction.,OPEN,MEDIUM,APP
CBK0001138,TXN00003160,True,USR93126,False,MCH7265,False,2026-02-24 06:39:10,2026-02-26 13:39:10,2026-03-28 13:39:00,True,2.0,1452.71,False,False,SERVICE_NOT_DELIVERED,Service Not Provided,Customer complaint text unclear due to poor call center notes.,IN_PROGRESS,CRITICAL,BRANCH
CBK0001040,TXN00011260,True,USR65545,True,MCH7882,False,2026-01-21 00:00:00,,,True,,292.66,False,False,UNAUTHORIZED_TRANSACTION,unauth txn,User claims account was compromised before transaction.,REJECTED,MEDIUM,BRANCH
CBK0002668,,False,USR19568,True,MCH9291,True,2026-01-25 05:32:00,,2026-02-16 06:32:00,True,,4776.3,False,False,ACCOUNT_TAKEOVER,account hacked,Customer says amount was debited twice.,REJECTED,LOW,CHATBOT
CBK0001991,TXN00002169,True,USR33650,False,MCH7326,True,2026-01-21 18:37:36,2026-01-25 00:00:00,2026-02-07 17:37:00,True,3.0,,False,True,SERVICE_NOT_DELIVERED,item not received,Complaint received after multiple failed attempts.,IN_PROGRESS,LOW,EMAIL
CBK0000163,TXN00000976,True,USR35447,True,MCH1441,True,2026-02-17 00:00:00,2026-02-19 10:18:00,2026-02-23 00:00:00,True,2.0,1181.91,False,False,GENERAL_DISPUTE,complaint,Suspicious high-value payment disputed by customer.,REJECTED,MEDIUM,IVR
CBK0002278,TXN00014410,True,USR51041,True,MCH5836,False,2026-03-14 00:00:00,2026-03-16 13:41:38,2026-04-13 13:41:38,True,2.0,2302.66,False,False,SERVICE_NOT_DELIVERED,item not received,Customer says amount was debited twice.,PENDING_BANK,MEDIUM,BRANCH
CBK0002205,TXN00013472,True,USR21566,False,MCH5972,True,2026-03-19 00:00:00,2026-03-21 20:47:00,2026-04-09 20:47:43,True,2.0,4341.0,False,False,GENERAL_DISPUTE,DUP_DEBIT,Customer says transaction was not authorized.,OPEN,LOW,IVR
CBK0001275,TXN00014522,True,USR11090,False,MCH8336,False,,,,True,,1098.78,False,False,FRAUD_SUSPECTED,FRAUD,User reports money deducted but merchant denies receiving payment.,OPEN,LOW,IVR
CBK0002407,TXN00017251,True,USR56287,False,MCH8300,False,2026-02-03 00:00:00,2026-02-06 17:58:56,2026-02-10 00:00:00,True,3.0,6191.71,False,False,GENERAL_DISPUTE,complaint,Payment made to unknown merchant as per customer statement.,CLOSED,MEDIUM,APP
CBK0000124,TXN00006207,True,USR61576,False,MCH7286,False,2026-02-12 00:00:00,2026-02-28 00:00:00,2026-03-15 00:00:00,True,16.0,5731.89,True,False,SERVICE_NOT_DELIVERED,item not received,Payment made to unknown merchant as per customer statement.,PENDING_BANK,LOW,BRANCH
CBK0000391,TXN00017871,True,USR51854,False,MCH2822,False,2026-02-28 00:00:00,2026-03-01 00:00:00,2026-03-15 00:00:00,True,1.0,5375.87,False,False,ACCOUNT_TAKEOVER,account hacked,user claims account was compromised before transaction.,IN_PROGRESS,HIGH,CHATBOT
CBK0000856,TXN00000917,True,USR40538,False,MCH8624,True,2026-03-16 00:00:00,2026-04-16 00:00:00,,True,31.0,2601.86,False,False,AMOUNT_MISMATCH,amount mismatch,User says UPI PIN was not entered by them.,PENDING_BANK,LOW,APP
CBK0002377,TXN00019402,True,USR94040,True,MCH1653,True,2026-01-11 00:00:00,2026-01-19 13:52:07,2026-01-23 00:00:00,True,8.0,,False,True,GENERAL_DISPUTE,customer issue,Payment made to unknown merchant as per customer statement. pls check asap,PENDING_BANK,MEDIUM,BRANCH
CBK0000410,TXN00007326,True,USR30157,False,MCH1136,True,,,2026-03-17 15:14:18,True,,185.0,False,False,GENERAL_DISPUTE,customer issue,User claims account was compromised before txn.,OPEN,MEDIUM,CHATBOT
CBK0001988,TXN00011416,True,USR93299,False,MCH5968,True,2026-02-02 00:00:00,2026-03-05 00:00:00,2026-03-20 02:07:56,True,31.0,648.02,False,False,SERVICE_NOT_DELIVERED,delivery issue,User reports money deducted but merchant denies receiving payment.,REJECTED,HIGH,APP
CBK0001939,TXN00006912,True,USR22979,False,MCH8217,False,,,2026-03-05 00:00:00,True,,1089.06,False,False,GENERAL_DISPUTE,no service,Payment made to unknown merchant as per customer statement.,RESOLVED,LOW,CHATBOT
CBK0002735,TXN00012810,True,USR90720,False,MCH4590,False,2026-02-22 05:46:00,2026-02-24 00:00:00,2026-03-17 00:00:00,True,1.0,,False,True,ACCOUNT_TAKEOVER,login compromised,Customer says transaction was not authorized.,CLOSED,MEDIUM,CHATBOT
CBK0000084,TXN00012123,True,USR60939,False,MCH1438,True,2026-02-06 00:00:00,2026-02-08 00:00:00,2026-02-14 02:34:26,True,2.0,4232.74,False,False,UNAUTHORIZED_TRANSACTION,unauthorized_transaction,Complaint received after multiple failed attempts.,CLOSED,MEDIUM,BRANCH
CBK0001830,TXN00015594,True,USR19921,True,MCH6395,False,2026-03-12 00:00:00,2026-03-16 00:00:00,2026-04-02 00:00:00,True,4.0,4964.2,False,False,DUPLICATE_DEBIT,charged twice,Customer says amount was debited twice.,CLOSED,CRITICAL,CHATBOT
CBK0001367,TXN00014165,True,USR19110,False,MCH1811,True,2026-03-06 00:00:00,2026-03-08 00:00:00,2026-03-28 00:00:00,True,2.0,,False,True,FRAUD_SUSPECTED,Fraud Suspected,User claims account was compromised before transaction.,OPEN,MEDIUM,CHATBOT
CBK0001999,TXN00013752,True,USR25196,True,MCH3129,True,2026-03-02 00:00:00,2026-03-12 00:00:00,2026-04-03 00:00:00,True,10.0,1283.33,False,False,SERVICE_NOT_DELIVERED,Merchant Not Delivered,Customer says amount was debited twice.,PENDING_BANK,HIGH,IVR
CBK0000656,TXN00015006,True,USR77915,False,MCH7174,False,2026-02-16 00:00:00,2026-02-23 00:00:00,,True,7.0,3732.8,False,False,SERVICE_NOT_DELIVERED,Service Not Provided,User claims account was compromised before transaction.,OPEN,MEDIUM,IVR
CBK0000525,TXN00013646,True,USR86166,False,MCH9676,False,2026-03-17 01:18:47,2026-03-16 00:00:00,2026-03-17 00:00:00,False,,5986.31,False,False,SERVICE_NOT_DELIVERED,service failed,User says UPI PIN was not entered by them.,IN_PROGRESS,LOW,CHATBOT
CBK0001024,TXN00012992,True,USR34053,False,MCH5076,False,2026-02-16 00:00:00,2026-04-02 00:00:00,2026-04-07 15:17:00,True,45.0,1617.78,False,False,UNAUTHORIZED_TRANSACTION,UNAUTHORISED,USER REPORTS MONEY DEDUCTED BUT MERCHANT DENIES RECEIVING PAYMENT.,IN_PROGRESS,LOW,BRANCH
CBK0002067,TXN00011970,True,USR59147,True,MCH5954,True,2026-02-17 00:00:00,2026-02-19 00:00:00,,True,2.0,164.3,False,False,SERVICE_NOT_DELIVERED,merchant service issue,Customer says amount was debited twice.,RESOLVED,MEDIUM,EMAIL
CBK0001634,TXN00016754,True,USR77208,False,MCH6810,False,,2026-02-19 12:19:39,2026-03-17 00:00:00,True,,2563.38,False,False,UNAUTHORIZED_TRANSACTION,UNAUTHORISED,CUSTOMER SAYS TRANSACTION WAS NOT AUTHORIZED.,CLOSED,LOW,CHATBOT
CBK0001993,TXN00017510,True,USR45520,False,MCH5954,True,2026-03-24 16:04:37,2026-04-04 08:04:37,2026-04-16 08:04:37,True,10.0,788.58,False,False,FRAUD_SUSPECTED,suspicious transaction,Customer says transaction was not authorized.,CLOSED,HIGH,IVR
CBK0001032,TXN00015474,True,USR75327,False,MCH6425,True,2026-01-02 00:00:00,2026-01-05 00:00:00,,True,3.0,879.08,False,False,SERVICE_NOT_DELIVERED,delivery issue,CUSTOMER COMPLAINT TEXT UNCLEAR DUE TO POOR CALL CENTER NOTES.,RESOLVED,MEDIUM,CHATBOT
CBK0001551,TXN00014584,True,USR72106,True,MCH5954,True,2026-01-17 00:00:00,,,True,,25463.16,False,False,UNAUTHORIZED_TRANSACTION,not done by me,User reports money deducted but merchant denies receiving payment.,RESOLVED,MEDIUM,BRANCH
CBK0002236,TXN00017102,True,USR93581,False,MCH7162,True,2026-03-12 00:00:00,2026-03-17 12:49:37,2026-03-27 00:00:00,True,5.0,193.64,False,False,FRAUD_SUSPECTED,fraud,Customer says amount was debited twice.,RESOLVED,MEDIUM,IVR
CBK0000509,TXN00004836,True,USR34955,False,MCH5954,True,2026-01-09 09:38:00,,2026-01-30 03:38:00,True,,3723.0,False,False,AMOUNT_MISMATCH,incorrect amount,customer says transaction was not authorized.,IN_PROGRESS,LOW,IVR
CBK0002785,TXN00013530,True,USR57016,False,MCH8577,False,2026-02-21 09:05:58,2026-02-26 00:00:00,2026-03-04 19:05:58,True,4.0,1866.63,False,False,AMOUNT_MISMATCH,Wrong Amount,Merchant service was not delivered after payment.,OPEN,CRITICAL,CALL_CENTER
CBK0000823,TXN00002624,True,USR25108,False,MCH8679,True,2026-03-12 00:00:00,2026-03-15 00:00:00,2026-03-30 00:00:00,True,3.0,1274.21,False,False,FRAUD_SUSPECTED,scam,User reports money deducted but merchant denies receiving payment.,CLOSED,MEDIUM,EMAIL
CBK0001010,TXN00006755,True,USR73752,True,MCH7461,False,2026-03-14 00:00:00,2026-03-17 00:00:00,2026-04-14 00:00:00,True,3.0,627.47,True,False,ACCOUNT_TAKEOVER,Account Takeover,User claims account was compromised before transaction. call dropped,PENDING_BANK,LOW,CHATBOT
CBK0000185,TXN00007154,True,USR85483,False,MCH4852,False,2026-01-29 00:00:00,2026-02-05 00:00:00,2026-02-10 15:57:00,True,7.0,2770.88,False,False,SERVICE_NOT_DELIVERED,merchant service issue,Customer says amount was debited twice.,OPEN,LOW,CHATBOT
CBK0000715,TXN00007023,True,USR33914,True,MCH5238,False,2026-03-15 01:54:25,2026-03-16 00:00:00,2026-04-11 14:54:25,True,0.0,463.5,False,False,GENERAL_DISPUTE,complaint,Merchant service was not delivered after payment.,CLOSED,MEDIUM,EMAIL
CBK0002196,TXN00010149,True,USR88130,True,MCH8556,True,2026-02-28 00:00:00,2026-03-30 00:00:00,,True,30.0,,False,True,UNAUTHORIZED_TRANSACTION,unauth txn,customer says amount was debited twice.,IN_PROGRESS,CRITICAL,EMAIL
CBK0000820,TXN00054263,False,USR12102,True,MCH5265,True,2026-03-19 09:33:48,2026-03-21 11:33:48,2026-04-02 00:00:00,True,2.0,824.86,False,False,AMOUNT_MISMATCH,incorrect amount,User claims account was compromised before transaction.,REJECTED,HIGH,IVR
CBK0000765,TXN00007330,True,USR99392,True,MCH8540,True,2026-02-12 00:00:00,2026-02-14 00:00:00,2026-03-13 00:00:00,True,2.0,2018.57,False,False,GENERAL_DISPUTE,customer issue,Customer complaint text unclear due to poor call center notes.,REJECTED,MEDIUM,CHATBOT
CBK0000540,TXN00007501,True,USR29824,False,MCH9199,True,,,2026-03-06 01:07:00,True,,,False,True,GENERAL_DISPUTE,no service,Suspicious high-value payment disputed by customer. details missing,OPEN,LOW,CALL_CENTER
CBK0000618,TXN00013129,True,USR59658,False,MCH8812,False,2026-01-14 00:00:00,,,True,,1549.0,False,False,AMOUNT_MISMATCH,Wrong Amount,customer says transaction was not authorized.,RESOLVED,LOW,CHATBOT
CBK0001607,TXN00015175,True,USR13767,False,MCH2284,True,2026-01-10 00:00:00,2026-01-12 05:37:00,,True,2.0,381.32,False,False,DUPLICATE_DEBIT,Duplicate Debit,Customer says transaction was not authorized.,PENDING_BANK,CRITICAL,EMAIL
CBK0001123,TXN00003494,True,USR31366,True,MCH5980,True,2026-02-05 00:00:00,2026-02-07 20:30:24,,True,2.0,342.28,False,False,GENERAL_DISPUTE,complaint,USER REPORTS MONEY DEDUCTED BUT MERCHANT DENIES RECEIVING PAYMENT.,RESOLVED,LOW,IVR
CBK0000004,TXN00008092,True,USR65030,False,MCH5264,False,2026-02-26 16:21:11,2026-02-25 16:21:00,,False,,2596.26,False,False,FRAUD_SUSPECTED,Fraud Suspected,Complaint received after multiple failed attempts.,RESOLVED,MEDIUM,CALL_CENTER
CBK0000585,TXN00010811,True,USR26991,True,MCH4181,False,2026-03-31 00:00:00,2026-04-02 18:35:45,2026-04-11 00:00:00,True,2.0,1744.0,False,False,UNAUTHORIZED_TRANSACTION,UNAUTHORISED,User reports money deducted but merchant denies receiving payment.,RESOLVED,HIGH,CALL_CENTER
CBK0002198,TXN00018071,True,USR65483,False,MCH6689,False,2026-03-03 00:00:00,2026-03-06 00:00:00,2026-03-08 00:00:00,True,3.0,3289.2,False,False,SERVICE_NOT_DELIVERED,item not received,customer says transaction was not authorized.,REJECTED,MEDIUM,IVR
CBK0001079,TXN00012253,True,USR87914,False,MCH5542,False,2026-03-07 04:37:00,2026-03-07 00:00:00,2026-03-16 16:37:00,False,,1245.84,False,False,SERVICE_NOT_DELIVERED,Service Not Provided,Suspicious high-value payment disputed by customer.,IN_PROGRESS,CRITICAL,CALL_CENTER
CBK0000034,TXN00018948,True,USR39094,False,MCH1418,False,2026-01-27 00:00:00,2026-02-02 06:52:00,2026-02-10 06:52:00,True,6.0,959.89,False,False,GENERAL_DISPUTE,customer issue,User says UPI PIN was not entered by them.,OPEN,MEDIUM,CHATBOT
CBK0000343,TXN00016878,True,USR66196,False,MCH2822,False,2026-02-10 12:11:00,2026-02-16 00:00:00,2026-02-20 06:11:14,True,5.0,2996.76,False,False,GENERAL_DISPUTE,customer issue,Customer complaint text unclear due to poor call center notes.,CLOSED,LOW,IVR
CBK0000481,TXN00015109,True,USR46576,False,MCH2266,True,2026-03-27 00:00:00,2026-03-29 15:43:00,2026-04-16 00:00:00,True,2.0,287.95,False,False,AMOUNT_MISMATCH,extra amount deducted,User claims account was compromised before transaction.,CLOSED,MEDIUM,BRANCH
CBK0001728,TXN00005001,True,USR63634,False,MCH6359,True,2026-03-05 00:00:00,2026-03-08 16:09:12,,True,3.0,4713.3,False,False,GENERAL_DISPUTE,dispute raised,Customer says transaction was not authorized.,RESOLVED,MEDIUM,IVR
CBK0002237,TXN00001882,True,USR15350,True,MCH7351,False,2026-03-28 00:00:00,2026-04-27 00:00:00,2026-05-01 20:04:39,True,30.0,2264.22,False,False,DUPLICATE_DEBIT,Duplicate Debit,USER SAYS UPI PIN WAS NOT ENTERED BY THEM.,CLOSED,MEDIUM,IVR
CBK0001058,TXN00008405,True,USR25902,False,MCH8556,True,2026-02-10 00:00:00,2026-02-17 00:00:00,,True,7.0,1446.29,False,False,UNAUTHORIZED_TRANSACTION,UNAUTHORISED,User says UPI PIN was not entered by them.,REJECTED,HIGH,CHATBOT
CBK0001933,TXN00005666,True,USR33656,True,MCH5076,False,2026-02-14 07:15:35,2026-02-19 07:15:00,2026-03-10 00:00:00,True,4.0,1764.4,False,False,DUPLICATE_DEBIT,Duplicate Debit,SUSPICIOUS HIGH-VALUE PAYMENT DISPUTED BY CUSTOMER.,PENDING_BANK,LOW,BRANCH
CBK0000466,TXN00008559,True,USR20115,False,MCH2757,True,2026-03-21 08:09:20,2026-03-22 00:00:00,2026-04-18 00:00:00,True,0.0,876.37,False,False,SERVICE_NOT_DELIVERED,service failed,Customer says amount was debited twice.,OPEN,MEDIUM,IVR
CBK0001130,TXN00013293,True,USR64755,False,MCH3055,True,2026-02-07 00:00:00,2026-02-13 04:28:39,2026-02-21 00:00:00,True,6.0,648.89,False,False,ACCOUNT_TAKEOVER,account hacked,customer says transaction was not authorized.,OPEN,MEDIUM,APP
CBK0000736,TXN00001334,True,USR31979,False,MCH2101,False,2026-03-23 11:54:27,2026-03-25 07:54:27,,True,1.0,6666.14,False,False,ACCOUNT_TAKEOVER,ATO,Customer says amount was debited twice.,IN_PROGRESS,MEDIUM,CHATBOT
CBK0000181,TXN00016182,True,USR66758,True,MCH1612,True,2026-01-28 10:33:01,2026-01-30 00:00:00,2026-02-08 00:00:00,True,1.0,237.88,False,False,FRAUD_SUSPECTED,suspicious transaction,Customer says amount was debited twice.,REJECTED,LOW,APP
CBK0000697,TXN00007023,True,USR88430,False,MCH4181,False,2026-03-25 19:00:00,2026-03-31 14:00:23,2026-04-27 00:00:00,True,5.0,10555.32,False,False,AMOUNT_MISMATCH,Wrong Amount,Customer says transaction was not authorized.,REJECTED,MEDIUM,IVR
CBK0001752,TXN00006114,True,USR22925,False,MCH5954,True,2026-01-11 14:56:22,2026-01-27 00:00:00,2026-02-17 00:00:00,True,15.0,4938.0,False,False,ACCOUNT_TAKEOVER,account hacked,Customer says transaction was not authorized.,REJECTED,HIGH,CALL_CENTER
CBK0002549,TXN00014870,True,USR48114,False,MCH3983,True,2026-01-17 00:00:00,2026-01-18 00:00:00,2026-02-16 00:00:00,True,1.0,10657.19,False,False,SERVICE_NOT_DELIVERED,delivery issue,USER SAYS UPI PIN WAS NOT ENTERED BY THEM.,OPEN,LOW,CHATBOT
CBK0001488,TXN00015761,True,USR47459,False,MCH8883,False,,2026-02-08 18:43:00,2026-03-06 00:00:00,True,,6388.0,False,False,SERVICE_NOT_DELIVERED,service failed,User claims account was compromised before transaction.,OPEN,LOW,IVR
CBK0001651,TXN00010749,True,USR62848,False,MCH3729,False,2026-02-15 00:00:00,2026-02-22 23:37:50,2026-02-26 00:00:00,True,7.0,,False,True,FRAUD_SUSPECTED,Fraud Suspected,Customer says amount was debited twice. call dropped,IN_PROGRESS,LOW,BRANCH
CBK0002711,TXN00042233,False,USR31712,False,MCH3819,True,2026-03-10 00:00:00,2026-04-24 16:53:03,2026-05-09 16:53:03,True,45.0,,False,True,DUPLICATE_DEBIT,Duplicate Debit,complaint received after multiple failed attempts.,CLOSED,HIGH,IVR
CBK0001543,TXN00009804,True,USR90720,False,MCH4495,True,,2026-01-24 00:00:00,2026-01-27 03:54:00,True,,767.56,False,False,SERVICE_NOT_DELIVERED,merchant service issue,Customer complaint text unclear due to poor call center notes.,REJECTED,MEDIUM,IVR
CBK0000310,TXN00019838,True,USR34180,False,MCH6810,False,2026-02-04 00:00:00,2026-02-19 00:00:00,2026-02-25 00:00:00,True,15.0,2926.76,False,False,UNAUTHORIZED_TRANSACTION,Unauthorized Transaction,User reports money deducted but merchant denies receiving payment.,IN_PROGRESS,CRITICAL,BRANCH
CBK0001605,TXN00013039,True,USR38436,True,MCH5655,False,,2026-01-09 00:00:00,2026-01-13 00:00:00,True,,7884.27,False,False,ACCOUNT_TAKEOVER,Account Takeover,Suspicious high-value payment disputed by cust.,REJECTED,MEDIUM,CALL_CENTER
CBK0002159,TXN00008446,True,USR75943,False,MCH5482,True,2026-03-08 00:00:00,2026-03-08 12:51:00,2026-03-27 00:00:00,True,0.0,2807.75,True,False,FRAUD_SUSPECTED,scam,CUSTOMER SAYS TRANSACTION WAS NOT AUTHORIZED.,REJECTED,CRITICAL,EMAIL
CBK0000883,TXN00009806,True,USR94655,False,MCH5279,False,2026-01-19 18:04:00,2026-01-23 00:00:00,,True,3.0,3825.17,False,False,FRAUD_SUSPECTED,FRAUD,suspicious high-value payment disputed by customer.,OPEN,LOW,IVR
CBK0000273,TXN00002139,True,USR80361,True,MCH6712,False,2026-03-05 11:26:00,2026-03-16 04:26:00,,True,10.0,1116.32,True,False,GENERAL_DISPUTE,customer issue,customer complaint text unclear due to poor call center notes.,OPEN,LOW,BRANCH
CBK0002172,TXN00011390,True,USR27533,True,MCH3479,False,2026-01-20 00:00:00,2026-01-23 00:41:15,,True,3.0,681.66,False,False,UNAUTHORIZED_TRANSACTION,Unauthorized Transaction,Merchant service was not delivered after payment.,RESOLVED,HIGH,APP
CBK0000046,TXN00007253,True,USR97477,False,MCH1590,False,2026-02-15 00:00:00,2026-03-03 00:00:00,2026-03-09 00:00:00,True,16.0,8599.51,False,False,ACCOUNT_TAKEOVER,ATO,User reports money deducted but merchant denies receiving payment.,OPEN,HIGH,APP
CBK0001291,TXN00018053,True,USR56751,False,MCH8322,False,2026-01-26 05:12:55,2026-01-28 00:00:00,,True,1.0,1619.1,False,False,SERVICE_NOT_DELIVERED,service failed,customer complaint text unclear due to poor call center notes.,CLOSED,LOW,IVR
CBK0000362,TXN00002263,True,USR61333,False,MCH7286,False,2026-01-20 00:00:00,2026-01-21 00:00:00,2026-01-30 00:00:00,True,1.0,9476.14,False,False,AMOUNT_MISMATCH,incorrect amount,User reports money deducted but merchant denies receiving payment.,IN_PROGRESS,MEDIUM,BRANCH
CBK0000583,TXN00013098,True,USR11077,True,MCH5456,False,2026-02-01 00:00:00,2026-02-03 00:32:11,2026-02-03 00:32:11,True,2.0,,False,True,AMOUNT_MISMATCH,incorrect amount,SUSPICIOUS HIGH-VALUE PAYMENT DISPUTED BY CUSTOMER.,PENDING_BANK,MEDIUM,BRANCH
CBK0001258,TXN00017225,True,USR40420,True,MCH1168,True,2026-02-28 00:00:00,2026-03-11 00:00:00,,True,11.0,4972.38,False,False,FRAUD_SUSPECTED,FRAUD,User says UPI PIN was not entered by them.,IN_PROGRESS,LOW,CHATBOT
CBK0001309,TXN00001777,True,USR97380,False,MCH3684,True,2026-03-13 00:00:00,2026-04-27 18:23:00,2026-04-29 00:00:00,True,45.0,6040.0,False,False,UNAUTHORIZED_TRANSACTION,Unauthorized Transaction,Customer says transaction was not authorized.,CLOSED,MEDIUM,IVR
CBK0000479,TXN00016497,True,USR12417,False,MCH8154,True,2026-03-14 00:00:00,2026-03-12 04:20:00,2026-03-29 00:00:00,False,,3794.91,False,False,FRAUD_SUSPECTED,Fraud Suspected,Payment made to unknown merchant as per customer statement.,IN_PROGRESS,MEDIUM,APP
CBK0000022,TXN00012475,True,USR21946,False,MCH4181,False,2026-03-05 23:30:49,2026-03-06 00:00:00,2026-03-19 00:00:00,True,0.0,11540.0,False,False,UNAUTHORIZED_TRANSACTION,unauthorized_transaction,Customer complaint text unclear due to poor call center notes.,IN_PROGRESS,LOW,CHATBOT
CBK0001439,TXN00018123,True,USR83744,True,MCH5378,True,2026-03-13 22:46:01,2026-03-19 00:00:00,2026-04-02 06:46:00,True,5.0,3146.39,False,False,GENERAL_DISPUTE,dispute raised,Customer says transaction was not authorized.,CLOSED,LOW,IVR
CBK0000976,TXN00002141,True,USR96958,False,MCH6498,True,2026-01-23 00:00:00,2026-01-30 22:01:24,2026-02-09 00:00:00,True,7.0,7027.39,False,False,SERVICE_NOT_DELIVERED,delivery issue,Complaint received after multiple failed attempts.,REJECTED,MEDIUM,EMAIL
CBK0000639,TXN00017298,True,USR56287,False,MCH7134,False,2026-03-22 00:00:00,2026-03-23 00:00:00,,True,1.0,3871.95,False,False,FRAUD_SUSPECTED,scam,User reports money deducted but merchant denies receiving payment.,REJECTED,MEDIUM,CHATBOT
CBK0000853,TXN00019212,True,USR43229,False,MCH3902,False,2026-03-21 00:27:23,2026-03-26 00:00:00,2026-04-23 00:00:00,True,4.0,1395.11,False,False,FRAUD_SUSPECTED,FRAUD,Customer says txn was not authorized.,REJECTED,MEDIUM,CHATBOT
CBK0001985,TXN00005222,True,USR98253,False,MCH3611,True,,2026-02-21 00:00:00,2026-03-02 00:00:00,True,,526.0,False,False,FRAUD_SUSPECTED,fraud,USER CLAIMS ACCOUNT WAS COMPROMISED BEFORE TRANSACTION.,RESOLVED,MEDIUM,EMAIL
CBK0000300,TXN00002857,True,USR92485,True,MCH7388,False,,2026-03-21 00:00:00,2026-04-20 00:00:00,True,,920.19,False,False,SERVICE_NOT_DELIVERED,not delivered,User reports money deducted but merchant denies receiving payment.,IN_PROGRESS,HIGH,CHATBOT
CBK0001326,TXN00017532,True,USR63876,False,MCH4629,False,2026-01-22 00:00:00,2026-01-30 00:00:00,,True,8.0,2971.18,False,False,AMOUNT_MISMATCH,amount mismatch,Suspicious high-value payment disputed by customer.,REJECTED,LOW,IVR
CBK0002099,TXN00016911,True,USR94430,False,MCH5701,True,2026-01-10 00:00:00,2026-01-12 00:00:00,,True,2.0,1895.66,False,False,ACCOUNT_TAKEOVER,login compromised,Customer complaint text unclear due to poor call center notes.,REJECTED,MEDIUM,EMAIL
CBK0001474,TXN00008578,True,USR71704,False,MCH7047,True,2026-02-05 00:00:00,2026-02-13 00:00:00,2026-03-04 00:00:00,True,8.0,3771.28,False,False,UNAUTHORIZED_TRANSACTION,Unauthorized Transaction,Customer complaint text unclear due to poor call center notes.,OPEN,MEDIUM,EMAIL
CBK0001508,TXN00006688,True,USR56287,False,MCH2552,True,2026-02-21 21:29:00,2026-02-25 00:00:00,2026-03-02 04:29:00,True,3.0,592.68,False,False,ACCOUNT_TAKEOVER,login compromised,Complaint received after multiple failed attempts.,PENDING_BANK,HIGH,EMAIL
CBK0000985,TXN00016633,True,USR50898,True,MCH3836,False,,2026-03-07 00:00:00,,True,,3329.74,False,False,UNAUTHORIZED_TRANSACTION,UNAUTHORISED,COMPLAINT RECEIVED AFTER MULTIPLE FAILED ATTEMPTS.,IN_PROGRESS,HIGH,CHATBOT
CBK0002762,TXN00012709,True,USR87422,False,MCH2383,True,,2026-01-25 00:00:00,2026-02-01 00:00:00,True,,1866.43,True,False,DUPLICATE_DEBIT,double debit,COMPLAINT RECEIVED AFTER MULTIPLE FAILED ATTEMPTS.,OPEN,MEDIUM,BRANCH
CBK0002695,TXN00009985,True,USR69511,False,MCH3100,False,2026-03-04 00:00:00,2026-03-19 00:00:00,2026-03-19 00:00:00,True,15.0,4262.78,False,False,UNAUTHORIZED_TRANSACTION,unauth txn,Customer says txn was not authorized.,OPEN,LOW,APP
CBK0002523,TXN00016424,True,USR39280,False,MCH4590,False,2026-02-09 00:00:00,,2026-03-06 00:00:00,True,,1444.48,False,False,AMOUNT_MISMATCH,amount mismatch,Merchant service was not delivered after payment.,RESOLVED,HIGH,CALL_CENTER
CBK0001776,TXN00003915,True,USR57281,True,MCH6934,False,2026-02-25 00:00:00,2026-02-25 00:00:00,2026-03-24 00:00:00,True,0.0,264.64,False,False,GENERAL_DISPUTE,DUP_DEBIT,Payment made to unknown merchant as per customer statement.,REJECTED,MEDIUM,APP
CBK0000251,TXN00012937,True,USR77066,False,MCH5347,False,2026-03-17 00:00:00,2026-03-22 00:00:00,2026-04-10 02:26:00,True,5.0,2574.17,False,False,SERVICE_NOT_DELIVERED,item not received,User says UPI PIN was not entered by them.,CLOSED,MEDIUM,CALL_CENTER
CBK0000729,TXN00009979,True,USR43978,False,MCH6850,False,2026-02-01 00:00:00,2026-02-17 00:00:00,,True,16.0,1801.1,False,False,FRAUD_SUSPECTED,Fraud Suspected,USER SAYS UPI PIN WAS NOT ENTERED BY THEM.,IN_PROGRESS,MEDIUM,BRANCH
CBK0001430,TXN00003193,True,USR30157,False,MCH5404,True,2026-02-21 00:00:00,2026-02-27 00:00:00,2026-03-09 00:00:00,True,6.0,2273.34,False,False,DUPLICATE_DEBIT,charged twice,Payment made to unknown merchant as per customer statement. urgent,CLOSED,CRITICAL,BRANCH
CBK0001056,TXN00017995,True,USR83697,False,MCH7555,False,2026-03-26 00:00:00,2026-03-27 02:11:24,2026-04-17 00:00:00,True,1.0,1918.51,False,False,UNAUTHORIZED_TRANSACTION,unauthorized_transaction,User reports money deducted but merchant denies receiving payment.,RESOLVED,MEDIUM,IVR
CBK0002533,TXN00002429,True,USR82871,False,MCH8050,True,2026-01-27 20:26:00,2026-02-12 00:00:00,2026-02-21 00:00:00,True,15.0,389.54,False,False,UNAUTHORIZED_TRANSACTION,not done by me,Merchant service was not delivered after payment.,IN_PROGRESS,MEDIUM,IVR
CBK0001748,TXN00036584,False,USR93861,True,MCH2037,True,2026-01-01 00:00:00,2026-01-04 00:00:00,2026-01-28 00:00:00,True,3.0,3309.31,True,False,ACCOUNT_TAKEOVER,account hacked,User says UPI PIN was not entered by them.,PENDING_BANK,HIGH,IVR
CBK0002154,TXN00019558,True,USR60770,False,MCH4307,False,2026-03-31 00:00:00,2026-04-05 00:00:00,2026-04-17 00:00:00,True,5.0,1769.97,False,False,DUPLICATE_DEBIT,Duplicate Debit,Customer says transaction was not authorized.,RESOLVED,LOW,BRANCH
CBK0001530,TXN00000959,True,USR38580,False,MCH7286,False,2026-03-08 00:00:00,2026-03-11 15:32:00,2026-04-04 00:00:00,True,3.0,982.69,False,False,GENERAL_DISPUTE,customer issue,Customer says amount was debited twice.,OPEN,LOW,EMAIL
CBK0001561,TXN00012655,True,USR49452,False,MCH7833,True,2026-02-02 00:00:00,2026-02-04 00:00:00,2026-02-14 10:24:28,True,2.0,5677.69,False,False,SERVICE_NOT_DELIVERED,Merchant Not Delivered,payment made to unknown merchant as per customer statement.,OPEN,MEDIUM,BRANCH
CBK0002302,TXN00004618,True,USR69543,True,MCH8140,True,,2026-01-23 00:00:00,,True,,1142.86,False,False,GENERAL_DISPUTE,DUP_DEBIT,User claims account was compromised before transaction.,REJECTED,LOW,IVR
CBK0000447,TXN00012764,True,USR26323,True,MCH5927,True,2026-03-15 00:00:00,2026-03-18 00:00:00,2026-04-10 00:00:00,True,3.0,1222.0,False,False,FRAUD_SUSPECTED,scam,User reports money deducted but merchant denies receiving payment.,IN_PROGRESS,MEDIUM,IVR
CBK0002090,TXN00008261,True,USR15888,False,MCH7075,True,2026-02-26 07:25:00,2026-03-03 15:25:42,,True,5.0,4227.03,False,False,SERVICE_NOT_DELIVERED,Merchant Not Delivered,Suspicious high-value payment disputed by cust.,RESOLVED,HIGH,BRANCH
CBK0001157,TXN00018783,True,USR89151,False,MCH3001,False,2026-01-24 00:00:00,2026-01-29 03:28:31,,True,5.0,11640.86,False,False,GENERAL_DISPUTE,customer issue,USER SAYS UPI PIN WAS NOT ENTERED BY THEM.,PENDING_BANK,LOW,APP
CBK0002684,TXN00018518,True,USR58335,False,MCH2058,False,2026-01-02 00:00:00,2026-01-04 00:00:00,2026-01-06 00:00:00,True,2.0,2159.7,False,False,UNAUTHORIZED_TRANSACTION,Unauthorized Transaction,user says upi pin was not entered by them.,CLOSED,LOW,CALL_CENTER
CBK0001929,TXN00003276,True,USR83918,False,MCH9291,True,,2026-03-22 00:00:00,2026-04-09 00:00:00,True,,5720.73,True,False,AMOUNT_MISMATCH,incorrect amount,Complaint received after multiple failed attempts.,RESOLVED,LOW,IVR
CBK0001320,TXN00014032,True,USR46308,False,MCH5900,True,2026-02-01 00:00:00,2026-02-06 00:00:00,2026-02-13 00:00:00,True,5.0,358.19,False,False,ACCOUNT_TAKEOVER,ATO,Complaint received after multiple failed attempts. urgent,PENDING_BANK,LOW,IVR
CBK0001600,TXN00014926,True,USR22359,False,MCH4542,False,,2026-01-22 15:21:40,2026-02-09 00:00:00,True,,2332.94,False,False,FRAUD_SUSPECTED,Fraud Suspected,Suspicious high-value payment disputed by customer.,CLOSED,LOW,CHATBOT
CBK0002391,TXN00013005,True,USR27779,False,MCH6850,False,,2026-04-01 00:00:00,2026-04-15 18:10:52,True,,3734.7,False,False,SERVICE_NOT_DELIVERED,delivery issue,Merchant service was not delivered after payment.,PENDING_BANK,LOW,APP
CBK0001069,TXN00072059,False,USR75081,False,MCH7509,True,2026-02-10 17:04:00,2026-02-14 04:04:39,2026-03-16 04:04:00,True,3.0,1209.0,False,False,ACCOUNT_TAKEOVER,Account Takeover,Complaint received after multiple failed attempts.,IN_PROGRESS,MEDIUM,CHATBOT
CBK0000691,TXN00006342,True,USR46662,False,MCH8426,False,2026-03-13 10:45:48,2026-03-19 00:00:00,2026-03-20 02:45:00,True,5.0,1546.48,False,False,SERVICE_NOT_DELIVERED,delivery issue,merchant service was not delivered after payment.,IN_PROGRESS,MEDIUM,IVR
CBK0002454,TXN00012462,True,USR25682,False,MCH5954,True,2026-03-23 00:00:00,2026-03-26 00:00:00,2026-04-10 17:09:36,True,3.0,7714.0,False,False,GENERAL_DISPUTE,dispute raised,Customer complaint text unclear due to poor call center notes.,CLOSED,LOW,CALL_CENTER
CBK0002777,TXN00041176,False,USR83934,False,MCH9022,True,2026-02-01 00:00:00,2026-02-06 17:22:00,2026-02-21 00:00:00,True,5.0,8162.73,False,False,UNAUTHORIZED_TRANSACTION,unauth txn,User reports money deducted but merchant denies receiving payment. urgent,IN_PROGRESS,HIGH,IVR
CBK0000263,TXN00006449,True,USR71316,True,MCH6236,False,2026-01-10 00:00:00,2026-01-26 01:59:16,2026-02-15 00:00:00,True,16.0,250.0,False,False,ACCOUNT_TAKEOVER,account hacked,User says UPI PIN was not entered by them.,IN_PROGRESS,HIGH,CHATBOT
CBK0000590,TXN00018358,True,USR73010,False,MCH2722,False,2026-03-12 00:00:00,2026-03-20 03:25:00,2026-04-16 00:00:00,True,8.0,1889.21,True,False,AMOUNT_MISMATCH,Wrong Amount,Complaint received after multiple failed attempts.,RESOLVED,HIGH,CHATBOT
CBK0001133,TXN00004481,True,USR68023,False,MCH1494,True,2026-01-06 00:00:00,2026-01-05 00:00:00,2026-01-05 00:00:00,False,,1101.44,False,False,AMOUNT_MISMATCH,extra amount deducted,User claims account was compromised before transaction.,REJECTED,CRITICAL,BRANCH
CBK0002414,TXN00000503,True,USR85650,False,MCH1590,False,2026-03-04 16:57:39,2026-04-18 00:00:00,2026-05-09 18:57:00,True,44.0,325.93,False,False,DUPLICATE_DEBIT,charged twice,complaint received after multiple failed attempts.,OPEN,HIGH,CALL_CENTER
CBK0002627,TXN00001026,True,USR26564,False,MCH5899,False,2026-01-17 09:59:06,2026-01-25 07:59:00,2026-02-20 00:00:00,True,7.0,2910.7,False,False,SERVICE_NOT_DELIVERED,merchant service issue,Suspicious high-value payment disputed by customer.,IN_PROGRESS,MEDIUM,IVR
CBK0001008,,False,USR97772,True,MCH1074,False,,2026-01-13 00:00:00,2026-01-23 02:52:41,True,,1143.88,False,False,DUPLICATE_DEBIT,charged twice,Customer says amount was debited twice.,RESOLVED,MEDIUM,IVR
CBK0000285,TXN00009133,True,USR99694,False,MCH2606,False,2026-03-19 03:32:00,2026-03-22 00:00:00,,True,2.0,1528.27,False,False,SERVICE_NOT_DELIVERED,service failed,Customer says amount was debited twice.,OPEN,MEDIUM,IVR
CBK0001311,TXN00018498,True,USR40538,False,MCH7255,False,2026-03-19 00:00:00,2026-03-23 00:00:00,2026-04-06 00:00:00,True,4.0,1779.0,False,False,ACCOUNT_TAKEOVER,Account Takeover,Payment made to unknown merchant as per customer statement.,RESOLVED,LOW,CALL_CENTER
CBK0000220,TXN00009971,True,USR81170,False,MCH6607,True,,2026-03-03 00:00:00,,True,,4849.0,False,False,FRAUD_SUSPECTED,suspicious transaction,Customer says amount was debited twice. urgent,IN_PROGRESS,LOW,EMAIL
CBK0002615,TXN00018536,True,USR57158,False,MCH5099,False,2026-02-22 13:48:57,2026-02-24 00:00:00,2026-03-02 00:00:00,True,1.0,1257.97,False,False,FRAUD_SUSPECTED,FRAUD,Suspicious high-value payment disputed by cust.,OPEN,HIGH,APP
CBK0001460,TXN00014496,True,USR33249,False,MCH4270,False,2026-03-29 00:00:00,2026-04-02 00:00:00,2026-04-04 02:17:31,True,4.0,554.76,False,False,UNAUTHORIZED_TRANSACTION,unauthorized_transaction,customer says amount was debited twice.,IN_PROGRESS,LOW,APP
CBK0000068,TXN00019414,True,USR96148,False,MCH3815,False,2026-01-01 03:55:28,2026-01-01 00:00:00,2026-01-18 06:55:00,False,,996.0,False,False,ACCOUNT_TAKEOVER,login compromised,Suspicious high-value payment disputed by customer.,PENDING_BANK,CRITICAL,IVR
CBK0001363,TXN00015121,True,USR62483,False,MCH1141,False,2026-02-15 00:00:00,2026-02-18 00:00:00,2026-03-05 00:00:00,True,3.0,1504.76,False,False,GENERAL_DISPUTE,Customer Dispute,USER SAYS UPI PIN WAS NOT ENTERED BY THEM.,CLOSED,MEDIUM,CHATBOT
CBK0001071,TXN00005413,True,USR85761,False,MCH3171,False,2026-01-29 00:00:00,2026-02-01 00:00:00,2026-02-14 00:00:00,True,3.0,,False,True,AMOUNT_MISMATCH,extra amount deducted,Suspicious high-value payment disputed by customer. details missing,PENDING_BANK,MEDIUM,CHATBOT
CBK0000562,TXN00003828,True,USR39793,False,MCH3203,True,,2026-03-31 19:03:00,,True,,1594.84,False,False,UNAUTHORIZED_TRANSACTION,UNAUTHORISED,User reports money deducted but merchant denies receiving payment.,PENDING_BANK,LOW,CHATBOT
CBK0001140,TXN00004922,True,USR79175,False,MCH6652,False,2026-03-28 00:00:00,2026-03-30 00:00:00,2026-04-10 04:32:07,True,2.0,,False,True,UNAUTHORIZED_TRANSACTION,not done by me,user reports money deducted but merchant denies receiving payment.,CLOSED,MEDIUM,IVR
CBK0000657,TXN00006919,True,USR29306,False,MCH5269,True,2026-01-14 00:00:00,2026-01-19 00:00:00,2026-02-13 16:01:00,True,5.0,2207.79,False,False,AMOUNT_MISMATCH,amount mismatch,complaint received after multiple failed attempts.,CLOSED,MEDIUM,CHATBOT
CBK0001831,TXN00010938,True,USR88037,True,MCH5655,False,2026-03-15 18:39:00,2026-03-18 00:00:00,2026-04-15 00:00:00,True,2.0,4425.22,False,False,AMOUNT_MISMATCH,amount mismatch,Merchant service was not delivered after payment. details missing,OPEN,LOW,APP
CBK0001818,TXN00005674,True,USR54580,True,MCH5397,False,2026-03-08 00:00:00,2026-03-15 15:17:35,2026-04-02 00:00:00,True,7.0,560.0,False,False,UNAUTHORIZED_TRANSACTION,not done by me,CUSTOMER COMPLAINT TEXT UNCLEAR DUE TO POOR CALL CENTER NOTES.,IN_PROGRESS,HIGH,CHATBOT
CBK0000721,TXN00009064,True,USR29458,False,MCH4113,True,2026-02-10 00:00:00,2026-02-12 00:00:00,2026-03-03 00:00:00,True,2.0,1568.17,False,False,DUPLICATE_DEBIT,Duplicate Debit,Customer says amount was debited twice.,RESOLVED,CRITICAL,BRANCH
CBK0000837,TXN00014492,True,USR59264,True,MCH1548,False,2026-01-04 03:46:36,2026-02-03 00:00:00,2026-02-11 00:00:00,True,29.0,,False,True,FRAUD_SUSPECTED,suspicious transaction,SUSPICIOUS HIGH-VALUE PAYMENT DISPUTED BY CUSTOMER.,IN_PROGRESS,HIGH,CHATBOT
CBK0002597,TXN00008925,True,USR93425,False,MCH3339,False,2026-01-02 07:36:00,2026-01-03 04:36:00,,True,0.0,3175.71,True,False,SERVICE_NOT_DELIVERED,Service Not Provided,User reports money deducted but merchant denies receiving payment. pls check asap,REJECTED,LOW,IVR
CBK0000876,TXN00010046,True,USR91274,False,MCH8960,False,2026-01-17 07:29:00,2026-01-22 00:00:00,2026-02-09 16:29:48,True,4.0,6572.39,False,False,DUPLICATE_DEBIT,double debit,User says UPI PIN was not entered by them.,REJECTED,MEDIUM,CHATBOT
CBK0002537,TXN00066991,False,USR17742,False,MCH4337,True,2026-01-07 09:36:06,2026-01-09 00:00:00,2026-01-22 00:00:00,True,1.0,1890.93,False,False,GENERAL_DISPUTE,Customer Dispute,User reports money deducted but merchant denies receiving payment.,CLOSED,LOW,IVR
CBK0002507,TXN00016749,True,USR55737,False,MCH5655,False,2026-03-31 00:00:00,2026-04-03 00:00:00,2026-04-14 00:00:00,True,3.0,,False,True,UNAUTHORIZED_TRANSACTION,Unauthorized Transaction,User claims account was compromised before txn.,CLOSED,MEDIUM,CALL_CENTER
CBK0002350,TXN00064529,False,USR90246,True,MCH9480,False,2026-02-27 02:51:00,2026-03-09 00:00:00,,True,9.0,472.0,False,False,UNAUTHORIZED_TRANSACTION,unauthorized_transaction,User says UPI PIN was not entered by them.,REJECTED,MEDIUM,EMAIL
CBK0001416,TXN00018367,True,USR98309,True,MCH7233,True,,2026-01-03 05:05:00,2026-01-29 05:05:00,True,,1495.59,False,False,GENERAL_DISPUTE,customer issue,Suspicious high-value payment disputed by customer.,REJECTED,MEDIUM,CHATBOT
CBK0002483,TXN00019669,True,USR65795,False,MCH4328,False,2026-01-12 00:00:00,2026-01-13 18:43:01,2026-01-16 00:00:00,True,1.0,1522.61,False,False,UNAUTHORIZED_TRANSACTION,not done by me,User reports money deducted but merchant denies receiving payment.,CLOSED,LOW,BRANCH
CBK0001553,TXN00004048,True,USR26051,False,MCH3235,False,2026-03-14 00:00:00,,2026-03-29 00:00:00,True,,815.95,True,False,GENERAL_DISPUTE,no service,Customer says amount was debited twice.,IN_PROGRESS,LOW,APP
CBK0000651,TXN00011527,True,USR57088,False,MCH1779,True,2026-01-25 00:00:00,2026-01-27 00:00:00,2026-01-28 00:00:00,True,2.0,1443.54,False,False,UNAUTHORIZED_TRANSACTION,unauth txn,User claims account was compromised before transaction.,OPEN,MEDIUM,CHATBOT
CBK0000866,TXN00002719,True,USR11592,True,MCH1717,False,2026-03-05 00:00:00,2026-03-12 23:06:00,,True,7.0,2881.81,False,False,UNAUTHORIZED_TRANSACTION,Unauthorized Transaction,user claims account was compromised before transaction.,CLOSED,LOW,IVR
CBK0000260,TXN00006995,True,USR27185,False,MCH1715,False,2026-03-09 00:00:00,2026-03-12 13:45:23,2026-04-09 00:00:00,True,3.0,793.0,False,False,ACCOUNT_TAKEOVER,Account Takeover,User claims account was compromised before transaction.,RESOLVED,LOW,CHATBOT
CBK0001397,TXN00001903,True,USR40286,True,MCH8305,False,2026-03-25 01:49:45,2026-04-01 06:49:00,2026-04-01 06:49:45,True,7.0,2512.35,False,False,FRAUD_SUSPECTED,suspicious transaction,User says UPI PIN was not entered by them.,REJECTED,CRITICAL,IVR
CBK0000374,TXN00005682,True,USR46350,False,MCH7622,True,2026-02-22 07:20:00,2026-03-10 06:20:48,2026-03-24 00:00:00,True,15.0,2014.01,False,False,AMOUNT_MISMATCH,Wrong Amount,User says UPI PIN was not entered by them.,RESOLVED,HIGH,APP
CBK0001557,TXN00010126,True,USR26970,True,MCH8953,True,2026-01-31 00:00:00,2026-02-11 02:05:00,,True,11.0,1107.77,False,False,GENERAL_DISPUTE,complaint,Customer says amount was debited twice.,IN_PROGRESS,LOW,EMAIL
CBK0001987,TXN00003622,True,USR56397,True,MCH9762,True,2026-03-21 22:28:29,2026-03-23 00:00:00,,True,1.0,409.07,False,False,AMOUNT_MISMATCH,amount mismatch,Merchant service was not delivered after payment.,OPEN,MEDIUM,CHATBOT
CBK0002351,TXN00008276,True,USR78874,False,MCH4259,False,2026-03-08 00:00:00,2026-03-23 00:00:00,2026-04-15 11:14:00,True,15.0,3331.49,False,False,ACCOUNT_TAKEOVER,login compromised,Customer says txn was not authorized.,RESOLVED,CRITICAL,EMAIL
CBK0000980,TXN00014697,True,USR44745,False,MCH3674,True,2026-03-27 00:00:00,2026-03-30 00:00:00,2026-04-02 00:00:00,True,3.0,4816.24,False,False,SERVICE_NOT_DELIVERED,delivery issue,USER CLAIMS ACCOUNT WAS COMPROMISED BEFORE TRANSACTION.,RESOLVED,MEDIUM,CHATBOT
CBK0002576,TXN00016892,True,USR92904,True,MCH3100,False,2026-01-23 00:00:00,2026-01-29 01:18:00,2026-01-30 00:00:00,True,6.0,1942.12,False,False,GENERAL_DISPUTE,dispute raised,Payment made to unknown merchant as per customer statement. urgent,IN_PROGRESS,HIGH,APP
CBK0002312,TXN00010316,True,USR71728,False,MCH5783,False,2026-03-12 00:00:00,2026-03-18 00:00:00,,True,6.0,1419.0,False,False,UNAUTHORIZED_TRANSACTION,not done by me,Suspicious high-value payment disputed by customer.,PENDING_BANK,HIGH,EMAIL
CBK0000422,TXN00008098,True,USR71316,True,MCH9344,False,2026-01-29 00:00:00,2026-01-26 00:00:00,2026-02-16 10:30:02,False,,488.38,True,False,AMOUNT_MISMATCH,extra amount deducted,User reports money deducted but merchant denies receiving payment.,RESOLVED,LOW,CALL_CENTER
CBK0000600,TXN00012715,True,USR19311,False,MCH3325,True,2026-03-28 00:00:00,2026-05-13 00:00:00,,True,46.0,339.58,False,False,SERVICE_NOT_DELIVERED,merchant service issue,Merchant service was not delivered after payment.,PENDING_BANK,HIGH,IVR
CBK0000248,TXN00002141,True,USR12530,True,MCH6850,False,2026-03-18 17:03:00,2026-03-19 23:03:08,2026-04-08 00:00:00,True,1.0,816.65,True,False,FRAUD_SUSPECTED,Fraud Suspected,Merchant service was not delivered after payment.,PENDING_BANK,HIGH,APP
CBK0002317,TXN00003637,True,USR76315,False,MCH8796,False,2026-02-18 00:00:00,2026-02-22 00:00:00,2026-02-28 00:00:00,True,4.0,4219.82,False,False,GENERAL_DISPUTE,customer issue,Merchant service was not delivered after payment.,PENDING_BANK,HIGH,IVR
CBK0001219,TXN00002058,True,USR11226,True,MCH3986,False,2026-01-24 00:00:00,2026-01-27 00:00:00,2026-02-13 00:00:00,True,3.0,,False,True,GENERAL_DISPUTE,customer issue,Customer says amount was debited twice.,REJECTED,LOW,BRANCH
CBK0001145,TXN00081933,False,USR63160,False,MCH9899,False,,2026-02-22 19:21:00,,True,,5283.13,False,False,SERVICE_NOT_DELIVERED,merchant service issue,Customer says amount was debited twice. urgent,CLOSED,HIGH,IVR
CBK0000619,TXN00014324,True,USR68349,False,MCH5721,False,2026-03-04 11:05:40,2026-03-05 00:00:00,2026-03-25 00:00:00,True,0.0,1724.56,False,False,SERVICE_NOT_DELIVERED,service failed,User says UPI PIN was not entered by them.,REJECTED,MEDIUM,CHATBOT
CBK0001424,TXN00014077,True,USR35882,False,MCH7435,True,2026-03-16 19:03:13,2026-03-27 00:00:00,,True,10.0,411.2,False,False,UNAUTHORIZED_TRANSACTION,not done by me,Payment made to unknown merchant as per cust statement.,IN_PROGRESS,HIGH,BRANCH
CBK0001980,TXN00000841,True,USR85655,False,MCH5128,False,2026-01-31 00:00:00,2026-02-11 01:12:41,2026-02-15 00:00:00,True,11.0,2083.96,False,False,SERVICE_NOT_DELIVERED,delivery issue,Customer says transaction was not authorized.,CLOSED,LOW,APP
CBK0000643,,False,USR85352,False,MCH4035,False,2026-03-21 00:00:00,2026-03-20 14:03:45,2026-04-15 00:00:00,False,,1167.69,False,False,GENERAL_DISPUTE,complaint,User reports money deducted but merchant denies receiving payment.,REJECTED,MEDIUM,IVR
CBK0000172,TXN00016070,True,USR32730,False,MCH2746,True,2026-02-27 00:00:00,2026-03-03 00:00:00,2026-03-19 00:00:00,True,4.0,2123.39,False,False,DUPLICATE_DEBIT,double debit,User says UPI PIN was not entered by them.,REJECTED,MEDIUM,EMAIL
CBK0002184,TXN00015679,True,USR87165,False,MCH1864,False,2026-01-10 22:44:00,2026-02-25 00:00:00,2026-03-13 00:00:00,True,45.0,221.0,False,False,AMOUNT_MISMATCH,extra amount deducted,User reports money deducted but merchant denies receiving payment.,REJECTED,LOW,IVR
CBK0002023,TXN00016636,True,USR62254,True,MCH2450,True,,,2026-02-19 00:00:00,True,,6720.23,False,False,SERVICE_NOT_DELIVERED,delivery issue,User says UPI PIN was not entered by them. call dropped,REJECTED,MEDIUM,EMAIL
CBK0000825,TXN00017847,True,USR71122,False,MCH1632,False,2026-02-05 04:48:20,2026-02-07 00:00:00,,True,1.0,714.0,False,False,GENERAL_DISPUTE,no service,Customer says transaction was not authorized.,CLOSED,HIGH,IVR
CBK0001339,TXN00012423,True,USR81981,False,MCH3013,False,2026-01-29 00:00:00,2026-01-30 00:00:00,2026-02-06 00:00:00,True,1.0,591.32,False,False,AMOUNT_MISMATCH,incorrect amount,Customer says transaction was not authorized.,REJECTED,HIGH,APP
CBK0001160,TXN00003861,True,USR23561,False,MCH9505,False,2026-02-23 00:00:00,2026-03-01 14:14:20,2026-03-16 14:14:20,True,6.0,2199.33,False,False,FRAUD_SUSPECTED,Fraud Suspected,User claims account was compromised before transaction.,CLOSED,HIGH,APP
CBK0001665,TXN00007306,True,USR21049,True,MCH7578,False,2026-01-13 20:22:00,2026-01-16 00:00:00,,True,2.0,1333.0,False,False,SERVICE_NOT_DELIVERED,not delivered,Customer says amount was debited twice.,PENDING_BANK,LOW,CHATBOT
CBK0001711,TXN00011255,True,USR65114,False,MCH6292,False,2026-01-03 00:00:00,2026-01-04 00:00:00,2026-01-07 01:32:03,True,1.0,,False,True,ACCOUNT_TAKEOVER,login compromised,Customer complaint text unclear due to poor call center notes.,RESOLVED,HIGH,BRANCH
CBK0000408,TXN00002581,True,USR97892,False,MCH9291,True,,2026-03-31 00:46:50,2026-04-11 00:00:00,True,,2926.63,False,False,DUPLICATE_DEBIT,charged twice,Customer says amount was debited twice.,IN_PROGRESS,HIGH,BRANCH
CBK0002575,TXN00009510,True,USR82410,False,MCH1905,False,2026-02-09 00:00:00,2026-02-10 02:13:08,2026-02-10 02:13:00,False,,4843.85,False,False,ACCOUNT_TAKEOVER,account hacked,Payment made to unknown merchant as per customer statement. call dropped,OPEN,LOW,EMAIL
CBK0001908,TXN00018114,True,USR46902,True,MCH6850,False,2026-01-15 00:00:00,2026-01-17 00:00:00,2026-02-09 19:51:00,True,2.0,2570.74,False,False,GENERAL_DISPUTE,no service,User claims account was compromised before transaction.,PENDING_BANK,MEDIUM,APP
CBK0001346,TXN00008727,True,USR34157,False,MCH2836,True,2026-03-23 22:20:50,2026-03-23 23:20:50,2026-04-14 23:20:00,True,0.0,3225.2,False,False,DUPLICATE_DEBIT,double debit,User says UPI PIN was not entered by them.,CLOSED,LOW,EMAIL
CBK0001611,TXN00009947,True,USR19432,True,MCH1827,True,2026-03-29 00:00:00,2026-04-01 00:00:00,2026-04-05 00:00:00,True,3.0,917.78,False,False,AMOUNT_MISMATCH,amount mismatch,Customer says amount was debited twice.,IN_PROGRESS,CRITICAL,IVR
CBK0001426,TXN00002655,True,USR69481,True,MCH1140,False,2026-01-14 00:00:00,2026-02-14 13:03:15,2026-03-10 13:03:15,True,31.0,338.23,False,False,DUPLICATE_DEBIT,double debit,Complaint received after multiple failed attempts.,IN_PROGRESS,MEDIUM,CHATBOT
CBK0000121,TXN00006459,True,USR17577,True,MCH2566,True,2026-01-01 00:00:00,2026-01-02 00:00:00,2026-01-14 00:00:00,True,1.0,2479.76,False,False,DUPLICATE_DEBIT,Duplicate Debit,Merchant service was not delivered after payment.,CLOSED,HIGH,EMAIL
CBK0000957,TXN00010512,True,USR11315,False,MCH7352,False,2026-01-23 00:00:00,2026-01-24 00:00:00,2026-02-17 08:19:00,True,1.0,2568.37,False,False,GENERAL_DISPUTE,dispute raised,Suspicious high-value payment disputed by customer.,IN_PROGRESS,MEDIUM,APP
CBK0002076,TXN00006073,True,USR96064,False,MCH3450,False,2026-02-18 00:00:00,2026-02-22 00:00:00,2026-02-26 00:00:00,True,4.0,7404.88,False,False,DUPLICATE_DEBIT,charged twice,Suspicious high-value payment disputed by customer.,IN_PROGRESS,LOW,BRANCH
CBK0000428,TXN00008599,True,USR96496,True,MCH2065,False,2026-01-05 00:00:00,2026-01-07 00:00:00,2026-02-03 00:00:00,True,2.0,1339.16,False,False,UNAUTHORIZED_TRANSACTION,Unauthorized Transaction,Merchant service was not delivered after payment.,CLOSED,LOW,CALL_CENTER
CBK0001937,TXN00010035,True,USR47034,True,MCH8281,True,2026-03-13 00:00:00,2026-03-16 00:00:00,,True,3.0,7882.54,False,False,DUPLICATE_DEBIT,charged twice,Payment made to unknown merchant as per customer statement. pls check asap,IN_PROGRESS,MEDIUM,CALL_CENTER
CBK0001141,TXN00005079,True,USR69201,False,MCH1384,True,,2026-02-24 11:45:21,2026-03-26 00:00:00,True,,1368.67,False,False,GENERAL_DISPUTE,DUP_DEBIT,User reports money deducted but merchant denies receiving payment.,PENDING_BANK,HIGH,IVR
CBK0000393,TXN00010745,True,USR77915,False,MCH3095,True,2026-01-14 19:00:00,2026-02-13 00:00:00,2026-02-16 23:00:00,True,29.0,2212.96,True,False,ACCOUNT_TAKEOVER,login compromised,User claims account was compromised before transaction.,REJECTED,CRITICAL,BRANCH
CBK0001932,TXN00012671,True,USR93969,False,MCH5980,True,2026-01-10 00:00:00,2026-01-13 00:00:00,2026-01-19 06:39:33,True,3.0,739.17,False,False,ACCOUNT_TAKEOVER,Account Takeover,Customer says amount was debited twice.,CLOSED,MEDIUM,BRANCH
CBK0002696,TXN00011475,True,USR20908,False,MCH7180,False,2026-02-20 13:52:14,2026-03-02 19:52:14,,True,10.0,2769.32,True,False,GENERAL_DISPUTE,customer issue,User reports money deducted but merchant denies receiving payment.,OPEN,MEDIUM,IVR
CBK0001946,TXN00002545,True,USR63194,False,MCH8735,True,2026-02-04 00:00:00,2026-02-07 00:00:00,2026-03-06 16:09:00,True,3.0,230.58,True,False,GENERAL_DISPUTE,DUP_DEBIT,User claims account was compromised before transaction.,OPEN,MEDIUM,APP
CBK0001741,TXN00003351,True,USR12829,True,MCH8665,False,2026-02-16 00:00:00,2026-02-16 00:00:00,,True,0.0,1160.82,False,False,DUPLICATE_DEBIT,double debit,Complaint received after multiple failed attempts.,PENDING_BANK,HIGH,BRANCH
CBK0000589,TXN00017838,True,USR43980,True,MCH2575,True,2026-03-25 06:56:00,2026-03-26 21:56:00,2026-04-12 00:00:00,True,1.0,1201.31,True,False,DUPLICATE_DEBIT,charged twice,Customer complaint text unclear due to poor call center notes.,RESOLVED,HIGH,BRANCH
CBK0002494,TXN00001169,True,USR83883,True,MCH9848,True,2026-01-23 11:36:50,2026-02-03 08:36:50,2026-03-05 08:36:50,True,10.0,6071.0,False,False,GENERAL_DISPUTE,complaint,User reports money deducted but merchant denies receiving payment.,REJECTED,MEDIUM,CHATBOT
CBK0000539,TXN00006526,True,USR71316,True,MCH7840,True,,2026-01-14 18:16:32,2026-02-01 00:00:00,True,,767.36,True,False,SERVICE_NOT_DELIVERED,item not received,payment made to unknown merchant as per customer statement.,RESOLVED,MEDIUM,APP
CBK0001273,TXN00013925,True,USR73010,False,MCH2489,False,,2026-04-01 00:00:00,,True,,3151.89,False,False,GENERAL_DISPUTE,DUP_DEBIT,User reports money deducted but merchant denies receiving payment.,RESOLVED,MEDIUM,CHATBOT
CBK0002029,TXN00005443,True,USR24926,True,MCH5528,True,2026-01-06 02:23:00,2026-01-08 00:00:00,2026-01-08 00:00:00,True,1.0,3291.51,False,False,UNAUTHORIZED_TRANSACTION,not done by me,User claims account was compromised before transaction.,PENDING_BANK,MEDIUM,EMAIL
CBK0001361,,False,USR87714,False,MCH7560,True,2026-02-08 00:00:00,2026-02-19 15:31:00,2026-02-19 00:00:00,False,,3014.44,False,False,AMOUNT_MISMATCH,Wrong Amount,Complaint received after multiple failed attempts.,IN_PROGRESS,MEDIUM,IVR
CBK0001341,TXN00001434,True,USR33704,False,MCH5584,False,2026-02-10 00:00:00,2026-02-26 00:00:00,2026-03-15 02:39:50,True,16.0,3251.08,False,False,AMOUNT_MISMATCH,Wrong Amount,Customer says transaction was not authorized. call dropped,CLOSED,HIGH,IVR
CBK0001854,TXN00017037,True,USR75046,False,MCH2266,True,2026-02-15 20:40:31,2026-02-23 01:40:31,2026-03-01 00:00:00,True,7.0,1937.0,False,False,UNAUTHORIZED_TRANSACTION,unauth txn,customer says transaction was not authorized.,RESOLVED,HIGH,CHATBOT
CBK0002783,TXN00003505,True,USR92295,False,MCH3100,False,2026-01-31 00:00:00,2026-02-01 00:00:00,2026-02-13 00:00:00,True,1.0,1516.67,False,False,AMOUNT_MISMATCH,amount mismatch,Customer complaint text unclear due to poor call center notes.,IN_PROGRESS,LOW,IVR
CBK0000158,TXN00015663,True,USR86472,True,MCH4826,False,2026-03-10 00:00:00,2026-03-13 00:00:00,2026-04-07 14:02:00,True,3.0,5021.55,False,False,AMOUNT_MISMATCH,extra amount deducted,user reports money deducted but merchant denies receiving payment.,IN_PROGRESS,MEDIUM,BRANCH
CBK0000760,TXN00007966,True,USR83977,False,MCH8953,True,2026-03-11 00:00:00,2026-03-13 00:00:00,2026-03-20 00:00:00,True,2.0,529.0,False,False,UNAUTHORIZED_TRANSACTION,not done by me,Suspicious high-value payment disputed by customer.,IN_PROGRESS,LOW,CALL_CENTER
CBK0001448,TXN00006897,True,USR81435,False,MCH9291,True,2026-01-01 14:21:00,2026-01-03 00:00:00,2026-01-31 00:00:00,True,1.0,3386.1,False,False,GENERAL_DISPUTE,DUP_DEBIT,Customer complaint text unclear due to poor call center notes.,PENDING_BANK,LOW,CALL_CENTER
CBK0000094,TXN00011368,True,USR24563,False,MCH8712,False,2026-03-04 00:00:00,2026-03-14 22:30:00,2026-03-20 22:30:57,True,10.0,3661.74,False,False,ACCOUNT_TAKEOVER,ATO,CUSTOMER SAYS AMOUNT WAS DEBITED TWICE.,OPEN,MEDIUM,CALL_CENTER
CBK0002690,TXN00005810,True,USR29306,False,MCH4473,False,2026-03-08 00:35:54,2026-03-15 00:00:00,2026-04-05 00:00:00,True,6.0,2850.55,True,False,SERVICE_NOT_DELIVERED,not delivered,Customer says transaction was not authorized.,CLOSED,MEDIUM,IVR
CBK0001173,TXN00009905,True,USR98061,False,MCH4181,False,2026-02-08 01:36:40,2026-02-13 16:36:40,2026-03-05 16:36:40,True,5.0,2251.54,False,False,FRAUD_SUSPECTED,FRAUD,Customer says amount was debited twice.,RESOLVED,MEDIUM,APP
CBK0000262,TXN00000442,True,USR95504,True,MCH6810,False,2026-03-29 00:00:00,2026-04-08 00:00:00,2026-04-20 00:00:00,True,10.0,3270.0,False,False,DUPLICATE_DEBIT,double debit,Suspicious high-value payment disputed by cust.,RESOLVED,LOW,EMAIL
CBK0000065,TXN00007639,True,USR34880,False,MCH1812,True,2026-03-25 00:00:00,2026-03-26 08:18:55,,True,1.0,544.0,False,False,AMOUNT_MISMATCH,incorrect amount,User reports money deducted but merchant denies receiving payment.,CLOSED,LOW,IVR
CBK0000330,TXN00002603,True,USR33908,False,MCH3923,False,2026-02-19 00:11:00,2026-02-20 00:00:00,2026-03-21 16:11:00,True,0.0,2150.04,False,False,FRAUD_SUSPECTED,fraud,Suspicious high-value payment disputed by customer.,OPEN,MEDIUM,CHATBOT
CBK0001903,TXN00010389,True,USR31084,True,MCH8801,True,2026-01-29 00:00:00,2026-01-31 00:00:00,2026-02-06 20:36:40,True,2.0,6649.93,True,False,AMOUNT_MISMATCH,Wrong Amount,Merchant service was not delivered after payment.,REJECTED,LOW,BRANCH
CBK0002313,TXN00009432,True,USR22939,False,MCH5264,False,2026-03-30 00:00:00,,2026-04-21 06:14:00,True,,1466.07,True,False,GENERAL_DISPUTE,Customer Dispute,USER SAYS UPI PIN WAS NOT ENTERED BY THEM.,OPEN,MEDIUM,CALL_CENTER
CBK0001773,TXN00016920,True,USR32081,False,MCH6850,False,2026-01-20 00:00:00,2026-01-20 00:00:00,,True,0.0,2798.0,False,False,SERVICE_NOT_DELIVERED,Service Not Provided,User says UPI PIN was not entered by them. NA,CLOSED,MEDIUM,CHATBOT
CBK0000808,TXN00006505,True,USR69795,False,MCH2065,False,2026-01-22 00:00:00,2026-01-25 00:00:00,2026-02-10 01:06:27,True,3.0,2740.0,False,False,GENERAL_DISPUTE,complaint,User claims account was compromised before transaction.,RESOLVED,MEDIUM,CHATBOT
CBK0002383,TXN00000491,True,USR82159,False,MCH4802,True,2026-02-01 05:37:43,2026-02-01 00:00:00,2026-02-13 00:00:00,False,,929.69,False,False,SERVICE_NOT_DELIVERED,item not received,Customer says amount was debited twice.,IN_PROGRESS,MEDIUM,BRANCH
CBK0001970,TXN00018732,True,USR27533,True,MCH1428,True,2026-02-07 00:00:00,2026-02-11 00:00:00,2026-02-23 04:55:14,True,4.0,2042.84,False,False,SERVICE_NOT_DELIVERED,service failed,user says upi pin was not entered by them.,OPEN,HIGH,BRANCH
CBK0001582,TXN00016057,True,USR78482,True,MCH9821,True,2026-01-18 01:06:00,2026-01-19 00:00:00,,True,0.0,3429.16,False,False,GENERAL_DISPUTE,complaint,Customer says amount was debited twice.,CLOSED,HIGH,CHATBOT
CBK0000241,TXN00009866,True,USR33877,False,MCH1509,True,2026-02-21 16:02:00,2026-02-23 00:00:00,2026-03-11 23:02:56,True,1.0,6769.33,False,False,AMOUNT_MISMATCH,Wrong Amount,Payment made to unknown merchant as per customer statement.,RESOLVED,MEDIUM,IVR
CBK0001895,TXN00015855,True,USR98971,True,MCH6850,False,2026-01-20 00:00:00,2026-02-19 00:00:00,2026-03-15 22:42:00,True,30.0,3458.58,False,False,GENERAL_DISPUTE,dispute raised,User claims account was compromised before transaction.,RESOLVED,MEDIUM,BRANCH
CBK0000771,TXN00009466,True,USR62254,True,MCH5885,False,2026-03-29 00:00:00,2026-04-01 00:20:18,2026-04-18 00:00:00,True,3.0,11523.08,False,False,GENERAL_DISPUTE,no service,Payment made to unknown merchant as per customer statement.,PENDING_BANK,CRITICAL,CHATBOT
CBK0002340,TXN00012698,True,USR17047,False,MCH3815,False,2026-03-12 00:00:00,2026-03-14 00:00:00,2026-03-25 05:16:35,True,2.0,2283.53,False,False,ACCOUNT_TAKEOVER,login compromised,user reports money deducted but merchant denies receiving payment.,PENDING_BANK,HIGH,EMAIL
CBK0001252,TXN00004709,True,USR59225,True,MCH8154,True,2026-01-21 02:55:00,2026-01-22 20:55:00,2026-01-30 00:00:00,True,1.0,741.74,True,False,AMOUNT_MISMATCH,Wrong Amount,user claims account was compromised before transaction.,PENDING_BANK,LOW,APP
CBK0001041,TXN00010337,True,USR26761,True,MCH7733,True,2026-01-05 00:00:00,2026-01-13 08:17:17,2026-02-05 00:00:00,True,8.0,2203.0,False,False,FRAUD_SUSPECTED,scam,Merchant service was not delivered after payment.,PENDING_BANK,LOW,CHATBOT
CBK0000450,TXN00001983,True,USR22405,False,MCH9291,True,2026-03-01 22:52:22,2026-03-12 00:00:00,2026-03-23 00:00:00,True,10.0,1315.22,False,False,UNAUTHORIZED_TRANSACTION,unauthorized_transaction,User claims account was compromised before transaction.,CLOSED,HIGH,BRANCH
CBK0000944,TXN00005837,True,USR50434,True,MCH6459,False,,2026-02-24 00:00:00,,True,,438.11,False,False,DUPLICATE_DEBIT,charged twice,Complaint received after multiple failed attempts.,REJECTED,LOW,CALL_CENTER
CBK0000402,TXN00002200,True,USR69672,False,MCH6960,True,2026-02-09 08:40:20,2026-02-12 00:00:00,,True,2.0,3741.98,False,False,GENERAL_DISPUTE,customer issue,payment made to unknown merchant as per customer statement.,IN_PROGRESS,LOW,CALL_CENTER
CBK0001528,TXN00007889,True,USR97360,False,MCH4970,False,2026-03-20 00:00:00,,2026-04-05 00:00:00,True,,3625.88,False,False,FRAUD_SUSPECTED,suspicious transaction,Customer says transaction was not authorized.,PENDING_BANK,MEDIUM,IVR
CBK0001228,TXN00005490,True,USR81497,True,MCH2383,True,2026-03-22 00:00:00,2026-03-25 00:00:00,2026-04-13 00:00:00,True,3.0,,False,True,FRAUD_SUSPECTED,fraud,Customer says amount was debited twice.,OPEN,MEDIUM,BRANCH
CBK0001342,TXN00000213,True,USR40195,False,MCH3586,True,2026-02-17 07:41:15,2026-02-24 23:41:15,2026-03-09 00:00:00,True,7.0,658.27,False,False,GENERAL_DISPUTE,dispute raised,payment made to unknown merchant as per customer statement.,CLOSED,MEDIUM,BRANCH
CBK0002105,TXN00012640,True,USR96038,True,MCH7326,True,2026-02-19 00:00:00,2026-03-07 00:00:00,2026-03-17 04:15:00,True,16.0,3800.84,False,False,DUPLICATE_DEBIT,charged twice,user reports money deducted but merchant denies receiving payment.,IN_PROGRESS,HIGH,CHATBOT
CBK0002339,TXN00002981,True,USR58082,False,MCH2266,True,2026-02-11 21:42:41,2026-02-13 19:42:41,,True,1.0,7275.81,False,False,GENERAL_DISPUTE,customer issue,Suspicious high-value payment disputed by cust.,REJECTED,HIGH,CALL_CENTER
CBK0002209,TXN00007219,True,USR48423,False,MCH2383,True,2026-02-21 00:00:00,2026-02-24 01:52:32,2026-03-01 00:00:00,True,3.0,5143.78,False,False,GENERAL_DISPUTE,no service,User reports money deducted but merchant denies receiving payment. call dropped,RESOLVED,LOW,CHATBOT
CBK0002399,TXN00015080,True,USR43847,False,MCH7901,True,2026-02-15 00:00:00,2026-02-16 00:00:00,2026-03-17 00:00:00,True,1.0,17242.91,False,False,DUPLICATE_DEBIT,charged twice,Customer says transaction was not authorized.,CLOSED,MEDIUM,BRANCH
CBK0000113,TXN00008131,True,USR37470,True,MCH4899,False,2026-03-27 23:37:00,2026-03-31 00:00:00,,True,3.0,2367.83,False,False,SERVICE_NOT_DELIVERED,not delivered,Suspicious high-value payment disputed by customer.,RESOLVED,LOW,APP
CBK0001248,TXN00012952,True,USR21667,True,MCH2739,False,2026-02-02 08:39:00,2026-02-18 02:39:13,,True,15.0,596.6,False,False,SERVICE_NOT_DELIVERED,merchant service issue,Customer says transaction was not authorized.,PENDING_BANK,LOW,CHATBOT
CBK0002189,TXN00001962,True,USR79577,False,MCH4590,False,2026-03-19 00:00:00,2026-03-24 13:53:58,2026-03-26 00:00:00,True,5.0,,False,True,SERVICE_NOT_DELIVERED,delivery issue,User reports money deducted but merchant denies receiving payment.,RESOLVED,MEDIUM,CALL_CENTER
CBK0002042,TXN00004367,True,USR27533,True,MCH4473,False,2026-03-09 00:00:00,2026-04-24 16:40:44,2026-05-23 16:40:00,True,46.0,2126.85,False,False,SERVICE_NOT_DELIVERED,Service Not Provided,User claims account was compromised before transaction.,RESOLVED,HIGH,APP
CBK0001782,TXN00014790,True,USR75856,True,MCH6661,False,2026-01-26 00:00:00,2026-01-27 06:56:34,,True,1.0,350.19,False,False,ACCOUNT_TAKEOVER,account hacked,MERCHANT SERVICE WAS NOT DELIVERED AFTER PAYMENT.,REJECTED,MEDIUM,CALL_CENTER
CBK0002374,TXN00005973,True,USR96482,False,MCH8041,False,,2026-02-07 00:00:00,2026-02-22 00:00:00,True,,10229.48,False,False,UNAUTHORIZED_TRANSACTION,unauthorized_transaction,User claims account was compromised before transaction.,PENDING_BANK,MEDIUM,APP
CBK0000175,TXN00009098,True,USR33215,False,MCH3992,False,2026-01-04 00:23:38,2026-01-01 00:23:00,2026-01-28 00:00:00,False,,4947.89,False,False,SERVICE_NOT_DELIVERED,service failed,Payment made to unknown merchant as per customer statement.,CLOSED,LOW,IVR
CBK0002088,TXN00008054,True,USR62622,False,MCH9449,False,2026-02-18 13:04:00,2026-02-24 00:00:00,2026-03-22 07:04:00,True,5.0,1065.28,False,False,ACCOUNT_TAKEOVER,ATO,Complaint received after multiple failed attempts.,OPEN,HIGH,CHATBOT
CBK0000524,TXN00015049,True,USR87914,False,MCH2893,False,2026-01-19 00:00:00,2026-01-15 00:00:00,2026-02-01 00:00:00,False,,1148.57,False,False,FRAUD_SUSPECTED,Fraud Suspected,merchant service was not delivered after payment.,IN_PROGRESS,MEDIUM,EMAIL
CBK0000998,TXN00003928,True,USR14815,False,MCH1685,False,2026-01-15 00:00:00,2026-01-17 15:37:13,2026-01-24 00:00:00,True,2.0,3481.55,False,False,DUPLICATE_DEBIT,double debit,Suspicious high-value payment disputed by customer.,IN_PROGRESS,CRITICAL,EMAIL
CBK0001030,TXN00015761,True,USR84665,False,MCH9176,True,,2026-02-09 00:00:00,2026-02-15 00:00:00,True,,1091.95,False,False,AMOUNT_MISMATCH,Wrong Amount,Customer complaint text unclear due to poor call center notes.,IN_PROGRESS,LOW,BRANCH
CBK0001296,TXN00000132,True,USR44587,True,MCH4473,False,2026-02-05 00:00:00,2026-02-08 02:36:00,2026-02-14 02:36:00,True,3.0,548.59,False,False,UNAUTHORIZED_TRANSACTION,unauthorized_transaction,Payment made to unknown merchant as per customer statement.,IN_PROGRESS,MEDIUM,APP
CBK0000703,TXN00008400,True,USR58377,False,MCH6418,True,2026-02-08 00:00:00,2026-02-11 00:00:00,,True,3.0,1939.11,False,False,ACCOUNT_TAKEOVER,Account Takeover,USER REPORTS MONEY DEDUCTED BUT MERCHANT DENIES RECEIVING PAYMENT.,OPEN,LOW,APP
CBK0002094,TXN00005575,True,USR62840,False,MCH8723,False,2026-01-03 14:47:00,2026-01-05 00:00:00,2026-02-04 00:00:00,True,1.0,1946.37,False,False,UNAUTHORIZED_TRANSACTION,not done by me,User reports money deducted but merchant denies receiving payment.,PENDING_BANK,MEDIUM,IVR
CBK0002219,TXN00005580,True,USR84190,False,MCH8763,False,2026-01-14 11:35:35,2026-01-25 00:00:00,2026-02-21 00:00:00,True,10.0,3654.65,False,False,DUPLICATE_DEBIT,Duplicate Debit,SUSPICIOUS HIGH-VALUE PAYMENT DISPUTED BY CUSTOMER.,RESOLVED,HIGH,BRANCH
CBK0000636,TXN00018402,True,USR46308,False,MCH2781,False,,2026-02-27 00:00:00,2026-03-07 15:34:55,True,,1848.85,False,False,ACCOUNT_TAKEOVER,login compromised,User claims account was compromised before transaction. details missing,CLOSED,LOW,IVR
CBK0000682,TXN00002422,True,USR74392,True,MCH7833,True,2026-03-25 00:00:00,2026-03-29 02:21:00,2026-04-07 00:00:00,True,4.0,412.17,False,False,GENERAL_DISPUTE,DUP_DEBIT,Customer complaint text unclear due to poor call center notes.,REJECTED,MEDIUM,BRANCH
CBK0002335,TXN00000843,True,USR66411,False,MCH2439,False,2026-03-30 00:00:00,2026-04-05 00:00:00,2026-04-29 00:00:00,True,6.0,1440.33,True,False,GENERAL_DISPUTE,customer issue,User says UPI PIN was not entered by them.,OPEN,LOW,EMAIL
CBK0000482,TXN00014460,True,USR25683,False,MCH5655,False,2026-02-07 00:00:00,2026-02-07 21:08:40,2026-02-14 21:08:00,True,0.0,651.01,False,False,SERVICE_NOT_DELIVERED,Service Not Provided,Payment made to unknown merchant as per customer statement. details missing,RESOLVED,HIGH,IVR
CBK0002658,TXN00001412,True,USR91038,False,MCH9217,False,,2026-02-27 07:04:24,2026-03-15 07:04:00,True,,2142.0,False,False,AMOUNT_MISMATCH,amount mismatch,SUSPICIOUS HIGH-VALUE PAYMENT DISPUTED BY CUSTOMER.,IN_PROGRESS,HIGH,BRANCH
CBK0002744,TXN00012832,True,USR47729,False,MCH4521,True,2026-03-05 03:30:57,2026-04-04 00:00:00,2026-04-29 22:30:57,True,29.0,,False,True,UNAUTHORIZED_TRANSACTION,unauthorized_transaction,Customer says transaction was not authorized.,IN_PROGRESS,LOW,IVR
CBK0002582,TXN00016961,True,USR66391,False,MCH2476,True,2026-03-15 00:00:00,2026-03-16 00:00:00,2026-03-30 16:16:00,True,1.0,508.34,False,False,FRAUD_SUSPECTED,fraud,MERCHANT SERVICE WAS NOT DELIVERED AFTER PAYMENT.,PENDING_BANK,CRITICAL,APP
CBK0002422,TXN00019169,True,USR46308,False,MCH9028,False,2026-03-26 00:00:00,2026-03-29 00:00:00,,True,3.0,8504.48,False,False,UNAUTHORIZED_TRANSACTION,Unauthorized Transaction,user claims account was compromised before transaction.,IN_PROGRESS,HIGH,CALL_CENTER
CBK0002389,TXN00013105,True,USR51442,True,MCH8389,True,2026-01-15 00:00:00,,2026-01-27 14:40:00,True,,,False,True,ACCOUNT_TAKEOVER,login compromised,Complaint received after multiple failed attempts.,REJECTED,LOW,EMAIL
CBK0002504,TXN00010218,True,USR72223,True,MCH9305,False,2026-02-12 00:00:00,2026-02-14 00:00:00,2026-02-25 20:16:09,True,2.0,1320.18,False,False,ACCOUNT_TAKEOVER,account hacked,Customer says transaction was not authorized.,REJECTED,MEDIUM,CALL_CENTER
CBK0000413,TXN00014824,True,USR46130,False,MCH3100,False,,2026-01-28 16:44:01,,True,,898.64,False,False,GENERAL_DISPUTE,customer issue,User claims account was compromised before transaction.,IN_PROGRESS,LOW,IVR
CBK0000735,TXN00011503,True,USR69437,True,MCH4181,False,2026-03-09 00:00:00,2026-03-12 00:00:00,2026-03-20 00:00:00,True,3.0,2059.59,False,False,SERVICE_NOT_DELIVERED,Merchant Not Delivered,user claims account was compromised before transaction.,RESOLVED,LOW,CALL_CENTER
CBK0001131,,False,USR67135,False,MCH5078,False,2026-02-27 00:00:00,2026-03-01 00:00:00,2026-03-03 12:32:06,True,2.0,2342.67,True,False,ACCOUNT_TAKEOVER,Account Takeover,Payment made to unknown merchant as per customer statement.,RESOLVED,MEDIUM,IVR
CBK0001289,TXN00014346,True,USR42041,False,MCH2938,True,2026-01-31 00:00:00,2026-02-16 00:00:00,2026-03-04 06:21:47,True,16.0,1908.15,True,False,SERVICE_NOT_DELIVERED,service failed,User claims account was compromised before transaction.,PENDING_BANK,LOW,IVR
CBK0002650,TXN00017156,True,USR66478,False,MCH1329,False,2026-02-17 00:00:00,2026-02-21 00:00:00,2026-03-22 06:13:00,True,4.0,2089.48,False,False,GENERAL_DISPUTE,dispute raised,User claims account was compromised before transaction. urgent,OPEN,MEDIUM,BRANCH
CBK0001859,TXN00011491,True,USR73845,True,MCH2215,True,2026-01-14 00:00:00,2026-01-18 00:00:00,2026-02-16 05:51:47,True,4.0,1506.11,False,False,ACCOUNT_TAKEOVER,login compromised,Customer complaint text unclear due to poor call center notes.,IN_PROGRESS,LOW,BRANCH
CBK0000993,TXN00007102,True,USR24926,True,MCH7286,False,2026-03-23 00:26:00,2026-03-28 00:00:00,2026-04-06 00:00:00,True,4.0,11415.12,False,False,SERVICE_NOT_DELIVERED,merchant service issue,customer says amount was debited twice.,IN_PROGRESS,MEDIUM,APP
CBK0000018,TXN00013395,True,USR33081,False,MCH5650,False,2026-01-08 00:00:00,2026-01-10 00:00:00,,True,2.0,6485.64,False,False,ACCOUNT_TAKEOVER,account hacked,MERCHANT SERVICE WAS NOT DELIVERED AFTER PAYMENT.,CLOSED,MEDIUM,CHATBOT
CBK0001108,TXN00002909,True,USR19725,False,MCH3152,False,2026-03-10 00:00:00,2026-03-11 00:00:00,2026-04-05 09:32:45,True,1.0,450.33,False,False,UNAUTHORIZED_TRANSACTION,UNAUTHORISED,Customer says amount was debited twice.,CLOSED,LOW,EMAIL
CBK0001698,TXN00015223,True,USR23621,False,MCH7119,False,2026-02-08 05:56:19,2026-02-09 00:00:00,,True,0.0,1336.12,False,False,SERVICE_NOT_DELIVERED,item not received,Merchant service was not delivered after payment.,RESOLVED,MEDIUM,EMAIL
CBK0001803,TXN00007718,True,USR33934,True,MCH1524,False,2026-03-26 00:00:00,2026-03-28 00:00:00,2026-04-18 00:00:00,True,2.0,1496.09,False,False,UNAUTHORIZED_TRANSACTION,Unauthorized Transaction,User reports money deducted but merchant denies receiving payment.,IN_PROGRESS,HIGH,EMAIL
CBK0002290,TXN00008903,True,USR27947,True,MCH7284,False,2026-02-17 16:33:46,2026-02-24 00:00:00,2026-03-01 00:00:00,True,6.0,601.89,False,False,FRAUD_SUSPECTED,FRAUD,suspicious high-value payment disputed by customer.,IN_PROGRESS,CRITICAL,APP
CBK0001371,TXN00005048,True,USR43424,False,MCH1320,True,2026-02-09 00:00:00,2026-02-10 00:00:00,2026-03-12 00:00:00,True,1.0,2992.52,False,False,DUPLICATE_DEBIT,charged twice,User says UPI PIN was not entered by them.,RESOLVED,HIGH,IVR
CBK0001482,TXN00002314,True,USR23329,True,MCH8420,False,2026-03-05 14:48:39,2026-03-08 00:00:00,2026-03-27 00:00:00,True,2.0,505.0,False,False,SERVICE_NOT_DELIVERED,item not received,User reports money deducted but merchant denies receiving payment.,CLOSED,HIGH,BRANCH
CBK0001684,TXN00010572,True,USR52501,False,MCH5980,True,2026-01-05 00:00:00,2026-01-07 00:00:00,2026-01-22 00:00:00,True,2.0,1964.0,False,False,ACCOUNT_TAKEOVER,login compromised,Customer complaint text unclear due to poor call center notes.,REJECTED,HIGH,CHATBOT
CBK0000960,TXN00012384,True,USR41135,True,MCH6810,False,2026-03-21 00:00:00,,2026-05-06 07:01:38,True,,461.01,False,False,UNAUTHORIZED_TRANSACTION,unauthorized_transaction,suspicious high-value payment disputed by customer.,PENDING_BANK,MEDIUM,IVR
CBK0001812,TXN00006460,True,USR29769,True,MCH9537,True,,2026-02-09 00:00:00,2026-03-01 15:46:53,True,,3745.94,False,False,GENERAL_DISPUTE,DUP_DEBIT,suspicious high-value payment disputed by customer.,PENDING_BANK,MEDIUM,IVR
CBK0001272,TXN00018901,True,USR79175,False,MCH4473,False,2026-01-12 00:00:00,2026-01-15 00:00:00,2026-02-12 19:51:00,True,3.0,2585.0,False,False,AMOUNT_MISMATCH,amount mismatch,Customer says txn was not authorized.,IN_PROGRESS,LOW,CHATBOT
CBK0000367,TXN00017265,True,USR30537,False,MCH6902,False,2026-01-10 00:00:00,2026-01-25 16:37:52,2026-02-18 00:00:00,True,15.0,2120.67,False,False,SERVICE_NOT_DELIVERED,Merchant Not Delivered,user says upi pin was not entered by them.,RESOLVED,LOW,CHATBOT
CBK0001546,TXN00006374,True,USR50077,True,MCH5655,False,2026-01-26 00:00:00,2026-01-29 00:00:00,2026-02-15 05:29:55,True,3.0,328.81,False,False,FRAUD_SUSPECTED,suspicious transaction,Customer says amount was debited twice.,OPEN,MEDIUM,APP
CBK0000287,TXN00015777,True,USR40538,False,MCH2822,False,2026-03-27 00:00:00,2026-04-11 18:19:42,2026-05-11 18:19:42,True,15.0,4982.63,True,False,FRAUD_SUSPECTED,suspicious transaction,payment made to unknown merchant as per customer statement.,IN_PROGRESS,LOW,APP
CBK0001822,TXN00010858,True,USR89549,True,MCH5264,False,2026-01-16 00:00:00,2026-01-21 00:00:00,2026-02-04 07:12:00,True,5.0,624.0,False,False,ACCOUNT_TAKEOVER,login compromised,Payment made to unknown merchant as per customer statement.,IN_PROGRESS,MEDIUM,CALL_CENTER
CBK0000728,TXN00018012,True,USR11036,False,MCH8256,False,2026-03-26 00:00:00,2026-03-28 00:00:00,,True,2.0,722.5,False,False,AMOUNT_MISMATCH,extra amount deducted,Payment made to unknown merchant as per customer statement.,CLOSED,LOW,CHATBOT
CBK0000662,TXN00001154,True,USR55160,True,MCH3733,True,2026-01-09 00:00:00,2026-01-15 13:39:00,2026-01-22 13:39:35,True,6.0,336.21,False,False,SERVICE_NOT_DELIVERED,delivery issue,complaint received after multiple failed attempts.,IN_PROGRESS,MEDIUM,APP
CBK0002338,TXN00001443,True,USR39700,True,MCH7714,True,2026-02-24 00:00:00,2026-02-27 22:03:00,2026-03-20 00:00:00,True,3.0,1732.28,False,False,DUPLICATE_DEBIT,Duplicate Debit,User reports money deducted but merchant denies receiving payment.,IN_PROGRESS,MEDIUM,CHATBOT
CBK0001467,TXN00008130,True,USR27544,False,MCH4226,False,,2026-01-07 00:00:00,2026-01-13 00:00:00,True,,482.6,False,False,SERVICE_NOT_DELIVERED,not delivered,MERCHANT SERVICE WAS NOT DELIVERED AFTER PAYMENT.,REJECTED,MEDIUM,EMAIL
CBK0001290,TXN00009715,True,USR21449,False,MCH9881,True,2026-01-07 22:39:00,2026-01-23 00:00:00,2026-02-04 00:00:00,True,15.0,1200.75,False,False,AMOUNT_MISMATCH,incorrect amount,Payment made to unknown merchant as per customer statement.,CLOSED,LOW,APP
CBK0002411,TXN00013763,True,USR34955,False,MCH8491,False,2026-03-20 00:00:00,2026-03-23 00:00:00,2026-04-16 00:00:00,True,3.0,306.11,False,False,GENERAL_DISPUTE,no service,User claims account was compromised before transaction. details missing,PENDING_BANK,MEDIUM,IVR
CBK0001598,TXN00005489,True,USR33874,True,MCH6555,True,2026-03-16 00:00:00,2026-03-17 11:42:00,2026-03-23 11:42:34,True,1.0,3170.75,False,False,FRAUD_SUSPECTED,Fraud Suspected,User says UPI PIN was not entered by them.,CLOSED,MEDIUM,CALL_CENTER
CBK0001414,TXN00000954,True,USR60939,False,MCH6568,True,2026-02-01 00:00:00,2026-02-02 00:00:00,2026-02-18 00:00:00,True,1.0,12462.99,False,False,ACCOUNT_TAKEOVER,ATO,User says UPI PIN was not entered by them.,RESOLVED,MEDIUM,CHATBOT
CBK0001223,,False,USR85507,False,MCH1883,True,2026-03-04 00:00:00,2026-04-03 00:00:00,2026-04-22 00:00:00,True,30.0,1472.04,True,False,UNAUTHORIZED_TRANSACTION,not done by me,merchant service was not delivered after payment.,PENDING_BANK,LOW,CALL_CENTER
CBK0002142,TXN00001780,True,USR87262,False,MCH1774,True,2026-01-31 00:00:00,2026-02-05 22:35:00,2026-03-07 00:00:00,True,5.0,2351.6,False,False,UNAUTHORIZED_TRANSACTION,unauthorized_transaction,Customer says amount was debited twice.,OPEN,HIGH,CHATBOT
CBK0001623,TXN00004018,True,USR77422,False,MCH8838,True,2026-02-13 00:00:00,,2026-03-01 01:02:03,True,,11729.72,False,False,SERVICE_NOT_DELIVERED,merchant service issue,Payment made to unknown merchant as per customer statement.,IN_PROGRESS,MEDIUM,CHATBOT
CBK0002342,TXN00018954,True,USR46617,False,MCH4286,False,2026-01-21 00:00:00,2026-03-07 18:04:46,2026-03-20 00:00:00,True,45.0,3630.2,False,False,SERVICE_NOT_DELIVERED,merchant service issue,User reports money deducted but merchant denies receiving payment. NA,REJECTED,HIGH,APP
CBK0001569,TXN00014298,True,USR48625,True,MCH4181,False,2026-01-23 00:00:00,2026-03-10 00:00:00,,True,46.0,665.91,False,False,FRAUD_SUSPECTED,scam,Customer says transaction was not authorized.,IN_PROGRESS,MEDIUM,CHATBOT
CBK0001353,TXN00019934,True,USR64893,False,MCH1320,True,,2026-02-21 00:00:00,,True,,2640.42,True,False,UNAUTHORIZED_TRANSACTION,unauth txn,complaint received after multiple failed attempts.,PENDING_BANK,LOW,IVR
CBK0001894,TXN00013090,True,USR24730,False,MCH4226,False,2026-02-02 17:30:06,2026-02-05 00:00:00,,True,2.0,1588.36,False,False,ACCOUNT_TAKEOVER,ATO,Customer complaint text unclear due to poor call center notes.,IN_PROGRESS,MEDIUM,APP
CBK0001522,TXN00013545,True,USR75846,False,MCH9344,False,2026-02-07 00:00:00,2026-02-12 00:00:00,2026-02-18 00:00:00,True,5.0,2483.0,False,False,AMOUNT_MISMATCH,incorrect amount,PAYMENT MADE TO UNKNOWN MERCHANT AS PER CUSTOMER STATEMENT.,RESOLVED,LOW,CHATBOT
CBK0001502,TXN00006961,True,USR72785,False,MCH4196,False,2026-01-31 00:00:00,2026-02-03 00:00:00,2026-02-07 00:00:00,True,3.0,2280.65,False,False,AMOUNT_MISMATCH,amount mismatch,Suspicious high-value payment disputed by customer. urgent,OPEN,MEDIUM,IVR
CBK0000709,TXN00011910,True,USR78593,False,MCH3912,False,2026-03-08 00:00:00,2026-03-15 00:00:00,2026-04-11 00:00:00,True,7.0,3498.93,False,False,ACCOUNT_TAKEOVER,account hacked,suspicious high-value payment disputed by customer.,REJECTED,LOW,CHATBOT
CBK0000010,TXN00006640,True,USR52772,False,MCH3725,True,2026-02-25 23:06:00,2026-02-27 03:06:00,,True,1.0,,False,True,ACCOUNT_TAKEOVER,login compromised,USER CLAIMS ACCOUNT WAS COMPROMISED BEFORE TRANSACTION.,CLOSED,LOW,APP
CBK0000091,TXN00014621,True,USR78310,False,MCH9002,True,2026-03-09 00:00:00,2026-03-16 00:00:00,,True,7.0,264.51,False,False,SERVICE_NOT_DELIVERED,delivery issue,Complaint received after multiple failed attempts.,OPEN,MEDIUM,IVR
CBK0002557,TXN00039623,False,USR35327,False,MCH3415,True,2026-02-14 02:29:00,2026-02-21 00:00:00,2026-03-14 00:00:00,True,6.0,935.0,False,False,GENERAL_DISPUTE,dispute raised,Customer says amount was debited twice.,RESOLVED,CRITICAL,CHATBOT
CBK0000909,TXN00006059,True,USR60322,True,MCH5605,False,2026-02-22 00:00:00,2026-02-23 00:00:00,2026-03-08 00:00:00,True,1.0,11598.12,True,False,DUPLICATE_DEBIT,charged twice,Customer complaint text unclear due to poor call center notes.,IN_PROGRESS,MEDIUM,CALL_CENTER
CBK0000677,TXN00003443,True,USR88570,False,MCH2055,False,2026-02-05 00:00:00,2026-02-12 00:00:00,2026-02-21 00:00:00,True,7.0,7308.16,True,False,FRAUD_SUSPECTED,Fraud Suspected,Suspicious high-value payment disputed by customer.,OPEN,LOW,EMAIL
CBK0000435,TXN00009091,True,USR82248,False,MCH5691,False,2026-02-28 11:29:00,2026-03-02 00:00:00,2026-03-21 00:00:00,True,1.0,358.42,False,False,AMOUNT_MISMATCH,incorrect amount,User reports money deducted but merchant denies receiving payment.,OPEN,MEDIUM,APP
CBK0001325,TXN00012946,True,USR82083,True,MCH7565,False,2026-03-15 00:00:00,2026-03-22 00:00:00,2026-04-09 00:00:00,True,7.0,315.95,False,False,FRAUD_SUSPECTED,FRAUD,Customer says transaction was not authorized.,REJECTED,HIGH,BRANCH
CBK0001746,TXN00015688,True,USR40061,True,MCH5969,False,2026-01-13 00:00:00,2026-01-19 10:27:00,2026-02-13 00:00:00,True,6.0,3314.0,False,False,ACCOUNT_TAKEOVER,Account Takeover,Payment made to unknown merchant as per customer statement.,PENDING_BANK,MEDIUM,CHATBOT
CBK0000895,TXN00007313,True,USR93581,False,MCH5980,True,2026-01-10 00:00:00,2026-01-12 10:24:00,2026-01-27 00:00:00,True,2.0,802.19,False,False,SERVICE_NOT_DELIVERED,delivery issue,CUSTOMER COMPLAINT TEXT UNCLEAR DUE TO POOR CALL CENTER NOTES.,IN_PROGRESS,HIGH,APP
CBK0000249,TXN00011669,True,USR26768,False,MCH8390,True,2026-03-30 00:00:00,2026-04-03 16:51:59,,True,4.0,19475.24,False,False,UNAUTHORIZED_TRANSACTION,unauthorized_transaction,User claims account was compromised before transaction.,IN_PROGRESS,MEDIUM,CHATBOT
CBK0002573,TXN00007177,True,USR70317,False,MCH8645,True,2026-02-05 17:12:29,2026-02-06 00:00:00,2026-02-18 00:00:00,True,0.0,2183.89,False,False,FRAUD_SUSPECTED,fraud,Merchant service was not delivered after payment.,RESOLVED,LOW,CALL_CENTER
CBK0001564,TXN00001739,True,USR36402,True,MCH6953,True,2026-02-04 00:00:00,2026-03-06 14:33:00,2026-03-16 00:00:00,True,30.0,482.37,False,False,DUPLICATE_DEBIT,Duplicate Debit,Customer complaint text unclear due to poor call center notes.,IN_PROGRESS,LOW,EMAIL
CBK0001059,TXN00009260,True,USR29465,False,MCH3341,True,2026-01-14 00:00:00,2026-01-21 00:00:00,2026-02-06 23:34:05,True,7.0,5136.75,False,False,AMOUNT_MISMATCH,extra amount deducted,customer says transaction was not authorized.,OPEN,LOW,BRANCH
CBK0001785,TXN00018150,True,USR30819,False,MCH3100,False,2026-01-12 00:00:00,2026-01-09 00:00:00,2026-01-09 00:00:00,False,,1285.26,False,False,ACCOUNT_TAKEOVER,account hacked,User claims account was compromised before txn.,IN_PROGRESS,MEDIUM,BRANCH
CBK0000387,TXN00001261,True,USR11270,False,MCH4799,False,2026-03-22 00:00:00,2026-03-23 00:00:00,,True,1.0,1010.81,False,False,AMOUNT_MISMATCH,Wrong Amount,Payment made to unknown merchant as per customer statement.,RESOLVED,LOW,APP
CBK0000166,TXN00011027,True,USR82338,True,MCH2856,False,2026-02-06 00:48:39,,2026-02-09 00:00:00,True,,1781.0,False,False,DUPLICATE_DEBIT,Duplicate Debit,Customer complaint text unclear due to poor call center notes.,PENDING_BANK,MEDIUM,CALL_CENTER
CBK0000288,TXN00055417,False,USR41398,True,MCH1803,False,2026-03-23 00:00:00,2026-03-25 07:56:30,,True,2.0,9306.13,False,False,UNAUTHORIZED_TRANSACTION,unauthorized_transaction,payment made to unknown merchant as per customer statement.,IN_PROGRESS,LOW,CHATBOT
CBK0000195,TXN00014413,True,USR30474,True,MCH8961,False,2026-01-02 11:42:38,2026-01-06 09:42:00,2026-01-11 00:00:00,True,3.0,2399.47,False,False,SERVICE_NOT_DELIVERED,not delivered,Customer says transaction was not authorized.,IN_PROGRESS,MEDIUM,IVR
CBK0001761,TXN00014440,True,USR24857,False,MCH1433,False,2026-01-14 00:00:00,2026-01-16 18:29:00,,True,2.0,12244.08,False,False,ACCOUNT_TAKEOVER,ATO,Customer complaint text unclear due to poor call center notes. call dropped,OPEN,HIGH,BRANCH
CBK0001753,TXN00002207,True,USR56780,False,MCH9581,False,,2026-03-28 00:00:00,2026-04-18 00:00:00,True,,326.69,True,False,ACCOUNT_TAKEOVER,login compromised,Payment made to unknown merchant as per customer statement.,PENDING_BANK,HIGH,CHATBOT
CBK0000020,TXN00010227,True,USR97817,True,MCH7570,False,2026-02-20 00:00:00,2026-02-24 00:00:00,2026-03-21 00:00:00,True,4.0,258.0,False,False,SERVICE_NOT_DELIVERED,item not received,Merchant service was not delivered after payment.,RESOLVED,HIGH,BRANCH
CBK0000942,TXN00000964,True,USR78941,False,MCH3992,False,2026-03-29 15:18:17,2026-04-06 00:00:00,2026-04-06 02:18:00,True,7.0,2761.55,False,False,DUPLICATE_DEBIT,charged twice,Suspicious high-value payment disputed by customer.,RESOLVED,LOW,IVR
CBK0002736,TXN00017399,True,USR27913,False,MCH5980,True,2026-01-26 19:18:00,2026-01-27 00:00:00,,True,0.0,685.65,False,False,GENERAL_DISPUTE,no service,CUSTOMER COMPLAINT TEXT UNCLEAR DUE TO POOR CALL CENTER NOTES.,REJECTED,CRITICAL,CHATBOT
CBK0000940,TXN00012142,True,USR51720,False,MCH2099,True,2026-03-17 12:23:25,2026-03-20 00:00:00,2026-03-20 00:00:00,True,2.0,355.28,False,False,GENERAL_DISPUTE,DUP_DEBIT,Customer says transaction was not authorized.,RESOLVED,HIGH,EMAIL
CBK0000031,TXN00005788,True,USR80678,True,MCH4473,False,,2026-03-29 00:09:09,2026-03-29 00:09:09,True,,372.51,False,False,GENERAL_DISPUTE,DUP_DEBIT,User claims account was compromised before transaction.,RESOLVED,LOW,IVR
CBK0001210,TXN00014187,True,USR80504,False,MCH2456,False,2026-03-18 00:00:00,2026-03-20 00:00:00,2026-03-25 08:55:00,True,2.0,972.0,False,False,FRAUD_SUSPECTED,fraud,Complaint received after multiple failed attempts.,RESOLVED,LOW,CHATBOT
CBK0002670,TXN00018420,True,USR34122,False,MCH3807,False,,2026-03-12 19:55:00,2026-03-28 00:00:00,True,,2274.67,False,False,SERVICE_NOT_DELIVERED,merchant service issue,Payment made to unknown merchant as per customer statement.,PENDING_BANK,HIGH,BRANCH
CBK0001707,TXN00006976,True,USR91675,False,MCH3676,False,2026-01-15 00:00:00,2026-01-16 02:55:00,2026-02-13 02:55:52,True,1.0,1752.57,False,False,ACCOUNT_TAKEOVER,account hacked,customer says amount was debited twice.,PENDING_BANK,LOW,EMAIL
CBK0002073,TXN00007227,True,USR23350,False,MCH8136,True,,2026-03-02 00:00:00,,True,,1894.93,False,False,AMOUNT_MISMATCH,extra amount deducted,Customer complaint text unclear due to poor call center notes.,OPEN,MEDIUM,BRANCH
CBK0001648,TXN00003335,True,USR96396,False,MCH5954,True,2026-03-28 00:00:00,2026-04-07 00:00:00,2026-05-05 00:00:00,True,10.0,1426.02,False,False,UNAUTHORIZED_TRANSACTION,unauthorized_transaction,customer says transaction was not authorized.,PENDING_BANK,HIGH,IVR
CBK0001755,TXN00008682,True,USR56480,False,MCH7833,True,2026-01-19 03:35:28,2026-01-20 22:35:28,2026-01-21 00:00:00,True,1.0,5944.75,False,False,UNAUTHORIZED_TRANSACTION,Unauthorized Transaction,Suspicious high-value payment disputed by customer.,CLOSED,LOW,CHATBOT
CBK0000952,TXN00013323,True,USR46902,True,MCH2064,True,,2026-04-24 00:00:00,2026-05-19 00:00:00,True,,1986.27,False,False,SERVICE_NOT_DELIVERED,not delivered,Complaint received after multiple failed attempts.,OPEN,MEDIUM,CALL_CENTER
CBK0002378,TXN00014450,True,USR74567,True,MCH5798,True,2026-03-10 00:00:00,2026-03-13 00:00:00,2026-03-13 23:03:21,True,3.0,2438.0,False,False,SERVICE_NOT_DELIVERED,Service Not Provided,Complaint received after multiple failed attempts.,IN_PROGRESS,LOW,CHATBOT
CBK0001662,TXN00008240,True,USR43842,False,MCH7885,True,2026-01-06 00:00:00,2026-01-08 00:00:00,2026-01-18 19:29:00,True,2.0,962.34,True,False,GENERAL_DISPUTE,no service,Merchant service was not delivered after payment.,RESOLVED,HIGH,BRANCH
CBK0000275,TXN00037497,False,USR31937,False,MCH9768,False,2026-02-20 00:00:00,2026-02-23 00:00:00,2026-03-08 00:00:00,True,3.0,419.0,False,False,SERVICE_NOT_DELIVERED,service failed,Complaint received after multiple failed attempts.,RESOLVED,CRITICAL,CHATBOT
CBK0002206,TXN00009768,True,USR52915,False,MCH7051,True,,2026-03-16 00:00:00,2026-03-17 00:10:00,True,,5082.98,False,False,UNAUTHORIZED_TRANSACTION,Unauthorized Transaction,Payment made to unknown merchant as per customer statement.,CLOSED,CRITICAL,EMAIL
CBK0002687,TXN00017004,True,USR22471,True,MCH2822,False,2026-01-27 00:00:00,2026-01-29 03:06:00,2026-02-11 00:00:00,True,2.0,645.98,False,False,GENERAL_DISPUTE,dispute raised,User says UPI PIN was not entered by them.,IN_PROGRESS,CRITICAL,CALL_CENTER
CBK0000843,TXN00014470,True,USR23820,False,MCH3842,True,2026-03-14 00:00:00,2026-03-25 00:04:00,,True,11.0,,False,True,SERVICE_NOT_DELIVERED,merchant service issue,Complaint received after multiple failed attempts.,REJECTED,LOW,CALL_CENTER
CBK0002212,TXN00010395,True,USR73737,False,MCH1395,True,2026-03-24 02:55:35,2026-03-31 00:00:00,2026-04-13 06:55:35,True,6.0,4273.42,False,False,SERVICE_NOT_DELIVERED,item not received,Customer says amount was debited twice. NA,IN_PROGRESS,HIGH,CHATBOT
CBK0002231,TXN00010167,True,USR37981,False,MCH7715,True,2026-03-08 00:00:00,2026-03-10 09:30:28,2026-04-08 00:00:00,True,2.0,3121.8,True,False,GENERAL_DISPUTE,Customer Dispute,Customer says amount was debited twice.,IN_PROGRESS,MEDIUM,CHATBOT
CBK0000475,TXN00015106,True,USR66875,False,MCH7661,True,2026-02-11 00:00:00,2026-02-18 00:00:00,,True,7.0,4581.94,False,False,DUPLICATE_DEBIT,charged twice,Suspicious high-value payment disputed by customer.,OPEN,MEDIUM,EMAIL
CBK0002741,TXN00016493,True,USR97428,False,MCH9290,True,,,2026-03-21 00:00:00,True,,1664.55,False,False,ACCOUNT_TAKEOVER,account hacked,Complaint received after multiple failed attempts.,CLOSED,LOW,IVR
CBK0001221,TXN00002325,True,USR19262,False,MCH7654,True,2026-03-28 01:43:00,,2026-04-26 00:00:00,True,,800.32,False,False,SERVICE_NOT_DELIVERED,delivery issue,Payment made to unknown merchant as per customer statement.,IN_PROGRESS,HIGH,EMAIL
CBK0000584,TXN00018381,True,USR66286,False,MCH3433,True,2026-01-24 00:00:00,2026-01-26 00:09:00,2026-02-17 00:09:38,True,2.0,528.22,False,False,ACCOUNT_TAKEOVER,login compromised,Suspicious high-value payment disputed by customer.,OPEN,LOW,IVR
CBK0001297,TXN00002610,True,USR99997,True,MCH5710,True,2026-01-04 00:00:00,2026-01-10 07:41:28,2026-02-09 07:41:28,True,6.0,784.51,False,False,AMOUNT_MISMATCH,extra amount deducted,suspicious high-value payment disputed by customer.,REJECTED,MEDIUM,APP
CBK0001860,TXN00000877,True,USR24833,False,MCH8648,True,2026-03-10 00:00:00,2026-03-11 00:00:00,2026-04-06 00:00:00,True,1.0,1251.7,False,False,AMOUNT_MISMATCH,Wrong Amount,Suspicious high-value payment disputed by customer.,RESOLVED,LOW,IVR
CBK0001456,TXN00003248,True,USR30500,False,MCH2822,False,2026-02-08 02:56:43,2026-02-09 00:00:00,2026-02-16 00:00:00,True,0.0,10277.41,False,False,UNAUTHORIZED_TRANSACTION,Unauthorized Transaction,Suspicious high-value payment disputed by customer.,PENDING_BANK,CRITICAL,CALL_CENTER
CBK0001261,TXN00001742,True,USR56247,False,MCH1220,False,2026-01-24 00:00:00,2026-02-03 00:00:00,2026-02-15 00:00:00,True,10.0,1286.87,False,False,FRAUD_SUSPECTED,FRAUD,Customer complaint text unclear due to poor call center notes.,IN_PROGRESS,LOW,IVR
CBK0000638,TXN00006348,True,USR97580,True,MCH6624,False,2026-01-17 00:00:00,2026-01-21 00:00:00,2026-01-27 00:24:00,True,4.0,506.14,False,False,GENERAL_DISPUTE,Customer Dispute,user says upi pin was not entered by them.,IN_PROGRESS,MEDIUM,CHATBOT
CBK0000029,TXN00006499,True,USR14810,True,MCH1545,False,2026-02-27 09:13:41,2026-03-01 20:13:00,,True,2.0,640.77,False,False,AMOUNT_MISMATCH,incorrect amount,User says UPI PIN was not entered by them.,CLOSED,MEDIUM,CHATBOT
CBK0001349,TXN00011307,True,USR27947,True,MCH5452,False,2026-03-31 02:55:00,2026-03-31 19:55:24,2026-04-06 00:00:00,True,0.0,4006.77,False,False,ACCOUNT_TAKEOVER,login compromised,User says UPI PIN was not entered by them.,PENDING_BANK,LOW,CALL_CENTER
CBK0000751,TXN00008166,True,USR71704,False,MCH6694,False,,,2026-02-22 08:23:27,True,,813.72,False,False,UNAUTHORIZED_TRANSACTION,unauthorized_transaction,USER CLAIMS ACCOUNT WAS COMPROMISED BEFORE TRANSACTION.,REJECTED,MEDIUM,IVR
CBK0001656,TXN00014355,True,USR49179,False,MCH9241,False,2026-03-31 00:00:00,2026-05-15 19:24:00,2026-06-09 00:00:00,True,45.0,842.31,False,False,DUPLICATE_DEBIT,Duplicate Debit,Customer says transaction was not authorized.,OPEN,LOW,BRANCH
CBK0001674,TXN00013171,True,USR44076,False,MCH8679,True,2026-02-27 00:19:00,2026-04-13 00:00:00,2026-04-18 00:00:00,True,44.0,1091.17,False,False,ACCOUNT_TAKEOVER,account hacked,Customer complaint text unclear due to poor call center notes.,IN_PROGRESS,HIGH,BRANCH
CBK0000295,TXN00010097,True,USR30500,False,MCH3244,True,2026-02-20 01:27:00,2026-02-22 00:00:00,2026-03-19 00:00:00,True,1.0,12885.17,False,False,UNAUTHORIZED_TRANSACTION,Unauthorized Transaction,Complaint received after multiple failed attempts.,PENDING_BANK,LOW,IVR
CBK0000054,TXN00015105,True,USR35239,True,MCH9077,False,2026-03-26 00:00:00,2026-03-29 00:00:00,2026-03-30 00:00:00,True,3.0,608.31,False,False,GENERAL_DISPUTE,customer issue,User claims account was compromised before transaction.,REJECTED,LOW,IVR
CBK0001078,TXN00001209,True,USR19922,True,MCH6850,False,2026-02-07 00:00:00,2026-02-13 00:00:00,,True,6.0,2704.46,False,False,SERVICE_NOT_DELIVERED,Service Not Provided,User claims account was compromised before transaction.,IN_PROGRESS,MEDIUM,CHATBOT
CBK0000768,TXN00002926,True,USR29277,False,MCH7998,False,2026-01-03 00:00:00,2026-02-18 00:00:00,2026-02-19 00:00:00,True,46.0,1432.79,False,False,GENERAL_DISPUTE,dispute raised,Customer complaint text unclear due to poor call center notes.,OPEN,LOW,CHATBOT
CBK0002700,TXN00018891,True,USR69797,False,MCH5713,False,,2026-01-06 00:00:00,2026-02-04 20:17:00,True,,2154.46,False,False,UNAUTHORIZED_TRANSACTION,unauth txn,Customer complaint text unclear due to poor call center notes.,RESOLVED,HIGH,EMAIL
CBK0002167,TXN00008964,True,USR58972,False,MCH9155,False,2026-01-20 00:00:00,2026-01-22 00:00:00,,True,2.0,1646.02,False,False,ACCOUNT_TAKEOVER,Account Takeover,Customer says amount was debited twice.,PENDING_BANK,HIGH,EMAIL
CBK0002787,TXN00005483,True,USR89278,False,MCH4006,True,2026-01-12 00:44:38,2026-01-15 00:00:00,,True,2.0,2130.14,False,False,GENERAL_DISPUTE,no service,User reports money deducted but merchant denies receiving payment.,IN_PROGRESS,MEDIUM,CALL_CENTER
CBK0002552,TXN00011308,True,USR27300,False,MCH9291,True,2026-03-30 00:00:00,2026-04-02 19:18:00,2026-04-26 00:00:00,True,3.0,16936.0,False,False,FRAUD_SUSPECTED,FRAUD,Complaint received after multiple failed attempts.,OPEN,LOW,CALL_CENTER
CBK0002279,TXN00018603,True,USR39503,True,MCH1658,True,2026-03-23 12:48:07,2026-03-26 00:00:00,2026-03-26 04:48:00,True,2.0,3615.07,False,False,DUPLICATE_DEBIT,Duplicate Debit,Suspicious high-value payment disputed by customer.,REJECTED,CRITICAL,CALL_CENTER
CBK0000950,TXN00016469,True,USR13599,False,MCH6400,True,2026-01-29 06:43:12,2026-02-06 00:00:00,2026-02-14 00:00:00,True,7.0,1313.4,False,False,ACCOUNT_TAKEOVER,Account Takeover,Complaint received after multiple failed attempts.,IN_PROGRESS,HIGH,CHATBOT
CBK0002046,TXN00013381,True,USR72135,False,MCH5076,False,2026-01-08 16:33:00,2026-01-18 21:33:00,2026-02-17 21:33:18,True,10.0,1684.52,False,False,SERVICE_NOT_DELIVERED,not delivered,User says UPI PIN was not entered by them.,REJECTED,LOW,BRANCH
CBK0002547,TXN00009614,True,USR83314,False,MCH4007,False,,2026-02-12 00:00:00,2026-03-01 00:00:00,True,,927.07,False,False,FRAUD_SUSPECTED,FRAUD,Customer complaint text unclear due to poor call center notes.,PENDING_BANK,HIGH,IVR
CBK0000941,TXN00016470,True,USR14844,True,MCH2266,True,2026-01-04 00:00:00,2026-01-10 09:49:36,2026-01-10 00:00:00,False,,1994.56,True,False,SERVICE_NOT_DELIVERED,service failed,Customer says amount was debited twice.,OPEN,HIGH,EMAIL
CBK0001286,TXN00004472,True,USR83523,True,MCH5954,True,2026-03-10 08:35:18,2026-03-07 08:35:18,2026-04-05 08:35:00,False,,,False,True,SERVICE_NOT_DELIVERED,Merchant Not Delivered,Customer says transaction was not authorized. NA,PENDING_BANK,MEDIUM,BRANCH
CBK0002170,TXN00017055,True,USR56789,False,MCH5954,True,2026-03-02 00:00:00,2026-03-03 00:00:00,2026-03-16 00:00:00,True,1.0,226.51,False,False,GENERAL_DISPUTE,DUP_DEBIT,Customer complaint text unclear due to poor call center notes.,REJECTED,HIGH,CHATBOT
CBK0001905,TXN00011981,True,USR80617,False,MCH7286,False,2026-01-08 00:00:00,2026-01-11 00:00:00,2026-01-23 03:28:28,True,3.0,17594.04,False,False,SERVICE_NOT_DELIVERED,item not received,suspicious high-value payment disputed by customer.,PENDING_BANK,LOW,EMAIL
CBK0000179,TXN00017876,True,USR49537,False,MCH5956,False,2026-03-06 00:00:00,2026-03-10 14:02:56,2026-03-28 00:00:00,True,4.0,638.04,False,False,FRAUD_SUSPECTED,Fraud Suspected,Customer says transaction was not authorized.,IN_PROGRESS,HIGH,IVR
CBK0002676,TXN00004927,True,USR19351,True,MCH3684,True,2026-03-05 00:00:00,,,True,,1530.6,False,False,SERVICE_NOT_DELIVERED,service failed,Merchant service was not delivered after payment.,RESOLVED,LOW,APP
CBK0001302,TXN00007192,True,USR80872,False,MCH2757,True,2026-01-08 00:00:00,2026-01-16 00:00:00,2026-02-08 00:00:00,True,8.0,1195.71,False,False,SERVICE_NOT_DELIVERED,Merchant Not Delivered,Suspicious high-value payment disputed by customer.,PENDING_BANK,MEDIUM,IVR
CBK0000591,TXN00011869,True,USR62847,False,MCH3840,False,2026-01-16 05:31:00,2026-03-02 00:00:00,2026-03-24 00:00:00,True,44.0,8004.21,False,False,AMOUNT_MISMATCH,amount mismatch,User claims account was compromised before transaction.,CLOSED,CRITICAL,CALL_CENTER
CBK0000460,TXN00001710,True,USR13062,False,MCH2803,False,2026-03-22 00:00:00,2026-04-21 00:00:00,,True,30.0,5894.84,True,False,ACCOUNT_TAKEOVER,ATO,customer complaint text unclear due to poor call center notes.,RESOLVED,MEDIUM,IVR
CBK0000570,TXN00006817,True,USR13134,False,MCH3815,False,2026-03-24 00:00:00,2026-03-25 00:00:00,2026-04-10 00:00:00,True,1.0,774.67,False,False,ACCOUNT_TAKEOVER,login compromised,Customer says transaction was not authorized.,PENDING_BANK,MEDIUM,CHATBOT
CBK0001161,TXN00004594,True,USR71825,False,MCH8679,True,2026-02-23 00:00:00,2026-02-24 00:00:00,2026-03-24 00:00:00,True,1.0,315.15,False,False,FRAUD_SUSPECTED,Fraud Suspected,Customer complaint text unclear due to poor call center notes.,IN_PROGRESS,MEDIUM,APP
CBK0002019,TXN00005409,True,USR58335,False,MCH1825,False,2026-03-27 23:06:21,2026-03-29 14:06:21,,True,1.0,504.51,False,False,GENERAL_DISPUTE,DUP_DEBIT,Customer says transaction was not authorized.,RESOLVED,CRITICAL,APP
CBK0002751,TXN00015657,True,USR59679,False,MCH3440,True,2026-02-08 00:00:00,2026-02-10 00:00:00,2026-02-25 00:00:00,True,2.0,1966.13,False,False,GENERAL_DISPUTE,no service,User says UPI PIN was not entered by them.,REJECTED,LOW,IVR
CBK0001766,,False,USR12686,False,MCH7267,False,2026-02-18 00:00:00,2026-02-18 00:00:00,2026-03-20 10:31:04,True,0.0,1546.27,False,False,ACCOUNT_TAKEOVER,account hacked,User claims account was compromised before transaction.,RESOLVED,HIGH,CHATBOT
CBK0002685,TXN00018738,True,USR32577,False,MCH5980,True,2026-02-10 00:00:00,2026-03-13 00:00:00,2026-03-29 00:00:00,True,31.0,1179.22,False,False,DUPLICATE_DEBIT,double debit,Customer complaint text unclear due to poor call center notes.,PENDING_BANK,LOW,CHATBOT
CBK0001179,TXN00016521,True,USR36519,True,MCH9839,True,2026-02-25 00:00:00,2026-03-13 00:00:00,2026-04-07 00:00:00,True,16.0,2697.0,False,False,FRAUD_SUSPECTED,scam,Customer says amount was debited twice.,PENDING_BANK,LOW,EMAIL
CBK0002516,TXN00073646,False,USR57758,True,MCH1812,True,2026-01-24 00:00:00,2026-01-31 00:00:00,,True,7.0,7863.78,False,False,GENERAL_DISPUTE,dispute raised,Payment made to unknown merchant as per customer statement.,RESOLVED,HIGH,EMAIL
CBK0002047,TXN00007439,True,USR65461,False,MCH3896,True,2026-03-09 12:57:00,2026-03-12 00:00:00,,True,2.0,3333.48,False,False,FRAUD_SUSPECTED,FRAUD,User claims account was compromised before transaction.,REJECTED,LOW,CHATBOT
CBK0000352,TXN00014436,True,USR20197,False,MCH8920,True,2026-02-02 00:00:00,2026-02-05 18:21:54,2026-02-23 18:21:54,True,3.0,5439.35,False,False,ACCOUNT_TAKEOVER,account hacked,Suspicious high-value payment disputed by customer.,PENDING_BANK,HIGH,BRANCH
CBK0001568,TXN00010744,True,USR28325,False,MCH2822,False,2026-02-03 04:06:53,2026-02-04 12:06:53,2026-02-07 12:06:00,True,1.0,748.64,False,False,ACCOUNT_TAKEOVER,login compromised,User claims account was compromised before transaction.,RESOLVED,MEDIUM,BRANCH
CBK0001997,TXN00019193,True,USR39555,False,MCH8953,True,2026-01-10 00:00:00,2026-01-13 00:00:00,2026-02-09 00:00:00,True,3.0,1004.32,False,False,DUPLICATE_DEBIT,double debit,Complaint received after multiple failed attempts.,CLOSED,HIGH,CHATBOT
CBK0000400,TXN00009596,True,USR71348,False,MCH7207,False,2026-01-21 00:00:00,2026-01-24 00:00:00,,True,3.0,5224.53,False,False,DUPLICATE_DEBIT,double debit,user claims account was compromised before transaction.,IN_PROGRESS,MEDIUM,APP
CBK0000982,TXN00011350,True,USR93171,False,MCH5785,True,2026-01-06 00:00:00,2026-01-14 00:00:00,,True,8.0,188.6,False,False,SERVICE_NOT_DELIVERED,item not received,User reports money deducted but merchant denies receiving payment.,CLOSED,MEDIUM,IVR
CBK0001618,TXN00015125,True,USR77086,False,MCH1644,False,2026-03-28 00:00:00,2026-04-28 00:00:00,2026-05-22 00:00:00,True,31.0,967.0,False,False,ACCOUNT_TAKEOVER,account hacked,customer says transaction was not authorized.,IN_PROGRESS,MEDIUM,BRANCH
CBK0001730,TXN00006467,True,USR66854,False,MCH4352,True,2026-02-19 12:08:55,2026-02-20 10:08:55,2026-03-17 00:00:00,True,0.0,7505.86,False,False,AMOUNT_MISMATCH,Wrong Amount,CUSTOMER COMPLAINT TEXT UNCLEAR DUE TO POOR CALL CENTER NOTES.,REJECTED,HIGH,CHATBOT
CBK0002249,TXN00005146,True,USR93984,True,MCH8154,True,2026-03-26 00:00:00,2026-03-29 08:57:00,2026-04-24 00:00:00,True,3.0,725.45,False,False,UNAUTHORIZED_TRANSACTION,unauth txn,CUSTOMER SAYS TRANSACTION WAS NOT AUTHORIZED.,PENDING_BANK,MEDIUM,IVR
CBK0001787,TXN00013934,True,USR50975,False,MCH4366,False,2026-03-12 13:58:26,2026-04-11 00:00:00,2026-04-26 00:00:00,True,29.0,487.43,False,False,ACCOUNT_TAKEOVER,ATO,Suspicious high-value payment disputed by customer.,IN_PROGRESS,HIGH,EMAIL
CBK0000936,TXN00008546,True,USR92782,False,MCH9921,True,2026-02-07 19:28:54,2026-02-08 00:00:00,2026-02-17 00:00:00,True,0.0,936.49,False,False,GENERAL_DISPUTE,dispute raised,User says UPI PIN was not entered by them.,RESOLVED,LOW,CHATBOT
CBK0001535,TXN00015786,True,USR49801,True,MCH2148,True,2026-03-17 00:00:00,2026-03-20 15:18:00,,True,3.0,14485.22,False,False,GENERAL_DISPUTE,dispute raised,User reports money deducted but merchant denies receiving payment.,PENDING_BANK,MEDIUM,CALL_CENTER
CBK0001064,TXN00016822,True,USR40162,False,MCH1101,True,2026-01-19 01:40:00,2026-02-19 00:00:00,2026-03-02 00:00:00,True,30.0,3058.22,False,False,UNAUTHORIZED_TRANSACTION,Unauthorized Transaction,Customer says amount was debited twice.,IN_PROGRESS,LOW,CHATBOT
CBK0002089,TXN00010784,True,USR61539,False,MCH5778,False,2026-01-16 03:49:43,2026-01-16 12:49:43,2026-02-04 00:00:00,True,0.0,782.96,False,False,GENERAL_DISPUTE,customer issue,Customer says amount was debited twice.,OPEN,HIGH,BRANCH
CBK0001897,TXN00008189,True,USR22202,False,MCH4473,False,2026-01-10 00:00:00,2026-02-09 09:59:00,2026-02-13 00:00:00,True,30.0,577.55,False,False,GENERAL_DISPUTE,DUP_DEBIT,User claims account was compromised before transaction.,IN_PROGRESS,MEDIUM,APP
CBK0001591,TXN00001778,True,USR22644,True,MCH3896,True,2026-02-20 00:00:00,2026-02-21 20:57:45,2026-03-23 00:00:00,True,1.0,2008.0,False,False,UNAUTHORIZED_TRANSACTION,unauth txn,Customer complaint text unclear due to poor call center notes.,REJECTED,LOW,IVR
CBK0001510,TXN00009054,True,USR40521,False,MCH8665,False,2026-01-16 19:29:00,2026-01-18 00:00:00,2026-02-08 00:00:00,True,1.0,14177.27,False,False,UNAUTHORIZED_TRANSACTION,UNAUTHORISED,customer says transaction was not authorized.,IN_PROGRESS,MEDIUM,IVR
CBK0000351,TXN00049383,False,USR83155,True,MCH5768,True,2026-01-30 00:00:00,2026-01-31 19:44:25,2026-02-23 19:44:00,True,1.0,614.57,False,False,SERVICE_NOT_DELIVERED,Service Not Provided,Suspicious high-value payment disputed by cust.,OPEN,LOW,CHATBOT
CBK0001213,TXN00017444,True,USR29137,False,MCH6278,True,2026-03-24 23:19:43,2026-03-25 00:00:00,2026-03-30 00:00:00,True,0.0,252.18,False,False,UNAUTHORIZED_TRANSACTION,Unauthorized Transaction,User claims account was compromised before txn.,PENDING_BANK,MEDIUM,CHATBOT
CBK0001031,TXN00018504,True,USR95238,True,MCH8391,True,2026-02-19 00:00:00,2026-02-23 00:00:00,2026-02-23 00:00:00,True,4.0,2887.1,False,False,UNAUTHORIZED_TRANSACTION,not done by me,Merchant service was not delivered after payment. details missing,RESOLVED,LOW,CALL_CENTER
CBK0001148,TXN00009676,True,USR60032,False,MCH8953,True,2026-01-18 00:00:00,2026-02-03 00:00:00,2026-03-02 08:39:23,True,16.0,,False,True,UNAUTHORIZED_TRANSACTION,Unauthorized Transaction,User reports money deducted but merchant denies receiving payment.,RESOLVED,LOW,CHATBOT
CBK0002528,TXN00019669,True,USR43455,True,MCH2895,False,2026-03-10 12:00:49,2026-03-11 00:00:00,,True,0.0,2022.82,False,False,FRAUD_SUSPECTED,scam,Customer says transaction was not authorized. call dropped,IN_PROGRESS,MEDIUM,EMAIL
CBK0002233,TXN00010897,True,USR48881,False,MCH3815,False,2026-01-29 21:07:26,2026-02-14 17:07:26,2026-03-03 17:07:26,True,15.0,5022.43,False,False,SERVICE_NOT_DELIVERED,delivery issue,USER REPORTS MONEY DEDUCTED BUT MERCHANT DENIES RECEIVING PAYMENT.,IN_PROGRESS,HIGH,BRANCH
CBK0000147,TXN00003927,True,USR94184,False,MCH2234,False,2026-02-09 00:00:00,2026-02-17 03:26:55,2026-02-18 00:00:00,True,8.0,875.3,False,False,AMOUNT_MISMATCH,Wrong Amount,Customer says transaction was not authorized.,CLOSED,LOW,IVR
CBK0000527,,False,USR45627,True,MCH3427,False,2026-03-26 11:37:00,2026-03-28 00:00:00,,True,1.0,171.98,True,False,FRAUD_SUSPECTED,fraud,User reports money deducted but merchant denies receiving payment.,IN_PROGRESS,LOW,IVR
CBK0000140,TXN00001801,True,USR46902,True,MCH2378,True,2026-02-26 07:20:00,2026-03-08 07:20:00,2026-03-10 07:20:55,True,10.0,2789.99,False,False,GENERAL_DISPUTE,Customer Dispute,User says UPI PIN was not entered by them.,IN_PROGRESS,LOW,EMAIL
CBK0000613,TXN00002808,True,USR82191,True,MCH9948,False,2026-02-13 00:00:00,2026-02-20 00:00:00,2026-03-02 02:21:00,True,7.0,604.93,False,False,GENERAL_DISPUTE,Customer Dispute,Customer says transaction was not authorized.,PENDING_BANK,MEDIUM,EMAIL
CBK0001796,TXN00014147,True,USR19352,False,MCH5990,False,2026-02-12 00:00:00,2026-02-22 00:00:00,2026-03-04 00:00:00,True,10.0,2551.0,False,False,ACCOUNT_TAKEOVER,account hacked,payment made to unknown merchant as per customer statement.,IN_PROGRESS,LOW,BRANCH
CBK0000336,TXN00004644,True,USR14768,False,MCH8391,True,2026-03-05 00:00:00,2026-03-08 00:00:00,,True,3.0,3662.83,True,False,SERVICE_NOT_DELIVERED,item not received,User claims account was compromised before transaction.,RESOLVED,LOW,IVR
CBK0002179,TXN00002142,True,USR44124,True,MCH9291,True,2026-01-14 00:00:00,2026-01-18 00:00:00,2026-01-25 00:00:00,True,4.0,13132.36,False,False,SERVICE_NOT_DELIVERED,Service Not Provided,Customer says amount was debited twice.,CLOSED,HIGH,CHATBOT
CBK0002623,,False,USR80824,False,MCH3492,False,2026-01-18 14:41:00,2026-02-03 00:00:00,2026-02-21 00:00:00,True,15.0,1057.6,False,False,FRAUD_SUSPECTED,FRAUD,Suspicious high-value payment disputed by customer.,REJECTED,HIGH,APP
CBK0001375,TXN00001251,True,USR45344,True,MCH4473,False,2026-01-29 00:00:00,2026-02-01 00:00:00,,True,3.0,802.62,False,False,GENERAL_DISPUTE,complaint,Merchant service was not delivered after payment.,RESOLVED,HIGH,CHATBOT
CBK0001280,TXN00012568,True,USR61715,False,MCH6850,False,2026-01-16 00:00:00,2026-03-02 14:03:49,2026-03-11 00:00:00,True,45.0,15086.0,False,False,GENERAL_DISPUTE,Customer Dispute,Customer says transaction was not authorized.,OPEN,LOW,CALL_CENTER
CBK0002202,TXN00001215,True,USR26403,False,MCH5655,False,2026-01-01 00:00:00,2026-01-07 00:00:00,,True,6.0,5146.97,False,False,SERVICE_NOT_DELIVERED,Merchant Not Delivered,Merchant service was not delivered after payment.,CLOSED,MEDIUM,CHATBOT
CBK0002178,TXN00010512,True,USR39098,False,MCH1080,False,2026-01-19 00:00:00,2026-01-22 04:57:56,,True,3.0,752.1,False,False,AMOUNT_MISMATCH,extra amount deducted,Customer says amount was debited twice.,OPEN,LOW,IVR
CBK0002515,TXN00019171,True,USR95538,False,MCH5931,False,2026-03-30 00:00:00,2026-04-09 00:00:00,,True,10.0,3429.44,False,False,AMOUNT_MISMATCH,Wrong Amount,Customer says transaction was not authorized.,RESOLVED,LOW,CALL_CENTER
CBK0000099,,False,USR93290,True,MCH3558,True,2026-01-11 00:00:00,2026-01-17 00:00:00,,True,6.0,1317.94,False,False,FRAUD_SUSPECTED,Fraud Suspected,User claims account was compromised before transaction.,RESOLVED,MEDIUM,EMAIL
CBK0002071,TXN00006958,True,USR61891,False,MCH7286,False,2026-02-13 00:00:00,2026-02-13 00:00:00,,True,0.0,1162.72,True,False,SERVICE_NOT_DELIVERED,service failed,Payment made to unknown merchant as per customer statement.,OPEN,HIGH,IVR
CBK0000066,TXN00017748,True,USR86707,True,MCH8350,False,,2026-02-12 00:00:00,2026-03-06 00:00:00,True,,1855.0,False,False,SERVICE_NOT_DELIVERED,Service Not Provided,Customer complaint text unclear due to poor call center notes. call dropped,REJECTED,LOW,APP
CBK0002204,TXN00009040,True,USR97137,False,MCH3202,False,2026-01-05 13:37:21,2026-01-16 00:00:00,2026-02-15 00:00:00,True,10.0,1600.6,True,False,SERVICE_NOT_DELIVERED,Service Not Provided,Customer says transaction was not authorized.,IN_PROGRESS,HIGH,CALL_CENTER
CBK0001942,TXN00017185,True,USR88284,False,MCH9344,False,2026-03-08 00:00:00,2026-03-16 00:00:00,2026-04-04 00:00:00,True,8.0,384.18,False,False,AMOUNT_MISMATCH,Wrong Amount,Payment made to unknown merchant as per customer statement.,OPEN,MEDIUM,BRANCH
CBK0000955,,False,USR66359,False,MCH2992,False,2026-03-04 00:00:00,2026-04-18 12:26:19,,True,45.0,1214.33,False,False,SERVICE_NOT_DELIVERED,delivery issue,Payment made to unknown merchant as per customer statement.,OPEN,LOW,IVR
CBK0001156,TXN00010478,True,USR27893,False,MCH7475,False,2026-01-28 07:58:01,2026-01-29 00:00:00,,True,0.0,634.0,False,False,ACCOUNT_TAKEOVER,ATO,Merchant service was not delivered after payment.,IN_PROGRESS,LOW,CHATBOT
CBK0001940,TXN00006894,True,USR19400,False,MCH3815,False,,2026-02-26 00:00:00,2026-03-04 00:00:00,True,,2016.51,False,False,SERVICE_NOT_DELIVERED,delivery issue,Customer complaint text unclear due to poor call center notes.,REJECTED,HIGH,IVR
CBK0000135,TXN00013531,True,USR33763,False,MCH2483,False,,2026-01-22 00:00:00,2026-02-06 00:00:00,True,,2390.0,False,False,SERVICE_NOT_DELIVERED,item not received,User reports money deducted but merchant denies receiving payment.,IN_PROGRESS,LOW,APP
CBK0002522,,False,USR72963,False,MCH4406,True,,2026-03-02 00:00:00,2026-03-23 00:00:00,True,,584.72,False,False,UNAUTHORIZED_TRANSACTION,not done by me,User claims account was compromised before transaction.,REJECTED,LOW,APP
CBK0002568,TXN00012990,True,USR24437,False,MCH1818,True,2026-03-01 15:45:08,,,True,,3464.25,False,False,UNAUTHORIZED_TRANSACTION,unauth txn,Customer says amount was debited twice.,CLOSED,HIGH,CHATBOT
CBK0001092,TXN00015253,True,USR50458,False,MCH4725,True,,2026-03-17 00:00:00,,True,,1700.27,False,False,GENERAL_DISPUTE,no service,CUSTOMER COMPLAINT TEXT UNCLEAR DUE TO POOR CALL CENTER NOTES.,PENDING_BANK,LOW,CHATBOT
CBK0001495,TXN00014774,True,USR47392,True,MCH8779,True,2026-03-23 00:00:00,2026-04-03 00:00:00,2026-04-20 00:00:00,True,11.0,2478.18,False,False,UNAUTHORIZED_TRANSACTION,Unauthorized Transaction,Payment made to unknown merchant as per customer statement.,REJECTED,LOW,BRANCH
CBK0000296,TXN00003112,True,USR49629,False,MCH1546,False,2026-03-27 12:17:00,2026-04-03 00:00:00,2026-04-09 00:00:00,True,6.0,4974.0,False,False,SERVICE_NOT_DELIVERED,merchant service issue,User says UPI PIN was not entered by them.,CLOSED,MEDIUM,CHATBOT
CBK0002750,TXN00013670,True,USR26461,False,MCH9342,True,2026-02-11 00:00:00,2026-03-13 00:00:00,2026-03-18 18:50:28,True,30.0,4375.63,False,False,DUPLICATE_DEBIT,charged twice,User says UPI PIN was not entered by them.,REJECTED,MEDIUM,BRANCH
CBK0002535,TXN00009226,True,USR99720,True,MCH1211,True,2026-01-15 00:00:00,2026-01-22 15:05:21,2026-01-24 00:00:00,True,7.0,4466.49,False,False,ACCOUNT_TAKEOVER,login compromised,User reports money deducted but merchant denies receiving payment.,RESOLVED,MEDIUM,BRANCH
CBK0002545,TXN00010063,True,USR85767,False,MCH8999,True,2026-02-12 07:23:39,2026-02-19 00:00:00,2026-03-09 00:00:00,True,6.0,219.86,False,False,ACCOUNT_TAKEOVER,Account Takeover,User says UPI PIN was not entered by them.,OPEN,MEDIUM,CHATBOT
CBK0002186,TXN00003156,True,USR24528,False,MCH4024,True,2026-02-25 00:00:00,2026-02-26 00:00:00,2026-03-19 00:00:00,True,1.0,1072.99,False,False,UNAUTHORIZED_TRANSACTION,Unauthorized Transaction,Customer complaint text unclear due to poor call center notes.,RESOLVED,MEDIUM,EMAIL
CBK0000978,TXN00006792,True,USR48647,False,MCH5655,False,,2026-02-27 00:00:00,2026-03-02 00:00:00,True,,1704.54,False,False,AMOUNT_MISMATCH,extra amount deducted,Customer complaint text unclear due to poor call center notes.,REJECTED,LOW,CALL_CENTER
CBK0001661,TXN00009867,True,USR15733,False,MCH8681,True,2026-03-25 04:28:00,2026-04-09 00:00:00,2026-04-16 19:28:49,True,14.0,9736.35,False,False,SERVICE_NOT_DELIVERED,delivery issue,User reports money deducted but merchant denies receiving payment.,REJECTED,HIGH,BRANCH
CBK0000354,TXN00013742,True,USR63462,False,MCH1320,True,2026-01-16 00:00:00,2026-01-16 00:00:00,2026-01-30 00:00:00,True,0.0,3062.43,False,False,SERVICE_NOT_DELIVERED,Merchant Not Delivered,USER REPORTS MONEY DEDUCTED BUT MERCHANT DENIES RECEIVING PAYMENT.,IN_PROGRESS,HIGH,CHATBOT
CBK0002642,TXN00007026,True,USR88352,True,MCH8311,False,2026-02-13 00:00:00,2026-02-24 05:34:00,,True,11.0,,False,True,UNAUTHORIZED_TRANSACTION,UNAUTHORISED,Suspicious high-value payment disputed by customer.,CLOSED,MEDIUM,CHATBOT
CBK0002479,TXN00007945,True,USR12314,True,MCH9784,True,2026-02-24 00:00:00,2026-03-01 09:39:03,2026-03-05 00:00:00,True,5.0,2209.68,False,False,DUPLICATE_DEBIT,Duplicate Debit,User says UPI PIN was not entered by them. call dropped,RESOLVED,MEDIUM,BRANCH
CBK0000934,TXN00014323,True,USR66946,False,MCH6810,False,2026-01-22 00:00:00,2026-01-23 00:00:00,2026-01-23 08:09:17,True,1.0,8749.79,False,False,SERVICE_NOT_DELIVERED,delivery issue,Suspicious high-value payment disputed by customer.,REJECTED,LOW,IVR
CBK0000499,TXN00011216,True,USR26571,False,MCH5954,True,2026-01-25 00:00:00,2026-01-25 00:00:00,2026-02-13 00:00:00,True,0.0,857.98,True,False,FRAUD_SUSPECTED,fraud,User reports money deducted but merchant denies receiving payment.,REJECTED,CRITICAL,EMAIL
CBK0000312,TXN00013916,True,USR29758,False,MCH5655,False,2026-01-31 15:10:08,2026-02-10 22:10:08,2026-03-03 00:00:00,True,10.0,804.06,False,False,GENERAL_DISPUTE,dispute raised,Complaint received after multiple failed attempts.,CLOSED,MEDIUM,CHATBOT
CBK0000667,TXN00006052,True,USR54126,True,MCH2266,True,2026-01-13 00:00:00,2026-01-15 00:00:00,,True,2.0,1664.31,False,False,GENERAL_DISPUTE,customer issue,Complaint received after multiple failed attempts.,PENDING_BANK,CRITICAL,EMAIL
CBK0001500,TXN00004113,True,USR65211,False,MCH5770,True,2026-03-14 11:50:00,2026-04-14 00:00:00,2026-04-26 00:00:00,True,30.0,1173.86,False,False,GENERAL_DISPUTE,no service,USER SAYS UPI PIN WAS NOT ENTERED BY THEM.,CLOSED,HIGH,BRANCH
CBK0001524,TXN00010627,True,USR65183,False,MCH5171,True,2026-02-17 00:00:00,2026-02-18 00:00:00,2026-03-09 00:00:00,True,1.0,,False,True,UNAUTHORIZED_TRANSACTION,unauth txn,Customer says transaction was not authorized.,RESOLVED,LOW,BRANCH
CBK0000438,TXN00011978,True,USR99732,False,MCH7833,True,2026-02-03 10:00:52,2026-02-04 00:00:00,,True,0.0,466.0,False,False,SERVICE_NOT_DELIVERED,item not received,Customer says transaction was not authorized. urgent,PENDING_BANK,LOW,EMAIL
CBK0000012,TXN00013740,True,USR35501,False,MCH8913,False,2026-01-25 00:00:00,2026-01-28 19:43:23,,True,3.0,650.92,False,False,GENERAL_DISPUTE,customer issue,Suspicious high-value payment disputed by customer.,PENDING_BANK,MEDIUM,CHATBOT
CBK0001710,TXN00002546,True,USR96958,False,MCH4226,False,2026-01-06 03:50:09,2026-01-13 00:00:00,,True,6.0,6642.41,False,False,ACCOUNT_TAKEOVER,Account Takeover,USER REPORTS MONEY DEDUCTED BUT MERCHANT DENIES RECEIVING PAYMENT.,REJECTED,LOW,CALL_CENTER
CBK0001322,TXN00018670,True,USR33934,True,MCH9699,False,2026-03-09 00:00:00,2026-03-13 00:00:00,2026-03-19 00:00:00,True,4.0,3883.93,False,False,AMOUNT_MISMATCH,amount mismatch,MERCHANT SERVICE WAS NOT DELIVERED AFTER PAYMENT.,RESOLVED,MEDIUM,IVR
CBK0000894,TXN00015855,True,USR95334,False,MCH6372,True,2026-03-16 00:00:00,2026-03-19 00:00:00,2026-03-21 00:00:00,True,3.0,6458.0,False,False,AMOUNT_MISMATCH,extra amount deducted,User says UPI PIN was not entered by them.,IN_PROGRESS,LOW,APP
CBK0000784,TXN00014785,True,USR41135,True,MCH7286,False,2026-01-31 00:00:00,2026-01-31 00:00:00,2026-02-16 09:56:17,True,0.0,1176.91,False,False,SERVICE_NOT_DELIVERED,service failed,suspicious high-value payment disputed by customer.,IN_PROGRESS,LOW,BRANCH
CBK0001573,TXN00015673,True,USR29406,True,MCH4270,False,2026-02-21 00:00:00,2026-03-01 04:47:00,,True,8.0,,False,True,FRAUD_SUSPECTED,Fraud Suspected,User says UPI PIN was not entered by them.,CLOSED,MEDIUM,IVR
CBK0002149,TXN00011510,True,USR30541,False,MCH6295,False,2026-01-13 00:00:00,2026-01-21 11:12:17,2026-01-30 00:00:00,True,8.0,7271.24,False,False,FRAUD_SUSPECTED,suspicious transaction,Merchant service was not delivered after payment.,OPEN,LOW,IVR
CBK0001257,,False,USR74209,False,MCH6057,False,2026-03-19 00:00:00,2026-03-25 01:08:00,2026-04-14 00:00:00,True,6.0,2346.56,False,False,GENERAL_DISPUTE,customer issue,Complaint received after multiple failed attempts.,OPEN,LOW,CHATBOT
CBK0000370,,False,USR68023,False,MCH2511,False,2026-02-18 00:00:00,2026-02-26 09:56:26,2026-03-08 00:00:00,True,8.0,3719.71,True,False,DUPLICATE_DEBIT,charged twice,User says UPI PIN was not entered by them.,CLOSED,MEDIUM,APP
CBK0001398,TXN00015787,True,USR61935,True,MCH8643,True,2026-02-06 16:53:00,2026-02-09 16:53:32,2026-02-16 00:00:00,True,3.0,8787.96,False,False,UNAUTHORIZED_TRANSACTION,unauth txn,payment made to unknown merchant as per customer statement.,REJECTED,HIGH,IVR
CBK0001343,TXN00017045,True,USR87914,False,MCH2822,False,2026-01-20 00:00:00,2026-03-07 00:00:00,2026-03-20 00:00:00,True,46.0,1409.0,False,False,UNAUTHORIZED_TRANSACTION,not done by me,Suspicious high-value payment disputed by customer. urgent,IN_PROGRESS,MEDIUM,CHATBOT
CBK0000769,TXN00010549,True,USR88037,True,MCH4590,False,2026-01-16 00:00:00,2026-01-31 00:00:00,2026-03-02 14:45:00,True,15.0,6630.73,False,False,GENERAL_DISPUTE,complaint,Complaint received after multiple failed attempts.,IN_PROGRESS,HIGH,APP
CBK0002111,TXN00019791,True,USR48202,True,MCH2383,True,2026-02-06 06:10:00,2026-02-08 00:00:00,2026-02-17 18:10:00,True,1.0,376.0,False,False,AMOUNT_MISMATCH,amount mismatch,Customer complaint text unclear due to poor call center notes.,CLOSED,LOW,CHATBOT
CBK0002589,TXN00001501,True,USR49236,False,MCH4590,False,2026-03-22 00:00:00,,2026-04-12 00:00:00,True,,1157.85,False,False,DUPLICATE_DEBIT,charged twice,Payment made to unknown merchant as per customer statement.,OPEN,HIGH,IVR
CBK0001391,TXN00008679,True,USR46067,False,MCH1887,True,2026-03-22 00:00:00,2026-03-23 21:04:05,2026-03-29 21:04:00,True,1.0,1294.7,False,False,AMOUNT_MISMATCH,Wrong Amount,Complaint received after multiple failed attempts.,RESOLVED,MEDIUM,CHATBOT
CBK0000496,TXN00005986,True,USR21449,False,MCH1486,False,,2026-01-23 00:00:00,2026-02-13 00:00:00,True,,6879.04,False,False,GENERAL_DISPUTE,Customer Dispute,User claims account was compromised before transaction. call dropped,OPEN,HIGH,CALL_CENTER
CBK0000928,TXN00008356,True,USR74115,False,MCH9582,True,2026-02-16 00:00:00,2026-02-21 00:00:00,2026-03-17 17:43:22,True,5.0,,False,True,SERVICE_NOT_DELIVERED,Service Not Provided,User claims account was compromised before transaction. NA,CLOSED,MEDIUM,CHATBOT
CBK0000648,TXN00005486,True,USR11810,False,MCH1581,True,2026-02-02 00:00:00,2026-02-04 00:00:00,,True,2.0,1288.0,False,False,FRAUD_SUSPECTED,FRAUD,user says upi pin was not entered by them.,CLOSED,LOW,BRANCH
CBK0002136,TXN00005344,True,USR86525,False,MCH5753,True,2026-03-24 00:00:00,2026-04-03 00:00:00,2026-04-04 09:48:11,True,10.0,1422.0,False,False,ACCOUNT_TAKEOVER,Account Takeover,Customer complaint text unclear due to poor call center notes.,CLOSED,HIGH,CHATBOT
CBK0001658,TXN00004488,True,USR55710,False,MCH6850,False,2026-01-05 13:51:43,2026-01-09 00:00:00,,True,3.0,2468.0,False,False,AMOUNT_MISMATCH,incorrect amount,Complaint received after multiple failed attempts.,REJECTED,CRITICAL,APP
CBK0002436,TXN00008330,True,USR64405,False,MCH9291,True,2026-03-03 00:00:00,2026-03-10 00:00:00,2026-04-01 00:00:00,True,7.0,1847.49,False,False,UNAUTHORIZED_TRANSACTION,UNAUTHORISED,Customer complaint text unclear due to poor call center notes.,IN_PROGRESS,MEDIUM,BRANCH
CBK0002460,TXN00018148,True,USR68295,True,MCH2914,True,2026-01-05 15:46:00,2026-01-07 00:00:00,2026-01-14 05:46:54,True,1.0,2197.15,False,False,DUPLICATE_DEBIT,charged twice,Payment made to unknown merchant as per customer statement.,OPEN,LOW,BRANCH
CBK0001162,TXN00012239,True,USR22644,True,MCH5296,False,2026-01-27 15:49:00,2026-01-29 00:00:00,,True,1.0,6796.0,False,False,DUPLICATE_DEBIT,Duplicate Debit,Customer complaint text unclear due to poor call center notes.,CLOSED,MEDIUM,CHATBOT
CBK0002084,TXN00083297,False,USR66974,True,MCH7833,True,2026-03-30 13:13:00,2026-04-05 00:00:00,,True,5.0,,False,True,UNAUTHORIZED_TRANSACTION,not done by me,Payment made to unknown merchant as per cust statement.,IN_PROGRESS,CRITICAL,IVR
CBK0000003,TXN00013293,True,USR91078,True,MCH6993,False,2026-01-07 23:12:32,2026-01-09 14:12:00,2026-02-04 00:00:00,True,1.0,1290.78,False,False,AMOUNT_MISMATCH,incorrect amount,user says upi pin was not entered by them.,REJECTED,HIGH,IVR
CBK0000669,TXN00018414,True,USR22639,True,MCH8836,False,2026-03-28 14:45:10,2026-03-30 11:45:10,,True,1.0,3972.17,False,False,ACCOUNT_TAKEOVER,account hacked,user claims account was compromised before transaction.,IN_PROGRESS,HIGH,IVR
CBK0000439,TXN00016295,True,USR83930,False,MCH9092,True,2026-03-18 00:00:00,2026-03-21 00:00:00,2026-03-23 00:00:00,True,3.0,10226.59,False,False,AMOUNT_MISMATCH,incorrect amount,suspicious high-value payment disputed by customer.,OPEN,MEDIUM,IVR
CBK0002423,TXN00014966,True,USR26696,False,MCH9223,True,2026-02-13 20:33:40,2026-02-17 00:00:00,2026-03-03 00:00:00,True,3.0,10848.72,False,False,SERVICE_NOT_DELIVERED,merchant service issue,Payment made to unknown merchant as per cust statement.,REJECTED,HIGH,IVR
CBK0000282,TXN00016877,True,USR87914,False,MCH5070,True,2026-03-10 18:14:00,2026-04-10 05:14:49,,True,30.0,3046.01,False,False,SERVICE_NOT_DELIVERED,merchant service issue,Customer says transaction was not authorized.,RESOLVED,MEDIUM,IVR
CBK0002195,TXN00004411,True,USR48054,False,MCH9844,True,2026-02-05 23:26:12,2026-02-09 00:00:00,,True,3.0,3905.0,False,False,AMOUNT_MISMATCH,incorrect amount,User reports money deducted but merchant denies receiving payment.,OPEN,LOW,CHATBOT
CBK0002767,TXN00014701,True,USR79411,True,MCH8154,True,2026-02-15 00:00:00,2026-02-19 02:41:00,,True,4.0,4452.29,False,False,GENERAL_DISPUTE,no service,Customer complaint text unclear due to poor call center notes.,OPEN,HIGH,CHATBOT
CBK0000538,TXN00005988,True,USR84311,False,MCH2752,True,2026-01-10 00:00:00,2026-01-26 15:58:00,,True,16.0,1345.11,False,False,ACCOUNT_TAKEOVER,ATO,merchant service was not delivered after payment.,OPEN,HIGH,CHATBOT
CBK0001829,TXN00005136,True,USR58407,False,MCH5584,False,2026-03-19 00:00:00,2026-03-22 00:00:00,2026-03-24 00:00:00,True,3.0,1719.63,False,False,AMOUNT_MISMATCH,Wrong Amount,User reports money deducted but merchant denies receiving payment.,REJECTED,MEDIUM,BRANCH
CBK0000807,TXN00017317,True,USR77247,False,MCH5805,True,,2026-01-13 05:52:57,,True,,8056.19,False,False,AMOUNT_MISMATCH,incorrect amount,User claims account was compromised before transaction. pls check asap,IN_PROGRESS,MEDIUM,CHATBOT
CBK0001204,,False,USR37435,False,MCH7058,True,,,2026-01-22 00:00:00,True,,16163.8,True,False,AMOUNT_MISMATCH,extra amount deducted,Merchant service was not delivered after payment.,REJECTED,MEDIUM,IVR
CBK0002299,TXN00012406,True,USR13926,False,MCH9166,False,2026-01-11 00:00:00,2026-01-12 05:57:06,,True,1.0,2900.07,True,False,SERVICE_NOT_DELIVERED,Merchant Not Delivered,Customer says transaction was not authorized. urgent,IN_PROGRESS,LOW,IVR
CBK0002286,TXN00007923,True,USR98994,False,MCH2676,True,2026-01-30 00:00:00,2026-02-07 13:24:35,2026-02-16 00:00:00,True,8.0,2225.43,False,False,SERVICE_NOT_DELIVERED,item not received,Payment made to unknown merchant as per customer statement.,PENDING_BANK,MEDIUM,IVR
CBK0000567,TXN00016408,True,USR33228,True,MCH8298,False,2026-02-16 00:00:00,2026-02-19 00:00:00,2026-02-23 00:13:00,True,3.0,5179.58,False,False,AMOUNT_MISMATCH,Wrong Amount,Customer says amount was debited twice.,CLOSED,LOW,EMAIL
CBK0001201,TXN00014054,True,USR85014,False,MCH7286,False,2026-03-15 00:00:00,2026-03-15 00:00:00,2026-03-27 08:14:00,True,0.0,,False,True,SERVICE_NOT_DELIVERED,Merchant Not Delivered,Complaint received after multiple failed attempts.,CLOSED,LOW,CHATBOT
CBK0001779,TXN00006263,True,USR61731,False,MCH3837,True,2026-02-22 00:00:00,2026-04-08 00:00:00,2026-04-20 19:46:00,True,45.0,843.91,False,False,GENERAL_DISPUTE,dispute raised,Merchant service was not delivered after payment.,CLOSED,LOW,APP
CBK0000315,TXN00011615,True,USR67684,True,MCH9052,True,2026-01-30 19:19:00,2026-01-31 14:19:59,,True,0.0,,False,True,FRAUD_SUSPECTED,fraud,merchant service was not delivered after payment.,RESOLVED,MEDIUM,CHATBOT
CBK0000683,TXN00017581,True,USR54113,False,MCH6129,False,,2026-02-19 12:11:31,2026-03-21 00:00:00,True,,,False,True,SERVICE_NOT_DELIVERED,not delivered,User says UPI PIN was not entered by them.,REJECTED,LOW,CHATBOT
CBK0001014,TXN00005083,True,USR78215,False,MCH9892,False,2026-01-29 08:31:00,2026-01-31 14:31:24,,True,2.0,448.0,False,False,SERVICE_NOT_DELIVERED,not delivered,Payment made to unknown merchant as per customer statement.,REJECTED,MEDIUM,EMAIL
CBK0002450,TXN00005485,True,USR94055,False,MCH5437,False,2026-01-06 19:11:31,2026-01-07 00:00:00,2026-01-09 00:00:00,True,0.0,4839.05,False,False,FRAUD_SUSPECTED,Fraud Suspected,Merchant service was not delivered after payment.,IN_PROGRESS,CRITICAL,BRANCH
CBK0001114,TXN00004265,True,USR40538,False,MCH7833,True,2026-03-06 00:00:00,2026-03-07 00:42:00,2026-03-18 00:00:00,True,1.0,330.36,False,False,SERVICE_NOT_DELIVERED,Merchant Not Delivered,Payment made to unknown merchant as per cust statement.,IN_PROGRESS,LOW,CHATBOT
CBK0001947,TXN00018820,True,USR36913,False,MCH9291,True,2026-02-20 00:00:00,2026-03-02 00:00:00,2026-03-27 00:00:00,True,10.0,7255.27,False,False,AMOUNT_MISMATCH,amount mismatch,User claims account was compromised before transaction.,RESOLVED,LOW,IVR
CBK0002503,TXN00013623,True,USR34012,False,MCH2141,False,2026-03-05 13:39:14,,2026-04-02 00:00:00,True,,3159.54,False,False,UNAUTHORIZED_TRANSACTION,Unauthorized Transaction,User says UPI PIN was not entered by them.,OPEN,LOW,EMAIL
CBK0002362,TXN00007811,True,USR20310,True,MCH8076,True,2026-02-15 08:01:23,2026-02-18 00:00:00,2026-03-05 13:01:23,True,2.0,1224.0,False,False,SERVICE_NOT_DELIVERED,Merchant Not Delivered,Payment made to unknown merchant as per customer statement.,IN_PROGRESS,HIGH,IVR
CBK0002060,TXN00010691,True,USR71335,True,MCH8391,True,2026-01-09 00:00:00,2026-01-13 00:00:00,2026-01-20 00:00:00,True,4.0,518.38,False,False,AMOUNT_MISMATCH,Wrong Amount,User reports money deducted but merchant denies receiving payment.,REJECTED,MEDIUM,APP
CBK0001135,TXN00011148,True,USR73600,False,MCH2913,False,2026-02-07 00:00:00,2026-02-14 13:33:58,2026-03-16 13:33:00,True,7.0,745.95,False,False,GENERAL_DISPUTE,Customer Dispute,User says UPI PIN was not entered by them.,OPEN,LOW,IVR
CBK0001631,TXN00014809,True,USR76917,False,MCH2822,False,2026-02-24 07:09:00,2026-02-25 00:00:00,2026-03-22 00:00:00,True,0.0,1458.95,False,False,SERVICE_NOT_DELIVERED,Merchant Not Delivered,customer says amount was debited twice.,RESOLVED,HIGH,APP
CBK0000363,TXN00014836,True,USR62092,True,MCH3992,False,2026-03-22 00:00:00,2026-04-06 00:00:00,2026-04-28 12:09:00,True,15.0,,False,True,GENERAL_DISPUTE,dispute raised,user reports money deducted but merchant denies receiving payment.,RESOLVED,LOW,CHATBOT
CBK0002324,TXN00016940,True,USR80407,False,MCH7916,False,2026-02-12 00:00:00,2026-02-14 00:00:00,2026-03-13 13:19:00,True,2.0,60.71,True,False,SERVICE_NOT_DELIVERED,item not received,Customer complaint text unclear due to poor call center notes.,CLOSED,LOW,APP
CBK0000375,TXN00015798,True,USR47647,False,MCH8330,True,2026-01-10 00:00:00,2026-01-12 00:00:00,2026-01-26 03:31:00,True,2.0,5976.69,False,False,AMOUNT_MISMATCH,extra amount deducted,suspicious high-value payment disputed by customer.,IN_PROGRESS,LOW,CHATBOT
CBK0002593,TXN00017923,True,USR87216,True,MCH8000,False,2026-02-22 07:31:00,2026-02-24 00:00:00,2026-03-03 10:31:06,True,1.0,1055.53,False,False,DUPLICATE_DEBIT,charged twice,Suspicious high-value payment disputed by customer.,CLOSED,MEDIUM,CHATBOT
CBK0001120,TXN00004989,True,USR96958,False,MCH5208,True,2026-01-23 00:00:00,2026-01-24 15:03:00,2026-02-06 00:00:00,True,1.0,5305.63,False,False,GENERAL_DISPUTE,customer issue,customer says amount was debited twice.,PENDING_BANK,MEDIUM,CHATBOT
CBK0002032,TXN00017675,True,USR27832,True,MCH2457,False,,2026-03-17 08:41:11,2026-03-23 00:00:00,True,,,False,True,ACCOUNT_TAKEOVER,Account Takeover,User says UPI PIN was not entered by them.,IN_PROGRESS,MEDIUM,CHATBOT
CBK0001442,TXN00004821,True,USR82070,False,MCH9291,True,2026-03-08 00:00:00,2026-03-18 00:00:00,,True,10.0,165.89,False,False,GENERAL_DISPUTE,DUP_DEBIT,Merchant service was not delivered after payment.,CLOSED,LOW,CHATBOT
CBK0001529,TXN00008099,True,USR86223,True,MCH1511,False,2026-02-22 00:00:00,2026-02-24 00:00:00,2026-03-20 00:00:00,True,2.0,4576.69,False,False,SERVICE_NOT_DELIVERED,not delivered,Customer says amount was debited twice.,CLOSED,CRITICAL,IVR
CBK0002605,TXN00007342,True,USR51261,False,MCH9573,False,2026-01-06 00:00:00,2026-01-02 14:08:00,2026-01-29 00:00:00,False,,9521.14,False,False,SERVICE_NOT_DELIVERED,Service Not Provided,USER REPORTS MONEY DEDUCTED BUT MERCHANT DENIES RECEIVING PAYMENT.,IN_PROGRESS,MEDIUM,BRANCH
CBK0000877,TXN00009172,True,USR96970,False,MCH9291,True,2026-02-13 08:27:00,2026-02-15 00:00:00,2026-02-18 00:00:00,True,1.0,880.82,False,False,AMOUNT_MISMATCH,extra amount deducted,Merchant service was not delivered after payment.,IN_PROGRESS,MEDIUM,IVR
CBK0001007,TXN00014381,True,USR51742,False,MCH7833,True,2026-01-11 00:00:00,2026-02-10 00:00:00,,True,30.0,1523.0,False,False,FRAUD_SUSPECTED,Fraud Suspected,User reports money deducted but merchant denies receiving payment.,RESOLVED,HIGH,CALL_CENTER
CBK0001118,TXN00063034,False,USR93926,True,MCH9036,True,2026-01-24 09:06:58,2026-01-26 00:00:00,,True,1.0,3681.27,False,False,UNAUTHORIZED_TRANSACTION,UNAUTHORISED,USER CLAIMS ACCOUNT WAS COMPROMISED BEFORE TRANSACTION.,PENDING_BANK,HIGH,CHATBOT
CBK0002323,,False,USR71935,True,MCH3538,False,2026-02-07 00:00:00,2026-03-09 06:02:09,2026-03-16 00:00:00,True,30.0,2538.09,False,False,UNAUTHORIZED_TRANSACTION,unauthorized_transaction,Suspicious high-value payment disputed by customer. call dropped,IN_PROGRESS,LOW,EMAIL
CBK0001691,TXN00010383,True,USR15365,True,MCH4695,True,2026-02-12 00:00:00,2026-02-22 12:37:00,2026-02-28 00:00:00,True,10.0,4163.19,False,False,SERVICE_NOT_DELIVERED,Merchant Not Delivered,Customer says amount was debited twice.,REJECTED,LOW,IVR
CBK0002723,TXN00017184,True,USR90661,False,MCH2507,False,2026-03-11 00:00:00,2026-03-13 12:43:00,2026-04-02 12:43:00,True,2.0,3231.22,False,False,DUPLICATE_DEBIT,double debit,Customer says transaction was not authorized.,REJECTED,MEDIUM,IVR
CBK0000587,TXN00007285,True,USR87500,False,MCH1569,True,,2026-02-01 08:40:00,2026-02-21 00:00:00,True,,4196.87,False,False,DUPLICATE_DEBIT,double debit,User says UPI PIN was not entered by them.,RESOLVED,HIGH,CHATBOT
CBK0001026,TXN00009371,True,USR52820,True,MCH8391,True,2026-01-02 00:00:00,2026-01-03 00:00:00,2026-01-25 00:00:00,True,1.0,,False,True,FRAUD_SUSPECTED,fraud,Suspicious high-value payment disputed by customer.,IN_PROGRESS,CRITICAL,IVR
CBK0000797,TXN00010208,True,USR84323,False,MCH2140,False,2026-02-23 00:00:00,2026-02-25 00:00:00,2026-03-12 00:00:00,True,2.0,687.82,False,False,SERVICE_NOT_DELIVERED,item not received,User says UPI PIN was not entered by them.,IN_PROGRESS,LOW,IVR
CBK0002035,,False,USR74657,True,MCH1497,True,2026-01-25 00:00:00,2026-01-27 00:00:00,,True,2.0,,False,True,GENERAL_DISPUTE,Customer Dispute,CUSTOMER COMPLAINT TEXT UNCLEAR DUE TO POOR CALL CENTER NOTES.,IN_PROGRESS,LOW,CHATBOT
CBK0000676,TXN00010013,True,USR25470,True,MCH9984,True,2026-03-24 17:08:02,2026-03-24 00:00:00,2026-04-15 00:00:00,False,,314.65,False,False,SERVICE_NOT_DELIVERED,not delivered,Customer says transaction was not authorized.,IN_PROGRESS,HIGH,IVR
CBK0001459,TXN00007662,True,USR87831,True,MCH6142,False,2026-02-17 00:00:00,2026-02-18 00:00:00,2026-03-01 00:00:00,True,1.0,4479.85,False,False,FRAUD_SUSPECTED,scam,Merchant service was not delivered after payment.,OPEN,MEDIUM,IVR
CBK0000237,TXN00009246,True,USR24926,True,MCH2943,True,,2026-04-12 00:00:00,2026-05-02 00:00:00,True,,1644.04,False,False,SERVICE_NOT_DELIVERED,delivery issue,Suspicious high-value payment disputed by customer.,PENDING_BANK,LOW,CHATBOT
CBK0000595,TXN00004517,True,USR57955,False,MCH8710,False,2026-02-22 00:00:00,2026-02-23 00:00:00,2026-02-24 00:00:00,True,1.0,676.55,False,False,GENERAL_DISPUTE,no service,Suspicious high-value payment disputed by customer.,PENDING_BANK,LOW,IVR
CBK0002344,TXN00018840,True,USR45486,False,MCH8357,False,2026-02-20 00:00:00,2026-02-26 00:00:00,2026-03-04 00:00:00,True,6.0,1901.24,False,False,DUPLICATE_DEBIT,charged twice,complaint received after multiple failed attempts.,CLOSED,HIGH,BRANCH
CBK0001299,TXN00006246,True,USR98736,False,MCH5076,False,,2026-02-09 00:00:00,,True,,1584.81,False,False,DUPLICATE_DEBIT,charged twice,Complaint received after multiple failed attempts.,IN_PROGRESS,MEDIUM,BRANCH
CBK0000774,TXN00000794,True,USR78569,False,MCH4590,False,2026-03-03 00:00:00,2026-03-05 00:00:00,2026-04-04 10:25:44,True,2.0,124.85,False,False,SERVICE_NOT_DELIVERED,delivery issue,Suspicious high-value payment disputed by customer.,OPEN,MEDIUM,IVR
CBK0002779,TXN00001284,True,USR62254,True,MCH5430,True,2026-01-04 00:00:00,2026-01-06 22:17:15,,True,2.0,141.27,False,False,ACCOUNT_TAKEOVER,Account Takeover,User claims account was compromised before transaction.,CLOSED,MEDIUM,APP
CBK0001954,TXN00012046,True,USR82369,False,MCH6344,False,2026-03-03 16:22:00,2026-03-06 06:22:00,2026-03-12 06:22:00,True,2.0,2431.27,False,False,AMOUNT_MISMATCH,extra amount deducted,Customer complaint text unclear due to poor call center notes.,IN_PROGRESS,MEDIUM,IVR
CBK0001697,TXN00015694,True,USR50776,False,MCH2822,False,2026-02-07 23:39:00,2026-02-09 21:39:04,2026-02-14 00:00:00,True,1.0,2581.01,False,False,SERVICE_NOT_DELIVERED,item not received,merchant service was not delivered after payment.,OPEN,LOW,IVR
CBK0002305,TXN00008366,True,USR55382,False,MCH4721,False,,2026-03-04 00:00:00,,True,,1671.34,False,False,FRAUD_SUSPECTED,scam,Suspicious high-value payment disputed by customer.,CLOSED,HIGH,APP
CBK0000206,TXN00019710,True,USR39190,False,MCH6651,True,,2026-01-25 16:01:33,2026-02-01 16:01:33,True,,739.61,False,False,GENERAL_DISPUTE,no service,Payment made to unknown merchant as per customer statement.,CLOSED,HIGH,APP
CBK0001744,TXN00009167,True,USR70912,True,MCH1602,False,2026-02-23 00:00:00,2026-02-24 14:21:00,,True,1.0,286.26,False,False,GENERAL_DISPUTE,no service,Complaint received after multiple failed attempts. pls check asap,CLOSED,MEDIUM,CHATBOT
CBK0000128,TXN00012176,True,USR84571,False,MCH5742,False,2026-03-26 00:00:00,2026-04-05 23:32:00,,True,10.0,4272.46,False,False,SERVICE_NOT_DELIVERED,Merchant Not Delivered,user says upi pin was not entered by them.,RESOLVED,LOW,CALL_CENTER
CBK0001316,TXN00007966,True,USR52956,False,MCH2383,True,2026-03-29 21:07:00,2026-03-30 00:00:00,,True,0.0,4920.19,False,False,UNAUTHORIZED_TRANSACTION,Unauthorized Transaction,customer says transaction was not authorized.,REJECTED,CRITICAL,IVR
CBK0002296,TXN00004293,True,USR72591,False,MCH3992,False,2026-01-05 00:00:00,2026-01-08 00:00:00,2026-01-14 00:00:00,True,3.0,830.77,False,False,SERVICE_NOT_DELIVERED,item not received,Complaint received after multiple failed attempts.,CLOSED,MEDIUM,BRANCH
CBK0002062,TXN00005459,True,USR97255,True,MCH5730,False,2026-02-01 00:00:00,,,True,,10125.57,False,False,GENERAL_DISPUTE,dispute raised,Complaint received after multiple failed attempts.,IN_PROGRESS,MEDIUM,IVR
CBK0001537,TXN00001929,True,USR74377,False,MCH4082,True,,2026-01-26 14:10:44,2026-02-19 00:00:00,True,,1412.21,False,False,GENERAL_DISPUTE,dispute raised,Merchant service was not delivered after payment.,IN_PROGRESS,LOW,APP
CBK0000983,TXN00059214,False,USR51720,False,MCH6740,False,2026-03-02 00:00:00,2026-03-03 21:54:00,,True,1.0,2012.0,False,False,GENERAL_DISPUTE,complaint,complaint received after multiple failed attempts.,PENDING_BANK,MEDIUM,APP
CBK0002273,TXN00013117,True,USR27533,True,MCH4185,True,2026-02-28 00:00:00,2026-03-06 00:00:00,2026-03-06 00:00:00,True,6.0,355.32,False,False,UNAUTHORIZED_TRANSACTION,UNAUTHORISED,User reports money deducted but merchant denies receiving payment.,OPEN,CRITICAL,APP
CBK0000522,TXN00009019,True,USR81185,False,MCH2065,False,2026-01-07 00:00:00,2026-01-11 02:56:13,2026-02-08 02:56:13,True,4.0,2738.39,False,False,SERVICE_NOT_DELIVERED,not delivered,Suspicious high-value payment disputed by customer. call dropped,CLOSED,MEDIUM,APP
CBK0002162,TXN00001120,True,USR94046,True,MCH9160,True,2026-01-27 00:00:00,2026-01-28 00:00:00,,True,1.0,8008.29,False,False,UNAUTHORIZED_TRANSACTION,UNAUTHORISED,Merchant service was not delivered after payment.,REJECTED,LOW,CALL_CENTER
CBK0002626,TXN00013045,True,USR87914,False,MCH6675,True,2026-01-24 23:00:10,,2026-02-21 00:00:00,True,,1342.39,False,False,SERVICE_NOT_DELIVERED,delivery issue,Merchant service was not delivered after payment.,REJECTED,LOW,IVR
CBK0000257,TXN00015440,True,USR53356,True,MCH6943,True,2026-01-11 00:00:00,2026-01-13 00:00:00,2026-01-29 00:00:00,True,2.0,,False,True,AMOUNT_MISMATCH,Wrong Amount,Merchant service was not delivered after payment. pls check asap,OPEN,MEDIUM,IVR
CBK0000598,TXN00012035,True,USR93286,False,MCH1314,True,2026-02-13 00:00:00,2026-02-14 09:58:00,2026-03-15 09:58:00,True,1.0,1897.14,False,False,FRAUD_SUSPECTED,scam,User claims account was compromised before transaction.,OPEN,MEDIUM,IVR
CBK0002739,TXN00017191,True,USR70236,False,MCH4655,False,,,,True,,2345.0,False,False,ACCOUNT_TAKEOVER,login compromised,customer says amount was debited twice.,IN_PROGRESS,LOW,CHATBOT
CBK0002426,,False,USR83808,False,MCH8011,False,2026-03-30 00:00:00,2026-03-31 00:00:00,,True,1.0,540.94,False,False,GENERAL_DISPUTE,no service,Customer says transaction was not authorized.,PENDING_BANK,MEDIUM,IVR
CBK0001182,TXN00014058,True,USR96058,True,MCH5980,True,2026-01-09 00:00:00,2026-01-19 00:00:00,,True,10.0,581.96,False,False,GENERAL_DISPUTE,DUP_DEBIT,User reports money deducted but merchant denies receiving payment.,OPEN,CRITICAL,IVR
CBK0002183,TXN00014087,True,USR46806,False,MCH4485,True,2026-03-04 13:46:36,2026-03-19 00:00:00,,True,14.0,4901.36,False,False,DUPLICATE_DEBIT,charged twice,customer complaint text unclear due to poor call center notes.,REJECTED,LOW,CALL_CENTER
CBK0000396,TXN00016780,True,USR34997,False,MCH1351,False,,2026-01-14 00:00:00,2026-02-12 12:04:00,True,,1017.31,False,False,ACCOUNT_TAKEOVER,account hacked,User claims account was compromised before transaction. details missing,OPEN,LOW,CALL_CENTER
CBK0002371,TXN00007628,True,USR28839,False,MCH5264,False,2026-02-03 00:00:00,2026-02-09 00:00:00,2026-02-10 00:00:00,True,6.0,3211.77,False,False,ACCOUNT_TAKEOVER,login compromised,Customer complaint text unclear due to poor call center notes.,RESOLVED,LOW,CHATBOT
CBK0000804,TXN00000677,True,USR35395,True,MCH8348,False,2026-01-22 00:00:00,2026-01-22 00:00:00,2026-02-17 10:58:31,True,0.0,2773.41,False,False,FRAUD_SUSPECTED,fraud,User claims account was compromised before transaction.,REJECTED,LOW,APP
CBK0001112,TXN00013744,True,USR34212,False,MCH5076,False,,2026-04-02 00:00:00,,True,,1223.91,False,False,UNAUTHORIZED_TRANSACTION,UNAUTHORISED,Customer says transaction was not authorized.,CLOSED,HIGH,CALL_CENTER
CBK0000053,TXN00017140,True,USR93610,False,MCH8296,True,2026-01-12 00:00:00,2026-01-12 11:37:03,,True,0.0,589.03,False,False,ACCOUNT_TAKEOVER,login compromised,User claims account was compromised before transaction.,CLOSED,MEDIUM,APP
CBK0002604,TXN00015102,True,USR10831,False,MCH8980,True,2026-03-22 00:00:00,2026-03-23 20:33:00,,True,1.0,1038.0,False,False,FRAUD_SUSPECTED,FRAUD,User says UPI PIN was not entered by them.,OPEN,MEDIUM,IVR
CBK0001984,TXN00006529,True,USR67661,False,MCH7003,True,2026-01-26 00:00:00,2026-02-01 00:00:00,2026-02-18 03:01:00,True,6.0,5747.29,False,False,UNAUTHORIZED_TRANSACTION,unauthorized_transaction,customer says transaction was not authorized.,PENDING_BANK,LOW,CHATBOT
CBK0001246,TXN00007847,True,USR79175,False,MCH4181,False,2026-03-29 17:35:00,2026-04-14 00:00:00,2026-05-14 11:35:52,True,15.0,,False,True,AMOUNT_MISMATCH,extra amount deducted,customer says amount was debited twice.,OPEN,HIGH,CHATBOT
CBK0001124,TXN00018122,True,USR11419,False,MCH9594,True,,2026-05-03 00:00:00,2026-05-27 02:01:00,True,,5694.69,False,False,GENERAL_DISPUTE,DUP_DEBIT,Complaint received after multiple failed attempts.,PENDING_BANK,MEDIUM,APP
CBK0001317,TXN00016188,True,USR28015,False,MCH2822,False,2026-01-23 00:00:00,2026-01-30 11:51:00,2026-02-02 00:00:00,True,7.0,1305.41,False,False,SERVICE_NOT_DELIVERED,merchant service issue,user claims account was compromised before transaction.,PENDING_BANK,HIGH,CALL_CENTER
CBK0002614,TXN00006336,True,USR70866,True,MCH8906,False,2026-02-14 00:00:00,2026-02-18 05:26:57,2026-02-22 00:00:00,True,4.0,846.13,False,False,AMOUNT_MISMATCH,Wrong Amount,user reports money deducted but merchant denies receiving payment.,OPEN,MEDIUM,CHATBOT
CBK0002164,TXN00001135,True,USR53527,False,MCH5076,False,2026-02-07 00:00:00,2026-02-22 00:00:00,,True,15.0,2731.02,False,False,ACCOUNT_TAKEOVER,Account Takeover,Payment made to unknown merchant as per customer statement.,CLOSED,HIGH,CHATBOT
CBK0001777,TXN00006951,True,USR81327,True,MCH9661,True,2026-02-02 07:12:00,2026-02-05 07:12:00,2026-03-06 07:12:00,True,3.0,3359.61,False,False,ACCOUNT_TAKEOVER,Account Takeover,Customer says transaction was not authorized.,REJECTED,MEDIUM,IVR
CBK0000616,TXN00006990,True,USR38951,False,MCH8779,True,2026-03-10 00:00:00,2026-03-09 11:42:44,2026-03-28 11:42:00,False,,1208.16,False,False,AMOUNT_MISMATCH,amount mismatch,User says UPI PIN was not entered by them.,REJECTED,MEDIUM,APP
CBK0000385,TXN00014076,True,USR11828,True,MCH8154,True,2026-01-23 13:23:28,2026-01-26 22:23:00,2026-02-08 00:00:00,True,3.0,1915.56,False,False,AMOUNT_MISMATCH,extra amount deducted,Complaint received after multiple failed attempts.,OPEN,LOW,IVR
CBK0002097,TXN00065627,False,USR14083,False,MCH5177,False,,2026-02-13 00:00:00,2026-03-14 08:43:00,True,,3428.7,True,False,GENERAL_DISPUTE,Customer Dispute,Complaint received after multiple failed attempts.,REJECTED,HIGH,CHATBOT
CBK0001900,TXN00012829,True,USR86138,False,MCH3815,False,2026-03-20 18:15:11,2026-04-05 07:15:11,2026-05-05 07:15:11,True,15.0,4506.23,False,False,DUPLICATE_DEBIT,Duplicate Debit,User reports money deducted but merchant denies receiving payment.,RESOLVED,HIGH,CHATBOT
CBK0001029,TXN00007595,True,USR85146,False,MCH5954,True,,2026-04-03 06:18:10,,True,,1638.0,False,False,DUPLICATE_DEBIT,double debit,User claims account was compromised before txn.,OPEN,MEDIUM,CHATBOT
CBK0001052,TXN00015908,True,USR77900,True,MCH5264,False,2026-01-21 00:00:00,2026-01-31 09:49:28,,True,10.0,540.0,False,False,GENERAL_DISPUTE,dispute raised,Customer says amount was debited twice.,PENDING_BANK,MEDIUM,BRANCH
CBK0000908,TXN00002368,True,USR71714,False,MCH9717,False,2026-02-22 00:00:00,2026-02-23 00:00:00,2026-03-07 19:24:52,True,1.0,4581.54,False,False,SERVICE_NOT_DELIVERED,item not received,Customer complaint text unclear due to poor call center notes.,IN_PROGRESS,LOW,CHATBOT
CBK0000272,TXN00011208,True,USR31719,False,MCH5754,False,2026-01-28 00:00:00,,2026-02-07 00:00:00,True,,729.47,False,False,ACCOUNT_TAKEOVER,login compromised,User claims account was compromised before transaction.,RESOLVED,HIGH,IVR
CBK0001049,TXN00019810,True,USR21832,False,MCH3020,False,,,2026-04-17 00:00:00,True,,2801.1,False,False,UNAUTHORIZED_TRANSACTION,not done by me,Payment made to unknown merchant as per customer statement.,RESOLVED,HIGH,EMAIL
CBK0000221,TXN00004354,True,USR82244,False,MCH2757,True,2026-03-03 18:42:43,2026-03-06 00:00:00,2026-03-22 00:00:00,True,2.0,1370.0,False,False,DUPLICATE_DEBIT,double debit,COMPLAINT RECEIVED AFTER MULTIPLE FAILED ATTEMPTS.,IN_PROGRESS,MEDIUM,IVR
CBK0001615,TXN00001397,True,USR23350,False,MCH9727,False,2026-02-06 00:00:00,2026-02-09 00:00:00,2026-02-20 00:00:00,True,3.0,2972.0,False,False,GENERAL_DISPUTE,customer issue,User claims account was compromised before transaction.,IN_PROGRESS,HIGH,EMAIL
CBK0002732,TXN00007712,True,USR86991,False,MCH7765,True,2026-02-01 00:00:00,2026-02-04 17:09:00,2026-02-12 17:09:22,True,3.0,1151.15,True,False,SERVICE_NOT_DELIVERED,service failed,Customer says transaction was not authorized.,IN_PROGRESS,MEDIUM,APP
CBK0000571,TXN00018357,True,USR74628,False,MCH4473,False,2026-02-08 02:15:15,2026-02-10 05:15:00,2026-03-04 00:00:00,True,2.0,13142.13,False,False,SERVICE_NOT_DELIVERED,Service Not Provided,Payment made to unknown merchant as per customer statement.,IN_PROGRESS,MEDIUM,IVR
CBK0001992,TXN00012094,True,USR97149,False,MCH2503,True,2026-02-11 20:34:00,2026-02-12 00:00:00,,True,0.0,878.0,False,False,ACCOUNT_TAKEOVER,ATO,User reports money deducted but merchant denies receiving payment.,REJECTED,LOW,IVR
CBK0002152,TXN00005346,True,USR43944,False,MCH6429,True,2026-03-05 00:00:00,2026-03-07 00:00:00,2026-03-28 00:00:00,True,2.0,3376.98,False,False,SERVICE_NOT_DELIVERED,item not received,User reports money deducted but merchant denies receiving payment.,OPEN,LOW,EMAIL
CBK0002386,TXN00014331,True,USR72448,True,MCH7602,False,2026-01-20 00:00:00,2026-02-04 00:00:00,2026-02-06 00:00:00,True,15.0,678.63,True,False,ACCOUNT_TAKEOVER,ATO,Suspicious high-value payment disputed by customer.,OPEN,HIGH,CALL_CENTER
CBK0000126,TXN00009782,True,USR75241,False,MCH8503,False,2026-03-22 00:00:00,2026-04-06 19:49:00,2026-04-20 00:00:00,True,15.0,718.61,False,False,AMOUNT_MISMATCH,amount mismatch,Customer says transaction was not authorized.,RESOLVED,MEDIUM,IVR
CBK0000552,TXN00001358,True,USR59496,False,MCH5588,True,2026-01-21 00:00:00,2026-01-23 00:00:00,2026-02-02 00:00:00,True,2.0,6742.91,False,False,SERVICE_NOT_DELIVERED,service failed,Suspicious high-value payment disputed by customer.,IN_PROGRESS,CRITICAL,BRANCH
CBK0002681,TXN00008227,True,USR87558,False,MCH3815,False,2026-01-07 00:00:00,2026-01-10 12:14:00,2026-01-10 00:00:00,False,,2758.76,False,False,GENERAL_DISPUTE,complaint,Complaint received after multiple failed attempts.,REJECTED,HIGH,EMAIL
CBK0001091,TXN00003670,True,USR12026,True,MCH4593,True,2026-01-07 00:00:00,2026-02-06 00:00:00,2026-03-02 00:00:00,True,30.0,2583.29,False,False,DUPLICATE_DEBIT,double debit,Customer says transaction was not authorized.,REJECTED,LOW,EMAIL
CBK0000174,TXN00013432,True,USR44848,False,MCH4003,False,2026-01-28 00:00:00,2026-01-28 00:00:00,,True,0.0,616.19,False,False,GENERAL_DISPUTE,Customer Dispute,User says UPI PIN was not entered by them.,REJECTED,LOW,BRANCH
CBK0000949,,False,USR50783,False,MCH9233,False,2026-01-14 00:00:00,2026-01-25 01:55:00,,True,11.0,7400.39,False,False,SERVICE_NOT_DELIVERED,delivery issue,Suspicious high-value payment disputed by customer.,IN_PROGRESS,MEDIUM,IVR
CBK0000519,TXN00010998,True,USR69938,False,MCH7992,True,2026-01-29 23:14:08,,2026-02-04 00:00:00,True,,1567.73,False,False,UNAUTHORIZED_TRANSACTION,UNAUTHORISED,Merchant service was not delivered after payment.,IN_PROGRESS,LOW,CHATBOT
CBK0000645,TXN00016469,True,USR59482,True,MCH1792,True,2026-03-13 13:03:25,,,True,,12115.08,False,False,AMOUNT_MISMATCH,extra amount deducted,Customer says transaction was not authorized.,PENDING_BANK,CRITICAL,CHATBOT
CBK0000063,TXN00017905,True,USR73461,False,MCH3216,True,2026-01-30 00:00:00,2026-01-30 00:00:00,2026-02-02 00:00:00,True,0.0,2185.09,False,False,GENERAL_DISPUTE,dispute raised,Customer says transaction was not authorized.,RESOLVED,LOW,CHATBOT
CBK0001394,TXN00009340,True,USR39542,False,MCH1320,True,2026-02-18 13:01:11,2026-02-23 00:00:00,,True,4.0,1180.9,False,False,DUPLICATE_DEBIT,Duplicate Debit,User reports money deducted but merchant denies receiving payment.,OPEN,CRITICAL,CHATBOT
CBK0001496,TXN00012480,True,USR39700,True,MCH9284,False,2026-02-09 02:52:00,2026-02-19 00:00:00,2026-02-20 00:00:00,True,9.0,2178.0,False,False,FRAUD_SUSPECTED,Fraud Suspected,Payment made to unknown merchant as per customer statement.,CLOSED,HIGH,CALL_CENTER
CBK0002246,TXN00009997,True,USR96095,False,MCH6849,False,2026-03-28 00:00:00,2026-04-03 00:00:00,2026-04-14 12:51:03,True,6.0,,False,True,SERVICE_NOT_DELIVERED,Merchant Not Delivered,Merchant service was not delivered after payment.,REJECTED,MEDIUM,CHATBOT
CBK0001245,TXN00014601,True,USR50737,True,MCH1920,False,2026-03-17 00:00:00,2026-03-27 20:30:00,2026-04-20 00:00:00,True,10.0,689.0,False,False,GENERAL_DISPUTE,customer issue,Payment made to unknown merchant as per customer statement.,PENDING_BANK,LOW,IVR
CBK0000329,TXN00014927,True,USR30489,False,MCH4948,True,2026-01-29 17:56:00,2026-03-16 00:00:00,2026-04-08 00:00:00,True,45.0,,False,True,FRAUD_SUSPECTED,Fraud Suspected,Suspicious high-value payment disputed by customer.,OPEN,MEDIUM,APP
CBK0001974,TXN00002369,True,USR83393,True,MCH3463,False,2026-03-30 17:27:58,2026-04-01 15:27:58,2026-04-20 00:00:00,True,1.0,1718.0,False,False,GENERAL_DISPUTE,customer issue,Customer says transaction was not authorized.,IN_PROGRESS,LOW,BRANCH
CBK0002363,TXN00002125,True,USR78593,False,MCH2757,True,2026-03-04 00:00:00,2026-03-07 00:00:00,2026-03-22 00:00:00,True,3.0,2711.0,False,False,ACCOUNT_TAKEOVER,ATO,Payment made to unknown merchant as per customer statement.,CLOSED,LOW,BRANCH
CBK0001357,TXN00015990,True,USR49195,False,MCH1203,False,2026-01-08 00:00:00,2026-01-23 03:20:00,2026-02-01 00:00:00,True,15.0,1640.31,True,False,ACCOUNT_TAKEOVER,Account Takeover,Payment made to unknown merchant as per customer statement.,OPEN,CRITICAL,APP
CBK0002677,TXN00009096,True,USR31537,False,MCH8779,True,2026-02-27 00:00:00,2026-02-28 00:00:00,2026-03-10 08:17:01,True,1.0,6781.52,True,False,AMOUNT_MISMATCH,incorrect amount,Suspicious high-value payment disputed by cust.,PENDING_BANK,MEDIUM,BRANCH
CBK0000586,TXN00007590,True,USR26821,True,MCH8953,True,2026-03-11 00:00:00,,2026-04-02 02:24:43,True,,1023.96,False,False,GENERAL_DISPUTE,Customer Dispute,Complaint received after multiple failed attempts. call dropped,REJECTED,LOW,CALL_CENTER
CBK0000776,TXN00010920,True,USR19006,False,MCH4590,False,2026-03-12 23:55:00,2026-03-13 02:55:07,,True,0.0,5019.03,False,False,UNAUTHORIZED_TRANSACTION,unauthorized_transaction,complaint received after multiple failed attempts.,PENDING_BANK,MEDIUM,IVR
CBK0000873,TXN00002853,True,USR33226,False,MCH2822,False,2026-02-13 11:31:49,2026-02-20 00:00:00,2026-02-26 12:31:49,True,6.0,1650.21,False,False,SERVICE_NOT_DELIVERED,delivery issue,Complaint received after multiple failed attempts.,OPEN,MEDIUM,EMAIL
CBK0000358,TXN00015992,True,USR12248,False,MCH1013,False,2026-02-28 00:00:00,2026-03-10 00:00:00,2026-03-10 00:00:00,True,10.0,6937.41,False,False,ACCOUNT_TAKEOVER,login compromised,User says UPI PIN was not entered by them. NA,REJECTED,HIGH,BRANCH
CBK0002265,TXN00008431,True,USR11987,True,MCH5922,False,,2026-02-07 23:51:35,2026-03-09 23:51:00,True,,1831.96,False,False,AMOUNT_MISMATCH,amount mismatch,Customer says transaction was not authorized.,REJECTED,MEDIUM,CHATBOT
CBK0001115,TXN00018481,True,USR96362,False,MCH8953,True,2026-01-31 00:00:00,2026-02-03 00:00:00,2026-02-05 00:00:00,True,3.0,776.76,False,False,SERVICE_NOT_DELIVERED,delivery issue,MERCHANT SERVICE WAS NOT DELIVERED AFTER PAYMENT.,REJECTED,MEDIUM,IVR
CBK0000323,TXN00019162,True,USR85655,False,MCH7346,False,2026-03-03 02:18:00,2026-03-03 10:18:01,,True,0.0,2538.07,False,False,DUPLICATE_DEBIT,charged twice,USER SAYS UPI PIN WAS NOT ENTERED BY THEM.,PENDING_BANK,LOW,BRANCH
CBK0000234,TXN00001948,True,USR69297,True,MCH8977,False,2026-03-29 04:03:44,2026-03-30 00:00:00,2026-04-25 00:00:00,True,0.0,8296.18,False,False,AMOUNT_MISMATCH,Wrong Amount,Suspicious high-value payment disputed by customer.,RESOLVED,LOW,IVR
CBK0001576,TXN00012979,True,USR85329,False,MCH1945,False,2026-01-07 00:00:00,2026-01-07 10:12:22,2026-01-08 00:00:00,True,0.0,21185.86,False,False,FRAUD_SUSPECTED,FRAUD,Complaint received after multiple failed attempts.,CLOSED,LOW,CHATBOT
CBK0002169,TXN00011212,True,USR87637,False,MCH5655,False,2026-01-25 00:00:00,2026-01-28 23:45:00,,True,3.0,,False,True,AMOUNT_MISMATCH,Wrong Amount,User says UPI PIN was not entered by them.,REJECTED,MEDIUM,BRANCH
CBK0000803,,False,USR28353,False,MCH9017,False,2026-01-28 20:41:02,2026-02-13 00:00:00,2026-02-23 00:00:00,True,15.0,6400.05,False,False,SERVICE_NOT_DELIVERED,Merchant Not Delivered,Complaint received after multiple failed attempts. pls check asap,RESOLVED,HIGH,IVR
CBK0001770,TXN00001025,True,USR97417,False,MCH7480,False,2026-02-24 23:35:00,2026-03-07 00:00:00,,True,10.0,5150.06,False,False,SERVICE_NOT_DELIVERED,delivery issue,Complaint received after multiple failed attempts.,CLOSED,MEDIUM,IVR
CBK0000956,TXN00001028,True,USR76271,True,MCH9801,True,2026-03-30 00:00:00,2026-04-15 11:18:00,2026-04-26 00:00:00,True,16.0,,False,True,SERVICE_NOT_DELIVERED,delivery issue,User claims account was compromised before transaction.,OPEN,MEDIUM,BRANCH
CBK0001559,TXN00003513,True,USR15980,False,MCH9291,True,2026-03-13 00:00:00,2026-03-13 00:00:00,2026-04-05 00:00:00,True,0.0,754.13,False,False,SERVICE_NOT_DELIVERED,merchant service issue,User says UPI PIN was not entered by them.,RESOLVED,MEDIUM,CHATBOT
CBK0002745,TXN00003727,True,USR54113,False,MCH7888,False,2026-03-12 20:17:03,2026-03-18 00:00:00,2026-03-29 11:17:03,True,5.0,1284.94,False,False,AMOUNT_MISMATCH,Wrong Amount,Payment made to unknown merchant as per customer statement.,REJECTED,MEDIUM,IVR
CBK0002455,TXN00001275,True,USR69706,True,MCH5076,False,2026-01-20 00:00:00,2026-01-23 00:00:00,2026-02-17 00:00:00,True,3.0,2210.2,False,False,DUPLICATE_DEBIT,Duplicate Debit,CUSTOMER SAYS AMOUNT WAS DEBITED TWICE.,RESOLVED,LOW,IVR
CBK0000925,TXN00001097,True,USR67142,False,MCH4883,False,2026-02-14 15:47:00,2026-02-18 01:47:00,,True,3.0,4816.91,False,False,SERVICE_NOT_DELIVERED,merchant service issue,Merchant service was not delivered after payment.,RESOLVED,MEDIUM,IVR
CBK0002531,TXN00018059,True,USR46902,True,MCH1737,False,2026-03-06 00:00:00,2026-03-12 00:00:00,,True,6.0,,False,True,UNAUTHORIZED_TRANSACTION,UNAUTHORISED,Payment made to unknown merchant as per customer statement.,REJECTED,MEDIUM,CHATBOT
CBK0001365,TXN00011080,True,USR44053,False,MCH1613,False,2026-02-10 00:00:00,2026-02-17 00:00:00,2026-02-20 16:56:29,True,7.0,1709.82,False,False,SERVICE_NOT_DELIVERED,merchant service issue,User reports money deducted but merchant denies receiving payment. details missing,REJECTED,MEDIUM,APP
CBK0000254,TXN00005010,True,USR40538,False,MCH5940,False,,2026-03-08 00:00:00,2026-03-28 00:00:00,True,,1290.35,False,False,ACCOUNT_TAKEOVER,ATO,User claims account was compromised before transaction.,OPEN,MEDIUM,APP
CBK0000919,TXN00004956,True,USR26890,True,MCH9891,False,2026-03-15 09:36:34,2026-03-18 00:00:00,2026-03-22 19:36:34,True,2.0,1752.77,False,False,FRAUD_SUSPECTED,suspicious transaction,merchant service was not delivered after payment.,REJECTED,MEDIUM,IVR
CBK0002474,TXN00014618,True,USR24726,True,MCH2638,False,2026-02-18 00:00:00,2026-02-20 05:43:41,2026-03-07 00:00:00,True,2.0,1047.67,False,False,UNAUTHORIZED_TRANSACTION,UNAUTHORISED,Suspicious high-value payment disputed by customer.,REJECTED,MEDIUM,BRANCH
CBK0002776,TXN00013127,True,USR40874,True,MCH5212,False,2026-03-19 00:00:00,2026-03-21 14:17:37,,True,2.0,1935.98,False,False,ACCOUNT_TAKEOVER,ATO,Customer says transaction was not authorized.,OPEN,HIGH,CHATBOT
CBK0001195,TXN00001271,True,USR48486,False,MCH5327,False,2026-01-21 00:00:00,2026-01-23 00:00:00,2026-02-19 00:00:00,True,2.0,1190.0,False,False,SERVICE_NOT_DELIVERED,item not received,Merchant service was not delivered after payment.,PENDING_BANK,HIGH,CALL_CENTER
CBK0002506,TXN00002955,True,USR68934,False,MCH7020,True,2026-03-28 00:00:00,2026-04-28 00:00:00,,True,31.0,4857.63,False,False,UNAUTHORIZED_TRANSACTION,Unauthorized Transaction,Suspicious high-value payment disputed by customer.,RESOLVED,LOW,IVR
CBK0000832,TXN00014106,True,USR26145,False,MCH1012,False,2026-01-21 23:25:00,2026-01-31 23:25:00,2026-02-27 00:00:00,True,10.0,1547.17,False,False,UNAUTHORIZED_TRANSACTION,UNAUTHORISED,Complaint received after multiple failed attempts.,OPEN,LOW,CALL_CENTER
CBK0000564,TXN00005945,True,USR21384,False,MCH1809,True,2026-02-03 00:00:00,2026-02-04 00:00:00,2026-02-04 00:00:00,True,1.0,848.15,False,False,SERVICE_NOT_DELIVERED,delivery issue,User reports money deducted but merchant denies receiving payment.,IN_PROGRESS,HIGH,EMAIL
CBK0000744,TXN00001703,True,USR53423,True,MCH6565,True,2026-01-05 14:34:29,,2026-01-19 00:00:00,True,,2240.0,False,False,GENERAL_DISPUTE,DUP_DEBIT,User says UPI PIN was not entered by them.,RESOLVED,MEDIUM,EMAIL
CBK0001649,TXN00018989,True,USR90653,False,MCH2436,True,2026-03-30 02:11:00,2026-04-02 00:00:00,,True,2.0,2703.0,False,False,DUPLICATE_DEBIT,double debit,Merchant service was not delivered after payment.,PENDING_BANK,HIGH,CHATBOT
CBK0000455,TXN00012649,True,USR42432,False,MCH9748,False,,2026-02-25 00:00:00,2026-03-11 21:41:19,True,,2202.7,False,False,ACCOUNT_TAKEOVER,Account Takeover,Merchant service was not delivered after payment.,IN_PROGRESS,HIGH,CHATBOT
CBK0000302,TXN00016585,True,USR38429,False,MCH2943,True,2026-03-17 00:00:00,,2026-03-18 00:00:00,True,,,False,True,DUPLICATE_DEBIT,double debit,complaint received after multiple failed attempts.,PENDING_BANK,MEDIUM,CALL_CENTER
CBK0002738,TXN00000947,True,USR89588,False,MCH2960,True,2026-02-13 08:30:44,2026-02-13 11:30:44,2026-02-18 11:30:44,True,0.0,2075.0,False,False,UNAUTHORIZED_TRANSACTION,not done by me,Customer says amount was debited twice.,RESOLVED,MEDIUM,EMAIL
CBK0000153,TXN00000546,True,USR92746,True,MCH7824,False,2026-03-01 00:00:00,2026-03-03 19:44:09,2026-03-03 19:44:00,False,,,False,True,SERVICE_NOT_DELIVERED,not delivered,Suspicious high-value payment disputed by customer.,CLOSED,MEDIUM,IVR
CBK0000304,TXN00013266,True,USR84318,False,MCH5916,False,2026-02-22 00:00:00,2026-02-28 00:00:00,2026-03-08 00:00:00,True,6.0,6391.92,False,False,SERVICE_NOT_DELIVERED,merchant service issue,Complaint received after multiple failed attempts.,PENDING_BANK,HIGH,EMAIL
CBK0000114,TXN00002182,True,USR85475,False,MCH8779,True,2026-02-08 13:27:52,2026-02-09 13:27:52,2026-02-28 00:00:00,True,1.0,,False,True,AMOUNT_MISMATCH,amount mismatch,user says upi pin was not entered by them.,RESOLVED,LOW,EMAIL
CBK0001506,TXN00002381,True,USR81570,False,MCH3815,False,2026-02-04 00:00:00,2026-02-07 00:00:00,,True,3.0,3182.0,False,False,ACCOUNT_TAKEOVER,Account Takeover,Customer says transaction was not authorized.,IN_PROGRESS,MEDIUM,CHATBOT
CBK0000588,TXN00003990,True,USR48652,False,MCH5552,False,2026-02-13 00:00:00,2026-02-19 00:00:00,2026-02-26 00:00:00,True,6.0,702.0,False,False,SERVICE_NOT_DELIVERED,delivery issue,Customer complaint text unclear due to poor call center notes.,REJECTED,LOW,APP
CBK0000857,TXN00018599,True,USR52095,False,MCH3652,True,2026-03-19 00:00:00,2026-03-25 04:34:33,,True,6.0,576.0,False,False,GENERAL_DISPUTE,customer issue,User claims account was compromised before transaction.,CLOSED,MEDIUM,EMAIL
CBK0002327,TXN00011877,True,USR69584,False,MCH5183,True,2026-03-06 00:00:00,2026-03-06 21:56:02,2026-03-22 00:00:00,True,0.0,728.14,False,False,UNAUTHORIZED_TRANSACTION,unauth txn,Customer says transaction was not authorized.,OPEN,MEDIUM,IVR
CBK0000858,TXN00015040,True,USR95176,False,MCH1146,False,2026-03-29 00:00:00,,,True,,1568.41,False,False,AMOUNT_MISMATCH,amount mismatch,Customer says amount was debited twice.,PENDING_BANK,LOW,EMAIL
CBK0000429,TXN00019661,True,USR97772,True,MCH3992,False,2026-02-19 22:56:00,2026-02-21 09:56:09,2026-03-06 00:00:00,True,1.0,,False,True,AMOUNT_MISMATCH,amount mismatch,User reports money deducted but merchant denies receiving payment.,REJECTED,HIGH,APP
CBK0000817,TXN00002301,True,USR71836,False,MCH3815,False,2026-02-05 00:00:00,2026-02-21 00:00:00,2026-03-07 12:29:12,True,16.0,769.17,False,False,ACCOUNT_TAKEOVER,account hacked,Payment made to unknown merchant as per customer statement.,OPEN,LOW,APP
CBK0000011,TXN00006805,True,USR14951,False,MCH5380,False,2026-02-20 00:00:00,2026-02-22 00:00:00,2026-03-01 00:00:00,True,2.0,1087.14,False,False,AMOUNT_MISMATCH,Wrong Amount,SUSPICIOUS HIGH-VALUE PAYMENT DISPUTED BY CUSTOMER.,CLOSED,MEDIUM,IVR
CBK0000250,TXN00002574,True,USR73010,False,MCH1320,True,2026-02-25 03:11:33,2026-03-02 00:00:00,2026-03-07 09:11:33,True,4.0,660.0,False,False,SERVICE_NOT_DELIVERED,not delivered,suspicious high-value payment disputed by customer.,OPEN,LOW,IVR
CBK0001404,TXN00003881,True,USR61151,False,MCH8634,True,,2026-03-23 06:15:00,2026-03-30 00:00:00,True,,,False,True,UNAUTHORIZED_TRANSACTION,not done by me,Customer says transaction was not authorized.,IN_PROGRESS,MEDIUM,CALL_CENTER
CBK0000574,TXN00011825,True,USR78873,True,MCH9713,True,2026-01-26 18:02:00,2026-03-12 00:00:00,2026-03-17 00:00:00,True,44.0,3123.85,False,False,DUPLICATE_DEBIT,charged twice,Complaint received after multiple failed attempts.,IN_PROGRESS,LOW,EMAIL
CBK0002429,TXN00015653,True,USR50125,False,MCH2266,True,2026-03-31 00:00:00,2026-04-01 00:00:00,2026-04-25 00:00:00,True,1.0,3491.1,False,False,DUPLICATE_DEBIT,Duplicate Debit,Suspicious high-value payment disputed by customer.,CLOSED,MEDIUM,CHATBOT
CBK0001916,TXN00005518,True,USR18198,False,MCH5954,True,,2026-03-25 00:00:00,2026-04-04 16:01:06,True,,4245.22,True,False,FRAUD_SUSPECTED,FRAUD,Merchant service was not delivered after payment.,REJECTED,LOW,BRANCH
CBK0001132,TXN00019555,True,USR87956,True,MCH5062,False,2026-01-24 13:53:56,2026-01-26 00:00:00,2026-02-02 00:00:00,True,1.0,15606.92,False,False,AMOUNT_MISMATCH,amount mismatch,User claims account was compromised before transaction.,IN_PROGRESS,LOW,IVR
CBK0000528,TXN00003808,True,USR46923,False,MCH2685,False,2026-02-19 14:29:00,2026-02-22 00:00:00,,True,2.0,476.92,False,False,DUPLICATE_DEBIT,double debit,PAYMENT MADE TO UNKNOWN MERCHANT AS PER CUSTOMER STATEMENT.,CLOSED,CRITICAL,IVR
CBK0002091,TXN00006681,True,USR26140,False,MCH5655,False,2026-01-27 00:00:00,2026-01-28 00:00:00,2026-02-24 00:00:00,True,1.0,946.45,False,False,ACCOUNT_TAKEOVER,Account Takeover,Merchant service was not delivered after payment. NA,REJECTED,MEDIUM,IVR
CBK0001235,TXN00010356,True,USR82947,False,MCH6407,False,2026-02-23 00:00:00,2026-02-26 00:00:00,2026-03-12 04:52:03,True,3.0,2359.0,False,False,AMOUNT_MISMATCH,Wrong Amount,Customer says transaction was not authorized.,REJECTED,HIGH,APP
CBK0001096,TXN00019163,True,USR72047,False,MCH3308,True,2026-02-17 00:00:00,2026-03-04 00:00:00,,True,15.0,1202.2,False,False,AMOUNT_MISMATCH,extra amount deducted,Complaint received after multiple failed attempts.,RESOLVED,HIGH,IVR
CBK0001038,TXN00005386,True,USR82091,True,MCH1514,True,2026-01-24 00:00:00,2026-02-04 04:50:27,2026-02-11 00:00:00,True,11.0,2597.6,False,False,GENERAL_DISPUTE,complaint,PAYMENT MADE TO UNKNOWN MERCHANT AS PER CUSTOMER STATEMENT.,IN_PROGRESS,MEDIUM,APP
CBK0000653,TXN00007307,True,USR58692,False,MCH2298,False,2026-01-15 00:00:00,2026-01-30 00:00:00,2026-02-26 15:09:16,True,15.0,2349.32,False,False,UNAUTHORIZED_TRANSACTION,not done by me,User says UPI PIN was not entered by them. call dropped,CLOSED,MEDIUM,CALL_CENTER
CBK0000456,TXN00009180,True,USR83586,False,MCH8928,True,2026-01-19 01:14:49,,2026-02-05 00:00:00,True,,,False,True,FRAUD_SUSPECTED,scam,USER REPORTS MONEY DEDUCTED BUT MERCHANT DENIES RECEIVING PAYMENT.,IN_PROGRESS,HIGH,CALL_CENTER
CBK0000818,TXN00015972,True,USR83126,True,MCH2616,False,2026-01-19 00:00:00,2026-01-21 23:22:51,2026-02-19 00:00:00,True,2.0,8836.22,False,False,SERVICE_NOT_DELIVERED,delivery issue,Payment made to unknown merchant as per customer statement.,REJECTED,CRITICAL,CHATBOT
CBK0002103,TXN00005039,True,USR38720,False,MCH9523,True,2026-01-24 00:00:00,2026-01-24 18:26:47,2026-02-19 00:00:00,True,0.0,1582.19,False,False,GENERAL_DISPUTE,no service,User reports money deducted but merchant denies receiving payment.,RESOLVED,HIGH,IVR
CBK0001868,TXN00015884,True,USR34835,False,MCH3992,False,2026-03-04 00:00:00,2026-03-06 00:00:00,2026-04-02 00:00:00,True,2.0,247.02,False,False,GENERAL_DISPUTE,customer issue,Payment made to unknown merchant as per customer statement.,IN_PROGRESS,HIGH,BRANCH
CBK0001455,TXN00007357,True,USR62254,True,MCH5655,False,2026-01-10 04:54:03,2026-02-09 00:00:00,,True,29.0,161.0,False,False,AMOUNT_MISMATCH,amount mismatch,Customer says amount was debited twice.,IN_PROGRESS,MEDIUM,BRANCH
CBK0002565,TXN00003516,True,USR18591,False,MCH5076,False,,2026-01-18 00:00:00,2026-02-12 12:15:00,True,,585.31,False,False,AMOUNT_MISMATCH,amount mismatch,User claims account was compromised before txn.,PENDING_BANK,HIGH,APP
CBK0002508,TXN00015520,True,USR78921,False,MCH1369,False,2026-01-24 00:42:06,2026-02-23 00:00:00,,True,29.0,578.15,False,False,DUPLICATE_DEBIT,Duplicate Debit,Customer says txn was not authorized.,PENDING_BANK,CRITICAL,BRANCH
CBK0002546,TXN00041980,False,USR82793,True,MCH1094,False,2026-03-17 00:00:00,2026-03-19 15:57:00,2026-03-19 00:00:00,False,,565.73,False,False,UNAUTHORIZED_TRANSACTION,not done by me,Suspicious high-value payment disputed by customer. call dropped,OPEN,HIGH,EMAIL
CBK0000212,TXN00010499,True,USR18345,False,MCH6823,False,2026-03-13 03:19:00,2026-03-16 20:19:36,2026-03-27 00:00:00,True,3.0,4579.0,False,False,ACCOUNT_TAKEOVER,ATO,complaint received after multiple failed attempts.,OPEN,LOW,BRANCH
CBK0002200,TXN00017653,True,USR80376,True,MCH5600,False,2026-01-16 00:00:00,2026-01-23 00:00:00,2026-01-24 19:11:00,True,7.0,4402.84,False,False,ACCOUNT_TAKEOVER,account hacked,User reports money deducted but merchant denies receiving payment.,IN_PROGRESS,MEDIUM,APP
CBK0001408,TXN00007170,True,USR49478,False,MCH8391,True,2026-03-30 20:56:21,2026-03-31 00:00:00,2026-04-01 00:00:00,True,0.0,468.0,False,False,GENERAL_DISPUTE,dispute raised,Merchant service was not delivered after payment.,OPEN,MEDIUM,CHATBOT
CBK0000377,TXN00038189,False,USR50661,False,MCH5076,False,2026-01-08 00:00:00,,,True,,754.07,False,False,FRAUD_SUSPECTED,Fraud Suspected,Complaint received after multiple failed attempts.,PENDING_BANK,MEDIUM,IVR
CBK0001891,TXN00001071,True,USR11526,False,MCH9122,False,2026-03-13 00:00:00,2026-03-17 00:00:00,2026-03-31 00:00:00,True,4.0,2117.2,False,False,SERVICE_NOT_DELIVERED,Service Not Provided,Complaint received after multiple failed attempts. NA,CLOSED,MEDIUM,BRANCH
CBK0001866,TXN00008011,True,USR63376,False,MCH6063,False,2026-01-16 00:00:00,2026-01-19 00:00:00,2026-02-15 00:00:00,True,3.0,1770.2,False,False,UNAUTHORIZED_TRANSACTION,unauth txn,Suspicious high-value payment disputed by customer.,RESOLVED,MEDIUM,CALL_CENTER
CBK0000970,TXN00082870,False,USR36118,True,MCH1738,False,2026-01-29 00:00:00,2026-01-30 00:00:00,2026-01-30 19:36:00,True,1.0,543.0,False,False,AMOUNT_MISMATCH,extra amount deducted,Merchant service was not delivered after payment.,CLOSED,LOW,CALL_CENTER
CBK0002242,TXN00084424,False,USR30262,False,MCH6806,True,2026-03-18 00:38:07,2026-03-18 00:00:00,2026-03-18 00:00:00,False,,1535.24,False,False,SERVICE_NOT_DELIVERED,service failed,USER REPORTS MONEY DEDUCTED BUT MERCHANT DENIES RECEIVING PAYMENT.,IN_PROGRESS,LOW,CALL_CENTER
CBK0001560,TXN00001620,True,USR85566,False,MCH6810,False,,2026-03-23 00:00:00,,True,,1347.82,False,False,FRAUD_SUSPECTED,suspicious transaction,Suspicious high-value payment disputed by customer.,RESOLVED,LOW,CHATBOT
CBK0000409,TXN00006280,True,USR91269,True,MCH4181,False,2026-02-18 22:17:11,2026-02-22 14:17:00,2026-03-21 14:17:11,True,3.0,1032.66,False,False,ACCOUNT_TAKEOVER,login compromised,USER CLAIMS ACCOUNT WAS COMPROMISED BEFORE TRANSACTION.,REJECTED,MEDIUM,APP
CBK0001847,TXN00012093,True,USR36399,False,MCH7286,False,2026-02-21 10:24:33,2026-02-28 00:00:00,2026-03-22 00:00:00,True,6.0,3867.32,False,False,ACCOUNT_TAKEOVER,Account Takeover,Merchant service was not delivered after payment.,RESOLVED,CRITICAL,IVR
CBK0001673,TXN00017039,True,USR32436,False,MCH9055,False,2026-01-03 00:00:00,2026-01-06 00:00:00,2026-01-21 15:04:59,True,3.0,1306.0,False,False,SERVICE_NOT_DELIVERED,item not received,user reports money deducted but merchant denies receiving payment.,RESOLVED,LOW,CHATBOT
CBK0000284,TXN00032709,False,USR91199,True,MCH7235,False,2026-01-29 00:00:00,,2026-02-13 00:00:00,True,,4152.0,False,False,UNAUTHORIZED_TRANSACTION,Unauthorized Transaction,User claims account was compromised before transaction.,CLOSED,MEDIUM,EMAIL
CBK0001681,TXN00013474,True,USR44690,True,MCH1928,False,2026-03-08 17:42:18,2026-04-07 00:00:00,,True,29.0,3303.95,False,False,SERVICE_NOT_DELIVERED,not delivered,Payment made to unknown merchant as per customer statement.,OPEN,LOW,IVR
CBK0001146,TXN00006160,True,USR11770,False,MCH4871,True,2026-03-07 00:00:00,2026-03-14 00:00:00,2026-04-07 00:00:00,True,7.0,384.6,False,False,FRAUD_SUSPECTED,scam,Customer complaint text unclear due to poor call center notes.,IN_PROGRESS,MEDIUM,BRANCH
CBK0000431,TXN00011403,True,USR76792,False,MCH3707,False,2026-03-16 00:00:00,2026-03-17 00:00:00,2026-03-22 00:00:00,True,1.0,88.39,False,False,ACCOUNT_TAKEOVER,login compromised,user reports money deducted but merchant denies receiving payment.,CLOSED,LOW,BRANCH
CBK0000038,TXN00016138,True,USR75856,True,MCH5345,False,2026-02-15 00:00:00,2026-03-18 00:00:00,2026-04-13 00:00:00,True,31.0,2973.45,False,False,DUPLICATE_DEBIT,double debit,Payment made to unknown merchant as per customer statement.,PENDING_BANK,LOW,IVR
CBK0001051,TXN00007915,True,USR14299,True,MCH2383,True,2026-02-10 03:04:00,2026-03-13 00:00:00,2026-03-18 00:00:00,True,30.0,1789.71,False,False,UNAUTHORIZED_TRANSACTION,not done by me,PAYMENT MADE TO UNKNOWN MERCHANT AS PER CUSTOMER STATEMENT.,RESOLVED,CRITICAL,CALL_CENTER
CBK0000442,TXN00007729,True,USR34645,True,MCH5076,False,2026-01-05 00:00:00,2026-01-09 00:00:00,2026-01-29 00:00:00,True,4.0,819.04,False,False,GENERAL_DISPUTE,dispute raised,USER CLAIMS ACCOUNT WAS COMPROMISED BEFORE TRANSACTION.,CLOSED,LOW,EMAIL
CBK0002207,TXN00015126,True,USR62875,False,MCH2383,True,2026-01-06 00:00:00,2026-01-06 00:00:00,2026-01-23 00:00:00,True,0.0,2119.11,False,False,DUPLICATE_DEBIT,double debit,Customer complaint text unclear due to poor call center notes.,IN_PROGRESS,LOW,CHATBOT
CBK0000536,TXN00017414,True,USR39006,False,MCH5032,False,2026-01-10 00:00:00,2026-01-08 00:00:00,2026-02-06 04:32:02,False,,12249.71,False,False,SERVICE_NOT_DELIVERED,item not received,Complaint received after multiple failed attempts.,CLOSED,HIGH,EMAIL
CBK0000633,TXN00013693,True,USR72322,False,MCH8732,False,2026-03-19 17:11:52,2026-03-21 00:00:00,,True,1.0,1899.73,False,False,SERVICE_NOT_DELIVERED,item not received,Merchant service was not delivered after payment.,RESOLVED,HIGH,IVR
CBK0002622,TXN00018833,True,USR92174,False,MCH4861,False,2026-02-05 00:00:00,2026-02-13 13:09:19,2026-02-19 00:00:00,True,8.0,451.83,True,False,UNAUTHORIZED_TRANSACTION,unauthorized_transaction,Customer says transaction was not authorized.,RESOLVED,CRITICAL,CHATBOT
CBK0001117,TXN00012679,True,USR13963,False,MCH3522,False,2026-02-07 00:00:00,2026-02-09 00:00:00,,True,2.0,1851.93,False,False,DUPLICATE_DEBIT,Duplicate Debit,Complaint received after multiple failed attempts.,PENDING_BANK,MEDIUM,APP
CBK0000939,TXN00009825,True,USR24660,False,MCH9618,False,2026-03-26 00:00:00,2026-03-29 06:03:00,2026-04-25 00:00:00,True,3.0,3080.0,False,False,GENERAL_DISPUTE,customer issue,Complaint received after multiple failed attempts.,RESOLVED,LOW,BRANCH
CBK0001090,TXN00016195,True,USR85787,True,MCH4442,False,2026-03-11 00:00:00,2026-03-22 01:33:06,2026-04-13 00:00:00,True,11.0,471.0,False,False,SERVICE_NOT_DELIVERED,delivery issue,User says UPI PIN was not entered by them.,OPEN,LOW,BRANCH
CBK0001682,TXN00010834,True,USR67399,False,MCH8675,False,2026-03-12 15:00:00,2026-03-23 00:00:00,,True,10.0,1750.36,False,False,DUPLICATE_DEBIT,Duplicate Debit,Customer complaint text unclear due to poor call center notes.,IN_PROGRESS,MEDIUM,CHATBOT
CBK0001294,TXN00019221,True,USR67336,False,MCH7286,False,2026-03-10 08:05:58,2026-03-17 00:00:00,2026-04-04 21:05:58,True,6.0,596.6,False,False,GENERAL_DISPUTE,Customer Dispute,Customer says txn was not authorized.,CLOSED,MEDIUM,BRANCH
CBK0001189,TXN00015243,True,USR90963,True,MCH4871,True,2026-02-14 13:48:33,2026-02-14 00:00:00,2026-03-05 14:48:33,False,,448.21,False,False,GENERAL_DISPUTE,customer issue,Merchant service was not delivered after payment.,REJECTED,MEDIUM,CHATBOT
CBK0000070,TXN00019236,True,USR39755,False,MCH6038,False,2026-03-26 13:55:00,2026-04-10 23:55:00,2026-05-08 00:00:00,True,15.0,3160.25,False,False,UNAUTHORIZED_TRANSACTION,not done by me,Payment made to unknown merchant as per customer statement.,RESOLVED,HIGH,EMAIL
CBK0000476,TXN00076059,False,USR36575,True,MCH1929,True,2026-03-29 00:00:00,2026-04-01 00:00:00,,True,3.0,1726.97,False,False,AMOUNT_MISMATCH,incorrect amount,Payment made to unknown merchant as per customer statement.,IN_PROGRESS,HIGH,IVR
CBK0000092,TXN00019596,True,USR96380,False,MCH3161,True,2026-02-23 05:30:01,,,True,,2991.63,False,False,DUPLICATE_DEBIT,Duplicate Debit,Customer says amount was debited twice.,RESOLVED,HIGH,CHATBOT
CBK0000095,TXN00006584,True,USR85655,False,MCH1599,True,2026-03-03 21:45:00,2026-03-04 00:00:00,2026-03-18 00:00:00,True,0.0,1087.37,False,False,SERVICE_NOT_DELIVERED,Merchant Not Delivered,Merchant service was not delivered after payment.,IN_PROGRESS,MEDIUM,CALL_CENTER
CBK0000861,TXN00016940,True,USR83977,False,MCH1995,True,2026-01-05 00:00:00,2026-01-07 01:02:00,2026-01-24 00:00:00,True,2.0,7669.97,False,False,DUPLICATE_DEBIT,charged twice,Payment made to unknown merchant as per customer statement.,RESOLVED,MEDIUM,BRANCH
CBK0000040,TXN00009861,True,USR84241,False,MCH1811,True,2026-02-05 00:00:00,2026-02-08 00:00:00,2026-02-15 15:27:00,True,3.0,883.5,False,False,SERVICE_NOT_DELIVERED,service failed,User reports money deducted but merchant denies receiving payment.,RESOLVED,HIGH,EMAIL
CBK0001663,TXN00008414,True,USR40891,True,MCH1873,True,2026-02-23 00:00:00,2026-03-01 13:21:00,,True,6.0,1523.73,True,False,GENERAL_DISPUTE,no service,user says upi pin was not entered by them.,IN_PROGRESS,HIGH,CHATBOT
CBK0001483,TXN00004890,True,USR15275,False,MCH1320,True,2026-01-06 00:00:00,2026-01-02 00:00:00,,False,,,False,True,DUPLICATE_DEBIT,charged twice,suspicious high-value payment disputed by customer.,CLOSED,LOW,IVR
CBK0002538,TXN00018880,True,USR86824,False,MCH3870,False,2026-01-13 00:00:00,2026-01-29 12:17:00,2026-02-18 00:00:00,True,16.0,2224.0,False,False,ACCOUNT_TAKEOVER,ATO,User reports money deducted but merchant denies receiving payment.,REJECTED,LOW,BRANCH
CBK0000838,TXN00002790,True,USR38178,True,MCH9291,True,2026-01-30 05:36:28,,2026-02-09 00:00:00,True,,870.0,False,False,AMOUNT_MISMATCH,incorrect amount,User reports money deducted but merchant denies receiving payment.,CLOSED,MEDIUM,CHATBOT
CBK0000514,TXN00091755,False,USR83157,False,MCH3365,False,2026-03-24 11:00:58,,2026-04-22 00:00:00,True,,3762.83,False,False,FRAUD_SUSPECTED,scam,COMPLAINT RECEIVED AFTER MULTIPLE FAILED ATTEMPTS.,OPEN,CRITICAL,APP
CBK0001432,TXN00014015,True,USR84470,True,MCH4732,True,2026-02-07 00:00:00,2026-02-12 00:00:00,2026-03-10 00:00:00,True,5.0,1855.84,False,False,DUPLICATE_DEBIT,Duplicate Debit,MERCHANT SERVICE WAS NOT DELIVERED AFTER PAYMENT.,OPEN,MEDIUM,IVR
CBK0000434,TXN00002783,True,USR21986,False,MCH9344,False,2026-01-10 02:14:17,2026-01-25 00:00:00,2026-02-19 10:14:17,True,14.0,447.3,False,False,FRAUD_SUSPECTED,FRAUD,Customer says amount was debited twice.,CLOSED,MEDIUM,IVR
CBK0002619,TXN00000071,True,USR86538,False,MCH2766,True,2026-01-25 00:00:00,2026-01-27 18:40:21,,True,2.0,3311.22,False,False,UNAUTHORIZED_TRANSACTION,not done by me,Suspicious high-value payment disputed by customer. urgent,PENDING_BANK,MEDIUM,CALL_CENTER
CBK0001446,TXN00017598,True,USR51720,False,MCH4274,True,2026-01-22 19:24:28,,2026-02-27 00:00:00,True,,819.3,False,False,GENERAL_DISPUTE,complaint,CUSTOMER SAYS AMOUNT WAS DEBITED TWICE.,CLOSED,MEDIUM,BRANCH
CBK0002673,TXN00017755,True,USR27181,False,MCH6810,False,2026-02-02 22:47:32,2026-02-06 08:47:00,2026-02-14 00:00:00,True,3.0,3261.84,False,False,DUPLICATE_DEBIT,charged twice,Customer says amount was debited twice.,CLOSED,MEDIUM,EMAIL
CBK0000313,TXN00000248,True,USR50945,False,MCH5264,False,2026-01-25 01:32:00,2026-01-26 05:32:05,2026-02-01 00:00:00,True,1.0,1984.03,False,False,GENERAL_DISPUTE,dispute raised,customer says amount was debited twice.,CLOSED,LOW,CHATBOT
CBK0000911,TXN00002114,True,USR52444,False,MCH1797,False,2026-01-26 14:20:00,2026-02-26 00:00:00,,True,30.0,4126.61,False,False,ACCOUNT_TAKEOVER,account hacked,Customer says amount was debited twice.,REJECTED,LOW,BRANCH
CBK0001457,TXN00004271,True,USR60321,False,MCH2200,True,2026-03-06 15:12:38,2026-03-13 23:12:00,,True,7.0,2672.78,False,False,SERVICE_NOT_DELIVERED,not delivered,User reports money deducted but merchant denies receiving payment.,OPEN,LOW,APP
CBK0000071,TXN00008538,True,USR89774,True,MCH8569,True,2026-02-08 00:00:00,2026-02-10 14:50:39,,True,2.0,2850.0,False,False,FRAUD_SUSPECTED,FRAUD,Customer complaint text unclear due to poor call center notes.,REJECTED,MEDIUM,CHATBOT
CBK0001767,TXN00003813,True,USR78593,False,MCH3210,False,2026-01-09 14:05:22,2026-01-11 00:00:00,,True,1.0,5758.61,False,False,UNAUTHORIZED_TRANSACTION,UNAUTHORISED,PAYMENT MADE TO UNKNOWN MERCHANT AS PER CUSTOMER STATEMENT.,RESOLVED,LOW,EMAIL
CBK0002661,TXN00015325,True,USR25636,True,MCH1585,True,,2026-02-20 00:00:00,2026-02-21 00:00:00,True,,5464.95,False,False,SERVICE_NOT_DELIVERED,service failed,Merchant service was not delivered after payment.,REJECTED,MEDIUM,CALL_CENTER
CBK0002127,TXN00007220,True,USR63182,False,MCH9060,True,2026-01-05 00:00:00,2026-01-08 00:00:00,2026-01-12 00:00:00,True,3.0,4676.01,False,False,FRAUD_SUSPECTED,fraud,Customer complaint text unclear due to poor call center notes.,OPEN,MEDIUM,BRANCH
CBK0002697,TXN00004642,True,USR90463,False,MCH5765,True,2026-03-13 01:00:19,2026-03-14 00:00:00,,True,0.0,1778.23,False,False,UNAUTHORIZED_TRANSACTION,unauthorized_transaction,Suspicious high-value payment disputed by customer.,OPEN,MEDIUM,IVR
CBK0001263,TXN00002462,True,USR87914,False,MCH6026,True,2026-01-03 00:00:00,2026-01-04 13:43:14,2026-01-07 00:00:00,True,1.0,2723.0,False,False,DUPLICATE_DEBIT,charged twice,User says UPI PIN was not entered by them.,RESOLVED,HIGH,CALL_CENTER
CBK0002161,TXN00005572,True,USR72135,False,MCH4577,True,2026-01-26 00:00:00,,2026-02-02 04:34:00,True,,1181.23,True,False,UNAUTHORIZED_TRANSACTION,unauth txn,Customer says amount was debited twice.,REJECTED,LOW,EMAIL
CBK0001347,TXN00016394,True,USR93953,True,MCH3886,True,2026-03-27 07:12:43,2026-03-30 00:00:00,2026-03-31 04:12:00,True,2.0,1503.32,False,False,SERVICE_NOT_DELIVERED,Service Not Provided,User says UPI PIN was not entered by them.,PENDING_BANK,LOW,APP
CBK0002140,TXN00013237,True,USR59679,False,MCH1712,False,2026-01-23 00:00:00,2026-01-24 20:01:00,,True,1.0,405.0,False,False,ACCOUNT_TAKEOVER,Account Takeover,User claims account was compromised before transaction.,OPEN,MEDIUM,CALL_CENTER
CBK0000743,TXN00005962,True,USR43455,True,MCH1477,True,2026-03-16 00:00:00,2026-03-22 00:00:00,,True,6.0,354.48,False,False,FRAUD_SUSPECTED,Fraud Suspected,Suspicious high-value payment disputed by customer.,OPEN,MEDIUM,IVR
CBK0001876,,False,USR39217,True,MCH8156,False,2026-03-06 00:00:00,2026-03-21 00:00:00,,True,15.0,927.0,False,False,GENERAL_DISPUTE,DUP_DEBIT,User claims account was compromised before transaction.,RESOLVED,LOW,CHATBOT
CBK0001874,TXN00004675,True,USR30340,False,MCH7982,True,2026-03-21 00:00:00,2026-04-06 22:58:00,,True,16.0,258.2,False,False,SERVICE_NOT_DELIVERED,not delivered,Complaint received after multiple failed attempts.,PENDING_BANK,HIGH,CHATBOT
CBK0001715,TXN00010566,True,USR83077,False,MCH9707,False,2026-02-21 00:00:00,2026-02-24 00:00:00,2026-03-01 19:01:00,True,3.0,3265.07,False,False,UNAUTHORIZED_TRANSACTION,unauth txn,Payment made to unknown merchant as per cust statement.,REJECTED,MEDIUM,IVR
CBK0000544,TXN00016205,True,USR41135,True,MCH4873,False,2026-03-21 00:00:00,2026-03-20 00:00:00,2026-04-13 00:00:00,False,,3052.0,False,False,ACCOUNT_TAKEOVER,login compromised,suspicious high-value payment disputed by customer.,RESOLVED,LOW,CHATBOT
CBK0000007,TXN00017412,True,USR26201,False,MCH8154,True,2026-02-16 22:23:08,2026-02-17 00:00:00,2026-02-18 05:23:00,True,0.0,1505.0,False,False,SERVICE_NOT_DELIVERED,merchant service issue,Complaint received after multiple failed attempts.,OPEN,LOW,APP
CBK0002040,TXN00019376,True,USR95000,False,MCH8391,True,,2026-01-09 18:31:00,2026-01-10 00:00:00,True,,439.77,False,False,AMOUNT_MISMATCH,Wrong Amount,MERCHANT SERVICE WAS NOT DELIVERED AFTER PAYMENT.,IN_PROGRESS,HIGH,BRANCH
CBK0002551,TXN00011968,True,USR52233,True,MCH3341,True,2026-02-12 00:00:00,2026-03-14 00:00:00,2026-03-18 00:00:00,True,30.0,4809.04,True,False,UNAUTHORIZED_TRANSACTION,unauthorized_transaction,User says UPI PIN was not entered by them.,IN_PROGRESS,MEDIUM,CHATBOT
CBK0000800,TXN00008407,True,USR54047,True,MCH8953,True,2026-03-29 00:00:00,2026-03-29 00:00:00,2026-04-22 00:00:00,True,0.0,2017.17,False,False,FRAUD_SUSPECTED,scam,Customer says transaction was not authorized. urgent,CLOSED,MEDIUM,IVR
CBK0001603,TXN00007165,True,USR26534,True,MCH2266,True,2026-03-03 00:00:00,2026-03-06 00:00:00,2026-03-09 18:27:00,True,3.0,676.0,False,False,DUPLICATE_DEBIT,charged twice,suspicious high-value payment disputed by customer.,CLOSED,LOW,APP
CBK0002563,TXN00004512,True,USR79645,False,MCH1381,False,2026-02-11 00:00:00,2026-02-13 00:00:00,2026-02-25 14:14:00,True,2.0,1358.0,False,False,DUPLICATE_DEBIT,double debit,Merchant service was not delivered after payment.,OPEN,LOW,EMAIL
CBK0001982,TXN00003383,True,USR14096,True,MCH7078,True,2026-03-01 00:00:00,2026-03-07 00:00:00,2026-03-08 10:23:47,True,6.0,1589.0,False,False,UNAUTHORIZED_TRANSACTION,Unauthorized Transaction,Complaint received after multiple failed attempts.,RESOLVED,LOW,APP
CBK0001850,TXN00000410,True,USR29306,False,MCH9778,True,2026-01-23 00:00:00,2026-01-29 00:00:00,2026-02-02 05:21:02,True,6.0,388.0,False,False,UNAUTHORIZED_TRANSACTION,UNAUTHORISED,User claims account was compromised before transaction.,IN_PROGRESS,HIGH,APP
CBK0000810,TXN00008813,True,USR55160,True,MCH9104,True,2026-03-15 00:00:00,,,True,,825.92,True,False,GENERAL_DISPUTE,customer issue,User says UPI PIN was not entered by them.,IN_PROGRESS,LOW,CALL_CENTER
CBK0000188,TXN00001256,True,USR74352,True,MCH1724,False,2026-01-20 03:59:31,2026-01-21 00:00:00,2026-02-01 22:59:00,True,0.0,,False,True,AMOUNT_MISMATCH,incorrect amount,payment made to unknown merchant as per customer statement.,RESOLVED,HIGH,EMAIL
CBK0000806,TXN00010423,True,USR91337,False,MCH8154,True,,2026-02-25 04:33:00,2026-03-03 00:00:00,True,,1285.39,False,False,SERVICE_NOT_DELIVERED,Service Not Provided,User reports money deducted but merchant denies receiving payment.,REJECTED,LOW,APP
CBK0001458,TXN00002805,True,USR85655,False,MCH1702,False,2026-02-18 00:00:00,2026-03-05 00:00:00,2026-03-28 00:00:00,True,15.0,1623.96,False,False,DUPLICATE_DEBIT,double debit,User claims account was compromised before transaction. call dropped,CLOSED,MEDIUM,BRANCH
CBK0001348,TXN00006710,True,USR80160,False,MCH8221,True,2026-03-28 11:14:00,2026-03-30 00:00:00,2026-04-07 00:00:00,True,1.0,2194.0,False,False,UNAUTHORIZED_TRANSACTION,not done by me,USER CLAIMS ACCOUNT WAS COMPROMISED BEFORE TRANSACTION.,OPEN,HIGH,IVR
CBK0002428,TXN00009714,True,USR79175,False,MCH8542,False,2026-02-15 22:57:47,2026-03-03 00:00:00,2026-04-02 00:00:00,True,15.0,807.62,False,False,DUPLICATE_DEBIT,double debit,Customer says transaction was not authorized.,CLOSED,LOW,BRANCH
CBK0002255,TXN00008016,True,USR72981,True,MCH7286,False,2026-01-01 23:32:29,2026-01-02 00:00:00,,True,0.0,1364.41,False,False,UNAUTHORIZED_TRANSACTION,unauth txn,Customer says amount was debited twice. NA,IN_PROGRESS,LOW,CHATBOT
CBK0001215,TXN00007445,True,USR46899,False,MCH9910,True,2026-01-24 18:17:00,2026-01-27 00:00:00,,True,2.0,3055.0,False,False,ACCOUNT_TAKEOVER,Account Takeover,User says UPI PIN was not entered by them. pls check asap,RESOLVED,MEDIUM,IVR
CBK0002709,TXN00003581,True,USR40538,False,MCH8057,True,2026-01-27 00:00:00,2026-02-26 10:26:00,2026-03-08 00:00:00,True,30.0,3616.02,False,False,UNAUTHORIZED_TRANSACTION,unauth txn,Merchant service was not delivered after payment.,IN_PROGRESS,MEDIUM,IVR
CBK0001714,TXN00019200,True,USR10307,False,MCH3670,False,2026-01-23 04:45:00,2026-01-24 13:45:28,2026-02-20 00:00:00,True,1.0,1186.0,False,False,GENERAL_DISPUTE,dispute raised,Complaint received after multiple failed attempts.,OPEN,MEDIUM,CHATBOT
CBK0000074,TXN00018905,True,USR67079,False,MCH5054,True,2026-02-09 00:00:00,2026-02-10 00:00:00,,True,1.0,547.94,False,False,GENERAL_DISPUTE,complaint,Suspicious high-value payment disputed by customer. pls check asap,IN_PROGRESS,HIGH,BRANCH
CBK0002061,TXN00000123,True,USR25645,False,MCH1279,False,2026-01-26 00:00:00,2026-01-30 00:00:00,,True,4.0,4808.45,False,False,ACCOUNT_TAKEOVER,ATO,User says UPI PIN was not entered by them.,OPEN,HIGH,EMAIL
CBK0000846,TXN00018851,True,USR98606,False,MCH9609,True,2026-03-18 00:00:00,2026-04-17 14:56:00,,True,30.0,2087.83,False,False,GENERAL_DISPUTE,Customer Dispute,User says UPI PIN was not entered by them.,PENDING_BANK,HIGH,APP
CBK0000427,TXN00013526,True,USR91283,False,MCH5276,False,,2026-03-29 00:00:00,,True,,1210.19,False,False,UNAUTHORIZED_TRANSACTION,unauth txn,Payment made to unknown merchant as per customer statement.,RESOLVED,CRITICAL,CHATBOT
CBK0001036,TXN00015494,True,USR80517,True,MCH8983,False,,2026-01-29 00:00:00,2026-01-31 00:00:00,True,,1459.8,False,False,ACCOUNT_TAKEOVER,account hacked,customer complaint text unclear due to poor call center notes.,REJECTED,CRITICAL,IVR
CBK0001174,TXN00005857,True,USR50126,False,MCH4181,False,2026-02-17 00:00:00,2026-03-20 00:00:00,2026-04-12 00:00:00,True,31.0,244.97,True,False,AMOUNT_MISMATCH,Wrong Amount,Customer says amount was debited twice.,IN_PROGRESS,LOW,CHATBOT
CBK0000225,TXN00000007,True,USR30925,True,MCH5655,False,2026-02-07 05:47:09,2026-02-09 00:00:00,2026-02-12 18:47:00,True,1.0,2231.72,False,False,ACCOUNT_TAKEOVER,Account Takeover,User reports money deducted but merchant denies receiving payment.,IN_PROGRESS,HIGH,EMAIL
CBK0000472,TXN00001422,True,USR49251,False,MCH7171,False,2026-02-20 00:00:00,2026-02-21 00:00:00,2026-02-26 02:45:57,True,1.0,2080.17,False,False,FRAUD_SUSPECTED,suspicious transaction,User claims account was compromised before transaction.,CLOSED,LOW,IVR
CBK0000673,TXN00006799,True,USR90390,False,MCH2514,True,2026-01-04 00:00:00,2026-01-19 00:00:00,2026-02-09 00:00:00,True,15.0,7272.77,False,False,FRAUD_SUSPECTED,Fraud Suspected,customer complaint text unclear due to poor call center notes.,REJECTED,MEDIUM,EMAIL
CBK0001783,TXN00003103,True,USR31416,False,MCH8794,True,2026-01-24 15:01:00,2026-01-26 00:00:00,2026-02-03 00:00:00,True,1.0,7765.0,False,False,SERVICE_NOT_DELIVERED,item not received,SUSPICIOUS HIGH-VALUE PAYMENT DISPUTED BY CUSTOMER.,RESOLVED,LOW,IVR
CBK0000232,TXN00019245,True,USR86563,False,MCH2065,False,2026-01-01 00:00:00,2026-01-11 00:00:00,,True,10.0,2823.84,False,False,GENERAL_DISPUTE,dispute raised,User claims account was compromised before transaction.,RESOLVED,LOW,EMAIL
CBK0001610,TXN00008090,True,USR29627,False,MCH9644,False,2026-03-28 23:39:25,2026-03-31 00:00:00,,True,2.0,3349.24,False,False,AMOUNT_MISMATCH,incorrect amount,Merchant service was not delivered after payment.,PENDING_BANK,MEDIUM,CALL_CENTER
CBK0002361,TXN00010080,True,USR53138,True,MCH7137,True,2026-03-08 00:00:00,2026-03-14 08:24:12,2026-04-11 00:00:00,True,6.0,824.94,False,False,ACCOUNT_TAKEOVER,login compromised,Customer says transaction was not authorized.,CLOSED,MEDIUM,APP
CBK0000281,TXN00017953,True,USR13544,False,MCH2334,False,2026-01-04 01:24:00,2026-01-06 19:24:02,,True,2.0,6427.42,False,False,SERVICE_NOT_DELIVERED,service failed,Complaint received after multiple failed attempts.,RESOLVED,MEDIUM,APP
CBK0001871,TXN00009076,True,USR67496,False,MCH3100,False,2026-03-30 00:00:00,2026-03-31 11:44:40,2026-04-28 00:00:00,True,1.0,1552.98,False,False,ACCOUNT_TAKEOVER,ATO,Customer complaint text unclear due to poor call center notes.,OPEN,HIGH,BRANCH
CBK0000436,TXN00012192,True,USR93581,False,MCH4547,True,2026-02-24 00:00:00,2026-04-11 00:00:00,2026-05-07 00:00:00,True,46.0,5520.5,True,False,SERVICE_NOT_DELIVERED,merchant service issue,Customer says transaction was not authorized. pls check asap,PENDING_BANK,MEDIUM,BRANCH
CBK0001824,TXN00016562,True,USR59778,False,MCH2822,False,2026-01-10 00:00:00,2026-01-15 13:06:53,,True,5.0,709.53,False,False,ACCOUNT_TAKEOVER,ATO,Customer says transaction was not authorized.,CLOSED,LOW,CALL_CENTER
CBK0002068,TXN00009416,True,USR13134,False,MCH9782,True,2026-03-07 00:00:00,2026-03-09 13:28:00,2026-03-17 00:00:00,True,2.0,4883.77,False,False,UNAUTHORIZED_TRANSACTION,unauth txn,Payment made to unknown merchant as per cust statement.,IN_PROGRESS,LOW,IVR
CBK0000756,TXN00017864,True,USR17657,False,MCH1702,False,2026-03-01 00:00:00,2026-03-05 00:00:00,,True,4.0,2911.37,True,False,SERVICE_NOT_DELIVERED,item not received,Customer says amount was debited twice.,PENDING_BANK,HIGH,IVR
CBK0002112,TXN00002782,True,USR94403,True,MCH2757,True,2026-02-14 18:10:29,2026-02-17 00:00:00,2026-03-19 12:10:29,True,2.0,3648.19,False,False,UNAUTHORIZED_TRANSACTION,unauthorized_transaction,Customer says txn was not authorized.,PENDING_BANK,HIGH,CALL_CENTER
CBK0001881,TXN00008840,True,USR73167,True,MCH4857,True,2026-01-13 00:00:00,2026-01-18 00:00:00,,True,5.0,1257.85,False,False,DUPLICATE_DEBIT,Duplicate Debit,Customer says amount was debited twice.,IN_PROGRESS,HIGH,BRANCH
CBK0002343,TXN00015911,True,USR29306,False,MCH9294,False,2026-02-16 00:00:00,2026-04-02 00:00:00,2026-04-29 00:00:00,True,45.0,1701.23,False,False,DUPLICATE_DEBIT,charged twice,User claims account was compromised before transaction.,REJECTED,HIGH,APP
CBK0002173,TXN00013107,True,USR82940,False,MCH2266,True,2026-03-28 00:00:00,2026-04-12 00:00:00,2026-04-15 00:00:00,True,15.0,2242.79,False,False,UNAUTHORIZED_TRANSACTION,unauth txn,Customer says transaction was not authorized. details missing,IN_PROGRESS,LOW,EMAIL
CBK0002433,TXN00013653,True,USR85471,True,MCH6459,False,2026-02-02 03:05:01,2026-02-17 22:05:01,,True,15.0,555.33,True,False,AMOUNT_MISMATCH,extra amount deducted,Customer says amount was debited twice.,IN_PROGRESS,MEDIUM,CHATBOT
CBK0000129,TXN00009368,True,USR60939,False,MCH4143,False,2026-03-01 00:00:00,2026-03-03 00:00:00,2026-03-11 20:10:00,True,2.0,2931.23,False,False,SERVICE_NOT_DELIVERED,service failed,MERCHANT SERVICE WAS NOT DELIVERED AFTER PAYMENT.,REJECTED,LOW,EMAIL
CBK0000801,TXN00000284,True,USR94447,False,MCH5873,True,2026-03-06 06:58:00,2026-03-21 12:58:56,2026-04-20 00:00:00,True,15.0,2676.58,False,False,UNAUTHORIZED_TRANSACTION,unauth txn,Customer says amount was debited twice.,RESOLVED,MEDIUM,IVR
CBK0001337,TXN00011351,True,USR28182,False,MCH2065,False,2026-01-05 00:00:00,2026-01-08 00:00:00,,True,3.0,4601.18,False,False,GENERAL_DISPUTE,DUP_DEBIT,Customer says transaction was not authorized.,PENDING_BANK,MEDIUM,EMAIL
CBK0001544,TXN00010606,True,USR12233,False,MCH9344,False,2026-03-21 23:56:00,,2026-04-16 09:56:11,True,,13028.67,False,False,SERVICE_NOT_DELIVERED,service failed,Customer complaint text unclear due to poor call center notes.,RESOLVED,HIGH,CHATBOT
CBK0002110,TXN00019908,True,USR76321,False,MCH5838,False,2026-02-03 00:00:00,2026-02-18 00:00:00,2026-02-22 00:00:00,True,15.0,14932.0,False,False,ACCOUNT_TAKEOVER,account hacked,customer complaint text unclear due to poor call center notes.,OPEN,LOW,CHATBOT
CBK0001660,TXN00002347,True,USR11036,False,MCH2383,True,2026-03-08 00:42:06,2026-03-09 00:00:00,2026-04-01 00:00:00,True,0.0,1200.09,False,False,SERVICE_NOT_DELIVERED,not delivered,suspicious high-value payment disputed by customer.,REJECTED,MEDIUM,IVR
CBK0000341,TXN00009379,True,USR68432,True,MCH6606,False,2026-03-20 14:08:47,2026-03-23 00:00:00,2026-03-31 06:08:47,True,2.0,578.72,False,False,DUPLICATE_DEBIT,Duplicate Debit,Suspicious high-value payment disputed by customer.,CLOSED,HIGH,IVR
CBK0001304,TXN00017396,True,USR40538,False,MCH9984,True,,2026-03-18 00:00:00,2026-03-18 05:40:59,True,,642.07,False,False,FRAUD_SUSPECTED,fraud,User reports money deducted but merchant denies receiving payment.,IN_PROGRESS,HIGH,CALL_CENTER
CBK0001062,TXN00012810,True,USR43890,False,MCH7683,False,2026-01-26 00:00:00,2026-02-10 16:43:00,2026-03-10 00:00:00,True,15.0,,False,True,AMOUNT_MISMATCH,extra amount deducted,User reports money deducted but merchant denies receiving payment.,OPEN,LOW,IVR
CBK0002330,TXN00007824,True,USR15414,False,MCH7186,False,2026-03-24 00:00:00,2026-03-27 06:06:46,,True,3.0,1375.65,False,False,SERVICE_NOT_DELIVERED,delivery issue,Suspicious high-value payment disputed by cust.,REJECTED,MEDIUM,CALL_CENTER
CBK0001222,TXN00004174,True,USR60027,False,MCH2402,True,2026-02-22 00:00:00,2026-03-10 00:00:00,2026-03-24 00:40:00,True,16.0,26842.07,False,False,UNAUTHORIZED_TRANSACTION,unauth txn,Customer complaint text unclear due to poor call center notes.,REJECTED,CRITICAL,CHATBOT
CBK0000815,TXN00014312,True,USR67696,False,MCH5671,True,2026-01-16 00:00:00,2026-01-17 00:00:00,2026-02-10 00:00:00,True,1.0,4063.03,False,False,FRAUD_SUSPECTED,scam,User says UPI PIN was not entered by them.,IN_PROGRESS,LOW,CALL_CENTER
CBK0001725,TXN00007324,True,USR35882,False,MCH8337,True,2026-02-03 09:39:26,2026-02-06 00:00:00,2026-02-13 00:00:00,True,2.0,175.45,False,False,GENERAL_DISPUTE,complaint,Customer says transaction was not authorized.,CLOSED,HIGH,APP
CBK0000186,TXN00016957,True,USR98066,False,MCH1945,False,2026-03-17 00:00:00,2026-04-16 00:00:00,2026-05-11 20:04:57,True,30.0,1444.28,False,False,ACCOUNT_TAKEOVER,ATO,user reports money deducted but merchant denies receiving payment.,RESOLVED,LOW,BRANCH
CBK0000290,TXN00000426,True,USR31371,False,MCH4811,True,2026-03-10 00:00:00,2026-04-10 00:00:00,2026-04-28 12:40:00,True,31.0,,False,True,GENERAL_DISPUTE,customer issue,Customer complaint text unclear due to poor call center notes.,REJECTED,MEDIUM,IVR
CBK0000141,TXN00006360,True,USR82731,False,MCH8970,False,2026-02-25 00:00:00,2026-02-27 00:00:00,2026-03-14 00:00:00,True,2.0,1731.1,False,False,DUPLICATE_DEBIT,double debit,Complaint received after multiple failed attempts. details missing,PENDING_BANK,LOW,CHATBOT
CBK0000882,TXN00018975,True,USR38277,False,MCH9872,False,2026-01-11 00:00:00,,2026-01-19 00:00:00,True,,701.39,False,False,GENERAL_DISPUTE,Customer Dispute,Payment made to unknown merchant as per customer statement.,CLOSED,HIGH,IVR
CBK0001227,TXN00007552,True,USR61339,False,MCH4281,False,2026-01-01 00:00:00,2026-01-09 00:00:00,,True,8.0,12509.66,False,False,SERVICE_NOT_DELIVERED,service failed,Payment made to unknown merchant as per customer statement.,CLOSED,LOW,EMAIL
CBK0000730,TXN00009351,True,USR52558,True,MCH2688,False,2026-03-04 00:00:00,2026-03-06 14:47:30,2026-03-25 00:00:00,True,2.0,1026.98,False,False,SERVICE_NOT_DELIVERED,delivery issue,Merchant service was not delivered after payment.,OPEN,MEDIUM,APP
CBK0002607,TXN00010699,True,USR18453,False,MCH9441,False,2026-03-27 21:25:00,2026-03-30 02:25:11,2026-04-15 00:00:00,True,2.0,428.88,False,False,ACCOUNT_TAKEOVER,ATO,USER SAYS UPI PIN WAS NOT ENTERED BY THEM.,IN_PROGRESS,CRITICAL,IVR
CBK0002456,TXN00015278,True,USR97030,True,MCH7914,True,2026-03-29 13:39:54,2026-04-08 19:39:54,2026-04-23 19:39:54,True,10.0,1070.58,False,False,AMOUNT_MISMATCH,amount mismatch,Complaint received after multiple failed attempts. urgent,RESOLVED,MEDIUM,APP
CBK0001405,TXN00032094,False,USR48929,False,MCH2565,False,2026-02-16 00:00:00,2026-02-20 00:00:00,2026-03-22 19:28:00,True,4.0,1381.95,False,False,DUPLICATE_DEBIT,charged twice,User reports money deducted but merchant denies receiving payment.,IN_PROGRESS,MEDIUM,CHATBOT
CBK0001843,TXN00015367,True,USR17315,True,MCH1269,True,,2026-01-28 00:00:00,2026-02-22 00:00:00,True,,3023.77,False,False,UNAUTHORIZED_TRANSACTION,UNAUTHORISED,Suspicious high-value payment disputed by customer.,IN_PROGRESS,CRITICAL,CHATBOT
CBK0000565,TXN00007016,True,USR34955,False,MCH4574,True,2026-02-05 00:00:00,2026-02-15 00:00:00,2026-03-15 12:45:03,True,10.0,1144.6,False,False,ACCOUNT_TAKEOVER,ATO,Customer complaint text unclear due to poor call center notes.,REJECTED,HIGH,APP
CBK0001797,TXN00007084,True,USR14626,False,MCH7878,False,2026-02-07 00:00:00,2026-02-10 00:00:00,,True,3.0,2000.05,False,False,GENERAL_DISPUTE,Customer Dispute,Complaint received after multiple failed attempts.,RESOLVED,LOW,IVR
CBK0000441,TXN00002216,True,USR58639,False,MCH4339,False,,2026-03-12 00:00:00,2026-04-08 00:00:00,True,,5160.27,False,False,DUPLICATE_DEBIT,charged twice,user claims account was compromised before transaction.,REJECTED,LOW,IVR
CBK0001791,TXN00002382,True,USR91799,False,MCH9069,False,2026-01-02 22:06:00,2026-01-04 02:06:30,2026-01-31 00:00:00,True,1.0,44046.77,False,False,AMOUNT_MISMATCH,Wrong Amount,Complaint received after multiple failed attempts.,CLOSED,LOW,APP
CBK0000240,TXN00014390,True,USR75856,True,MCH4429,False,2026-01-12 00:00:00,2026-01-15 10:39:00,2026-01-29 00:00:00,True,3.0,793.04,False,False,AMOUNT_MISMATCH,incorrect amount,Customer says transaction was not authorized.,OPEN,LOW,CHATBOT
CBK0000051,TXN00015825,True,USR97494,True,MCH6181,False,2026-03-19 00:00:00,2026-04-03 00:00:00,2026-04-24 00:00:00,True,15.0,272.77,False,False,ACCOUNT_TAKEOVER,account hacked,payment made to unknown merchant as per customer statement.,RESOLVED,CRITICAL,CHATBOT
CBK0002095,TXN00004933,True,USR43455,True,MCH2566,True,2026-01-26 00:00:00,2026-02-06 00:00:00,2026-03-08 00:00:00,True,11.0,4720.79,False,False,SERVICE_NOT_DELIVERED,not delivered,Suspicious high-value payment disputed by customer.,CLOSED,LOW,CHATBOT
CBK0001001,TXN00011430,True,USR72135,False,MCH4504,False,2026-03-23 13:00:00,2026-03-25 00:00:00,2026-03-27 23:00:00,True,1.0,1138.68,True,False,AMOUNT_MISMATCH,Wrong Amount,Customer says transaction was not authorized.,RESOLVED,MEDIUM,EMAIL
CBK0000199,TXN00014454,True,USR65385,False,MCH9061,False,2026-01-01 00:00:00,,,True,,752.03,False,False,UNAUTHORIZED_TRANSACTION,unauthorized_transaction,User says UPI PIN was not entered by them. call dropped,CLOSED,LOW,APP
CBK0002434,TXN00017925,True,USR13134,False,MCH5284,False,2026-01-07 02:25:00,,2026-01-27 00:00:00,True,,1402.12,False,False,GENERAL_DISPUTE,complaint,User claims account was compromised before transaction.,IN_PROGRESS,MEDIUM,EMAIL
CBK0000200,TXN00015054,True,USR51506,True,MCH5954,True,2026-03-20 00:00:00,2026-05-04 00:00:00,2026-05-09 20:49:00,True,45.0,6049.12,True,False,UNAUTHORIZED_TRANSACTION,UNAUTHORISED,User reports money deducted but merchant denies receiving payment.,IN_PROGRESS,MEDIUM,IVR
CBK0000674,TXN00095066,False,USR27533,True,MCH5993,False,2026-03-01 00:00:00,,2026-03-10 00:00:00,True,,731.0,False,False,UNAUTHORIZED_TRANSACTION,Unauthorized Transaction,customer says amount was debited twice.,RESOLVED,MEDIUM,APP
CBK0001886,TXN00004693,True,USR44959,False,MCH7728,True,2026-01-27 00:00:00,2026-01-29 00:00:00,,True,2.0,3249.99,False,False,AMOUNT_MISMATCH,amount mismatch,User says UPI PIN was not entered by them.,OPEN,LOW,APP
CBK0000793,TXN00006175,True,USR62254,True,MCH4226,False,2026-02-27 00:00:00,2026-02-28 09:53:08,,True,1.0,709.86,False,False,SERVICE_NOT_DELIVERED,Merchant Not Delivered,Suspicious high-value payment disputed by cust.,PENDING_BANK,LOW,IVR
CBK0001639,TXN00005636,True,USR63938,True,MCH1320,True,2026-02-02 00:00:00,2026-02-03 00:00:00,2026-02-12 11:56:31,True,1.0,1118.0,False,False,AMOUNT_MISMATCH,extra amount deducted,user claims account was compromised before transaction.,CLOSED,MEDIUM,EMAIL
CBK0000875,TXN00007782,True,USR71887,False,MCH4181,False,,2026-01-16 00:00:00,2026-01-27 00:00:00,True,,647.02,True,False,FRAUD_SUSPECTED,scam,User claims account was compromised before transaction.,IN_PROGRESS,LOW,IVR
CBK0001931,TXN00002531,True,USR10307,False,MCH4473,False,2026-02-16 00:00:00,,,True,,1017.5,False,False,DUPLICATE_DEBIT,double debit,Customer complaint text unclear due to poor call center notes.,OPEN,MEDIUM,IVR
CBK0001735,TXN00017962,True,USR81878,False,MCH2822,False,2026-01-13 03:38:00,2026-02-27 00:00:00,2026-03-16 23:38:14,True,44.0,2741.61,False,False,AMOUNT_MISMATCH,extra amount deducted,Payment made to unknown merchant as per customer statement.,PENDING_BANK,LOW,APP
CBK0000478,TXN00014062,True,USR69966,True,MCH2822,False,2026-02-25 19:59:11,2026-02-26 00:00:00,2026-03-25 15:59:00,True,0.0,1078.9,False,False,ACCOUNT_TAKEOVER,ATO,User claims account was compromised before transaction.,IN_PROGRESS,LOW,BRANCH
CBK0001505,TXN00001496,True,USR40061,True,MCH3765,True,2026-03-04 00:00:00,2026-03-08 11:54:46,2026-03-13 11:54:46,True,4.0,5669.05,False,False,GENERAL_DISPUTE,customer issue,User says UPI PIN was not entered by them.,REJECTED,LOW,IVR
CBK0002469,TXN00002314,True,USR99748,False,MCH7621,True,2026-02-22 00:00:00,2026-02-23 18:44:31,2026-03-24 00:00:00,True,1.0,725.65,False,False,AMOUNT_MISMATCH,amount mismatch,User reports money deducted but merchant denies receiving payment.,IN_PROGRESS,HIGH,IVR
CBK0002480,TXN00007980,True,USR87914,False,MCH7383,True,2026-02-02 00:00:00,2026-02-06 15:03:23,,True,4.0,1231.74,False,False,ACCOUNT_TAKEOVER,Account Takeover,customer says transaction was not authorized.,PENDING_BANK,MEDIUM,IVR
CBK0002264,TXN00001289,True,USR79175,False,MCH4181,False,2026-02-26 00:00:00,2026-03-28 17:35:00,2026-04-26 00:00:00,True,30.0,201.03,False,False,SERVICE_NOT_DELIVERED,delivery issue,User claims account was compromised before transaction. call dropped,PENDING_BANK,CRITICAL,BRANCH
CBK0000032,TXN00001691,True,USR43171,True,MCH8182,False,2026-01-08 00:00:00,2026-01-09 00:00:00,2026-01-26 09:44:49,True,1.0,875.81,False,False,DUPLICATE_DEBIT,double debit,User claims account was compromised before transaction.,IN_PROGRESS,MEDIUM,APP
CBK0000967,TXN00016890,True,USR11933,True,MCH4841,True,2026-03-28 00:00:00,2026-03-29 00:00:00,2026-04-04 00:00:00,True,1.0,2406.47,False,False,DUPLICATE_DEBIT,double debit,Suspicious high-value payment disputed by customer.,IN_PROGRESS,LOW,CHATBOT
CBK0002345,TXN00010920,True,USR70736,False,MCH8559,True,2026-03-11 00:00:00,2026-03-13 00:00:00,2026-03-24 03:54:00,True,2.0,822.8,False,False,GENERAL_DISPUTE,customer issue,User claims account was compromised before transaction.,CLOSED,LOW,CALL_CENTER
CBK0001835,TXN00066186,False,USR21162,False,MCH2549,False,2026-02-25 20:33:49,2026-02-28 00:00:00,2026-03-17 20:33:49,True,2.0,5546.22,False,False,ACCOUNT_TAKEOVER,ATO,Customer says transaction was not authorized.,CLOSED,HIGH,CHATBOT
CBK0000622,TXN00007356,True,USR81916,False,MCH6117,False,2026-02-25 00:00:00,2026-03-12 00:00:00,2026-03-19 13:11:32,True,15.0,4608.17,False,False,DUPLICATE_DEBIT,double debit,Payment made to unknown merchant as per customer statement.,PENDING_BANK,LOW,CHATBOT
CBK0000580,TXN00008617,True,USR62748,False,MCH9878,False,,2026-04-03 00:00:00,,True,,4101.67,False,False,GENERAL_DISPUTE,DUP_DEBIT,Merchant service was not delivered after payment.,CLOSED,CRITICAL,IVR
CBK0000997,TXN00004554,True,USR64865,False,MCH4157,True,2026-02-19 00:00:00,2026-03-01 20:11:18,2026-03-21 00:00:00,True,10.0,2266.29,False,False,DUPLICATE_DEBIT,double debit,Customer says amount was debited twice.,OPEN,MEDIUM,EMAIL
CBK0002559,TXN00014011,True,USR19313,False,MCH4037,True,2026-01-04 10:10:00,,,True,,1125.73,False,False,AMOUNT_MISMATCH,amount mismatch,User says UPI PIN was not entered by them.,PENDING_BANK,LOW,BRANCH
CBK0001205,TXN00000084,True,USR11916,True,MCH6850,False,,2026-02-08 00:00:00,,True,,958.61,False,False,UNAUTHORIZED_TRANSACTION,Unauthorized Transaction,Complaint received after multiple failed attempts.,REJECTED,LOW,CHATBOT
CBK0001045,TXN00010810,True,USR65507,False,MCH7833,True,2026-03-07 00:00:00,2026-03-08 00:00:00,2026-04-03 00:00:00,True,1.0,541.11,False,False,SERVICE_NOT_DELIVERED,not delivered,Customer says amount was debited twice.,OPEN,MEDIUM,IVR
CBK0000357,TXN00002320,True,USR38540,False,MCH5330,False,2026-01-02 00:00:00,2026-01-12 00:00:00,2026-01-16 00:00:00,True,10.0,911.59,False,False,SERVICE_NOT_DELIVERED,merchant service issue,User claims account was compromised before transaction.,PENDING_BANK,MEDIUM,EMAIL
CBK0002031,TXN00001568,True,USR46045,True,MCH7468,False,2026-01-01 00:00:00,2026-01-03 00:00:00,2026-01-20 00:00:00,True,2.0,13654.34,False,False,DUPLICATE_DEBIT,Duplicate Debit,Complaint received after multiple failed attempts.,RESOLVED,MEDIUM,CHATBOT
CBK0002393,TXN00003575,True,USR73909,True,MCH7833,True,2026-02-01 00:00:00,,,True,,1311.04,True,False,ACCOUNT_TAKEOVER,ATO,Customer says txn was not authorized.,PENDING_BANK,LOW,APP
CBK0002464,TXN00000389,True,USR51316,True,MCH2059,False,2026-02-08 06:31:54,2026-02-06 06:31:54,2026-02-19 06:31:00,False,,2566.03,False,False,SERVICE_NOT_DELIVERED,item not received,User reports money deducted but merchant denies receiving payment.,RESOLVED,HIGH,CALL_CENTER
CBK0002639,TXN00016579,True,USR53527,False,MCH8073,True,2026-03-02 00:00:00,2026-03-05 00:00:00,2026-04-04 08:22:00,True,3.0,1345.55,False,False,SERVICE_NOT_DELIVERED,Merchant Not Delivered,User reports money deducted but merchant denies receiving payment.,CLOSED,MEDIUM,APP
CBK0000663,TXN00002699,True,USR94333,True,MCH8975,True,,2026-03-11 00:00:00,,True,,422.45,False,False,ACCOUNT_TAKEOVER,ATO,Complaint received after multiple failed attempts.,CLOSED,HIGH,EMAIL
CBK0001571,TXN00006558,True,USR78593,False,MCH4215,False,2026-03-26 00:00:00,2026-04-26 00:00:00,2026-05-07 03:33:21,True,31.0,673.61,True,False,GENERAL_DISPUTE,complaint,Suspicious high-value payment disputed by customer.,RESOLVED,MEDIUM,CHATBOT
CBK0000984,TXN00019434,True,USR68023,False,MCH4473,False,2026-01-11 23:06:15,2026-01-15 00:00:00,2026-01-20 16:06:15,True,3.0,7211.97,False,False,SERVICE_NOT_DELIVERED,merchant service issue,Customer says amount was debited twice.,OPEN,MEDIUM,EMAIL
CBK0001547,TXN00019722,True,USR58117,False,MCH9568,False,2026-02-07 20:23:00,2026-02-17 00:00:00,,True,9.0,11641.0,False,False,AMOUNT_MISMATCH,extra amount deducted,User claims account was compromised before transaction.,IN_PROGRESS,HIGH,IVR
CBK0001848,TXN00016662,True,USR91934,True,MCH8779,True,2026-01-13 00:00:00,2026-01-13 00:00:00,2026-01-27 00:00:00,True,0.0,4341.13,False,False,FRAUD_SUSPECTED,fraud,Customer says amount was debited twice.,IN_PROGRESS,LOW,CALL_CENTER
CBK0001004,TXN00001391,True,USR43520,True,MCH6140,False,2026-01-19 06:14:05,2026-01-22 04:14:00,,True,2.0,1852.28,False,False,FRAUD_SUSPECTED,scam,Customer complaint text unclear due to poor call center notes.,OPEN,LOW,BRANCH
CBK0002185,TXN00001072,True,USR78593,False,MCH4473,False,2026-01-23 00:00:00,,2026-02-11 00:00:00,True,,893.6,False,False,UNAUTHORIZED_TRANSACTION,unauth txn,customer says transaction was not authorized.,OPEN,MEDIUM,CHATBOT
CBK0000418,TXN00003628,True,USR35882,False,MCH4473,False,,2026-04-04 06:41:27,2026-04-06 06:41:00,True,,2430.89,False,False,UNAUTHORIZED_TRANSACTION,not done by me,User says UPI PIN was not entered by them.,PENDING_BANK,MEDIUM,CHATBOT
CBK0002417,TXN00005056,True,USR27928,False,MCH8953,True,2026-01-29 00:00:00,2026-01-31 00:00:00,,True,2.0,6278.49,False,False,SERVICE_NOT_DELIVERED,delivery issue,User claims account was compromised before transaction.,IN_PROGRESS,CRITICAL,CALL_CENTER
CBK0000356,TXN00001423,True,USR36629,False,MCH4418,False,2026-03-22 00:00:00,2026-04-02 00:00:00,2026-04-11 13:31:00,True,11.0,6009.85,False,False,UNAUTHORIZED_TRANSACTION,Unauthorized Transaction,Payment made to unknown merchant as per customer statement.,OPEN,MEDIUM,IVR
CBK0001169,TXN00012596,True,USR40747,False,MCH2822,False,,2026-03-14 00:00:00,2026-03-23 00:00:00,True,,1692.85,False,False,FRAUD_SUSPECTED,fraud,Customer says amount was debited twice.,PENDING_BANK,LOW,EMAIL
CBK0001000,,False,USR21798,False,MCH5980,True,2026-03-09 00:00:00,2026-03-24 00:00:00,2026-03-28 17:53:00,True,15.0,725.0,False,False,GENERAL_DISPUTE,dispute raised,USER REPORTS MONEY DEDUCTED BUT MERCHANT DENIES RECEIVING PAYMENT.,IN_PROGRESS,CRITICAL,CHATBOT
CBK0000146,TXN00008795,True,USR87406,True,MCH4568,False,2026-02-22 00:00:00,,,True,,1052.0,False,False,ACCOUNT_TAKEOVER,account hacked,Payment made to unknown merchant as per customer statement.,OPEN,MEDIUM,CALL_CENTER
CBK0001807,TXN00002417,True,USR50995,False,MCH1244,False,2026-03-20 13:07:59,,2026-04-08 00:00:00,True,,3188.13,False,False,SERVICE_NOT_DELIVERED,merchant service issue,User says UPI PIN was not entered by them.,REJECTED,MEDIUM,APP
CBK0000239,TXN00005752,True,USR34028,False,MCH3100,False,2026-01-06 00:00:00,2026-01-11 00:00:00,2026-01-12 00:00:00,True,5.0,1800.88,False,False,ACCOUNT_TAKEOVER,login compromised,Customer says transaction was not authorized.,REJECTED,LOW,BRANCH
CBK0002079,TXN00014711,True,USR67922,False,MCH2492,True,2026-01-22 00:35:57,2026-01-25 00:00:00,,True,2.0,1709.84,False,False,GENERAL_DISPUTE,complaint,Payment made to unknown merchant as per customer statement.,PENDING_BANK,LOW,CHATBOT
CBK0001376,TXN00009369,True,USR24660,False,MCH4473,False,2026-02-16 00:00:00,2026-02-19 00:00:00,2026-03-06 00:00:00,True,3.0,2070.15,False,False,ACCOUNT_TAKEOVER,Account Takeover,Customer complaint text unclear due to poor call center notes.,RESOLVED,LOW,BRANCH
CBK0001260,TXN00011332,True,USR93701,False,MCH3846,True,2026-02-19 00:00:00,2026-02-27 00:00:00,2026-02-28 00:00:00,True,8.0,529.68,False,False,SERVICE_NOT_DELIVERED,service failed,Merchant service was not delivered after payment.,RESOLVED,MEDIUM,CALL_CENTER
CBK0001533,TXN00007635,True,USR56755,False,MCH7066,False,2026-02-13 03:52:00,2026-02-14 00:00:00,2026-03-06 05:52:00,True,0.0,1325.25,False,False,ACCOUNT_TAKEOVER,login compromised,customer complaint text unclear due to poor call center notes.,REJECTED,HIGH,APP
CBK0002418,TXN00011396,True,USR35122,False,MCH4181,False,2026-02-22 00:00:00,2026-03-04 15:55:09,2026-03-22 00:00:00,True,10.0,205.54,False,False,SERVICE_NOT_DELIVERED,merchant service issue,User reports money deducted but merchant denies receiving payment.,OPEN,HIGH,CHATBOT
CBK0000326,TXN00017327,True,USR84200,False,MCH2753,True,2026-02-01 22:35:22,2026-02-02 00:00:00,2026-02-10 07:35:22,True,0.0,1722.43,False,False,GENERAL_DISPUTE,dispute raised,Customer says transaction was not authorized.,OPEN,LOW,CALL_CENTER
CBK0001403,TXN00012661,True,USR30500,False,MCH6979,True,2026-03-08 00:00:00,2026-03-14 00:00:00,2026-03-30 00:00:00,True,6.0,4457.64,False,False,UNAUTHORIZED_TRANSACTION,unauth txn,Payment made to unknown merchant as per customer statement.,RESOLVED,MEDIUM,IVR
CBK0001811,TXN00007437,True,USR22170,True,MCH2381,False,2026-02-14 00:00:00,2026-02-20 07:41:16,2026-03-02 00:00:00,True,6.0,751.0,True,False,ACCOUNT_TAKEOVER,Account Takeover,Payment made to unknown merchant as per customer statement.,PENDING_BANK,MEDIUM,CHATBOT
CBK0001512,TXN00019027,True,USR98733,True,MCH1775,True,2026-02-16 08:24:00,2026-02-17 00:00:00,,True,0.0,800.24,False,False,GENERAL_DISPUTE,DUP_DEBIT,Customer says amount was debited twice.,REJECTED,MEDIUM,EMAIL
CBK0001567,TXN00010292,True,USR40745,False,MCH3673,False,2026-01-19 08:28:00,,2026-02-19 00:00:00,True,,982.39,False,False,GENERAL_DISPUTE,customer issue,User claims account was compromised before transaction.,PENDING_BANK,MEDIUM,EMAIL
CBK0000695,TXN00012216,True,USR72760,False,MCH7773,True,2026-03-13 00:00:00,2026-03-15 00:00:00,,True,2.0,972.52,False,False,FRAUD_SUSPECTED,FRAUD,Complaint received after multiple failed attempts.,IN_PROGRESS,LOW,CHATBOT
CBK0000215,TXN00001291,True,USR52378,False,MCH9991,False,2026-01-29 00:00:00,2026-01-31 00:00:00,2026-02-13 00:00:00,True,2.0,1404.87,False,False,UNAUTHORIZED_TRANSACTION,not done by me,user claims account was compromised before transaction.,PENDING_BANK,HIGH,BRANCH
CBK0000811,TXN00015831,True,USR22432,False,MCH2078,True,2026-02-15 00:00:00,2026-02-16 00:00:00,,True,1.0,3377.0,False,False,FRAUD_SUSPECTED,scam,customer complaint text unclear due to poor call center notes.,CLOSED,HIGH,EMAIL
CBK0002795,TXN00013236,True,USR87506,True,MCH5811,False,2026-01-12 00:00:00,2026-01-14 07:15:20,2026-01-29 00:00:00,True,2.0,6523.57,False,False,SERVICE_NOT_DELIVERED,merchant service issue,Customer says transaction was not authorized.,IN_PROGRESS,LOW,CHATBOT
CBK0001849,TXN00051763,False,USR23350,False,MCH2303,False,2026-01-23 00:00:00,,,True,,830.25,False,False,AMOUNT_MISMATCH,extra amount deducted,payment made to unknown merchant as per customer statement.,OPEN,LOW,EMAIL
CBK0000655,TXN00002874,True,USR22639,True,MCH4186,False,2026-01-12 15:25:38,2026-01-14 00:00:00,,True,1.0,634.21,False,False,AMOUNT_MISMATCH,incorrect amount,Customer says amount was debited twice.,REJECTED,LOW,CHATBOT
CBK0001377,TXN00016673,True,USR91623,True,MCH6411,False,2026-01-01 10:17:00,2026-01-05 00:00:00,,True,3.0,1675.84,False,False,SERVICE_NOT_DELIVERED,Merchant Not Delivered,Customer says amount was debited twice.,REJECTED,LOW,CHATBOT
CBK0002655,TXN00002868,True,USR13587,True,MCH8080,True,2026-02-20 23:55:00,2026-03-03 00:00:00,2026-03-13 00:55:24,True,10.0,860.7,True,False,SERVICE_NOT_DELIVERED,service failed,User claims account was compromised before txn.,PENDING_BANK,HIGH,IVR
CBK0001596,TXN00002674,True,USR97070,False,MCH2065,False,,2026-01-17 00:00:00,2026-01-25 00:00:00,True,,1722.0,False,False,FRAUD_SUSPECTED,FRAUD,Merchant service was not delivered after payment.,CLOSED,MEDIUM,CALL_CENTER
CBK0001012,TXN00084920,False,USR51185,False,MCH2543,False,2026-03-23 00:00:00,2026-03-26 20:35:00,2026-04-19 20:35:21,True,3.0,,False,True,GENERAL_DISPUTE,customer issue,User reports money deducted but merchant denies receiving payment.,IN_PROGRESS,MEDIUM,EMAIL
CBK0002409,TXN00004555,True,USR24591,True,MCH7745,False,2026-02-09 00:00:00,2026-02-15 00:12:00,2026-02-21 00:00:00,True,6.0,889.98,False,False,SERVICE_NOT_DELIVERED,Merchant Not Delivered,Customer says amount was debited twice.,IN_PROGRESS,HIGH,CHATBOT
CBK0000067,TXN00003314,True,USR37105,False,MCH6003,False,2026-01-15 00:00:00,2026-01-20 00:00:00,2026-02-10 21:13:32,True,5.0,1814.0,False,False,GENERAL_DISPUTE,dispute raised,Suspicious high-value payment disputed by cust.,IN_PROGRESS,LOW,BRANCH
CBK0001637,TXN00014399,True,USR56117,True,MCH2434,False,2026-02-15 14:45:18,2026-02-21 00:00:00,2026-03-05 00:45:18,True,5.0,748.53,False,False,UNAUTHORIZED_TRANSACTION,not done by me,User reports money deducted but merchant denies receiving payment. urgent,PENDING_BANK,HIGH,IVR
CBK0002638,TXN00016536,True,USR21162,False,MCH8425,True,2026-03-06 13:39:44,2026-03-06 00:00:00,2026-04-01 00:00:00,False,,406.58,False,False,AMOUNT_MISMATCH,extra amount deducted,Customer says amount was debited twice.,PENDING_BANK,CRITICAL,EMAIL
CBK0001996,TXN00019262,True,USR61461,False,MCH1598,False,2026-01-04 00:00:00,,2026-01-25 00:00:00,True,,385.0,False,False,ACCOUNT_TAKEOVER,account hacked,User says UPI PIN was not entered by them.,OPEN,LOW,CHATBOT
CBK0001667,TXN00003837,True,USR73010,False,MCH2586,False,2026-01-04 00:00:00,2026-01-12 03:14:58,,True,8.0,723.24,False,False,SERVICE_NOT_DELIVERED,Merchant Not Delivered,User reports money deducted but merchant denies receiving payment.,OPEN,HIGH,CALL_CENTER
CBK0000592,TXN00018501,True,USR90616,False,MCH7951,True,2026-02-23 20:45:37,2026-03-06 07:45:00,2026-03-27 00:00:00,True,10.0,1061.55,False,False,GENERAL_DISPUTE,DUP_DEBIT,customer complaint text unclear due to poor call center notes.,OPEN,LOW,CALL_CENTER
CBK0001425,TXN00007508,True,USR88956,True,MCH6166,False,2026-01-21 00:00:00,2026-01-22 20:15:00,2026-02-12 00:00:00,True,1.0,696.41,False,False,FRAUD_SUSPECTED,fraud,complaint received after multiple failed attempts.,PENDING_BANK,LOW,CHATBOT
CBK0000741,TXN00015495,True,USR41660,True,MCH6753,False,,2026-04-08 09:57:07,2026-04-09 09:57:07,True,,448.1,False,False,AMOUNT_MISMATCH,amount mismatch,complaint received after multiple failed attempts.,OPEN,MEDIUM,EMAIL
CBK0000933,TXN00010810,True,USR57890,False,MCH9602,False,2026-03-15 16:04:00,2026-03-16 20:04:58,2026-04-01 00:00:00,True,1.0,836.2,False,False,ACCOUNT_TAKEOVER,login compromised,User says UPI PIN was not entered by them.,CLOSED,MEDIUM,IVR
CBK0000109,TXN00003546,True,USR15596,False,MCH1434,True,2026-03-01 00:00:00,2026-03-03 00:00:00,2026-03-26 00:00:00,True,2.0,3229.57,False,False,DUPLICATE_DEBIT,charged twice,User claims account was compromised before transaction.,CLOSED,MEDIUM,CALL_CENTER
CBK0002562,TXN00001105,True,USR90598,False,MCH5860,False,2026-01-13 00:00:00,2026-01-23 00:00:00,2026-02-10 22:59:43,True,10.0,310.15,False,False,UNAUTHORIZED_TRANSACTION,UNAUTHORISED,Payment made to unknown merchant as per customer statement. call dropped,OPEN,LOW,IVR
CBK0000689,TXN00017204,True,USR95707,False,MCH3736,True,2026-01-16 00:00:00,2026-01-18 00:00:00,2026-01-22 10:09:56,True,2.0,,False,True,ACCOUNT_TAKEOVER,account hacked,Merchant service was not delivered after payment.,RESOLVED,MEDIUM,APP
CBK0002398,TXN00004386,True,USR59393,False,MCH4310,False,2026-02-02 00:00:00,2026-02-04 09:35:06,2026-02-14 00:00:00,True,2.0,2691.36,False,False,GENERAL_DISPUTE,no service,User says UPI PIN was not entered by them.,IN_PROGRESS,MEDIUM,IVR
CBK0001700,TXN00016401,True,USR72166,False,MCH6133,False,2026-01-01 00:00:00,2026-01-02 00:00:00,2026-01-06 00:00:00,True,1.0,5981.0,False,False,AMOUNT_MISMATCH,extra amount deducted,Merchant service was not delivered after payment.,CLOSED,HIGH,IVR
CBK0002146,TXN00004284,True,USR94012,False,MCH8613,True,2026-01-17 00:00:00,2026-01-23 13:44:23,2026-02-14 00:00:00,True,6.0,3737.05,False,False,DUPLICATE_DEBIT,Duplicate Debit,User claims account was compromised before transaction.,REJECTED,MEDIUM,BRANCH
CBK0001671,TXN00001758,True,USR86472,True,MCH7728,True,2026-02-19 00:00:00,2026-02-22 04:14:22,,True,3.0,1416.0,False,False,SERVICE_NOT_DELIVERED,Service Not Provided,User claims account was compromised before transaction.,OPEN,LOW,CHATBOT
CBK0000331,TXN00016055,True,USR61715,False,MCH2991,False,,2026-01-17 00:00:00,2026-02-06 14:40:17,True,,509.0,False,False,FRAUD_SUSPECTED,Fraud Suspected,Payment made to unknown merchant as per customer statement.,CLOSED,HIGH,CALL_CENTER
CBK0002794,TXN00018116,True,USR71316,True,MCH6194,False,,2026-02-05 00:00:00,2026-02-07 22:14:43,True,,1239.17,False,False,DUPLICATE_DEBIT,double debit,Suspicious high-value payment disputed by customer.,PENDING_BANK,LOW,IVR
CBK0000828,TXN00007187,True,USR27947,True,MCH4473,False,2026-03-07 00:00:00,,,True,,361.6,False,False,AMOUNT_MISMATCH,incorrect amount,Merchant service was not delivered after payment.,RESOLVED,MEDIUM,EMAIL
CBK0000321,TXN00011096,True,USR32450,True,MCH5659,False,2026-02-21 13:51:00,2026-02-25 03:51:21,2026-03-20 00:00:00,True,3.0,825.0,False,False,GENERAL_DISPUTE,Customer Dispute,merchant service was not delivered after payment.,REJECTED,MEDIUM,IVR
CBK0002789,TXN00000255,True,USR59679,False,MCH6985,True,2026-01-06 00:00:00,2026-01-16 00:00:00,2026-01-27 15:04:00,True,10.0,2178.8,False,False,DUPLICATE_DEBIT,Duplicate Debit,User says UPI PIN was not entered by them.,IN_PROGRESS,MEDIUM,CHATBOT
CBK0000975,TXN00019717,True,USR22234,False,MCH4473,False,2026-02-18 00:00:00,2026-02-20 19:33:19,2026-03-06 00:00:00,True,2.0,1122.85,False,False,GENERAL_DISPUTE,complaint,Payment made to unknown merchant as per customer statement.,RESOLVED,LOW,IVR
CBK0000044,TXN00004903,True,USR49770,False,MCH4578,True,2026-02-26 00:00:00,2026-02-23 08:37:00,,False,,639.26,False,False,SERVICE_NOT_DELIVERED,delivery issue,Merchant service was not delivered after payment.,PENDING_BANK,MEDIUM,CHATBOT
CBK0002329,TXN00005401,True,USR58914,True,MCH9277,True,2026-02-01 11:50:12,2026-02-05 08:50:12,2026-03-07 08:50:12,True,3.0,14197.19,False,False,UNAUTHORIZED_TRANSACTION,not done by me,SUSPICIOUS HIGH-VALUE PAYMENT DISPUTED BY CUSTOMER.,PENDING_BANK,LOW,CHATBOT
CBK0001844,TXN00005723,True,USR27285,False,MCH8154,True,2026-02-06 09:43:00,2026-02-08 00:00:00,2026-02-15 00:00:00,True,1.0,4655.0,False,False,AMOUNT_MISMATCH,incorrect amount,Merchant service was not delivered after payment.,RESOLVED,LOW,EMAIL
CBK0000465,TXN00003105,True,USR50434,True,MCH1786,True,2026-03-13 00:00:00,,2026-04-18 00:00:00,True,,775.96,False,False,AMOUNT_MISMATCH,Wrong Amount,User reports money deducted but merchant denies receiving payment.,IN_PROGRESS,MEDIUM,CALL_CENTER
CBK0002289,TXN00009795,True,USR13941,False,MCH2131,True,2026-03-20 09:34:19,2026-03-21 00:00:00,2026-04-11 00:00:00,True,0.0,4846.0,False,False,SERVICE_NOT_DELIVERED,delivery issue,User claims account was compromised before transaction.,PENDING_BANK,MEDIUM,IVR
CBK0000918,,False,USR24555,True,MCH7951,True,2026-01-04 12:35:38,2026-01-15 08:35:00,,True,10.0,1207.12,False,False,DUPLICATE_DEBIT,charged twice,complaint received after multiple failed attempts.,IN_PROGRESS,HIGH,IVR
CBK0002229,TXN00017286,True,USR53259,True,MCH9564,False,2026-01-27 00:00:00,2026-01-30 00:00:00,,True,3.0,497.0,False,False,FRAUD_SUSPECTED,Fraud Suspected,User says UPI PIN was not entered by them. urgent,REJECTED,MEDIUM,EMAIL
CBK0000350,TXN00005138,True,USR67243,False,MCH3024,True,2026-03-28 00:00:00,2026-04-03 00:00:00,2026-04-28 00:00:00,True,6.0,1449.14,False,False,GENERAL_DISPUTE,DUP_DEBIT,Payment made to unknown merchant as per customer statement.,OPEN,MEDIUM,BRANCH
CBK0000276,TXN00000311,True,USR38155,False,MCH3734,False,2026-01-30 00:00:00,2026-02-04 00:00:00,2026-02-20 00:00:00,True,5.0,2784.85,False,False,DUPLICATE_DEBIT,charged twice,Customer says transaction was not authorized.,REJECTED,HIGH,EMAIL
